time,tau1,tau2,tau3,tau4,tau5,tau6,tau7
0.007,-0.146057,-0.392062,-0.0362687,0.492619,-1.31445,0.237914,9.6
0.008,-0.474323,-0.727554,-0.457569,0.85995,-0.0435647,0.337955,-8.74786e-18
0.009,0.39262,-0.34423,0.411621,0.210467,0.0444196,0.0388093,1.08582e-17
0.01,-0.72587,-0.865477,-0.708843,1.09402,-0.0687577,0.445077,-5.29495e-17
0.011,-0.72587,-0.865477,-0.708843,1.09402,-0.0687577,0.445077,-5.29495e-17
0.012,-0.472809,-0.727539,-0.456026,0.859583,-0.0434055,0.337725,2.99432e-17
0.013,-0.472809,-0.727539,-0.456026,0.859583,-0.0434055,0.337725,2.99432e-17
0.014,0.407511,-0.345126,0.426783,0.214503,0.0460071,0.0409271,-6.52581e-18
0.015,0.407511,-0.345126,0.426783,0.214503,0.0460071,0.0409271,-6.52581e-18
0.016,0.344096,-0.357032,0.362607,0.241609,0.0393437,0.0547981,-3.21758e-19
0.017,0.344096,-0.357032,0.362607,0.241609,0.0393437,0.0547981,-3.21758e-19
0.018,0.275108,-0.391534,0.293567,0.303733,0.032383,0.0837428,1.30573e-17
0.019,0.275108,-0.391534,0.293567,0.303733,0.032383,0.0837428,1.30573e-17
0.02,0.275108,-0.391534,0.293567,0.303733,0.032383,0.0837428,1.30573e-17
0.021,0.208671,-0.423919,0.227053,0.362248,0.0256682,0.111024,3.57723e-18
0.022,0.179175,-0.430726,0.197262,0.374922,0.0225864,0.117148,4.92578e-18
0.023,0.179175,-0.430726,0.197262,0.374922,0.0225864,0.117148,4.92578e-18
0.024,0.0936776,-0.447011,0.110792,0.405982,0.0136113,0.13237,2.80486e-18
0.025,0.0936776,-0.447011,0.110792,0.405982,0.0136113,0.13237,2.80486e-18
0.026,0.0684212,-0.452217,0.0852636,0.415932,0.0109656,0.13722,-8.7327e-18
0.027,0.0684212,-0.452217,0.0852636,0.415932,0.0109656,0.13722,-8.7327e-18
0.028,0.0217426,-0.4619,0.0380848,0.434657,0.00607829,0.146359,5.11953e-18
0.029,0.0217426,-0.4619,0.0380848,0.434657,0.00607829,0.146359,5.11953e-18
0.03,-0.0246604,-0.471461,-0.00881551,0.453218,0.00122148,0.15542,-2.2557e-18
0.031,-0.0246604,-0.471461,-0.00881551,0.453218,0.00122148,0.15542,-2.2557e-18
0.032,-0.0700704,-0.480717,-0.0547136,0.471319,-0.00352969,0.16427,-1.14178e-18
0.033,-0.0700704,-0.480717,-0.0547136,0.471319,-0.00352969,0.16427,-1.14178e-18
0.034,-0.114472,-0.489656,-0.0995943,0.488946,-0.00817333,0.172905,-1.15316e-17
0.035,-0.114472,-0.489656,-0.0995943,0.488946,-0.00817333,0.172905,-1.15316e-17
0.036,-0.142655,-0.497274,-0.128013,0.50401,-0.0110915,0.18019,1.21469e-17
0.037,-0.142655,-0.497274,-0.128013,0.50401,-0.0110915,0.18019,1.21469e-17
0.038,-0.135934,-0.502517,-0.120991,0.513446,-0.0103013,0.184395,-1.54492e-17
0.039,-0.135934,-0.502517,-0.120991,0.513446,-0.0103013,0.184395,-1.54492e-17
0.04,-0.131538,-0.507379,-0.116349,0.520742,-0.0097742,0.18747,-2.02819e-17
0.041,-0.131538,-0.507379,-0.116349,0.520742,-0.0097742,0.18747,-2.02819e-17
0.042,-0.127282,-0.512099,-0.111854,0.527838,-0.00926361,0.190463,7.32923e-18
0.043,-0.127282,-0.512099,-0.111854,0.527838,-0.00926361,0.190463,7.32923e-18
0.044,-0.123135,-0.516722,-0.107473,0.5348,-0.00876578,0.193402,-1.2788e-17
0.045,-0.123135,-0.516722,-0.107473,0.5348,-0.00876578,0.193402,-1.2788e-17
0.046,-0.12324,-0.521336,-0.10742,0.541825,-0.00872407,0.196423,-1.70791e-17
0.047,-0.124138,-0.525866,-0.108177,0.548748,-0.00876834,0.199412,6.37564e-18
0.048,-0.124138,-0.525866,-0.108177,0.548748,-0.00876834,0.199412,6.37564e-18
0.049,-0.125093,-0.530254,-0.108997,0.55547,-0.00882034,0.202317,-1.87722e-17
0.05,-0.125093,-0.530254,-0.108997,0.55547,-0.00882034,0.202317,-1.87722e-17
0.051,-0.126092,-0.53454,-0.109866,0.562053,-0.00887808,0.205166,-1.05477e-17
0.052,-0.126092,-0.53454,-0.109866,0.562053,-0.00887808,0.205166,-1.05477e-17
0.053,-0.127127,-0.538743,-0.110774,0.568519,-0.0089406,0.207966,-1.40943e-17
0.054,-0.127127,-0.538743,-0.110774,0.568519,-0.0089406,0.207966,-1.40943e-17
0.055,-0.127127,-0.538743,-0.110774,0.568519,-0.0089406,0.207966,-1.40943e-17
0.056,-0.128188,-0.542871,-0.111711,0.574881,-0.00900674,0.210722,1.73007e-17
0.057,-0.128188,-0.542871,-0.111711,0.574881,-0.00900674,0.210722,1.73007e-17
0.058,-0.12902,-0.545536,-0.112466,0.578795,-0.0090664,0.212392,-1.29939e-17
0.059,-0.12902,-0.545536,-0.112466,0.578795,-0.0090664,0.212392,-1.29939e-17
0.06,-0.1292,-0.546298,-0.112623,0.579517,-0.00907957,0.212638,8.55982e-18
0.061,-0.1292,-0.546298,-0.112623,0.579517,-0.00907957,0.212638,8.55982e-18
0.062,-0.12892,-0.545353,-0.112371,0.577752,-0.0090622,0.211828,-2.60237e-17
0.063,-0.12892,-0.545353,-0.112371,0.577752,-0.0090622,0.211828,-2.60237e-17
0.064,-0.12829,-0.542936,-0.111812,0.573704,-0.00902435,0.210027,2.96621e-18
0.065,-0.127658,-0.540524,-0.111253,0.569655,-0.00898636,0.208224,8.29674e-18
0.066,-0.127658,-0.540524,-0.111253,0.569655,-0.00898636,0.208224,8.29674e-18
0.067,-0.127658,-0.540524,-0.111253,0.569655,-0.00898636,0.208224,8.29674e-18
0.068,-0.127043,-0.538195,-0.110707,0.56572,-0.00894928,0.206468,-5.5488e-18
0.069,-0.126429,-0.53588,-0.110162,0.561796,-0.00891221,0.204717,-1.6076e-17
0.07,-0.126429,-0.53588,-0.110162,0.561796,-0.00891221,0.204717,-1.6076e-17
0.071,-0.126429,-0.53588,-0.110162,0.561796,-0.00891221,0.204717,-1.6076e-17
0.072,-0.125831,-0.533641,-0.10963,0.557978,-0.00887592,0.203009,-5.2315e-18
0.073,-0.125831,-0.533641,-0.10963,0.557978,-0.00887592,0.203009,-5.2315e-18
0.074,-0.126207,-0.534979,-0.109966,0.560167,-0.0089001,0.203975,-2.04398e-17
0.075,-0.126207,-0.534979,-0.109966,0.560167,-0.0089001,0.203975,-2.04398e-17
0.076,-0.125611,-0.532761,-0.109437,0.556376,-0.00886397,0.202278,8.15774e-18
0.077,-0.125611,-0.532761,-0.109437,0.556376,-0.00886397,0.202278,8.15774e-18
0.078,-0.125323,-0.53168,-0.109181,0.554511,-0.00884666,0.201442,5.08253e-19
0.079,-0.125323,-0.53168,-0.109181,0.554511,-0.00884666,0.201442,5.08253e-19
0.08,-0.124721,-0.529464,-0.108644,0.550717,-0.00880981,0.199742,-2.84066e-18
0.081,-0.123798,-0.526071,-0.107822,0.544914,-0.00875323,0.197144,1.46203e-17
0.082,-0.123798,-0.526071,-0.107822,0.544914,-0.00875323,0.197144,1.46203e-17
0.083,-0.123798,-0.526071,-0.107822,0.544914,-0.00875323,0.197144,1.46203e-17
0.084,-0.122593,-0.52161,-0.106748,0.537341,-0.00867936,0.193762,-1.72574e-17
0.085,-0.122273,-0.519595,-0.106491,0.534785,-0.00866498,0.192738,4.90378e-18
0.086,-0.122273,-0.519595,-0.106491,0.534785,-0.00866498,0.192738,4.90378e-18
0.087,-0.121797,-0.516648,-0.106108,0.531042,-0.00864317,0.191236,-1.15466e-17
0.088,-0.121797,-0.516648,-0.106108,0.531042,-0.00864317,0.191236,-1.15466e-17
0.089,-0.121666,-0.515762,-0.106005,0.529916,-0.00863794,0.190785,-1.18317e-17
0.09,-0.121666,-0.515762,-0.106005,0.529916,-0.00863794,0.190785,-1.18317e-17
0.091,-0.121215,-0.512975,-0.105642,0.52637,-0.00861725,0.189362,1.51181e-17
0.092,-0.121215,-0.512975,-0.105642,0.52637,-0.00861725,0.189362,1.51181e-17
0.093,-0.12093,-0.511177,-0.105413,0.52408,-0.00860454,0.188443,2.17224e-17
0.094,-0.12093,-0.511177,-0.105413,0.52408,-0.00860454,0.188443,2.17224e-17
0.095,-0.12065,-0.509413,-0.105189,0.521832,-0.00859207,0.18754,-4.3269e-18
0.096,-0.12065,-0.509413,-0.105189,0.521832,-0.00859207,0.18754,-4.3269e-18
0.097,-0.120377,-0.507682,-0.10497,0.519624,-0.00857995,0.186653,4.09565e-18
0.098,-0.120377,-0.507682,-0.10497,0.519624,-0.00857995,0.186653,4.09565e-18
0.099,-0.120103,-0.505964,-0.10475,0.517432,-0.00856771,0.185773,-1.22994e-17
0.1,-0.120103,-0.505964,-0.10475,0.517432,-0.00856771,0.185773,-1.22994e-17
0.101,-0.119988,-0.50517,-0.10466,0.516419,-0.00856323,0.185366,-2.19477e-18
0.102,-0.119988,-0.50517,-0.10466,0.516419,-0.00856323,0.185366,-2.19477e-18
0.103,-0.119723,-0.503496,-0.104447,0.51428,-0.00855142,0.184506,5.57567e-18
0.104,-0.119723,-0.503496,-0.104447,0.51428,-0.00855142,0.184506,5.57567e-18
0.105,-0.119613,-0.502728,-0.104361,0.513299,-0.00854727,0.184112,1.24e-17
0.106,-0.119613,-0.502728,-0.104361,0.513299,-0.00854727,0.184112,1.24e-17
0.107,-0.119196,-0.50018,-0.104024,0.51004,-0.00852792,0.182802,-2.86452e-18
0.108,-0.119196,-0.50018,-0.104024,0.51004,-0.00852792,0.182802,-2.86452e-18
0.109,-0.118935,-0.498541,-0.103815,0.507942,-0.00851631,0.181958,-1.7437e-17
0.11,-0.118935,-0.498541,-0.103815,0.507942,-0.00851631,0.181958,-1.7437e-17
0.111,-0.118681,-0.496941,-0.10361,0.505894,-0.00850493,0.181134,4.88993e-18
0.112,-0.118681,-0.496941,-0.10361,0.505894,-0.00850493,0.181134,4.88993e-18
0.113,-0.118431,-0.495369,-0.10341,0.503878,-0.0084938,0.180322,-1.15197e-17
0.114,-0.118431,-0.495369,-0.10341,0.503878,-0.0084938,0.180322,-1.15197e-17
0.115,-0.118185,-0.493822,-0.103212,0.501893,-0.00848286,0.179523,-7.33958e-18
0.116,-0.117942,-0.492295,-0.103017,0.499933,-0.008472,0.178734,-9.94552e-18
0.117,-0.117942,-0.492295,-0.103017,0.499933,-0.008472,0.178734,-9.94552e-18
0.118,-0.117942,-0.492295,-0.103017,0.499933,-0.008472,0.178734,-9.94552e-18
0.119,-0.117706,-0.490811,-0.102827,0.498026,-0.00846152,0.177965,-7.27685e-19
0.12,-0.117706,-0.490811,-0.102827,0.498026,-0.00846152,0.177965,-7.27685e-19
0.121,-0.11747,-0.489331,-0.102638,0.496123,-0.00845099,0.177198,-2.74575e-18
0.122,-0.117238,-0.487873,-0.102451,0.494246,-0.0084406,0.176442,-6.29379e-18
0.123,-0.117238,-0.487873,-0.102451,0.494246,-0.0084406,0.176442,-6.29379e-18
0.124,-0.117238,-0.487873,-0.102451,0.494246,-0.0084406,0.176442,-6.29379e-18
0.125,-0.117014,-0.486462,-0.102271,0.492428,-0.00843072,0.175709,1.98002e-17
0.126,-0.116789,-0.485051,-0.10209,0.49061,-0.0084207,0.174975,-1.11721e-17
0.127,-0.116789,-0.485051,-0.10209,0.49061,-0.0084207,0.174975,-1.11721e-17
0.128,-0.116789,-0.485051,-0.10209,0.49061,-0.0084207,0.174975,-1.11721e-17
0.129,-0.116574,-0.483689,-0.101918,0.488852,-0.00841126,0.174266,1.11139e-17
0.13,-0.116574,-0.483689,-0.101918,0.488852,-0.00841126,0.174266,1.11139e-17
0.131,-0.116355,-0.482319,-0.101742,0.487084,-0.00840146,0.173552,-3.23326e-20
0.132,-0.11614,-0.480971,-0.101568,0.485342,-0.00839181,0.172849,-7.96342e-18
0.133,-0.11614,-0.480971,-0.101568,0.485342,-0.00839181,0.172849,-7.96342e-18
0.134,-0.115931,-0.479663,-0.1014,0.483651,-0.00838254,0.172166,6.15269e-18
0.135,-0.115931,-0.479663,-0.1014,0.483651,-0.00838254,0.172166,6.15269e-18
0.136,-0.115725,-0.478375,-0.101234,0.481982,-0.00837336,0.171492,-2.21318e-18
0.137,-0.115725,-0.478375,-0.101234,0.481982,-0.00837336,0.171492,-2.21318e-18
0.138,-0.11577,-0.478507,-0.101276,0.482152,-0.00837688,0.17156,-2.21394e-18
0.139,-0.11577,-0.478507,-0.101276,0.482152,-0.00837688,0.17156,-2.21394e-18
0.14,-0.115441,-0.476535,-0.101008,0.479597,-0.00836136,0.170527,1.1334e-17
0.141,-0.115441,-0.476535,-0.101008,0.479597,-0.00836136,0.170527,1.1334e-17
0.142,-0.115123,-0.474602,-0.100749,0.477091,-0.00834653,0.169514,8.54933e-18
0.143,-0.115123,-0.474602,-0.100749,0.477091,-0.00834653,0.169514,8.54933e-18
0.144,-0.115043,-0.474043,-0.100688,0.476365,-0.00834365,0.16922,-1.31192e-17
0.145,-0.115043,-0.474043,-0.100688,0.476365,-0.00834365,0.16922,-1.31192e-17
0.146,-0.114852,-0.472849,-0.100534,0.474812,-0.00833514,0.168592,-9.36595e-18
0.147,-0.114852,-0.472849,-0.100534,0.474812,-0.00833514,0.168592,-9.36595e-18
0.148,-0.114663,-0.471664,-0.100381,0.473271,-0.00832675,0.167968,1.05656e-17
0.149,-0.114663,-0.471664,-0.100381,0.473271,-0.00832675,0.167968,1.05656e-17
0.15,-0.114478,-0.470501,-0.100232,0.471757,-0.00831856,0.167355,-6.42497e-18
0.15,-0.114478,-0.470501,-0.100232,0.471757,-0.00831856,0.167355,-6.42497e-18
0.152,-0.114295,-0.469357,-0.100085,0.470266,-0.00831046,0.166751,-3.54343e-18
0.153,-0.114295,-0.469357,-0.100085,0.470266,-0.00831046,0.166751,-3.54343e-18
0.154,-0.114116,-0.468234,-0.0999409,0.468802,-0.00830255,0.166157,-5.81024e-18
0.155,-0.114116,-0.468234,-0.0999409,0.468802,-0.00830255,0.166157,-5.81024e-18
0.156,-0.113939,-0.467125,-0.0997976,0.467355,-0.00829464,0.165571,8.96965e-18
0.157,-0.113939,-0.467125,-0.0997976,0.467355,-0.00829464,0.165571,8.96965e-18
0.158,-0.113766,-0.466043,-0.0996588,0.46594,-0.00828704,0.164997,1.65089e-18
0.159,-0.113766,-0.466043,-0.0996588,0.46594,-0.00828704,0.164997,1.65089e-18
0.16,-0.113595,-0.464973,-0.0995201,0.46454,-0.00827938,0.164429,-1.57437e-17
0.161,-0.113428,-0.463928,-0.0993858,0.463172,-0.00827202,0.163873,-4.15754e-18
0.162,-0.113428,-0.463928,-0.0993858,0.463172,-0.00827202,0.163873,-4.15754e-18
0.163,-0.113265,-0.462909,-0.099254,0.461835,-0.00826478,0.163331,-9.51171e-18
0.164,-0.113265,-0.462909,-0.099254,0.461835,-0.00826478,0.163331,-9.51171e-18
0.165,-0.113105,-0.46191,-0.0991252,0.460524,-0.00825772,0.162798,-9.52772e-18
0.166,-0.113105,-0.46191,-0.0991252,0.460524,-0.00825772,0.162798,-9.52772e-18
0.167,-0.112949,-0.460931,-0.0989991,0.459237,-0.00825082,0.162275,-7.08987e-18
0.168,-0.112949,-0.460931,-0.0989991,0.459237,-0.00825082,0.162275,-7.08987e-18
0.169,-0.112949,-0.460931,-0.0989991,0.459237,-0.00825082,0.162275,-7.08987e-18
0.17,-0.112799,-0.459982,-0.098879,0.457988,-0.00824437,0.161767,2.22198e-18
0.171,-0.112739,-0.459553,-0.0988325,0.457423,-0.00824229,0.161537,1.18421e-17
0.172,-0.112739,-0.459553,-0.0988325,0.457423,-0.00824229,0.161537,1.18421e-17
0.173,-0.112497,-0.458095,-0.0986355,0.455504,-0.00823106,0.160756,-6.07973e-18
0.174,-0.112497,-0.458095,-0.0986355,0.455504,-0.00823106,0.160756,-6.07973e-18
0.175,-0.11235,-0.457177,-0.0985162,0.454292,-0.00822451,0.160263,-1.06264e-17
0.176,-0.11235,-0.457177,-0.0985162,0.454292,-0.00822451,0.160263,-1.06264e-17
0.177,-0.112297,-0.456792,-0.0984759,0.453781,-0.00822279,0.160054,-1.14615e-17
0.178,-0.112297,-0.456792,-0.0984759,0.453781,-0.00822279,0.160054,-1.14615e-17
0.179,-0.112076,-0.45596,-0.0982785,0.452695,-0.00820737,0.159613,1.49739e-17
0.18,-0.112076,-0.45596,-0.0982785,0.452695,-0.00820737,0.159613,1.49739e-17
0.181,-0.111763,-0.454659,-0.0980041,0.45099,-0.0081869,0.15892,-5.00513e-18
0.182,-0.111763,-0.454659,-0.0980041,0.45099,-0.0081869,0.15892,-5.00513e-18
0.183,-0.111635,-0.454339,-0.0978837,0.450578,-0.00817624,0.158754,-3.89783e-18
0.184,-0.111635,-0.454339,-0.0978837,0.450578,-0.00817624,0.158754,-3.89783e-18
0.185,-0.111332,-0.453093,-0.0976176,0.448941,-0.00815631,0.158087,3.44637e-18
0.186,-0.111332,-0.453093,-0.0976176,0.448941,-0.00815631,0.158087,3.44637e-18
0.187,-0.111332,-0.453093,-0.0976176,0.448941,-0.00815631,0.158087,3.44637e-18
0.188,-0.111119,-0.452339,-0.0974258,0.447953,-0.00814098,0.157685,-1.42281e-17
0.189,-0.11091,-0.451587,-0.0972384,0.446966,-0.00812611,0.157284,-5.2035e-18
0.19,-0.11091,-0.451587,-0.0972384,0.446966,-0.00812611,0.157284,-5.2035e-18
0.191,-0.11091,-0.451587,-0.0972384,0.446966,-0.00812611,0.157284,-5.2035e-18
0.192,-0.110703,-0.450865,-0.0970519,0.446018,-0.00811115,0.156898,1.38621e-17
0.193,-0.110703,-0.450865,-0.0970519,0.446018,-0.00811115,0.156898,1.38621e-17
0.194,-0.110498,-0.450145,-0.0968681,0.445071,-0.00809646,0.156512,2.98157e-18
0.195,-0.110498,-0.450145,-0.0968681,0.445071,-0.00809646,0.156512,2.98157e-18
0.196,-0.110296,-0.449441,-0.0966856,0.444144,-0.00808182,0.156135,1.43028e-17
0.197,-0.110296,-0.449441,-0.0966856,0.444144,-0.00808182,0.156135,1.43028e-17
0.198,-0.110092,-0.448769,-0.0965003,0.443261,-0.00806665,0.155775,8.92652e-18
0.199,-0.110092,-0.448769,-0.0965003,0.443261,-0.00806665,0.155775,8.92652e-18
0.2,-0.109896,-0.448087,-0.0963236,0.442362,-0.00805248,0.155408,9.22883e-18
0.201,-0.109703,-0.447414,-0.0961502,0.441472,-0.0080386,0.155045,2.84549e-18
0.202,-0.109703,-0.447414,-0.0961502,0.441472,-0.0080386,0.155045,2.84549e-18
0.203,-0.109703,-0.447414,-0.0961502,0.441472,-0.0080386,0.155045,2.84549e-18
0.204,-0.109577,-0.447219,-0.0960281,0.441221,-0.00802695,0.154944,1.35478e-18
0.205,-0.109319,-0.44615,-0.0958014,0.4398,-0.00801012,0.154362,-1.38481e-17
0.206,-0.109319,-0.44615,-0.0958014,0.4398,-0.00801012,0.154362,-1.38481e-17
0.207,-0.109132,-0.44553,-0.0956317,0.438977,-0.00799629,0.154026,-3.48495e-18
0.208,-0.109132,-0.44553,-0.0956317,0.438977,-0.00799629,0.154026,-3.48495e-18
0.209,-0.109132,-0.44553,-0.0956317,0.438977,-0.00799629,0.154026,-3.48495e-18
0.21,-0.108944,-0.444942,-0.0954603,0.438198,-0.00798209,0.153708,3.66066e-18
0.211,-0.108763,-0.444339,-0.095296,0.437396,-0.00796874,0.15338,-1.18637e-17
0.212,-0.108763,-0.444339,-0.095296,0.437396,-0.00796874,0.15338,-1.18637e-17
0.213,-0.108583,-0.443765,-0.0951317,0.436632,-0.0079552,0.153067,8.12861e-18
0.214,-0.108583,-0.443765,-0.0951317,0.436632,-0.0079552,0.153067,8.12861e-18
0.215,-0.108403,-0.443215,-0.0949665,0.435899,-0.00794141,0.152766,-3.39939e-18
0.216,-0.108403,-0.443215,-0.0949665,0.435899,-0.00794141,0.152766,-3.39939e-18
0.217,-0.108227,-0.442663,-0.0948067,0.435162,-0.00792821,0.152465,-4.48888e-18
0.218,-0.108227,-0.442663,-0.0948067,0.435162,-0.00792821,0.152465,-4.48888e-18
0.219,-0.108053,-0.44213,-0.0946472,0.434449,-0.00791492,0.152172,4.00266e-18
0.22,-0.108053,-0.44213,-0.0946472,0.434449,-0.00791492,0.152172,4.00266e-18
0.221,-0.108053,-0.44213,-0.0946472,0.434449,-0.00791492,0.152172,4.00266e-18
0.222,-0.107877,-0.441626,-0.0944846,0.433775,-0.00790112,0.151896,-3.79624e-18
0.223,-0.107877,-0.441626,-0.0944846,0.433775,-0.00790112,0.151896,-3.79624e-18
0.224,-0.107703,-0.441124,-0.0943243,0.433104,-0.00788753,0.15162,1.16339e-18
0.225,-0.10754,-0.440599,-0.0941753,0.432398,-0.00787533,0.15133,5.52264e-18
0.226,-0.10754,-0.440599,-0.0941753,0.432398,-0.00787533,0.15133,5.52264e-18
0.227,-0.10754,-0.440599,-0.0941753,0.432398,-0.00787533,0.15133,5.52264e-18
0.228,-0.10737,-0.440129,-0.0940183,0.431767,-0.0078619,0.151071,8.33127e-18
0.229,-0.107272,-0.439959,-0.0939236,0.43154,-0.00785302,0.150978,-1.02912e-17
0.23,-0.107272,-0.439959,-0.0939236,0.43154,-0.00785302,0.150978,-1.02912e-17
0.231,-0.107107,-0.439491,-0.0937713,0.43091,-0.00784008,0.150719,2.94428e-18
0.232,-0.107107,-0.439491,-0.0937713,0.43091,-0.00784008,0.150719,2.94428e-18
0.233,-0.106944,-0.439032,-0.093621,0.430291,-0.00782729,0.150464,-1.49436e-17
0.234,-0.106944,-0.439032,-0.093621,0.430291,-0.00782729,0.150464,-1.49436e-17
0.235,-0.106783,-0.438585,-0.093472,0.429687,-0.00781457,0.150215,5.61004e-18
0.236,-0.106783,-0.438585,-0.093472,0.429687,-0.00781457,0.150215,5.61004e-18
0.237,-0.106683,-0.438455,-0.0933742,0.429514,-0.00780511,0.150144,-6.56112e-18
0.238,-0.106683,-0.438455,-0.0933742,0.429514,-0.00780511,0.150144,-6.56112e-18
0.239,-0.106467,-0.437728,-0.0931779,0.428526,-0.00778931,0.149736,-4.6872e-18
0.24,-0.106467,-0.437728,-0.0931779,0.428526,-0.00778931,0.149736,-4.6872e-18
0.241,-0.106311,-0.437306,-0.0930334,0.427953,-0.00777691,0.1495,6.79964e-19
0.242,-0.106311,-0.437306,-0.0930334,0.427953,-0.00777691,0.1495,6.79964e-19
0.243,-0.106158,-0.436901,-0.0928914,0.427402,-0.00776466,0.149272,1.02643e-17
0.244,-0.106158,-0.436901,-0.0928914,0.427402,-0.00776466,0.149272,1.02643e-17
0.245,-0.106007,-0.436508,-0.0927505,0.426867,-0.00775246,0.149051,1.65438e-18
0.246,-0.105859,-0.436123,-0.0926122,0.42634,-0.00774048,0.148833,-7.9493e-18
0.247,-0.105859,-0.436123,-0.0926122,0.42634,-0.00774048,0.148833,-7.9493e-18
0.248,-0.105711,-0.435763,-0.092473,0.425847,-0.00772824,0.148629,-6.69852e-18
0.249,-0.105711,-0.435763,-0.092473,0.425847,-0.00772824,0.148629,-6.69852e-18
0.25,-0.105568,-0.435398,-0.0923393,0.425346,-0.00771663,0.148421,1.50897e-17
0.251,-0.105568,-0.435398,-0.0923393,0.425346,-0.00771663,0.148421,1.50897e-17
0.252,-0.105425,-0.43505,-0.0922055,0.424866,-0.00770488,0.148222,1.46318e-17
0.253,-0.105425,-0.43505,-0.0922055,0.424866,-0.00770488,0.148222,1.46318e-17
0.254,-0.105283,-0.434714,-0.0920723,0.424403,-0.00769314,0.14803,-8.65841e-18
0.255,-0.105283,-0.434714,-0.0920723,0.424403,-0.00769314,0.14803,-8.65841e-18
0.256,-0.105142,-0.434394,-0.0919393,0.423959,-0.0076813,0.147845,1.21369e-19
0.257,-0.105142,-0.434394,-0.0919393,0.423959,-0.0076813,0.147845,1.21369e-19
0.258,-0.105003,-0.434082,-0.0918078,0.423526,-0.00766958,0.147665,6.46073e-18
0.259,-0.105003,-0.434082,-0.0918078,0.423526,-0.00766958,0.147665,6.46073e-18
0.26,-0.104914,-0.434016,-0.0917188,0.423434,-0.00766063,0.147626,-7.27389e-19
0.261,-0.104914,-0.434016,-0.0917188,0.423434,-0.00766063,0.147626,-7.27389e-19
0.262,-0.104778,-0.433713,-0.0915907,0.423012,-0.00764921,0.14745,7.11679e-18
0.263,-0.104778,-0.433713,-0.0915907,0.423012,-0.00764921,0.14745,7.11679e-18
0.264,-0.104644,-0.433412,-0.0914641,0.422592,-0.00763793,0.147275,-1.10205e-17
0.265,-0.104644,-0.433412,-0.0914641,0.422592,-0.00763793,0.147275,-1.10205e-17
0.266,-0.104511,-0.433123,-0.0913376,0.422189,-0.00762659,0.147107,-6.38271e-20
0.267,-0.104511,-0.433123,-0.0913376,0.422189,-0.00762659,0.147107,-6.38271e-20
0.268,-0.104378,-0.432851,-0.0912109,0.421807,-0.00761511,0.146947,7.27672e-18
0.269,-0.104378,-0.432851,-0.0912109,0.421807,-0.00761511,0.146947,7.27672e-18
0.27,-0.104247,-0.432585,-0.0910861,0.421433,-0.00760381,0.146791,-2.24783e-18
0.271,-0.104247,-0.432585,-0.0910861,0.421433,-0.00760381,0.146791,-2.24783e-18
0.272,-0.104119,-0.432319,-0.0909651,0.421057,-0.0075929,0.146633,-1.27201e-17
0.273,-0.104119,-0.432319,-0.0909651,0.421057,-0.0075929,0.146633,-1.27201e-17
0.274,-0.103991,-0.432073,-0.0908421,0.42071,-0.00758164,0.146488,-8.1228e-18
0.275,-0.103991,-0.432073,-0.0908421,0.42071,-0.00758164,0.146488,-8.1228e-18
0.276,-0.103864,-0.431835,-0.0907207,0.420372,-0.00757052,0.146345,1.25836e-17
0.277,-0.103864,-0.431835,-0.0907207,0.420372,-0.00757052,0.146345,1.25836e-17
0.278,-0.103705,-0.431595,-0.0905668,0.420069,-0.00755575,0.146224,9.9118e-18
0.279,-0.103705,-0.431595,-0.0905668,0.420069,-0.00755575,0.146224,9.9118e-18
0.28,-0.103535,-0.431377,-0.0904001,0.419806,-0.00753941,0.146121,-9.74812e-18
0.281,-0.103372,-0.431153,-0.0902416,0.419532,-0.00752402,0.146012,1.26579e-19
0.282,-0.103372,-0.431153,-0.0902416,0.419532,-0.00752402,0.146012,1.26579e-19
0.283,-0.103209,-0.430942,-0.090083,0.419274,-0.00750852,0.14591,-2.06626e-18
0.284,-0.103209,-0.430942,-0.090083,0.419274,-0.00750852,0.14591,-2.06626e-18
0.285,-0.103047,-0.430741,-0.0899237,0.419032,-0.00749289,0.145815,1.2537e-18
0.286,-0.103047,-0.430741,-0.0899237,0.419032,-0.00749289,0.145815,1.2537e-18
0.287,-0.102886,-0.430546,-0.0897662,0.418796,-0.0074774,0.145722,-9.20674e-18
0.288,-0.102886,-0.430546,-0.0897662,0.418796,-0.0074774,0.145722,-9.20674e-18
0.289,-0.102727,-0.430357,-0.0896106,0.418567,-0.00746207,0.145631,-1.15343e-17
0.29,-0.102727,-0.430357,-0.0896106,0.418567,-0.00746207,0.145631,-1.15343e-17
0.291,-0.102567,-0.430179,-0.0894538,0.418353,-0.00744655,0.145548,-1.07287e-17
0.292,-0.102567,-0.430179,-0.0894538,0.418353,-0.00744655,0.145548,-1.07287e-17
0.293,-0.102408,-0.430009,-0.0892972,0.418151,-0.00743099,0.145468,-5.81922e-18
0.294,-0.102408,-0.430009,-0.0892972,0.418151,-0.00743099,0.145468,-5.81922e-18
0.295,-0.102249,-0.429848,-0.0891402,0.417962,-0.00741532,0.145395,-7.88198e-18
0.296,-0.102249,-0.429848,-0.0891402,0.417962,-0.00741532,0.145395,-7.88198e-18
0.297,-0.102132,-0.429848,-0.0890206,0.417999,-0.00740248,0.145416,-2.09474e-18
0.298,-0.102132,-0.429848,-0.0890206,0.417999,-0.00740248,0.145416,-2.09474e-18
0.299,-0.101975,-0.429695,-0.0888659,0.41782,-0.00738699,0.145346,6.57653e-18
0.3,-0.101975,-0.429695,-0.0888659,0.41782,-0.00738699,0.145346,6.57653e-18
0.301,-0.101858,-0.429699,-0.0887467,0.417863,-0.00737416,0.145369,-5.65562e-18
0.302,-0.101858,-0.429699,-0.0887467,0.417863,-0.00737416,0.145369,-5.65562e-18
0.303,-0.101671,-0.429389,-0.0885654,0.417455,-0.00735703,0.145203,7.48061e-18
0.304,-0.101671,-0.429389,-0.0885654,0.417455,-0.00735703,0.145203,7.48061e-18
0.305,-0.101518,-0.429244,-0.0884146,0.417285,-0.00734191,0.145136,7.68204e-18
0.306,-0.101518,-0.429244,-0.0884146,0.417285,-0.00734191,0.145136,7.68204e-18
0.307,-0.101367,-0.42911,-0.0882649,0.417128,-0.00732687,0.145076,-3.74686e-18
0.308,-0.101367,-0.42911,-0.0882649,0.417128,-0.00732687,0.145076,-3.74686e-18
0.309,-0.101217,-0.428982,-0.0881164,0.416978,-0.00731189,0.145018,7.02143e-18
0.31,-0.101217,-0.428982,-0.0881164,0.416978,-0.00731189,0.145018,7.02143e-18
0.311,-0.101066,-0.428864,-0.0879663,0.416845,-0.00729668,0.144966,-1.3125e-17
0.312,-0.101066,-0.428864,-0.0879663,0.416845,-0.00729668,0.144966,-1.3125e-17
0.313,-0.100913,-0.428757,-0.0878142,0.416727,-0.00728117,0.144922,7.36471e-18
0.314,-0.100913,-0.428757,-0.0878142,0.416727,-0.00728117,0.144922,7.36471e-18
0.315,-0.100773,-0.428634,-0.0876748,0.416581,-0.00726715,0.144864,6.0282e-18
0.316,-0.100773,-0.428634,-0.0876748,0.416581,-0.00726715,0.144864,6.0282e-18
0.317,-0.100626,-0.428532,-0.0875281,0.416466,-0.00725219,0.144821,-9.17678e-18
0.318,-0.100482,-0.42843,-0.087385,0.416351,-0.00723763,0.144776,-1.00446e-17
0.319,-0.100482,-0.42843,-0.087385,0.416351,-0.00723763,0.144776,-1.00446e-17
0.32,-0.100339,-0.428337,-0.0872421,0.416246,-0.00722304,0.144737,1.04713e-17
0.321,-0.100339,-0.428337,-0.0872421,0.416246,-0.00722304,0.144737,1.04713e-17
0.322,-0.100196,-0.428249,-0.0870995,0.41615,-0.00720843,0.1447,-7.6779e-18
0.323,-0.100196,-0.428249,-0.0870995,0.41615,-0.00720843,0.1447,-7.6779e-18
0.324,-0.100054,-0.428167,-0.0869574,0.416062,-0.00719383,0.144667,-6.84801e-18
0.325,-0.100054,-0.428167,-0.0869574,0.416062,-0.00719383,0.144667,-6.84801e-18
0.326,-0.100054,-0.428167,-0.0869574,0.416062,-0.00719383,0.144667,-6.84801e-18
0.327,-0.0999092,-0.428099,-0.0868116,0.415994,-0.00717874,0.144643,1.29313e-17
0.328,-0.0997723,-0.42802,-0.0866745,0.415907,-0.00716466,0.14461,1.08503e-17
0.329,-0.0997723,-0.42802,-0.0866745,0.415907,-0.00716466,0.14461,1.08503e-17
0.33,-0.0997723,-0.42802,-0.0866745,0.415907,-0.00716466,0.14461,1.08503e-17
0.33,-0.0996258,-0.427968,-0.0865268,0.415863,-0.00714925,0.144595,6.49842e-18
0.332,-0.099495,-0.427891,-0.0863959,0.415774,-0.00713585,0.144561,1.22432e-17
0.333,-0.099495,-0.427891,-0.0863959,0.415774,-0.00713585,0.144561,1.22432e-17
0.334,-0.0993595,-0.427829,-0.0862597,0.415711,-0.00712175,0.144538,-9.17842e-18
0.335,-0.0993595,-0.427829,-0.0862597,0.415711,-0.00712175,0.144538,-9.17842e-18
0.336,-0.0992201,-0.427783,-0.086119,0.41567,-0.00710706,0.144525,-5.86906e-18
0.337,-0.0992201,-0.427783,-0.086119,0.41567,-0.00710706,0.144525,-5.86906e-18
0.338,-0.0990855,-0.427732,-0.0859833,0.415622,-0.00709294,0.144508,-7.72155e-19
0.339,-0.0990855,-0.427732,-0.0859833,0.415622,-0.00709294,0.144508,-7.72155e-19
0.34,-0.0989732,-0.427801,-0.0858665,0.415754,-0.00707991,0.144568,1.83223e-18
0.341,-0.0989732,-0.427801,-0.0858665,0.415754,-0.00707991,0.144568,1.83223e-18
0.342,-0.0988117,-0.427658,-0.0857064,0.415565,-0.00706392,0.144491,1.49735e-17
0.343,-0.0988117,-0.427658,-0.0857064,0.415565,-0.00706392,0.144491,1.49735e-17
0.344,-0.0986818,-0.427614,-0.0855753,0.415524,-0.00705025,0.144476,7.05103e-18
0.345,-0.0986818,-0.427614,-0.0855753,0.415524,-0.00705025,0.144476,7.05103e-18
0.346,-0.0985427,-0.427597,-0.0854339,0.415525,-0.00703528,0.14448,4.32813e-18
0.347,-0.0985427,-0.427597,-0.0854339,0.415525,-0.00703528,0.14448,4.32813e-18
0.348,-0.0985427,-0.427597,-0.0854339,0.415525,-0.00703528,0.14448,4.32813e-18
0.349,-0.0984076,-0.427577,-0.0852967,0.415521,-0.00702078,0.144482,-1.06321e-17
0.35,-0.0984076,-0.427577,-0.0852967,0.415521,-0.00702078,0.144482,-1.06321e-17
0.351,-0.0983062,-0.427638,-0.0851912,0.415636,-0.00700904,0.144534,-1.16708e-17
0.352,-0.0981773,-0.427613,-0.0850605,0.415621,-0.00699527,0.14453,8.45533e-18
0.353,-0.0981773,-0.427613,-0.0850605,0.415621,-0.00699527,0.14453,8.45533e-18
0.354,-0.0980462,-0.427597,-0.0849272,0.41562,-0.00698118,0.144533,2.46851e-18
0.355,-0.0980462,-0.427597,-0.0849272,0.41562,-0.00698118,0.144533,2.46851e-18
0.356,-0.0979194,-0.427576,-0.0847985,0.41561,-0.00696761,0.144531,8.41707e-18
0.357,-0.0979194,-0.427576,-0.0847985,0.41561,-0.00696761,0.144531,8.41707e-18
0.358,-0.0977865,-0.427573,-0.084663,0.415628,-0.00695318,0.144542,5.76356e-18
0.359,-0.0977865,-0.427573,-0.084663,0.415628,-0.00695318,0.144542,5.76356e-18
0.36,-0.0976536,-0.427575,-0.0845272,0.415654,-0.00693868,0.144556,2.43837e-18
0.361,-0.0976536,-0.427575,-0.0845272,0.415654,-0.00693868,0.144556,2.43837e-18
0.362,-0.0975361,-0.427551,-0.0844081,0.415634,-0.00692618,0.14455,-4.41063e-18
0.363,-0.0975361,-0.427551,-0.0844081,0.415634,-0.00692618,0.14455,-4.41063e-18
0.364,-0.0974044,-0.42756,-0.0842734,0.415669,-0.00691174,0.144567,-1.05248e-17
0.365,-0.0972848,-0.42755,-0.0841516,0.415671,-0.00689884,0.14457,8.61766e-18
0.366,-0.0972848,-0.42755,-0.0841516,0.415671,-0.00689884,0.14457,8.61766e-18
0.367,-0.0972848,-0.42755,-0.0841516,0.415671,-0.00689884,0.14457,8.61766e-18
0.368,-0.0971543,-0.427567,-0.0840179,0.415716,-0.00688446,0.144592,-2.22325e-18
0.369,-0.0970301,-0.427575,-0.0838909,0.415747,-0.00687087,0.144608,-8.79585e-18
0.37,-0.0970301,-0.427575,-0.0838909,0.415747,-0.00687087,0.144608,-8.79585e-18
0.371,-0.0969013,-0.427598,-0.0837586,0.415799,-0.0068566,0.144632,1.19119e-17
0.372,-0.0969013,-0.427598,-0.0837586,0.415799,-0.0068566,0.144632,1.19119e-17
0.373,-0.0967994,-0.427687,-0.0836517,0.415955,-0.0068445,0.144702,9.82766e-18
0.374,-0.0967994,-0.427687,-0.0836517,0.415955,-0.0068445,0.144702,9.82766e-18
0.375,-0.0966742,-0.427632,-0.0835258,0.41596,-0.00683111,0.144716,-6.15479e-18
0.376,-0.0966742,-0.427632,-0.0835258,0.41596,-0.00683111,0.144716,-6.15479e-18
0.377,-0.0965199,-0.427477,-0.0833736,0.415855,-0.00681546,0.14469,1.01226e-17
0.378,-0.0965199,-0.427477,-0.0833736,0.415855,-0.00681546,0.14469,1.01226e-17
0.379,-0.0964097,-0.427472,-0.0832614,0.415979,-0.00680289,0.144763,7.75946e-19
0.38,-0.0964097,-0.427472,-0.0832614,0.415979,-0.00680289,0.144763,7.75946e-19
0.381,-0.0962582,-0.427329,-0.0831117,0.415889,-0.00678743,0.144743,-3.7945e-18
0.382,-0.0962582,-0.427329,-0.0831117,0.415889,-0.00678743,0.144743,-3.7945e-18
0.383,-0.0961219,-0.427265,-0.0829749,0.41593,-0.00677267,0.14478,-7.87449e-18
0.384,-0.0961219,-0.427265,-0.0829749,0.41593,-0.00677267,0.14478,-7.87449e-18
0.385,-0.0960165,-0.427264,-0.0828675,0.416052,-0.00676062,0.144851,-7.96224e-18
0.386,-0.0960165,-0.427264,-0.0828675,0.416052,-0.00676062,0.144851,-7.96224e-18
0.387,-0.0958885,-0.427201,-0.0827391,0.416082,-0.0067468,0.144882,1.49963e-17
0.388,-0.0958885,-0.427201,-0.0827391,0.416082,-0.0067468,0.144882,1.49963e-17
0.389,-0.0957378,-0.427078,-0.0825894,0.416024,-0.00673119,0.144876,2.902e-18
0.39,-0.0957378,-0.427078,-0.0825894,0.416024,-0.00673119,0.144876,2.902e-18
0.391,-0.0956134,-0.427019,-0.0824646,0.416057,-0.00671774,0.144908,1.2067e-17
0.392,-0.0956134,-0.427019,-0.0824646,0.416057,-0.00671774,0.144908,1.2067e-17
0.393,-0.0955061,-0.427027,-0.082355,0.416196,-0.00670537,0.144986,1.4306e-17
0.394,-0.0955061,-0.427027,-0.082355,0.416196,-0.00670537,0.144986,1.4306e-17
0.395,-0.0953789,-0.426977,-0.0822269,0.416246,-0.00669149,0.145026,6.60966e-18
0.396,-0.0953789,-0.426977,-0.0822269,0.416246,-0.00669149,0.145026,6.60966e-18
0.397,-0.0952497,-0.426931,-0.0820967,0.416305,-0.00667734,0.14507,-8.43727e-18
0.398,-0.0952497,-0.426931,-0.0820967,0.416305,-0.00667734,0.14507,-8.43727e-18
0.399,-0.0951249,-0.426955,-0.0819688,0.416496,-0.00666276,0.145174,1.38157e-17
0.4,-0.0951249,-0.426955,-0.0819688,0.416496,-0.00666276,0.145174,1.38157e-17
0.401,-0.0949995,-0.426841,-0.0818446,0.416417,-0.00664996,0.145154,7.75952e-18
0.402,-0.0949995,-0.426841,-0.0818446,0.416417,-0.00664996,0.145154,7.75952e-18
0.403,-0.0948737,-0.426799,-0.0817177,0.416478,-0.00663615,0.145199,1.1481e-18
0.404,-0.0948737,-0.426799,-0.0817177,0.416478,-0.00663615,0.145199,1.1481e-18
0.405,-0.094752,-0.426759,-0.0815949,0.416538,-0.00662278,0.145242,-9.41264e-18
0.406,-0.094752,-0.426759,-0.0815949,0.416538,-0.00662278,0.145242,-9.41264e-18
0.407,-0.0946268,-0.426725,-0.0814685,0.416611,-0.00660896,0.145292,1.44005e-17
0.408,-0.0946268,-0.426725,-0.0814685,0.416611,-0.00660896,0.145292,1.44005e-17
0.409,-0.0945056,-0.426691,-0.081346,0.41668,-0.00659558,0.145339,9.01712e-18
0.41,-0.0945056,-0.426691,-0.081346,0.41668,-0.00659558,0.145339,9.01712e-18
0.411,-0.0943835,-0.42666,-0.0812226,0.416754,-0.00658207,0.145388,-6.75569e-18
0.412,-0.0943835,-0.42666,-0.0812226,0.416754,-0.00658207,0.145388,-6.75569e-18
0.413,-0.0942615,-0.426633,-0.081099,0.416834,-0.00656853,0.14544,-4.35758e-18
0.414,-0.0942615,-0.426633,-0.081099,0.416834,-0.00656853,0.14544,-4.35758e-18
0.415,-0.0941394,-0.426608,-0.0809754,0.416918,-0.00655495,0.145494,4.67256e-18
0.416,-0.0940199,-0.426583,-0.0808543,0.417,-0.00654165,0.145547,8.69028e-18
0.417,-0.0940199,-0.426583,-0.0808543,0.417,-0.00654165,0.145547,8.69028e-18
0.418,-0.0938951,-0.426565,-0.0807277,0.417099,-0.00652768,0.145608,-4.53656e-18
0.419,-0.0938951,-0.426565,-0.0807277,0.417099,-0.00652768,0.145608,-4.53656e-18
0.42,-0.0937782,-0.426543,-0.0806093,0.417181,-0.00651467,0.14566,7.94997e-18
0.421,-0.0937782,-0.426543,-0.0806093,0.417181,-0.00651467,0.14566,7.94997e-18
0.422,-0.0936591,-0.426525,-0.0804884,0.417273,-0.00650134,0.145716,-1.37243e-17
0.423,-0.0936591,-0.426525,-0.0804884,0.417273,-0.00650134,0.145716,-1.37243e-17
0.424,-0.0935277,-0.426519,-0.0803546,0.417401,-0.00648646,0.145792,1.41277e-17
0.425,-0.0935277,-0.426519,-0.0803546,0.417401,-0.00648646,0.145792,1.41277e-17
0.426,-0.0934301,-0.426541,-0.0802545,0.417552,-0.00647504,0.145873,1.13969e-17
0.427,-0.0934301,-0.426541,-0.0802545,0.417552,-0.00647504,0.145873,1.13969e-17
0.428,-0.0932973,-0.426487,-0.0801207,0.417582,-0.00646067,0.145902,-5.10759e-18
0.429,-0.0932973,-0.426487,-0.0801207,0.417582,-0.00646067,0.145902,-5.10759e-18
0.43,-0.0931752,-0.42648,-0.0799965,0.417695,-0.00644688,0.145969,6.07996e-19
0.431,-0.0931752,-0.42648,-0.0799965,0.417695,-0.00644688,0.145969,6.07996e-19
0.431,-0.0931752,-0.42648,-0.0799965,0.417695,-0.00644688,0.145969,6.07996e-19
0.433,-0.093057,-0.426521,-0.0798748,0.417906,-0.00643285,0.146081,-1.27526e-17
0.434,-0.0929559,-0.426501,-0.0797723,0.41797,-0.00642162,0.146122,-5.14501e-18
0.435,-0.0929559,-0.426501,-0.0797723,0.41797,-0.00642162,0.146122,-5.14501e-18
0.436,-0.0928373,-0.426497,-0.0796516,0.418084,-0.0064082,0.146189,-1.37173e-17
0.437,-0.0928373,-0.426497,-0.0796516,0.418084,-0.0064082,0.146189,-1.37173e-17
0.438,-0.0927084,-0.426454,-0.0795214,0.418128,-0.00639413,0.146224,-7.96024e-18
0.439,-0.0927084,-0.426454,-0.0795214,0.418128,-0.00639413,0.146224,-7.96024e-18
0.44,-0.0925889,-0.426454,-0.0793995,0.418252,-0.00638055,0.146295,2.81183e-19
0.441,-0.0925889,-0.426454,-0.0793995,0.418252,-0.00638055,0.146295,2.81183e-19
0.442,-0.0924735,-0.426454,-0.079282,0.418368,-0.00636745,0.146362,8.16178e-18
0.443,-0.0924735,-0.426454,-0.079282,0.418368,-0.00636745,0.146362,8.16178e-18
0.444,-0.0923618,-0.426452,-0.0791681,0.418478,-0.00635478,0.146426,1.46141e-17
0.445,-0.0923618,-0.426452,-0.0791681,0.418478,-0.00635478,0.146426,1.46141e-17
0.446,-0.0922437,-0.426457,-0.0790475,0.418608,-0.00634129,0.146499,-3.76873e-18
0.447,-0.0922437,-0.426457,-0.0790475,0.418608,-0.00634129,0.146499,-3.76873e-18
0.448,-0.0921393,-0.426496,-0.0789399,0.418794,-0.0063289,0.146598,-1.41134e-18
0.449,-0.0921393,-0.426496,-0.0789399,0.418794,-0.0063289,0.146598,-1.41134e-18
0.45,-0.0920219,-0.426503,-0.07882,0.418926,-0.00631547,0.146672,5.96759e-19
0.451,-0.0920219,-0.426503,-0.07882,0.418926,-0.00631547,0.146672,5.96759e-19
0.452,-0.0919069,-0.426508,-0.0787026,0.419053,-0.00630233,0.146744,8.97941e-18
0.453,-0.0919069,-0.426508,-0.0787026,0.419053,-0.00630233,0.146744,8.97941e-18
0.454,-0.091793,-0.426514,-0.0785862,0.419179,-0.00628931,0.146815,4.02772e-18
0.455,-0.091793,-0.426514,-0.0785862,0.419179,-0.00628931,0.146815,4.02772e-18
0.456,-0.0916778,-0.426523,-0.0784685,0.419311,-0.00627613,0.146889,-5.68926e-18
0.457,-0.0916778,-0.426523,-0.0784685,0.419311,-0.00627613,0.146889,-5.68926e-18
0.458,-0.0915609,-0.426534,-0.078349,0.41945,-0.0062627,0.146966,1.78499e-17
0.459,-0.0915609,-0.426534,-0.078349,0.41945,-0.0062627,0.146966,1.78499e-17
0.46,-0.0914515,-0.42654,-0.0782372,0.419572,-0.0062502,0.147035,1.27932e-17
0.461,-0.0914515,-0.42654,-0.0782372,0.419572,-0.0062502,0.147035,1.27932e-17
0.462,-0.0913353,-0.426554,-0.0781183,0.419714,-0.00623682,0.147114,-1.16513e-17
0.463,-0.0912252,-0.426563,-0.0780057,0.419842,-0.0062242,0.147185,1.97865e-17
0.464,-0.0912252,-0.426563,-0.0780057,0.419842,-0.0062242,0.147185,1.97865e-17
0.465,-0.091108,-0.426579,-0.0778857,0.419989,-0.00621069,0.147266,-6.94423e-18
0.466,-0.091108,-0.426579,-0.0778857,0.419989,-0.00621069,0.147266,-6.94423e-18
0.467,-0.0909923,-0.426594,-0.0777673,0.420134,-0.00619735,0.147346,1.09677e-17
0.468,-0.0909923,-0.426594,-0.0777673,0.420134,-0.00619735,0.147346,1.09677e-17
0.469,-0.090884,-0.426604,-0.0776565,0.420261,-0.00618492,0.147417,-1.48767e-17
0.47,-0.090884,-0.426604,-0.0776565,0.420261,-0.00618492,0.147417,-1.48767e-17
0.471,-0.0907708,-0.426619,-0.0775407,0.420404,-0.00617188,0.147496,9.9849e-18
0.472,-0.0907708,-0.426619,-0.0775407,0.420404,-0.00617188,0.147496,9.9849e-18
0.473,-0.0906681,-0.426556,-0.0774381,0.420497,-0.00616043,0.147564,8.7259e-18
0.474,-0.0906681,-0.426556,-0.0774381,0.420497,-0.00616043,0.147564,8.7259e-18
0.475,-0.090577,-0.426399,-0.0773507,0.420533,-0.00615082,0.14762,1.48008e-17
0.476,-0.090577,-0.426399,-0.0773507,0.420533,-0.00615082,0.14762,1.48008e-17
0.477,-0.0904891,-0.426247,-0.0772663,0.420567,-0.00614154,0.147674,-2.31821e-18
0.478,-0.0904891,-0.426247,-0.0772663,0.420567,-0.00614154,0.147674,-2.31821e-18
0.479,-0.0903987,-0.426094,-0.0771793,0.42061,-0.00613195,0.147733,-3.64867e-18
0.48,-0.0903987,-0.426094,-0.0771793,0.42061,-0.00613195,0.147733,-3.64867e-18
0.481,-0.0903163,-0.425966,-0.0770998,0.420705,-0.00612286,0.147817,6.86987e-18
0.482,-0.0903163,-0.425966,-0.0770998,0.420705,-0.00612286,0.147817,6.86987e-18
0.483,-0.0902111,-0.425783,-0.0769987,0.42072,-0.00611189,0.147868,9.4567e-19
0.484,-0.0902111,-0.425783,-0.0769987,0.42072,-0.00611189,0.147868,9.4567e-19
0.485,-0.0901406,-0.425673,-0.0769307,0.420796,-0.00610416,0.147936,-8.33639e-18
0.486,-0.0901406,-0.425673,-0.0769307,0.420796,-0.00610416,0.147936,-8.33639e-18
0.487,-0.0900532,-0.42553,-0.0768465,0.420847,-0.00609482,0.147997,-2.18027e-18
0.488,-0.0900532,-0.42553,-0.0768465,0.420847,-0.00609482,0.147997,-2.18027e-18
0.489,-0.0899661,-0.425389,-0.0767626,0.4209,-0.00608549,0.14806,-2.01326e-18
0.49,-0.0899661,-0.425389,-0.0767626,0.4209,-0.00608549,0.14806,-2.01326e-18
0.491,-0.0898788,-0.425249,-0.0766784,0.420957,-0.00607611,0.148125,-2.51976e-18
0.492,-0.0898788,-0.425249,-0.0766784,0.420957,-0.00607611,0.148125,-2.51976e-18
0.493,-0.0897917,-0.42511,-0.0765943,0.421018,-0.00606673,0.148192,-3.06107e-18
0.494,-0.0897917,-0.42511,-0.0765943,0.421018,-0.00606673,0.148192,-3.06107e-18
0.495,-0.0897035,-0.424972,-0.0765092,0.421085,-0.0060572,0.148261,1.32829e-17
0.496,-0.0897035,-0.424972,-0.0765092,0.421085,-0.0060572,0.148261,1.32829e-17
0.497,-0.0896008,-0.424814,-0.0764099,0.421183,-0.00604598,0.148354,9.86638e-18
0.498,-0.0896008,-0.424814,-0.0764099,0.421183,-0.00604598,0.148354,9.86638e-18
0.499,-0.0895368,-0.424713,-0.0763482,0.421209,-0.00603919,0.148392,1.15706e-17
0.5,-0.0894519,-0.424583,-0.076266,0.421279,-0.00602997,0.148462,3.22572e-18
0.501,-0.0894519,-0.424583,-0.076266,0.421279,-0.00602997,0.148462,3.22572e-18
0.502,-0.0893681,-0.424456,-0.076185,0.42135,-0.00602085,0.148531,9.90661e-18
0.503,-0.0893681,-0.424456,-0.076185,0.42135,-0.00602085,0.148531,9.90661e-18
0.504,-0.0892854,-0.424332,-0.076105,0.421422,-0.00601185,0.148601,1.0923e-17
0.505,-0.0892854,-0.424332,-0.076105,0.421422,-0.00601185,0.148601,1.0923e-17
0.506,-0.0892854,-0.424332,-0.076105,0.421422,-0.00601185,0.148601,1.0923e-17
0.507,-0.0891949,-0.424198,-0.0760173,0.421512,-0.00600192,0.148684,-7.04676e-18
0.508,-0.0891949,-0.424198,-0.0760173,0.421512,-0.00600192,0.148684,-7.04676e-18
0.509,-0.0891144,-0.42408,-0.0759393,0.421587,-0.00599313,0.148753,-5.07721e-18
0.51,-0.0891144,-0.42408,-0.0759393,0.421587,-0.00599313,0.148753,-5.07721e-18
0.511,-0.0890292,-0.423956,-0.0758567,0.421674,-0.00598376,0.148832,-8.0953e-18
0.512,-0.0890292,-0.423956,-0.0758567,0.421674,-0.00598376,0.148832,-8.0953e-18
0.513,-0.088941,-0.423829,-0.0757712,0.421769,-0.00597404,0.148915,-1.06052e-17
0.514,-0.0888662,-0.423722,-0.0756985,0.421842,-0.00596583,0.148981,-1.10188e-17
0.515,-0.0888662,-0.423722,-0.0756985,0.421842,-0.00596583,0.148981,-1.10188e-17
0.516,-0.0887832,-0.423604,-0.0756181,0.421931,-0.00595668,0.14906,-4.44902e-18
0.517,-0.0887832,-0.423604,-0.0756181,0.421931,-0.00595668,0.14906,-4.44902e-18
0.518,-0.0887048,-0.423494,-0.0755419,0.422015,-0.00594803,0.149133,1.2868e-18
0.519,-0.0887048,-0.423494,-0.0755419,0.422015,-0.00594803,0.149133,1.2868e-18
0.52,-0.0886251,-0.423383,-0.0754645,0.422104,-0.00593922,0.14921,4.54632e-19
0.521,-0.0886251,-0.423383,-0.0754645,0.422104,-0.00593922,0.14921,4.54632e-19
0.522,-0.088535,-0.423258,-0.0753769,0.422215,-0.00592919,0.149302,-1.18652e-17
0.523,-0.088535,-0.423258,-0.0753769,0.422215,-0.00592919,0.149302,-1.18652e-17
0.524,-0.088535,-0.423258,-0.0753769,0.422215,-0.00592919,0.149302,-1.18652e-17
0.525,-0.0884513,-0.423144,-0.0752956,0.422317,-0.00591989,0.149387,-7.44614e-18
0.526,-0.0883723,-0.423037,-0.0752188,0.422412,-0.00591111,0.149466,8.39953e-18
0.527,-0.0883723,-0.423037,-0.0752188,0.422412,-0.00591111,0.149466,8.39953e-18
0.528,-0.0883043,-0.422943,-0.0751527,0.422516,-0.00590344,0.149547,9.08696e-18
0.529,-0.0883043,-0.422943,-0.0751527,0.422516,-0.00590344,0.149547,9.08696e-18
0.53,-0.0882246,-0.422836,-0.0750752,0.422615,-0.00589455,0.149629,8.72047e-18
0.531,-0.0882246,-0.422836,-0.0750752,0.422615,-0.00589455,0.149629,8.72047e-18
0.532,-0.0881353,-0.422719,-0.0749881,0.422709,-0.00588468,0.14971,-1.49113e-17
0.533,-0.0881353,-0.422719,-0.0749881,0.422709,-0.00588468,0.14971,-1.49113e-17
0.534,-0.0880651,-0.422624,-0.0749199,0.42282,-0.00587673,0.149795,7.03423e-18
0.535,-0.0880651,-0.422624,-0.0749199,0.42282,-0.00587673,0.149795,7.03423e-18
0.536,-0.0879839,-0.422517,-0.0748408,0.422928,-0.00586764,0.149882,-1.28399e-17
0.537,-0.0879839,-0.422517,-0.0748408,0.422928,-0.00586764,0.149882,-1.28399e-17
0.538,-0.0879042,-0.422413,-0.0747632,0.423036,-0.0058587,0.149968,2.26425e-18
0.539,-0.0879042,-0.422413,-0.0747632,0.423036,-0.0058587,0.149968,2.26425e-18
0.54,-0.0878261,-0.422312,-0.0746871,0.423142,-0.00584994,0.150052,3.8986e-18
0.541,-0.0878261,-0.422312,-0.0746871,0.423142,-0.00584994,0.150052,3.8986e-18
0.542,-0.0877453,-0.422207,-0.0746083,0.423256,-0.00584085,0.150141,-1.10918e-18
0.543,-0.0877453,-0.422207,-0.0746083,0.423256,-0.00584085,0.150141,-1.10918e-18
0.544,-0.0876653,-0.422105,-0.0745303,0.423369,-0.00583184,0.15023,5.89525e-18
0.545,-0.0876653,-0.422105,-0.0745303,0.423369,-0.00583184,0.15023,5.89525e-18
0.546,-0.0875858,-0.422003,-0.0744528,0.423484,-0.00582288,0.150319,-1.69036e-17
0.547,-0.0875858,-0.422003,-0.0744528,0.423484,-0.00582288,0.150319,-1.69036e-17
0.548,-0.0875069,-0.421903,-0.0743758,0.423599,-0.00581398,0.150408,5.25517e-18
0.549,-0.0875069,-0.421903,-0.0743758,0.423599,-0.00581398,0.150408,5.25517e-18
0.55,-0.0874304,-0.421807,-0.0743012,0.423711,-0.00580534,0.150494,-8.63765e-18
0.551,-0.0874304,-0.421807,-0.0743012,0.423711,-0.00580534,0.150494,-8.63765e-18
0.552,-0.087351,-0.421708,-0.0742237,0.423829,-0.00579637,0.150586,-5.31555e-18
0.553,-0.087351,-0.421708,-0.0742237,0.423829,-0.00579637,0.150586,-5.31555e-18
0.554,-0.0872733,-0.421611,-0.0741479,0.423947,-0.00578758,0.150675,-7.38151e-18
0.555,-0.0872733,-0.421611,-0.0741479,0.423947,-0.00578758,0.150675,-7.38151e-18
0.556,-0.0871976,-0.421518,-0.074074,0.424062,-0.005779,0.150763,1.59402e-17
0.557,-0.0871976,-0.421518,-0.074074,0.424062,-0.005779,0.150763,1.59402e-17
0.558,-0.0871197,-0.421422,-0.0739979,0.424182,-0.00577017,0.150854,1.49419e-17
0.559,-0.0871197,-0.421422,-0.0739979,0.424182,-0.00577017,0.150854,1.49419e-17
0.56,-0.087043,-0.421328,-0.073923,0.424302,-0.00576146,0.150945,1.45713e-17
0.561,-0.087043,-0.421328,-0.073923,0.424302,-0.00576146,0.150945,1.45713e-17
0.562,-0.0869641,-0.421231,-0.0738459,0.424427,-0.00575248,0.151039,7.97875e-19
0.563,-0.0869641,-0.421231,-0.0738459,0.424427,-0.00575248,0.151039,7.97875e-19
0.564,-0.0868901,-0.421142,-0.0737736,0.424544,-0.00574408,0.151127,7.42118e-18
0.565,-0.0868901,-0.421142,-0.0737736,0.424544,-0.00574408,0.151127,7.42118e-18
0.566,-0.0868109,-0.421045,-0.0736963,0.424672,-0.00573507,0.151222,-4.94526e-18
0.567,-0.0868109,-0.421045,-0.0736963,0.424672,-0.00573507,0.151222,-4.94526e-18
0.568,-0.0867331,-0.420951,-0.0736202,0.424798,-0.00572619,0.151317,3.98357e-18
0.569,-0.0867331,-0.420951,-0.0736202,0.424798,-0.00572619,0.151317,3.98357e-18
0.57,-0.0866534,-0.420855,-0.0735423,0.42493,-0.00571711,0.151415,-1.21366e-17
0.571,-0.0865964,-0.420721,-0.0734888,0.425014,-0.00571083,0.151494,-2.09216e-18
0.572,-0.0865964,-0.420721,-0.0734888,0.425014,-0.00571083,0.151494,-2.09216e-18
0.573,-0.0865692,-0.420474,-0.0734695,0.42503,-0.00570841,0.15156,-4.9182e-18
0.574,-0.0865692,-0.420474,-0.0734695,0.42503,-0.00570841,0.15156,-4.9182e-18
0.575,-0.0865433,-0.420241,-0.073451,0.425048,-0.0057061,0.151623,1.44977e-17
0.576,-0.0865433,-0.420241,-0.073451,0.425048,-0.0057061,0.151623,1.44977e-17
0.577,-0.0865164,-0.419993,-0.073432,0.42507,-0.00570369,0.151692,-1.27294e-17
0.578,-0.0865164,-0.419993,-0.073432,0.42507,-0.00570369,0.151692,-1.27294e-17
0.579,-0.0865164,-0.419993,-0.073432,0.42507,-0.00570369,0.151692,-1.27294e-17
0.58,-0.0864869,-0.419715,-0.0734115,0.425099,-0.00570105,0.151773,-9.26379e-19
0.581,-0.0864644,-0.419512,-0.0733953,0.425123,-0.00569899,0.151833,6.90869e-18
0.582,-0.0864644,-0.419512,-0.0733953,0.425123,-0.00569899,0.151833,6.90869e-18
0.583,-0.0864381,-0.419264,-0.073377,0.425154,-0.00569659,0.151907,5.21077e-18
0.584,-0.0864381,-0.419264,-0.073377,0.425154,-0.00569659,0.151907,5.21077e-18
0.585,-0.0864161,-0.419038,-0.0733623,0.425182,-0.00569463,0.151975,-2.63723e-19
0.586,-0.0864161,-0.419038,-0.0733623,0.425182,-0.00569463,0.151975,-2.63723e-19
0.587,-0.0863906,-0.418797,-0.0733446,0.425217,-0.0056923,0.15205,-1.94828e-18
0.588,-0.0863906,-0.418797,-0.0733446,0.425217,-0.0056923,0.15205,-1.94828e-18
0.589,-0.0863665,-0.418568,-0.0733277,0.425253,-0.00569005,0.152124,1.67478e-17
0.59,-0.0863665,-0.418568,-0.0733277,0.425253,-0.00569005,0.152124,1.67478e-17
0.591,-0.0863431,-0.418346,-0.0733114,0.425291,-0.00568787,0.152196,1.10305e-17
0.592,-0.0863431,-0.418346,-0.0733114,0.425291,-0.00568787,0.152196,1.10305e-17
0.593,-0.0863195,-0.418119,-0.0732951,0.425332,-0.00568566,0.152272,-1.25969e-17
0.594,-0.0863195,-0.418119,-0.0732951,0.425332,-0.00568566,0.152272,-1.25969e-17
0.595,-0.0862967,-0.41788,-0.0732801,0.425368,-0.00568361,0.152347,9.75486e-19
0.596,-0.0862967,-0.41788,-0.0732801,0.425368,-0.00568361,0.152347,9.75486e-19
0.597,-0.0862719,-0.417654,-0.0732624,0.425423,-0.00568116,0.152431,-6.06212e-18
0.598,-0.0862719,-0.417654,-0.0732624,0.425423,-0.00568116,0.152431,-6.06212e-18
0.599,-0.08625,-0.41744,-0.0732474,0.425471,-0.00567906,0.152507,1.80811e-17
0.6,-0.08625,-0.41744,-0.0732474,0.425471,-0.00567906,0.152507,1.80811e-17
0.601,-0.0862274,-0.417215,-0.0732319,0.425522,-0.00567688,0.152588,7.65093e-18
0.602,-0.0862274,-0.417215,-0.0732319,0.425522,-0.00567688,0.152588,7.65093e-18
0.603,-0.086205,-0.416992,-0.0732167,0.425575,-0.00567472,0.15267,4.43662e-18
0.604,-0.086205,-0.416992,-0.0732167,0.425575,-0.00567472,0.15267,4.43662e-18
0.605,-0.0861843,-0.416786,-0.0732025,0.425628,-0.00567269,0.152748,-1.79794e-17
0.606,-0.0861843,-0.416786,-0.0732025,0.425628,-0.00567269,0.152748,-1.79794e-17
0.607,-0.0861628,-0.416569,-0.073188,0.425685,-0.00567059,0.15283,-5.85971e-18
0.608,-0.0861628,-0.416569,-0.073188,0.425685,-0.00567059,0.15283,-5.85971e-18
0.609,-0.0861413,-0.416349,-0.0731736,0.425744,-0.00566847,0.152915,6.9441e-18
0.61,-0.0861413,-0.416349,-0.0731736,0.425744,-0.00566847,0.152915,6.9441e-18
0.611,-0.0861209,-0.416141,-0.0731598,0.425804,-0.00566644,0.152997,7.57301e-18
0.612,-0.0861209,-0.416141,-0.0731598,0.425804,-0.00566644,0.152997,7.57301e-18
0.613,-0.0861,-0.415926,-0.0731459,0.425867,-0.00566437,0.153083,2.76791e-18
0.614,-0.0861,-0.415926,-0.0731459,0.425867,-0.00566437,0.153083,2.76791e-18
0.615,-0.0860801,-0.415719,-0.0731326,0.425931,-0.00566236,0.153167,9.32535e-18
0.616,-0.0860602,-0.415511,-0.0731194,0.425997,-0.00566036,0.153253,-1.27004e-17
0.617,-0.0860602,-0.415511,-0.0731194,0.425997,-0.00566036,0.153253,-1.27004e-17
0.618,-0.0860404,-0.415303,-0.0731063,0.426064,-0.00565835,0.153339,-6.4764e-20
0.619,-0.0860404,-0.415303,-0.0731063,0.426064,-0.00565835,0.153339,-6.4764e-20
0.62,-0.0860201,-0.415088,-0.0730929,0.426134,-0.00565629,0.153429,4.76635e-18
0.621,-0.0860201,-0.415088,-0.0730929,0.426134,-0.00565629,0.153429,4.76635e-18
0.622,-0.0860015,-0.414891,-0.0730807,0.426204,-0.00565438,0.153515,1.09304e-18
0.623,-0.0860015,-0.414891,-0.0730807,0.426204,-0.00565438,0.153515,1.09304e-18
0.624,-0.0859805,-0.414657,-0.0730672,0.426255,-0.00565241,0.153597,5.15824e-18
0.625,-0.0859805,-0.414657,-0.0730672,0.426255,-0.00565241,0.153597,5.15824e-18
0.626,-0.0859636,-0.414483,-0.0730559,0.42635,-0.00565047,0.153692,1.0253e-17
0.627,-0.0859636,-0.414483,-0.0730559,0.42635,-0.00565047,0.153692,1.0253e-17
0.628,-0.0859636,-0.414483,-0.0730559,0.42635,-0.00565047,0.153692,1.0253e-17
0.629,-0.0859429,-0.414256,-0.0730425,0.426428,-0.00564835,0.153789,-9.09005e-18
0.63,-0.0859429,-0.414256,-0.0730425,0.426428,-0.00564835,0.153789,-9.09005e-18
0.631,-0.0859246,-0.414055,-0.0730307,0.426506,-0.00564643,0.15388,-1.55877e-17
0.632,-0.085907,-0.413861,-0.0730193,0.426584,-0.00564456,0.15397,-4.72812e-18
0.633,-0.085907,-0.413861,-0.0730193,0.426584,-0.00564456,0.15397,-4.72812e-18
0.634,-0.0858902,-0.413675,-0.0730085,0.426662,-0.00564275,0.154058,4.4258e-18
0.635,-0.0858902,-0.413675,-0.0730085,0.426662,-0.00564275,0.154058,4.4258e-18
0.636,-0.0858902,-0.413675,-0.0730085,0.426662,-0.00564275,0.154058,4.4258e-18
0.637,-0.085869,-0.413438,-0.0729951,0.426747,-0.00564058,0.154161,4.44368e-18
0.638,-0.085852,-0.413245,-0.0729843,0.426799,-0.00563893,0.154235,3.49395e-18
0.639,-0.085852,-0.413245,-0.0729843,0.426799,-0.00563893,0.154235,3.49395e-18
0.64,-0.085852,-0.413245,-0.0729843,0.426799,-0.00563893,0.154235,3.49395e-18
0.641,-0.0858318,-0.413018,-0.0729715,0.426916,-0.00563664,0.154355,5.51453e-19
0.642,-0.0858171,-0.41285,-0.0729622,0.426967,-0.00563519,0.154423,-4.26006e-18
0.643,-0.0858171,-0.41285,-0.0729622,0.426967,-0.00563519,0.154423,-4.26006e-18
0.644,-0.0858171,-0.41285,-0.0729622,0.426967,-0.00563519,0.154423,-4.26006e-18
0.645,-0.0858011,-0.412665,-0.0729521,0.427084,-0.00563323,0.154533,-2.04222e-18
0.646,-0.0858011,-0.412665,-0.0729521,0.427084,-0.00563323,0.154533,-2.04222e-18
0.647,-0.085784,-0.412467,-0.0729414,0.427172,-0.00563137,0.15463,-6.33407e-18
0.648,-0.0857681,-0.412283,-0.0729315,0.42726,-0.00562961,0.154723,1.81435e-17
0.649,-0.0857681,-0.412283,-0.0729315,0.42726,-0.00562961,0.154723,1.81435e-17
0.65,-0.0857497,-0.412071,-0.0729201,0.427318,-0.00562784,0.154804,4.46692e-18
0.651,-0.0857497,-0.412071,-0.0729201,0.427318,-0.00562784,0.154804,4.46692e-18
0.652,-0.0857342,-0.411886,-0.0729105,0.42744,-0.0056259,0.154918,8.50169e-18
0.653,-0.0857342,-0.411886,-0.0729105,0.42744,-0.0056259,0.154918,8.50169e-18
0.654,-0.0857203,-0.411719,-0.0729019,0.427529,-0.0056243,0.155007,2.68572e-18
0.655,-0.0857203,-0.411719,-0.0729019,0.427529,-0.0056243,0.155007,2.68572e-18
0.656,-0.085703,-0.411514,-0.0728912,0.427622,-0.0056224,0.155108,1.47051e-17
0.657,-0.085703,-0.411514,-0.0728912,0.427622,-0.0056224,0.155108,1.47051e-17
0.658,-0.0856853,-0.411304,-0.0728804,0.427717,-0.00562048,0.155211,5.27032e-18
0.659,-0.0856853,-0.411304,-0.0728804,0.427717,-0.00562048,0.155211,5.27032e-18
0.66,-0.0856705,-0.411125,-0.0728714,0.427809,-0.00561879,0.155305,-1.48836e-17
0.661,-0.0856705,-0.411125,-0.0728714,0.427809,-0.00561879,0.155305,-1.48836e-17
0.662,-0.0856561,-0.41095,-0.0728626,0.427902,-0.00561714,0.155399,-3.45434e-19
0.663,-0.0856561,-0.41095,-0.0728626,0.427902,-0.00561714,0.155399,-3.45434e-19
0.664,-0.0856409,-0.410765,-0.0728535,0.427997,-0.00561541,0.155496,4.87314e-18
0.665,-0.0856409,-0.410765,-0.0728535,0.427997,-0.00561541,0.155496,4.87314e-18
0.666,-0.0856218,-0.410541,-0.0728417,0.42806,-0.00561356,0.155584,3.85817e-18
0.667,-0.0856218,-0.410541,-0.0728417,0.42806,-0.00561356,0.155584,3.85817e-18
0.668,-0.0856068,-0.410357,-0.0728327,0.428155,-0.00561185,0.155681,9.673e-19
0.669,-0.0856068,-0.410357,-0.0728327,0.428155,-0.00561185,0.155681,9.673e-19
0.67,-0.0856068,-0.410357,-0.0728327,0.428155,-0.00561185,0.155681,9.673e-19
0.671,-0.0856115,-0.410118,-0.0728456,0.428261,-0.00561233,0.155797,6.04527e-18
0.672,-0.0856115,-0.410118,-0.0728456,0.428261,-0.00561233,0.155797,6.04527e-18
0.673,-0.0856588,-0.409817,-0.0729039,0.428224,-0.00561837,0.155845,2.05824e-18
0.674,-0.0856588,-0.409817,-0.0729039,0.428224,-0.00561837,0.155845,2.05824e-18
0.675,-0.0857152,-0.40951,-0.0729717,0.428213,-0.00562524,0.15591,-4.82981e-18
0.676,-0.0857611,-0.409286,-0.073026,0.428223,-0.00563066,0.155967,1.23203e-17
0.677,-0.0857611,-0.409286,-0.073026,0.428223,-0.00563066,0.155967,1.23203e-17
0.678,-0.0857611,-0.409286,-0.073026,0.428223,-0.00563066,0.155967,1.23203e-17
0.679,-0.0858184,-0.408981,-0.0730945,0.428217,-0.00563758,0.156034,-1.19324e-17
0.68,-0.0858836,-0.40869,-0.0731706,0.428249,-0.0056451,0.156119,2.3919e-18
0.681,-0.0858836,-0.40869,-0.0731706,0.428249,-0.0056451,0.156119,2.3919e-18
0.682,-0.0859383,-0.408416,-0.0732355,0.428255,-0.0056516,0.156186,1.74513e-17
0.683,-0.0859383,-0.408416,-0.0732355,0.428255,-0.0056516,0.156186,1.74513e-17
0.684,-0.0859864,-0.408121,-0.0732945,0.428225,-0.00565767,0.156237,-8.55601e-18
0.685,-0.0859864,-0.408121,-0.0732945,0.428225,-0.00565767,0.156237,-8.55601e-18
0.686,-0.0860434,-0.407836,-0.0733621,0.428232,-0.00566444,0.156306,-1.64752e-17
0.687,-0.0860434,-0.407836,-0.0733621,0.428232,-0.00566444,0.156306,-1.64752e-17
0.688,-0.0861005,-0.407555,-0.0734297,0.428242,-0.0056712,0.156377,-1.36104e-17
0.689,-0.0861005,-0.407555,-0.0734297,0.428242,-0.0056712,0.156377,-1.36104e-17
0.69,-0.0861579,-0.407277,-0.0734975,0.428255,-0.00567797,0.156449,-8.91594e-18
0.691,-0.0861579,-0.407277,-0.0734975,0.428255,-0.00567797,0.156449,-8.91594e-18
0.692,-0.0862184,-0.406979,-0.0735691,0.428266,-0.00568513,0.156524,-2.46214e-18
0.693,-0.0862184,-0.406979,-0.0735691,0.428266,-0.00568513,0.156524,-2.46214e-18
0.694,-0.0862184,-0.406979,-0.0735691,0.428266,-0.00568513,0.156524,-2.46214e-18
0.695,-0.0862184,-0.406979,-0.0735691,0.428266,-0.00568513,0.156524,-2.46214e-18
0.696,-0.0863017,-0.406425,-0.0736728,0.428184,-0.00569594,0.156604,-1.47842e-17
0.697,-0.0863433,-0.406105,-0.0737261,0.428115,-0.00570162,0.156637,-1.47953e-17
0.698,-0.0863822,-0.405892,-0.0737729,0.428108,-0.00570637,0.156682,1.63646e-18
0.699,-0.0863822,-0.405892,-0.0737729,0.428108,-0.00570637,0.156682,1.63646e-18
0.7,-0.0864366,-0.40565,-0.0738364,0.428135,-0.00571264,0.156753,-6.54167e-18
0.701,-0.0864366,-0.40565,-0.0738364,0.428135,-0.00571264,0.156753,-6.54167e-18
0.702,-0.086489,-0.405428,-0.0738971,0.428168,-0.0057186,0.156824,-1.9468e-18
0.703,-0.086489,-0.405428,-0.0738971,0.428168,-0.0057186,0.156824,-1.9468e-18
0.704,-0.0865574,-0.405189,-0.0739748,0.428245,-0.00572606,0.156924,-1.2437e-18
0.705,-0.0865574,-0.405189,-0.0739748,0.428245,-0.00572606,0.156924,-1.2437e-18
0.706,-0.0866132,-0.404957,-0.0740394,0.428284,-0.00573239,0.157,-8.58941e-18
0.707,-0.0866132,-0.404957,-0.0740394,0.428284,-0.00573239,0.157,-8.58941e-18
0.708,-0.0866831,-0.404723,-0.0741182,0.428371,-0.00573993,0.157105,-1.22212e-17
0.709,-0.0867506,-0.404513,-0.0741939,0.428465,-0.00574713,0.157208,-7.34844e-18
0.71,-0.0867506,-0.404513,-0.0741939,0.428465,-0.00574713,0.157208,-7.34844e-18
0.711,-0.0868133,-0.404343,-0.0742633,0.428569,-0.00575365,0.157308,-1.12424e-17
0.712,-0.0868133,-0.404343,-0.0742633,0.428569,-0.00575365,0.157308,-1.12424e-17
0.713,-0.0868754,-0.404075,-0.0743356,0.428606,-0.00576076,0.157391,2.70055e-18
0.714,-0.0868754,-0.404075,-0.0743356,0.428606,-0.00576076,0.157391,2.70055e-18
0.715,-0.0869292,-0.403767,-0.0744008,0.428587,-0.00576741,0.157451,-2.0483e-19
0.716,-0.0869292,-0.403767,-0.0744008,0.428587,-0.00576741,0.157451,-2.0483e-19
0.717,-0.0869896,-0.403516,-0.0744708,0.428629,-0.00577427,0.157533,-1.67758e-17
0.718,-0.0869896,-0.403516,-0.0744708,0.428629,-0.00577427,0.157533,-1.67758e-17
0.719,-0.0870538,-0.403241,-0.0745453,0.428668,-0.00578159,0.157619,1.41419e-17
0.72,-0.0870538,-0.403241,-0.0745453,0.428668,-0.00578159,0.157619,1.41419e-17
0.721,-0.0871142,-0.402998,-0.074615,0.428715,-0.0057884,0.157703,-2.05721e-19
0.722,-0.0871142,-0.402998,-0.074615,0.428715,-0.0057884,0.157703,-2.05721e-19
0.723,-0.0871774,-0.402736,-0.0746882,0.42876,-0.00579556,0.15779,-9.42411e-18
0.724,-0.0871774,-0.402736,-0.0746882,0.42876,-0.00579556,0.15779,-9.42411e-18
0.725,-0.0872406,-0.402478,-0.0747611,0.428807,-0.00580269,0.157876,-1.58557e-18
0.726,-0.0872406,-0.402478,-0.0747611,0.428807,-0.00580269,0.157876,-1.58557e-18
0.727,-0.0873028,-0.40223,-0.0748328,0.428858,-0.00580969,0.157963,-1.85666e-17
0.728,-0.0873028,-0.40223,-0.0748328,0.428858,-0.00580969,0.157963,-1.85666e-17
0.729,-0.0873666,-0.401973,-0.0749064,0.428908,-0.00581687,0.158051,-1.45563e-17
0.73,-0.0873666,-0.401973,-0.0749064,0.428908,-0.00581687,0.158051,-1.45563e-17
0.731,-0.087433,-0.401699,-0.0749832,0.428955,-0.00582439,0.158142,8.15418e-18
0.732,-0.087433,-0.401699,-0.0749832,0.428955,-0.00582439,0.158142,8.15418e-18
0.733,-0.0874946,-0.401463,-0.0750538,0.429012,-0.00583125,0.15823,8.53708e-18
0.734,-0.0874946,-0.401463,-0.0750538,0.429012,-0.00583125,0.15823,8.53708e-18
0.735,-0.0875569,-0.401226,-0.0751252,0.42907,-0.00583817,0.158318,-1.06048e-17
0.736,-0.0875569,-0.401226,-0.0751252,0.42907,-0.00583817,0.158318,-1.06048e-17
0.737,-0.0876204,-0.400981,-0.0751982,0.429127,-0.00584526,0.158408,-1.55467e-18
0.738,-0.0876204,-0.400981,-0.0751982,0.429127,-0.00584526,0.158408,-1.55467e-18
0.739,-0.0876843,-0.400736,-0.0752714,0.429186,-0.00585237,0.158498,1.15911e-17
0.74,-0.0876843,-0.400736,-0.0752714,0.429186,-0.00585237,0.158498,1.15911e-17
0.741,-0.0877485,-0.400491,-0.075345,0.429245,-0.00585952,0.158589,-1.3658e-17
0.742,-0.0877485,-0.400491,-0.075345,0.429245,-0.00585952,0.158589,-1.3658e-17
0.743,-0.0878126,-0.400249,-0.0754184,0.429306,-0.00586663,0.158681,2.55817e-18
0.744,-0.0878126,-0.400249,-0.0754184,0.429306,-0.00586663,0.158681,2.55817e-18
0.745,-0.0878771,-0.400006,-0.0754923,0.429368,-0.00587379,0.158773,9.675e-18
0.746,-0.0878771,-0.400006,-0.0754923,0.429368,-0.00587379,0.158773,9.675e-18
0.747,-0.0879424,-0.399759,-0.075567,0.42943,-0.00588104,0.158866,-3.89762e-18
0.748,-0.0879424,-0.399759,-0.075567,0.42943,-0.00588104,0.158866,-3.89762e-18
0.749,-0.0880077,-0.399514,-0.0756417,0.429494,-0.00588827,0.158959,2.21136e-18
0.75,-0.0880077,-0.399514,-0.0756417,0.429494,-0.00588827,0.158959,2.21136e-18
0.751,-0.0880737,-0.399266,-0.0757172,0.429558,-0.00589559,0.159054,9.37304e-18
0.752,-0.0881385,-0.399029,-0.0757911,0.429625,-0.00590273,0.159147,1.2054e-18
0.753,-0.0881385,-0.399029,-0.0757911,0.429625,-0.00590273,0.159147,1.2054e-18
0.754,-0.0881385,-0.399029,-0.0757911,0.429625,-0.00590273,0.159147,1.2054e-18
0.755,-0.0882042,-0.398786,-0.0758662,0.429691,-0.00590999,0.159242,1.55409e-17
0.756,-0.0882675,-0.398564,-0.0759381,0.429763,-0.00591691,0.159335,-4.39764e-18
0.757,-0.0882675,-0.398564,-0.0759381,0.429763,-0.00591691,0.159335,-4.39764e-18
0.758,-0.0883364,-0.3983,-0.0760171,0.429827,-0.00592458,0.159433,6.45721e-18
0.759,-0.0883364,-0.3983,-0.0760171,0.429827,-0.00592458,0.159433,6.45721e-18
0.76,-0.0884006,-0.398074,-0.0760901,0.429899,-0.0059316,0.159527,-1.25803e-17
0.761,-0.0884006,-0.398074,-0.0760901,0.429899,-0.0059316,0.159527,-1.25803e-17
0.762,-0.0884687,-0.397819,-0.0761681,0.429966,-0.00593915,0.159625,1.09141e-17
0.763,-0.0884687,-0.397819,-0.0761681,0.429966,-0.00593915,0.159625,1.09141e-17
0.764,-0.0885204,-0.397558,-0.0762295,0.42997,-0.00594532,0.159688,-8.14344e-18
0.765,-0.0885204,-0.397558,-0.0762295,0.42997,-0.00594532,0.159688,-8.14344e-18
0.766,-0.0885873,-0.397315,-0.0763058,0.430041,-0.00595268,0.159785,-1.83997e-18
0.767,-0.0885873,-0.397315,-0.0763058,0.430041,-0.00595268,0.159785,-1.83997e-18
0.768,-0.0886541,-0.397077,-0.0763818,0.430114,-0.00596001,0.159882,-9.31371e-18
0.769,-0.0886541,-0.397077,-0.0763818,0.430114,-0.00596001,0.159882,-9.31371e-18
0.77,-0.0887747,-0.396733,-0.0765162,0.430014,-0.00597438,0.159904,6.62153e-19
0.771,-0.0887747,-0.396733,-0.0765162,0.430014,-0.00597438,0.159904,6.62153e-19
0.772,-0.0888999,-0.39638,-0.0766555,0.429901,-0.00598934,0.15992,-6.9764e-18
0.773,-0.0888999,-0.39638,-0.0766555,0.429901,-0.00598934,0.15992,-6.9764e-18
0.774,-0.0890244,-0.396036,-0.0767937,0.429796,-0.00600415,0.159939,-2.58995e-18
0.775,-0.0890244,-0.396036,-0.0767937,0.429796,-0.00600415,0.159939,-2.58995e-18
0.776,-0.0891523,-0.395682,-0.0769358,0.429687,-0.00601938,0.159958,1.5724e-17
0.777,-0.0891523,-0.395682,-0.0769358,0.429687,-0.00601938,0.159958,1.5724e-17
0.778,-0.089279,-0.39534,-0.0770762,0.429588,-0.00603439,0.159979,-4.90443e-18
0.779,-0.089279,-0.39534,-0.0770762,0.429588,-0.00603439,0.159979,-4.90443e-18
0.78,-0.0894097,-0.394986,-0.0772212,0.429484,-0.00604989,0.160001,2.63141e-18
0.781,-0.0894097,-0.394986,-0.0772212,0.429484,-0.00604989,0.160001,2.63141e-18
0.782,-0.0895347,-0.394665,-0.0773592,0.429401,-0.00606457,0.160028,2.05069e-17
0.783,-0.0895347,-0.394665,-0.0773592,0.429401,-0.00606457,0.160028,2.05069e-17
0.784,-0.0896622,-0.394337,-0.0774999,0.429317,-0.00607954,0.160055,1.31109e-17
0.785,-0.0896622,-0.394337,-0.0774999,0.429317,-0.00607954,0.160055,1.31109e-17
0.786,-0.0897907,-0.394011,-0.0776417,0.429236,-0.0060946,0.160084,1.09168e-17
0.787,-0.0897907,-0.394011,-0.0776417,0.429236,-0.0060946,0.160084,1.09168e-17
0.788,-0.0899211,-0.393682,-0.0777854,0.429156,-0.00610986,0.160114,-5.53115e-18
0.789,-0.0899211,-0.393682,-0.0777854,0.429156,-0.00610986,0.160114,-5.53115e-18
0.79,-0.0900492,-0.393369,-0.0779264,0.429087,-0.00612478,0.160146,1.34967e-17
0.791,-0.0900492,-0.393369,-0.0779264,0.429087,-0.00612478,0.160146,1.34967e-17
0.792,-0.0900492,-0.393369,-0.0779264,0.429087,-0.00612478,0.160146,1.34967e-17
0.793,-0.0902209,-0.392862,-0.0781183,0.428912,-0.00614547,0.160162,-2.35972e-18
0.794,-0.0903189,-0.392706,-0.0782232,0.428939,-0.0061562,0.160214,-8.77377e-18
0.795,-0.0833539,-0.392735,-0.0711465,0.428957,-0.00541056,0.160147,-2.29947e-18
0.796,-0.0833539,-0.392735,-0.0711465,0.428957,-0.00541056,0.160147,-2.29947e-18
0.797,-0.0833539,-0.392735,-0.0711465,0.428957,-0.00541056,0.160147,-2.29947e-18
0.798,-0.0858144,-0.392435,-0.0736565,0.429076,-0.00567398,0.16031,8.31162e-18
0.799,-0.0858144,-0.392435,-0.0736565,0.429076,-0.00567398,0.16031,8.31162e-18
0.8,-0.0872995,-0.392156,-0.0751747,0.429112,-0.00583343,0.16041,7.84989e-19
0.801,-0.0872995,-0.392156,-0.0751747,0.429112,-0.00583343,0.16041,7.84989e-19
0.802,-0.0887664,-0.391888,-0.0766743,0.429154,-0.00599089,0.16051,-6.56948e-18
0.803,-0.0902285,-0.391625,-0.0781685,0.429199,-0.00614778,0.160611,1.0619e-17
0.804,-0.0902285,-0.391625,-0.0781685,0.429199,-0.00614778,0.160611,1.0619e-17
0.805,-0.0902285,-0.391625,-0.0781685,0.429199,-0.00614778,0.160611,1.0619e-17
0.806,-0.090994,-0.391328,-0.0789565,0.429188,-0.00623055,0.16068,-6.71466e-18
0.807,-0.0911218,-0.391055,-0.0790957,0.429157,-0.0062451,0.160726,3.96742e-18
0.808,-0.0911218,-0.391055,-0.0790957,0.429157,-0.0062451,0.160726,3.96742e-18
0.809,-0.0912583,-0.390746,-0.079245,0.429109,-0.00626078,0.16077,-3.75594e-18
0.81,-0.0912583,-0.390746,-0.079245,0.429109,-0.00626078,0.16077,-3.75594e-18
0.811,-0.091395,-0.390442,-0.0793943,0.429065,-0.00627645,0.160815,-1.32214e-17
0.812,-0.091395,-0.390442,-0.0793943,0.429065,-0.00627645,0.160815,-1.32214e-17
0.813,-0.0915092,-0.390082,-0.0795227,0.428928,-0.00629039,0.160819,-3.38052e-18
0.814,-0.0915092,-0.390082,-0.0795227,0.428928,-0.00629039,0.160819,-3.38052e-18
0.815,-0.0916485,-0.389772,-0.0796749,0.428884,-0.00630635,0.160865,8.95099e-18
0.816,-0.0916485,-0.389772,-0.0796749,0.428884,-0.00630635,0.160865,8.95099e-18
0.817,-0.0917994,-0.389585,-0.0798347,0.428976,-0.00632245,0.160963,-1.21349e-17
0.818,-0.0917994,-0.389585,-0.0798347,0.428976,-0.00632245,0.160963,-1.21349e-17
0.819,-0.0919354,-0.389303,-0.0799825,0.428952,-0.00633786,0.161015,-1.6724e-17
0.82,-0.0919354,-0.389303,-0.0799825,0.428952,-0.00633786,0.161015,-1.6724e-17
0.821,-0.0919354,-0.389303,-0.0799825,0.428952,-0.00633786,0.161015,-1.6724e-17
0.822,-0.0920858,-0.388957,-0.0801472,0.428894,-0.00635518,0.161061,-1.34603e-17
0.823,-0.0922132,-0.38872,-0.0802848,0.428898,-0.00636941,0.161119,5.82563e-18
0.824,-0.0922132,-0.38872,-0.0802848,0.428898,-0.00636941,0.161119,5.82563e-18
0.825,-0.092351,-0.388441,-0.0804343,0.42888,-0.00638497,0.161174,-9.44728e-18
0.826,-0.092351,-0.388441,-0.0804343,0.42888,-0.00638497,0.161174,-9.44728e-18
0.827,-0.0924834,-0.38819,-0.0805775,0.42888,-0.00639979,0.161232,1.17507e-17
0.828,-0.0924834,-0.38819,-0.0805775,0.42888,-0.00639979,0.161232,1.17507e-17
0.829,-0.0926317,-0.38787,-0.0807392,0.428843,-0.0064167,0.161285,5.94784e-18
0.83,-0.0926317,-0.38787,-0.0807392,0.428843,-0.0064167,0.161285,5.94784e-18
0.831,-0.0927678,-0.38761,-0.0808865,0.42884,-0.00643196,0.161344,1.12656e-17
0.832,-0.0927678,-0.38761,-0.0808865,0.42884,-0.00643196,0.161344,1.12656e-17
0.833,-0.092888,-0.387244,-0.0810211,0.428709,-0.00644653,0.161352,-3.77258e-18
0.834,-0.092888,-0.387244,-0.0810211,0.428709,-0.00644653,0.161352,-3.77258e-18
0.835,-0.0930259,-0.386981,-0.0811703,0.428707,-0.00646198,0.161413,8.11776e-18
0.836,-0.0930259,-0.386981,-0.0811703,0.428707,-0.00646198,0.161413,8.11776e-18
0.837,-0.0931643,-0.386723,-0.0813198,0.428712,-0.00647742,0.161476,1.55706e-17
0.838,-0.0931643,-0.386723,-0.0813198,0.428712,-0.00647742,0.161476,1.55706e-17
0.839,-0.0933071,-0.386449,-0.0814743,0.428708,-0.00649344,0.161538,-8.6055e-18
0.84,-0.0933071,-0.386449,-0.0814743,0.428708,-0.00649344,0.161538,-8.6055e-18
0.841,-0.0934226,-0.386,-0.0816071,0.428489,-0.00650823,0.161514,7.49365e-18
0.842,-0.0934226,-0.386,-0.0816071,0.428489,-0.00650823,0.161514,7.49365e-18
0.843,-0.0935269,-0.385524,-0.0817294,0.428225,-0.00652215,0.16147,-8.50296e-18
0.844,-0.0935269,-0.385524,-0.0817294,0.428225,-0.00652215,0.16147,-8.50296e-18
0.845,-0.0936278,-0.385065,-0.0818478,0.42797,-0.00653562,0.161428,-1.18793e-18
0.846,-0.0936278,-0.385065,-0.0818478,0.42797,-0.00653562,0.161428,-1.18793e-18
0.847,-0.093737,-0.384568,-0.0819759,0.427694,-0.00655021,0.161382,2.43083e-19
0.848,-0.093737,-0.384568,-0.0819759,0.427694,-0.00655021,0.161382,2.43083e-19
0.849,-0.0938413,-0.384093,-0.0820981,0.42743,-0.00656412,0.161338,-3.22752e-18
0.85,-0.0939447,-0.383621,-0.0822195,0.427168,-0.00657794,0.161295,9.06822e-22
0.851,-0.0939447,-0.383621,-0.0822195,0.427168,-0.00657794,0.161295,9.06822e-22
0.852,-0.0940498,-0.383143,-0.0823427,0.426902,-0.00659196,0.161251,6.81959e-18
0.853,-0.0940498,-0.383143,-0.0823427,0.426902,-0.00659196,0.161251,6.81959e-18
0.854,-0.0941569,-0.382655,-0.0824683,0.426631,-0.00660626,0.161206,-9.93406e-18
0.855,-0.0941569,-0.382655,-0.0824683,0.426631,-0.00660626,0.161206,-9.93406e-18
0.856,-0.0942689,-0.382145,-0.0825997,0.426348,-0.00662122,0.161159,-5.5861e-18
0.857,-0.0942689,-0.382145,-0.0825997,0.426348,-0.00662122,0.161159,-5.5861e-18
0.858,-0.0943674,-0.381697,-0.0827152,0.426099,-0.00663436,0.161118,-2.11979e-18
0.859,-0.0943674,-0.381697,-0.0827152,0.426099,-0.00663436,0.161118,-2.11979e-18
0.86,-0.0944719,-0.381221,-0.0828378,0.425834,-0.00664831,0.161074,1.30032e-17
0.861,-0.0944719,-0.381221,-0.0828378,0.425834,-0.00664831,0.161074,1.30032e-17
0.862,-0.0945771,-0.380742,-0.0829611,0.425568,-0.00666235,0.16103,-7.92494e-18
0.863,-0.0945771,-0.380742,-0.0829611,0.425568,-0.00666235,0.16103,-7.92494e-18
0.864,-0.0946816,-0.380265,-0.0830837,0.425304,-0.00667631,0.160986,9.52778e-18
0.865,-0.0946816,-0.380265,-0.0830837,0.425304,-0.00667631,0.160986,9.52778e-18
0.866,-0.0947897,-0.379773,-0.0832104,0.425031,-0.00669073,0.160941,-7.65257e-18
0.867,-0.0947897,-0.379773,-0.0832104,0.425031,-0.00669073,0.160941,-7.65257e-18
0.868,-0.0948947,-0.379168,-0.083338,0.42448,-0.00670675,0.16076,2.8221e-18
0.869,-0.0948947,-0.379168,-0.083338,0.42448,-0.00670675,0.16076,2.8221e-18
0.87,-0.0950075,-0.378462,-0.083477,0.423761,-0.00672483,0.160506,8.62218e-18
0.871,-0.0950075,-0.378462,-0.083477,0.423761,-0.00672483,0.160506,8.62218e-18
0.872,-0.0951201,-0.377757,-0.0836156,0.423045,-0.00674286,0.160252,1.76025e-17
0.873,-0.0951201,-0.377757,-0.0836156,0.423045,-0.00674286,0.160252,1.76025e-17
0.874,-0.0952456,-0.376971,-0.0837702,0.422245,-0.00676298,0.159969,-8.97581e-18
0.875,-0.0952456,-0.376971,-0.0837702,0.422245,-0.00676298,0.159969,-8.97581e-18
0.876,-0.0953486,-0.376326,-0.083897,0.42159,-0.00677948,0.159736,5.28786e-18
0.877,-0.0953486,-0.376326,-0.083897,0.42159,-0.00677948,0.159736,5.28786e-18
0.878,-0.0954561,-0.375653,-0.0840295,0.420905,-0.00679671,0.159494,1.78065e-17
0.879,-0.0954561,-0.375653,-0.0840295,0.420905,-0.00679671,0.159494,1.78065e-17
0.88,-0.0955662,-0.374963,-0.0841651,0.420204,-0.00681436,0.159245,-7.63666e-18
0.881,-0.0955662,-0.374963,-0.0841651,0.420204,-0.00681436,0.159245,-7.63666e-18
0.882,-0.0956778,-0.374265,-0.0843025,0.419494,-0.00683223,0.158994,2.89834e-18
0.883,-0.0956778,-0.374265,-0.0843025,0.419494,-0.00683223,0.158994,2.89834e-18
0.884,-0.095794,-0.373537,-0.0844456,0.418754,-0.00685086,0.158731,-7.19843e-18
0.885,-0.095794,-0.373537,-0.0844456,0.418754,-0.00685086,0.158731,-7.19843e-18
0.886,-0.095902,-0.372861,-0.0845786,0.418066,-0.00686817,0.158488,1.09711e-17
0.887,-0.095902,-0.372861,-0.0845786,0.418066,-0.00686817,0.158488,1.09711e-17
0.888,-0.0960127,-0.372168,-0.084715,0.417361,-0.00688591,0.158238,-1.586e-17
0.889,-0.0960127,-0.372168,-0.084715,0.417361,-0.00688591,0.158238,-1.586e-17
0.89,-0.0961228,-0.371478,-0.0848506,0.41666,-0.00690356,0.15799,-6.23736e-18
0.891,-0.0961228,-0.371478,-0.0848506,0.41666,-0.00690356,0.15799,-6.23736e-18
0.892,-0.096236,-0.37077,-0.08499,0.415939,-0.00692169,0.157734,-8.40501e-18
0.893,-0.096236,-0.37077,-0.08499,0.415939,-0.00692169,0.157734,-8.40501e-18
0.894,-0.0963483,-0.370066,-0.0851284,0.415224,-0.0069397,0.157481,1.16905e-17
0.895,-0.0963483,-0.370066,-0.0851284,0.415224,-0.0069397,0.157481,1.16905e-17
0.896,-0.0964594,-0.369371,-0.0852652,0.414517,-0.00695751,0.15723,1.22212e-17
0.897,-0.0964594,-0.369371,-0.0852652,0.414517,-0.00695751,0.15723,1.22212e-17
0.898,-0.0965686,-0.368687,-0.0853997,0.413822,-0.006975,0.156984,-5.52725e-20
0.899,-0.0965686,-0.368687,-0.0853997,0.413822,-0.006975,0.156984,-5.52725e-20
0.9,-0.09668,-0.367989,-0.0855369,0.413112,-0.00699286,0.156733,1.19747e-17
0.901,-0.09668,-0.367989,-0.0855369,0.413112,-0.00699286,0.156733,1.19747e-17
0.902,-0.0967909,-0.367295,-0.0856735,0.412406,-0.00701063,0.156482,1.68936e-18
0.903,-0.0967909,-0.367295,-0.0856735,0.412406,-0.00701063,0.156482,1.68936e-18
0.904,-0.0969101,-0.366549,-0.0858203,0.411647,-0.00702973,0.156214,1.90884e-17
0.905,-0.0969101,-0.366549,-0.0858203,0.411647,-0.00702973,0.156214,1.90884e-17
0.906,-0.0970176,-0.365875,-0.0859527,0.410962,-0.00704696,0.155971,-1.19135e-17
0.907,-0.0971277,-0.365186,-0.0860884,0.410261,-0.00706461,0.155723,-1.19296e-17
0.908,-0.0971277,-0.365186,-0.0860884,0.410261,-0.00706461,0.155723,-1.19296e-17
0.909,-0.0972384,-0.364493,-0.0862246,0.409557,-0.00708234,0.155473,-8.3149e-18
0.91,-0.0972384,-0.364493,-0.0862246,0.409557,-0.00708234,0.155473,-8.3149e-18
0.911,-0.0973492,-0.3638,-0.0863611,0.408851,-0.00710009,0.155223,-2.89543e-18
0.912,-0.0973492,-0.3638,-0.0863611,0.408851,-0.00710009,0.155223,-2.89543e-18
0.913,-0.0973492,-0.3638,-0.0863611,0.408851,-0.00710009,0.155223,-2.89543e-18
0.914,-0.0974686,-0.363052,-0.0865081,0.408091,-0.00711923,0.154954,-2.40383e-18
0.915,-0.0975771,-0.362372,-0.0866419,0.4074,-0.00713663,0.154709,2.18408e-17
0.916,-0.0975771,-0.362372,-0.0866419,0.4074,-0.00713663,0.154709,2.18408e-17
0.917,-0.0976823,-0.361713,-0.0867714,0.40673,-0.00715348,0.154472,-3.75936e-18
0.918,-0.0976823,-0.361713,-0.0867714,0.40673,-0.00715348,0.154472,-3.75936e-18
0.919,-0.0977937,-0.361016,-0.0869087,0.406021,-0.00717134,0.15422,1.11877e-18
0.92,-0.0977937,-0.361016,-0.0869087,0.406021,-0.00717134,0.15422,1.11877e-18
0.921,-0.0979095,-0.360291,-0.0870512,0.405284,-0.00718989,0.153959,1.12134e-17
0.922,-0.0979095,-0.360291,-0.0870512,0.405284,-0.00718989,0.153959,1.12134e-17
0.923,-0.098022,-0.359587,-0.0871898,0.404567,-0.00720792,0.153705,-1.27132e-17
0.924,-0.098022,-0.359587,-0.0871898,0.404567,-0.00720792,0.153705,-1.27132e-17
0.925,-0.0981314,-0.358902,-0.0873245,0.403871,-0.00722545,0.153458,3.9619e-18
0.926,-0.0981314,-0.358902,-0.0873245,0.403871,-0.00722545,0.153458,3.9619e-18
0.927,-0.0982548,-0.358128,-0.0874766,0.403085,-0.00724524,0.15318,-1.07734e-17
0.928,-0.0982548,-0.358128,-0.0874766,0.403085,-0.00724524,0.15318,-1.07734e-17
0.929,-0.0983571,-0.357488,-0.0876026,0.402433,-0.00726163,0.152949,4.26976e-18
0.93,-0.0983571,-0.357488,-0.0876026,0.402433,-0.00726163,0.152949,4.26976e-18
0.931,-0.0984621,-0.356831,-0.0877318,0.401765,-0.00727845,0.152712,-6.29223e-18
0.932,-0.0984621,-0.356831,-0.0877318,0.401765,-0.00727845,0.152712,-6.29223e-18
0.933,-0.0985786,-0.356102,-0.0878753,0.401023,-0.00729712,0.15245,-1.34466e-17
0.934,-0.0985786,-0.356102,-0.0878753,0.401023,-0.00729712,0.15245,-1.34466e-17
0.935,-0.0986897,-0.355405,-0.0880122,0.400315,-0.00731493,0.152199,4.71461e-18
0.936,-0.0986897,-0.355405,-0.0880122,0.400315,-0.00731493,0.152199,4.71461e-18
0.937,-0.0988002,-0.354714,-0.0881483,0.399612,-0.00733263,0.15195,1.58153e-17
0.938,-0.0988002,-0.354714,-0.0881483,0.399612,-0.00733263,0.15195,1.58153e-17
0.939,-0.0989103,-0.354024,-0.0882839,0.398911,-0.00735028,0.151701,-1.67854e-17
0.94,-0.0989103,-0.354024,-0.0882839,0.398911,-0.00735028,0.151701,-1.67854e-17
0.941,-0.0990185,-0.353347,-0.0884172,0.398222,-0.00736763,0.151457,-1.22376e-17
0.942,-0.0990185,-0.353347,-0.0884172,0.398222,-0.00736763,0.151457,-1.22376e-17
0.943,-0.0991333,-0.352628,-0.0885585,0.397491,-0.00738602,0.151198,8.77659e-18
0.944,-0.0991333,-0.352628,-0.0885585,0.397491,-0.00738602,0.151198,8.77659e-18
0.945,-0.0992435,-0.351938,-0.0886943,0.396789,-0.00740368,0.150949,7.34053e-18
0.946,-0.0992435,-0.351938,-0.0886943,0.396789,-0.00740368,0.150949,7.34053e-18
0.947,-0.0993546,-0.351242,-0.0888311,0.396082,-0.00742149,0.150699,5.90759e-18
0.948,-0.0993546,-0.351242,-0.0888311,0.396082,-0.00742149,0.150699,5.90759e-18
0.949,-0.0994691,-0.350526,-0.0889721,0.395353,-0.00743983,0.150441,-1.82312e-17
0.95,-0.0994691,-0.350526,-0.0889721,0.395353,-0.00743983,0.150441,-1.82312e-17
0.951,-0.0995822,-0.349817,-0.0891115,0.394633,-0.00745796,0.150185,-8.31311e-18
0.952,-0.0995822,-0.349817,-0.0891115,0.394633,-0.00745796,0.150185,-8.31311e-18
0.953,-0.099691,-0.349136,-0.0892454,0.39394,-0.00747539,0.14994,8.95366e-18
0.954,-0.099691,-0.349136,-0.0892454,0.39394,-0.00747539,0.14994,8.95366e-18
0.955,-0.0998119,-0.348379,-0.0893943,0.39317,-0.00749477,0.149667,1.55454e-17
0.956,-0.0998119,-0.348379,-0.0893943,0.39317,-0.00749477,0.149667,1.55454e-17
0.957,-0.0999115,-0.347755,-0.089517,0.392536,-0.00751073,0.149442,-2.06339e-17
0.958,-0.0999115,-0.347755,-0.089517,0.392536,-0.00751073,0.149442,-2.06339e-17
0.959,-0.100022,-0.347063,-0.0896532,0.391832,-0.00752845,0.149193,-1.84079e-18
0.96,-0.100134,-0.346362,-0.0897911,0.391119,-0.00754639,0.14894,-4.87271e-18
0.961,-0.100134,-0.346362,-0.0897911,0.391119,-0.00754639,0.14894,-4.87271e-18
0.962,-0.100134,-0.346362,-0.0897911,0.391119,-0.00754639,0.14894,-4.87271e-18
0.963,-0.100248,-0.345651,-0.089931,0.390396,-0.00756459,0.148684,1.10733e-17
0.964,-0.100248,-0.345651,-0.089931,0.390396,-0.00756459,0.148684,1.10733e-17
0.965,-0.100365,-0.344914,-0.0900759,0.389647,-0.00758344,0.148419,8.25096e-18
0.966,-0.100467,-0.344196,-0.0902038,0.38887,-0.00760069,0.148133,-4.85663e-18
0.967,-0.100467,-0.344196,-0.0902038,0.38887,-0.00760069,0.148133,-4.85663e-18
0.968,-0.100591,-0.343242,-0.0903628,0.387798,-0.00762268,0.14773,-1.27599e-17
0.969,-0.100591,-0.343242,-0.0903628,0.387798,-0.00762268,0.14773,-1.27599e-17
0.97,-0.100705,-0.342367,-0.0905086,0.386815,-0.00764285,0.14736,5.4383e-18
0.971,-0.100705,-0.342367,-0.0905086,0.386815,-0.00764285,0.14736,5.4383e-18
0.972,-0.10082,-0.341477,-0.0906567,0.385816,-0.00766334,0.146985,-3.16324e-18
0.973,-0.10082,-0.341477,-0.0906567,0.385816,-0.00766334,0.146985,-3.16324e-18
0.974,-0.100942,-0.340544,-0.0908122,0.384768,-0.00768485,0.146591,-8.20085e-19
0.975,-0.100942,-0.340544,-0.0908122,0.384768,-0.00768485,0.146591,-8.20085e-19
0.976,-0.101062,-0.339621,-0.090966,0.383731,-0.00770612,0.146201,1.2578e-17
0.977,-0.101062,-0.339621,-0.090966,0.383731,-0.00770612,0.146201,1.2578e-17
0.978,-0.101176,-0.338742,-0.0911124,0.382744,-0.00772637,0.14583,-3.0771e-18
0.979,-0.101176,-0.338742,-0.0911124,0.382744,-0.00772637,0.14583,-3.0771e-18
0.98,-0.101292,-0.33785,-0.0912609,0.381743,-0.0077469,0.145454,-3.27555e-18
0.981,-0.101292,-0.33785,-0.0912609,0.381743,-0.0077469,0.145454,-3.27555e-18
0.982,-0.101407,-0.336965,-0.0914084,0.380748,-0.0077673,0.14508,-6.51534e-18
0.983,-0.101407,-0.336965,-0.0914084,0.380748,-0.0077673,0.14508,-6.51534e-18
0.984,-0.101526,-0.336054,-0.0915602,0.379725,-0.0077883,0.144695,-8.32671e-19
0.985,-0.101526,-0.336054,-0.0915602,0.379725,-0.0077883,0.144695,-8.32671e-19
0.986,-0.101644,-0.335144,-0.0917118,0.378703,-0.00780927,0.144311,5.42012e-18
0.987,-0.101644,-0.335144,-0.0917118,0.378703,-0.00780927,0.144311,5.42012e-18
0.988,-0.10176,-0.334253,-0.0918602,0.377702,-0.00782979,0.143935,3.2482e-18
0.989,-0.10176,-0.334253,-0.0918602,0.377702,-0.00782979,0.143935,3.2482e-18
0.99,-0.101879,-0.333336,-0.092013,0.376672,-0.00785092,0.143547,-1.4027e-19
0.991,-0.101879,-0.333336,-0.092013,0.376672,-0.00785092,0.143547,-1.4027e-19
0.992,-0.101998,-0.332421,-0.0921655,0.375644,-0.00787201,0.143161,-2.60803e-18
0.993,-0.101998,-0.332421,-0.0921655,0.375644,-0.00787201,0.143161,-2.60803e-18
0.994,-0.102112,-0.331546,-0.0923112,0.374662,-0.00789217,0.142792,5.4121e-18
0.995,-0.102112,-0.331546,-0.0923112,0.374662,-0.00789217,0.142792,5.4121e-18
0.996,-0.10225,-0.330487,-0.0924876,0.373473,-0.00791656,0.142345,-8.32511e-19
0.997,-0.10225,-0.330487,-0.0924876,0.373473,-0.00791656,0.142345,-8.32511e-19
0.998,-0.10225,-0.330487,-0.0924876,0.373473,-0.00791656,0.142345,-8.32511e-19
0.999,-0.102368,-0.329581,-0.0926386,0.372455,-0.00793744,0.141962,5.28289e-18
1,-0.102368,-0.329581,-0.0926386,0.372455,-0.00793744,0.141962,5.28289e-18
1.001,-0.102482,-0.328702,-0.092785,0.371468,-0.00795769,0.141591,-1.94241e-18
1.002,-0.10258,-0.327948,-0.0929106,0.370621,-0.00797506,0.141273,-1.36604e-17
1.003,-0.10258,-0.327948,-0.0929106,0.370621,-0.00797506,0.141273,-1.36604e-17
1.004,-0.102704,-0.326998,-0.0930688,0.369554,-0.00799695,0.140872,-1.03775e-17
1.005,-0.102704,-0.326998,-0.0930688,0.369554,-0.00799695,0.140872,-1.03775e-17
1.006,-0.102819,-0.32611,-0.0932166,0.368557,-0.0080174,0.140497,8.05907e-18
1.007,-0.102819,-0.32611,-0.0932166,0.368557,-0.0080174,0.140497,8.05907e-18
1.008,-0.102933,-0.325232,-0.0933629,0.367571,-0.00803763,0.140126,-5.4072e-18
1.009,-0.102933,-0.325232,-0.0933629,0.367571,-0.00803763,0.140126,-5.4072e-18
1.01,-0.10305,-0.324331,-0.093513,0.366559,-0.00805839,0.139746,-1.10256e-17
1.011,-0.10305,-0.324331,-0.093513,0.366559,-0.00805839,0.139746,-1.10256e-17
1.012,-0.10317,-0.32341,-0.0936665,0.365524,-0.00807962,0.139357,4.14189e-19
1.013,-0.10317,-0.32341,-0.0936665,0.365524,-0.00807962,0.139357,4.14189e-19
1.014,-0.103288,-0.322506,-0.0938171,0.364508,-0.00810045,0.138975,-2.32309e-18
1.015,-0.103288,-0.322506,-0.0938171,0.364508,-0.00810045,0.138975,-2.32309e-18
1.016,-0.103406,-0.321596,-0.0939687,0.363486,-0.00812142,0.138591,-1.03511e-17
1.017,-0.103406,-0.321596,-0.0939687,0.363486,-0.00812142,0.138591,-1.03511e-17
1.018,-0.103523,-0.320696,-0.0941186,0.362476,-0.00814215,0.138211,-3.7936e-18
1.019,-0.103523,-0.320696,-0.0941186,0.362476,-0.00814215,0.138211,-3.7936e-18
1.02,-0.103637,-0.319821,-0.0942644,0.361493,-0.00816231,0.137841,1.18234e-17
1.021,-0.103637,-0.319821,-0.0942644,0.361493,-0.00816231,0.137841,1.18234e-17
1.022,-0.103758,-0.318894,-0.0944188,0.360452,-0.00818367,0.13745,3.28981e-19
1.023,-0.103758,-0.318894,-0.0944188,0.360452,-0.00818367,0.13745,3.28981e-19
1.024,-0.103873,-0.318009,-0.0945663,0.359458,-0.00820406,0.137076,1.30203e-17
1.025,-0.103873,-0.318009,-0.0945663,0.359458,-0.00820406,0.137076,1.30203e-17
1.026,-0.103991,-0.317096,-0.0947183,0.358433,-0.00822509,0.136691,-1.03582e-17
1.027,-0.103991,-0.317096,-0.0947183,0.358433,-0.00822509,0.136691,-1.03582e-17
1.028,-0.104108,-0.316201,-0.0948675,0.357427,-0.00824572,0.136313,6.11727e-18
1.029,-0.104108,-0.316201,-0.0948675,0.357427,-0.00824572,0.136313,6.11727e-18
1.03,-0.104224,-0.315306,-0.0950165,0.356422,-0.00826633,0.135935,-1.34787e-17
1.031,-0.104224,-0.315306,-0.0950165,0.356422,-0.00826633,0.135935,-1.34787e-17
1.032,-0.104343,-0.314394,-0.0951684,0.355398,-0.00828734,0.13555,-7.22455e-18
1.033,-0.10446,-0.313496,-0.0953181,0.354389,-0.00830804,0.135171,7.60307e-18
1.034,-0.10446,-0.313496,-0.0953181,0.354389,-0.00830804,0.135171,7.60307e-18
1.035,-0.104577,-0.312596,-0.0954681,0.353378,-0.00832879,0.134791,9.93322e-18
1.036,-0.104577,-0.312596,-0.0954681,0.353378,-0.00832879,0.134791,9.93322e-18
1.037,-0.104692,-0.311711,-0.0956154,0.352385,-0.00834916,0.134417,-1.79846e-18
1.038,-0.104692,-0.311711,-0.0956154,0.352385,-0.00834916,0.134417,-1.79846e-18
1.039,-0.104809,-0.310811,-0.0957653,0.351374,-0.0083699,0.134037,-2.31845e-18
1.04,-0.104809,-0.310811,-0.0957653,0.351374,-0.0083699,0.134037,-2.31845e-18
1.041,-0.104926,-0.309911,-0.0959153,0.350363,-0.00839064,0.133657,-2.7216e-18
1.042,-0.104926,-0.309911,-0.0959153,0.350363,-0.00839064,0.133657,-2.7216e-18
1.043,-0.105043,-0.309007,-0.0960658,0.349348,-0.00841146,0.133276,-1.28811e-18
1.044,-0.105043,-0.309007,-0.0960658,0.349348,-0.00841146,0.133276,-1.28811e-18
1.045,-0.105161,-0.308104,-0.0962162,0.348334,-0.00843227,0.132894,9.63056e-18
1.046,-0.105161,-0.308104,-0.0962162,0.348334,-0.00843227,0.132894,9.63056e-18
1.047,-0.105278,-0.307201,-0.0963667,0.347319,-0.00845308,0.132513,8.70278e-18
1.048,-0.105278,-0.307201,-0.0963667,0.347319,-0.00845308,0.132513,8.70278e-18
1.049,-0.105278,-0.307201,-0.0963667,0.347319,-0.00845308,0.132513,8.70278e-18
1.05,-0.105278,-0.307201,-0.0963667,0.347319,-0.00845308,0.132513,8.70278e-18
1.051,-0.105533,-0.305246,-0.0966924,0.345123,-0.00849812,0.131688,-1.09139e-17
1.052,-0.105533,-0.305246,-0.0966924,0.345123,-0.00849812,0.131688,-1.09139e-17
1.053,-0.105632,-0.304481,-0.0968199,0.344264,-0.00851576,0.131364,4.49839e-18
1.054,-0.105632,-0.304481,-0.0968199,0.344264,-0.00851576,0.131364,4.49839e-18
1.055,-0.105632,-0.304481,-0.0968199,0.344264,-0.00851576,0.131364,4.49839e-18
1.056,-0.105759,-0.30351,-0.0969817,0.343173,-0.00853813,0.130954,3.72662e-18
1.057,-0.105873,-0.302627,-0.0971286,0.342182,-0.00855846,0.130582,-1.12752e-17
1.058,-0.105873,-0.302627,-0.0971286,0.342182,-0.00855846,0.130582,-1.12752e-17
1.059,-0.105991,-0.301723,-0.0972793,0.341166,-0.0085793,0.1302,-1.22337e-18
1.06,-0.105991,-0.301723,-0.0972793,0.341166,-0.0085793,0.1302,-1.22337e-18
1.061,-0.105991,-0.301723,-0.0972793,0.341166,-0.0085793,0.1302,-1.22337e-18
1.062,-0.106117,-0.300756,-0.0974404,0.34008,-0.00860158,0.129792,-1.47414e-17
1.063,-0.106222,-0.299947,-0.0975751,0.339172,-0.00862022,0.12945,3.84771e-18
1.064,-0.106222,-0.299947,-0.0975751,0.339172,-0.00862022,0.12945,3.84771e-18
1.065,-0.106222,-0.299947,-0.0975751,0.339172,-0.00862022,0.12945,3.84771e-18
1.066,-0.10633,-0.298819,-0.0977242,0.337766,-0.00864292,0.128893,-1.03183e-17
1.067,-0.10633,-0.298819,-0.0977242,0.337766,-0.00864292,0.128893,-1.03183e-17
1.068,-0.106405,-0.297594,-0.097842,0.336085,-0.00866383,0.128198,7.08775e-18
1.069,-0.10648,-0.296358,-0.0979609,0.334389,-0.00868494,0.127497,-8.41122e-18
1.07,-0.10648,-0.296358,-0.0979609,0.334389,-0.00868494,0.127497,-8.41122e-18
1.071,-0.10648,-0.296358,-0.0979609,0.334389,-0.00868494,0.127497,-8.41122e-18
1.072,-0.106562,-0.295007,-0.0980909,0.332534,-0.00870803,0.12673,-8.42798e-19
1.073,-0.106633,-0.293847,-0.0982025,0.330942,-0.00872783,0.126071,5.6497e-18
1.074,-0.106633,-0.293847,-0.0982025,0.330942,-0.00872783,0.126071,5.6497e-18
1.075,-0.106706,-0.292631,-0.0983195,0.329273,-0.0087486,0.125381,5.36707e-18
1.076,-0.106706,-0.292631,-0.0983195,0.329273,-0.0087486,0.125381,5.36707e-18
1.077,-0.106779,-0.291432,-0.0984349,0.327628,-0.00876908,0.124701,-1.41354e-17
1.078,-0.106779,-0.291432,-0.0984349,0.327628,-0.00876908,0.124701,-1.41354e-17
1.079,-0.106857,-0.290148,-0.0985585,0.325864,-0.00879102,0.123972,-1.32558e-17
1.08,-0.106857,-0.290148,-0.0985585,0.325864,-0.00879102,0.123972,-1.32558e-17
1.081,-0.106927,-0.289001,-0.0986687,0.324291,-0.0088106,0.123321,5.22032e-18
1.082,-0.106927,-0.289001,-0.0986687,0.324291,-0.0088106,0.123321,5.22032e-18
1.083,-0.107003,-0.287759,-0.0987883,0.322585,-0.00883182,0.122616,6.88203e-18
1.084,-0.107003,-0.287759,-0.0987883,0.322585,-0.00883182,0.122616,6.88203e-18
1.085,-0.107078,-0.286524,-0.0989071,0.32089,-0.00885292,0.121915,1.70872e-18
1.086,-0.107078,-0.286524,-0.0989071,0.32089,-0.00885292,0.121915,1.70872e-18
1.087,-0.107154,-0.285269,-0.0990278,0.319168,-0.00887434,0.121203,8.24008e-18
1.088,-0.107154,-0.285269,-0.0990278,0.319168,-0.00887434,0.121203,8.24008e-18
1.089,-0.107232,-0.283992,-0.0991507,0.317416,-0.00889615,0.120478,-7.82549e-19
1.09,-0.107232,-0.283992,-0.0991507,0.317416,-0.00889615,0.120478,-7.82549e-19
1.091,-0.107305,-0.282779,-0.0992675,0.31575,-0.00891688,0.119789,5.37693e-19
1.092,-0.107305,-0.282779,-0.0992675,0.31575,-0.00891688,0.119789,5.37693e-19
1.093,-0.107381,-0.281536,-0.099387,0.314044,-0.00893811,0.119084,-3.26549e-18
1.094,-0.107381,-0.281536,-0.099387,0.314044,-0.00893811,0.119084,-3.26549e-18
1.095,-0.107458,-0.280265,-0.0995093,0.312299,-0.00895982,0.118362,5.72945e-18
1.096,-0.107458,-0.280265,-0.0995093,0.312299,-0.00895982,0.118362,5.72945e-18
1.097,-0.107533,-0.279031,-0.0996281,0.310605,-0.0089809,0.117662,1.73261e-18
1.098,-0.107533,-0.279031,-0.0996281,0.310605,-0.0089809,0.117662,1.73261e-18
1.099,-0.107608,-0.277796,-0.0997469,0.30891,-0.009002,0.116961,1.08937e-17
1.1,-0.107685,-0.276538,-0.0998679,0.307184,-0.00902347,0.116247,-9.73136e-18
1.101,-0.107685,-0.276538,-0.0998679,0.307184,-0.00902347,0.116247,-9.73136e-18
1.102,-0.107685,-0.276538,-0.0998679,0.307184,-0.00902347,0.116247,-9.73136e-18
1.103,-0.107761,-0.275278,-0.0999892,0.305454,-0.009045,0.115532,7.81358e-18
1.104,-0.107761,-0.275278,-0.0999892,0.305454,-0.009045,0.115532,7.81358e-18
1.105,-0.107838,-0.274021,-0.10011,0.303729,-0.00906647,0.114818,-1.28422e-17
1.106,-0.107914,-0.272771,-0.10023,0.302013,-0.00908782,0.114109,1.22497e-17
1.107,-0.107914,-0.272771,-0.10023,0.302013,-0.00908782,0.114109,1.22497e-17
1.108,-0.107988,-0.271555,-0.100347,0.300344,-0.00910859,0.113418,2.65107e-18
1.109,-0.107988,-0.271555,-0.100347,0.300344,-0.00910859,0.113418,2.65107e-18
1.11,-0.108063,-0.270323,-0.100466,0.298652,-0.00912964,0.112719,-1.01343e-18
1.111,-0.108063,-0.270323,-0.100466,0.298652,-0.00912964,0.112719,-1.01343e-18
1.112,-0.108139,-0.269062,-0.100587,0.296922,-0.00915117,0.112003,-3.91517e-18
1.113,-0.108139,-0.269062,-0.100587,0.296922,-0.00915117,0.112003,-3.91517e-18
1.114,-0.108215,-0.267822,-0.100707,0.29522,-0.00917234,0.1113,-4.78078e-18
1.115,-0.108215,-0.267822,-0.100707,0.29522,-0.00917234,0.1113,-4.78078e-18
1.116,-0.108292,-0.266542,-0.10083,0.293463,-0.00919421,0.110573,-1.05297e-17
1.117,-0.108292,-0.266542,-0.10083,0.293463,-0.00919421,0.110573,-1.05297e-17
1.118,-0.108366,-0.265337,-0.100946,0.291808,-0.0092148,0.109889,-5.21693e-18
1.119,-0.108366,-0.265337,-0.100946,0.291808,-0.0092148,0.109889,-5.21693e-18
1.12,-0.108441,-0.264102,-0.101065,0.290113,-0.0092359,0.109188,-1.06521e-17
1.121,-0.108441,-0.264102,-0.101065,0.290113,-0.0092359,0.109188,-1.06521e-17
1.122,-0.108518,-0.262829,-0.101187,0.288367,-0.00925763,0.108466,-6.54736e-18
1.123,-0.108518,-0.262829,-0.101187,0.288367,-0.00925763,0.108466,-6.54736e-18
1.124,-0.108593,-0.26159,-0.101306,0.286665,-0.0092788,0.107762,8.78775e-18
1.125,-0.108593,-0.26159,-0.101306,0.286665,-0.0092788,0.107762,8.78775e-18
1.126,-0.108669,-0.260344,-0.101426,0.284956,-0.00930007,0.107055,-1.05882e-17
1.127,-0.108669,-0.260344,-0.101426,0.284956,-0.00930007,0.107055,-1.05882e-17
1.128,-0.108744,-0.259116,-0.101544,0.28327,-0.00932105,0.106358,5.51081e-18
1.129,-0.108744,-0.259116,-0.101544,0.28327,-0.00932105,0.106358,5.51081e-18
1.13,-0.10882,-0.257863,-0.101665,0.28155,-0.00934245,0.105647,5.31334e-18
1.131,-0.10882,-0.257863,-0.101665,0.28155,-0.00934245,0.105647,5.31334e-18
1.132,-0.108894,-0.256645,-0.101782,0.279879,-0.00936325,0.104956,6.75681e-18
1.133,-0.108894,-0.256645,-0.101782,0.279879,-0.00936325,0.104956,6.75681e-18
1.134,-0.108975,-0.255319,-0.10191,0.278058,-0.0093859,0.104203,4.59371e-18
1.135,-0.108975,-0.255319,-0.10191,0.278058,-0.0093859,0.104203,4.59371e-18
1.136,-0.109046,-0.254151,-0.102022,0.276455,-0.00940586,0.10354,1.49482e-18
1.137,-0.109046,-0.254151,-0.102022,0.276455,-0.00940586,0.10354,1.49482e-18
1.138,-0.109123,-0.252879,-0.102144,0.274709,-0.00942758,0.102818,1.65929e-18
1.139,-0.109123,-0.252879,-0.102144,0.274709,-0.00942758,0.102818,1.65929e-18
1.14,-0.109199,-0.251629,-0.102265,0.272992,-0.00944894,0.102108,-8.0906e-18
1.141,-0.109199,-0.251629,-0.102265,0.272992,-0.00944894,0.102108,-8.0906e-18
1.142,-0.109275,-0.250383,-0.102385,0.271282,-0.00947022,0.101401,-8.00279e-18
1.143,-0.109275,-0.250383,-0.102385,0.271282,-0.00947022,0.101401,-8.00279e-18
1.144,-0.109351,-0.249134,-0.102505,0.269568,-0.00949156,0.100692,-2.6425e-18
1.145,-0.109351,-0.249134,-0.102505,0.269568,-0.00949156,0.100692,-2.6425e-18
1.146,-0.109435,-0.247755,-0.102637,0.267675,-0.00951511,0.0999094,-9.41135e-18
1.147,-0.109435,-0.247755,-0.102637,0.267675,-0.00951511,0.0999094,-9.41135e-18
1.148,-0.109509,-0.246537,-0.102755,0.266004,-0.00953591,0.0992181,1.31527e-18
1.149,-0.109509,-0.246537,-0.102755,0.266004,-0.00953591,0.0992181,1.31527e-18
1.15,-0.109577,-0.245404,-0.102864,0.264449,-0.00955526,0.098575,-5.3821e-18
1.151,-0.109577,-0.245404,-0.102864,0.264449,-0.00955526,0.098575,-5.3821e-18
1.152,-0.109657,-0.244092,-0.10299,0.262647,-0.00957768,0.0978301,3.94686e-18
1.153,-0.109657,-0.244092,-0.10299,0.262647,-0.00957768,0.0978301,3.94686e-18
1.154,-0.10973,-0.242897,-0.103105,0.261008,-0.00959808,0.0971521,-1.03001e-17
1.155,-0.10973,-0.242897,-0.103105,0.261008,-0.00959808,0.0971521,-1.03001e-17
1.156,-0.109808,-0.241618,-0.103228,0.259252,-0.00961993,0.096426,9.03043e-18
1.157,-0.109808,-0.241618,-0.103228,0.259252,-0.00961993,0.096426,9.03043e-18
1.158,-0.109881,-0.240404,-0.103345,0.257585,-0.00964067,0.0957367,8.87757e-18
1.159,-0.109881,-0.240404,-0.103345,0.257585,-0.00964067,0.0957367,8.87757e-18
1.16,-0.109957,-0.239157,-0.103465,0.255874,-0.00966196,0.0950291,-3.40899e-18
1.161,-0.109957,-0.239157,-0.103465,0.255874,-0.00966196,0.0950291,-3.40899e-18
1.162,-0.110033,-0.237907,-0.103585,0.254158,-0.00968331,0.0943197,5.82381e-18
1.163,-0.110033,-0.237907,-0.103585,0.254158,-0.00968331,0.0943197,5.82381e-18
1.164,-0.110099,-0.23661,-0.103696,0.252341,-0.00970426,0.0935619,7.48096e-18
1.165,-0.110099,-0.23661,-0.103696,0.252341,-0.00970426,0.0935619,7.48096e-18
1.166,-0.110118,-0.23495,-0.103773,0.249834,-0.0097252,0.0924864,8.16179e-18
1.167,-0.110118,-0.23495,-0.103773,0.249834,-0.0097252,0.0924864,8.16179e-18
1.168,-0.110137,-0.233337,-0.103847,0.247397,-0.00974555,0.091441,-3.68407e-19
1.169,-0.110137,-0.233337,-0.103847,0.247397,-0.00974555,0.091441,-3.68407e-19
1.17,-0.110156,-0.231674,-0.103924,0.244886,-0.00976652,0.0903636,1.13272e-17
1.171,-0.110156,-0.231674,-0.103924,0.244886,-0.00976652,0.0903636,1.13272e-17
1.172,-0.110175,-0.230054,-0.103999,0.24244,-0.00978695,0.0893145,9.4317e-19
1.173,-0.110175,-0.230054,-0.103999,0.24244,-0.00978695,0.0893145,9.4317e-19
1.174,-0.110194,-0.228412,-0.104075,0.239961,-0.00980766,0.0882506,4.6785e-18
1.175,-0.110212,-0.226778,-0.10415,0.237493,-0.00982827,0.0871919,9.81128e-18
1.176,-0.110212,-0.226778,-0.10415,0.237493,-0.00982827,0.0871919,9.81128e-18
1.177,-0.110212,-0.226778,-0.10415,0.237493,-0.00982827,0.0871919,9.81128e-18
1.178,-0.110232,-0.225082,-0.104229,0.234931,-0.00984966,0.086093,-5.68918e-18
1.179,-0.110232,-0.225082,-0.104229,0.234931,-0.00984966,0.086093,-5.68918e-18
1.18,-0.110252,-0.223337,-0.104309,0.232297,-0.00987167,0.0849626,-3.62569e-18
1.181,-0.110269,-0.221845,-0.104378,0.230043,-0.00989049,0.083996,6.75709e-18
1.182,-0.110269,-0.221845,-0.104378,0.230043,-0.00989049,0.083996,6.75709e-18
1.183,-0.110288,-0.220259,-0.104452,0.227648,-0.0099105,0.0829682,6.02383e-18
1.184,-0.110288,-0.220259,-0.104452,0.227648,-0.0099105,0.0829682,6.02383e-18
1.185,-0.110288,-0.220259,-0.104452,0.227648,-0.0099105,0.0829682,6.02383e-18
1.186,-0.110313,-0.218061,-0.104553,0.224328,-0.00993822,0.0815441,7.11166e-18
1.187,-0.110313,-0.218061,-0.104553,0.224328,-0.00993822,0.0815441,7.11166e-18
1.188,-0.11033,-0.216644,-0.104619,0.222188,-0.0099561,0.0806258,-4.58728e-18
1.189,-0.110347,-0.215158,-0.104687,0.219944,-0.00997484,0.0796633,7.42578e-18
1.19,-0.110347,-0.215158,-0.104687,0.219944,-0.00997484,0.0796633,7.42578e-18
1.191,-0.110365,-0.21356,-0.104761,0.217531,-0.00999499,0.0786281,-5.63101e-18
1.192,-0.110365,-0.21356,-0.104761,0.217531,-0.00999499,0.0786281,-5.63101e-18
1.193,-0.110384,-0.211937,-0.104836,0.215079,-0.0100155,0.0775762,-1.23851e-18
1.194,-0.110384,-0.211937,-0.104836,0.215079,-0.0100155,0.0775762,-1.23851e-18
1.195,-0.110403,-0.210292,-0.104912,0.212595,-0.0100362,0.0765104,7.82457e-19
1.196,-0.110403,-0.210292,-0.104912,0.212595,-0.0100362,0.0765104,7.82457e-19
1.197,-0.110423,-0.208555,-0.104992,0.209973,-0.0100581,0.0753854,-5.1822e-18
1.198,-0.110423,-0.208555,-0.104992,0.209973,-0.0100581,0.0753854,-5.1822e-18
1.199,-0.110441,-0.207015,-0.105064,0.207647,-0.0100775,0.0743874,9.87443e-19
1.2,-0.110441,-0.207015,-0.105064,0.207647,-0.0100775,0.0743874,9.87443e-19
1.201,-0.11046,-0.205352,-0.10514,0.205135,-0.0100985,0.0733099,1.63812e-18
1.202,-0.11046,-0.205352,-0.10514,0.205135,-0.0100985,0.0733099,1.63812e-18
1.203,-0.110477,-0.203877,-0.105209,0.202909,-0.0101171,0.0723548,5.01245e-18
1.204,-0.110477,-0.203877,-0.105209,0.202909,-0.0101171,0.0723548,5.01245e-18
1.205,-0.110497,-0.202202,-0.105286,0.200378,-0.0101383,0.071269,-4.32699e-18
1.206,-0.110497,-0.202202,-0.105286,0.200378,-0.0101383,0.071269,-4.32699e-18
1.207,-0.110516,-0.200558,-0.105362,0.197895,-0.010159,0.0702039,-5.20716e-18
1.208,-0.110516,-0.200558,-0.105362,0.197895,-0.010159,0.0702039,-5.20716e-18
1.209,-0.110535,-0.198923,-0.105438,0.195427,-0.0101796,0.0691451,-5.34871e-18
1.21,-0.110535,-0.198923,-0.105438,0.195427,-0.0101796,0.0691451,-5.34871e-18
1.211,-0.110554,-0.197276,-0.105514,0.192939,-0.0102004,0.0680778,7.4097e-19
1.212,-0.110554,-0.197276,-0.105514,0.192939,-0.0102004,0.0680778,7.4097e-19
1.213,-0.110573,-0.195623,-0.10559,0.190443,-0.0102212,0.0670067,-1.54936e-18
1.214,-0.110573,-0.195623,-0.10559,0.190443,-0.0102212,0.0670067,-1.54936e-18
1.215,-0.110592,-0.193994,-0.105665,0.187982,-0.0102418,0.0659512,3.8418e-18
1.216,-0.110592,-0.193994,-0.105665,0.187982,-0.0102418,0.0659512,3.8418e-18
1.217,-0.110611,-0.192345,-0.105741,0.185492,-0.0102626,0.0648828,-3.5681e-18
1.218,-0.110611,-0.192345,-0.105741,0.185492,-0.0102626,0.0648828,-3.5681e-18
1.219,-0.11063,-0.190691,-0.105818,0.182995,-0.0102834,0.0638115,4.5657e-18
1.22,-0.11063,-0.190691,-0.105818,0.182995,-0.0102834,0.0638115,4.5657e-18
1.221,-0.110648,-0.189075,-0.105893,0.180554,-0.0103038,0.0627642,-7.97535e-18
1.222,-0.110648,-0.189075,-0.105893,0.180554,-0.0103038,0.0627642,-7.97535e-18
1.223,-0.110667,-0.187435,-0.105968,0.178078,-0.0103245,0.0617022,-2.17731e-18
1.224,-0.110686,-0.185819,-0.106043,0.175637,-0.0103449,0.0606548,-1.03936e-18
1.225,-0.110686,-0.185819,-0.106043,0.175637,-0.0103449,0.0606548,-1.03936e-18
1.226,-0.110705,-0.184155,-0.10612,0.173124,-0.0103659,0.0595768,-3.71915e-18
1.227,-0.110705,-0.184155,-0.10612,0.173124,-0.0103659,0.0595768,-3.71915e-18
1.228,-0.110724,-0.182536,-0.106195,0.170679,-0.0103863,0.0585277,-2.16758e-18
1.229,-0.110724,-0.182536,-0.106195,0.170679,-0.0103863,0.0585277,-2.16758e-18
1.23,-0.110743,-0.180864,-0.106272,0.168154,-0.0104074,0.0574446,-1.21958e-18
1.231,-0.110743,-0.180864,-0.106272,0.168154,-0.0104074,0.0574446,-1.21958e-18
1.232,-0.110762,-0.179265,-0.106346,0.16574,-0.0104276,0.0564089,-1.38832e-18
1.233,-0.110762,-0.179265,-0.106346,0.16574,-0.0104276,0.0564089,-1.38832e-18
1.234,-0.110781,-0.177626,-0.106422,0.163265,-0.0104482,0.0553471,-1.91868e-18
1.235,-0.110781,-0.177626,-0.106422,0.163265,-0.0104482,0.0553471,-1.91868e-18
1.236,-0.1108,-0.175985,-0.106497,0.160787,-0.0104689,0.0542839,1.8688e-18
1.237,-0.1108,-0.175985,-0.106497,0.160787,-0.0104689,0.0542839,1.8688e-18
1.238,-0.110819,-0.174318,-0.106574,0.158269,-0.01049,0.0532037,-5.351e-18
1.238,-0.110819,-0.174318,-0.106574,0.158269,-0.01049,0.0532037,-5.351e-18
1.24,-0.110838,-0.172707,-0.106649,0.155836,-0.0105103,0.0521597,-4.40606e-18
1.24,-0.110838,-0.172707,-0.106649,0.155836,-0.0105103,0.0521597,-4.40606e-18
1.242,-0.110857,-0.171069,-0.106725,0.153362,-0.0105309,0.0510985,3.35708e-18
1.243,-0.110857,-0.171069,-0.106725,0.153362,-0.0105309,0.0510985,3.35708e-18
1.244,-0.110876,-0.169429,-0.1068,0.150885,-0.0105516,0.0500358,2.11878e-18
1.245,-0.110876,-0.169429,-0.1068,0.150885,-0.0105516,0.0500358,2.11878e-18
1.246,-0.110895,-0.167758,-0.106878,0.148362,-0.0105727,0.0489533,2.70095e-18
1.247,-0.110895,-0.167758,-0.106878,0.148362,-0.0105727,0.0489533,2.70095e-18
1.248,-0.110914,-0.166132,-0.106953,0.145907,-0.0105932,0.0479001,1.10454e-18
1.249,-0.110914,-0.166132,-0.106953,0.145907,-0.0105932,0.0479001,1.10454e-18
1.25,-0.110933,-0.164492,-0.107028,0.143431,-0.0106139,0.0468378,-4.53451e-19
1.251,-0.110933,-0.164492,-0.107028,0.143431,-0.0106139,0.0468378,-4.53451e-19
1.252,-0.110954,-0.162817,-0.107108,0.140887,-0.0106353,0.0457446,-2.96805e-18
1.253,-0.110954,-0.162817,-0.107108,0.140887,-0.0106353,0.0457446,-2.96805e-18
1.254,-0.110973,-0.161275,-0.10718,0.138552,-0.0106549,0.0447418,2.37067e-18
1.255,-0.110973,-0.161275,-0.10718,0.138552,-0.0106549,0.0447418,2.37067e-18
1.256,-0.110994,-0.15965,-0.107258,0.136075,-0.0106758,0.043676,-3.16624e-18
1.257,-0.110994,-0.15965,-0.107258,0.136075,-0.0106758,0.043676,-3.16624e-18
1.258,-0.111017,-0.158046,-0.107336,0.133624,-0.0106966,0.0426199,-2.39859e-18
1.259,-0.111017,-0.158046,-0.107336,0.133624,-0.0106966,0.0426199,-2.39859e-18
1.26,-0.111041,-0.156409,-0.107417,0.131114,-0.0107181,0.0415376,-4.24299e-18
1.261,-0.111041,-0.156409,-0.107417,0.131114,-0.0107181,0.0415376,-4.24299e-18
1.262,-0.111065,-0.154867,-0.107494,0.128739,-0.0107384,0.0405116,-5.68529e-18
1.263,-0.111065,-0.154867,-0.107494,0.128739,-0.0107384,0.0405116,-5.68529e-18
1.264,-0.111017,-0.152879,-0.107514,0.125455,-0.0107575,0.0390598,5.49007e-18
1.265,-0.11097,-0.150913,-0.107534,0.122199,-0.0107766,0.0376186,3.54765e-18
1.266,-0.11097,-0.150913,-0.107534,0.122199,-0.0107766,0.0376186,3.54765e-18
1.267,-0.11097,-0.150913,-0.107534,0.122199,-0.0107766,0.0376186,3.54765e-18
1.268,-0.110923,-0.148892,-0.107556,0.118836,-0.0107963,0.0361284,-3.40612e-18
1.269,-0.110923,-0.148892,-0.107556,0.118836,-0.0107963,0.0361284,-3.40612e-18
1.27,-0.11088,-0.147013,-0.107577,0.115697,-0.0108149,0.0347355,-7.86699e-18
1.271,-0.11088,-0.147013,-0.107577,0.115697,-0.0108149,0.0347355,-7.86699e-18
1.272,-0.110835,-0.145045,-0.1076,0.112402,-0.0108344,0.0332722,5.09302e-19
1.273,-0.110835,-0.145045,-0.1076,0.112402,-0.0108344,0.0332722,5.09302e-19
1.274,-0.110792,-0.143108,-0.107623,0.109146,-0.0108537,0.0318248,1.97295e-19
1.275,-0.110792,-0.143108,-0.107623,0.109146,-0.0108537,0.0318248,1.97295e-19
1.276,-0.110751,-0.141218,-0.107646,0.105954,-0.0108728,0.0304035,1.90365e-18
1.277,-0.110712,-0.139365,-0.10767,0.102809,-0.0108917,0.0290017,5.85935e-18
1.278,-0.110712,-0.139365,-0.10767,0.102809,-0.0108917,0.0290017,5.85935e-18
1.279,-0.110673,-0.137477,-0.107696,0.0995925,-0.0109112,0.0275657,-3.06862e-18
1.28,-0.110673,-0.137477,-0.107696,0.0995925,-0.0109112,0.0275657,-3.06862e-18
1.281,-0.110673,-0.137477,-0.107696,0.0995925,-0.0109112,0.0275657,-3.06862e-18
1.282,-0.11063,-0.135408,-0.107723,0.0960695,-0.0109324,0.0259935,-3.78994e-18
1.283,-0.11063,-0.135408,-0.107723,0.0960695,-0.0109324,0.0259935,-3.78994e-18
1.284,-0.110571,-0.132921,-0.107749,0.0919525,-0.0109565,0.0241719,-2.89275e-18
1.285,-0.110571,-0.132921,-0.107749,0.0919525,-0.0109565,0.0241719,-2.89275e-18
1.286,-0.110553,-0.131775,-0.10777,0.0899113,-0.0109694,0.023249,1.08547e-18
1.287,-0.110531,-0.130165,-0.107803,0.0870017,-0.0109881,0.0219282,6.91302e-18
1.288,-0.110531,-0.130165,-0.107803,0.0870017,-0.0109881,0.0219282,6.91302e-18
1.289,-0.110497,-0.128314,-0.107832,0.0837861,-0.011008,0.0204845,-4.85805e-18
1.29,-0.110497,-0.128314,-0.107832,0.0837861,-0.011008,0.0204845,-4.85805e-18
1.291,-0.110467,-0.126613,-0.107861,0.0807999,-0.0110266,0.0191399,3.16994e-18
1.292,-0.110467,-0.126613,-0.107861,0.0807999,-0.0110266,0.0191399,3.16994e-18
1.293,-0.110436,-0.12483,-0.107891,0.0776702,-0.0110461,0.0177308,-3.84657e-18
1.294,-0.110436,-0.12483,-0.107891,0.0776702,-0.0110461,0.0177308,-3.84657e-18
1.295,-0.110408,-0.123108,-0.107921,0.074628,-0.0110652,0.0163585,2.95737e-19
1.296,-0.110408,-0.123108,-0.107921,0.074628,-0.0110652,0.0163585,2.95737e-19
1.297,-0.110381,-0.121423,-0.107952,0.0716347,-0.0110842,0.015006,3.83279e-18
1.298,-0.110381,-0.121423,-0.107952,0.0716347,-0.0110842,0.015006,3.83279e-18
1.299,-0.110353,-0.119639,-0.107985,0.0684684,-0.0111042,0.0135759,9.35974e-19
1.3,-0.110353,-0.119639,-0.107985,0.0684684,-0.0111042,0.0135759,9.35974e-19
1.301,-0.110326,-0.117892,-0.108018,0.0653516,-0.011124,0.0121659,-5.48752e-18
1.302,-0.110326,-0.117892,-0.108018,0.0653516,-0.011124,0.0121659,-5.48752e-18
1.303,-0.110303,-0.116242,-0.108051,0.0623787,-0.011143,0.0108176,5.09577e-18
1.304,-0.110303,-0.116242,-0.108051,0.0623787,-0.011143,0.0108176,5.09577e-18
1.305,-0.11028,-0.114611,-0.108085,0.0594255,-0.0111621,0.00947616,5.23746e-18
1.306,-0.11028,-0.114611,-0.108085,0.0594255,-0.0111621,0.00947616,5.23746e-18
1.307,-0.110254,-0.112772,-0.108121,0.056124,-0.0111832,0.00798015,-5.76977e-18
1.308,-0.110254,-0.112772,-0.108121,0.056124,-0.0111832,0.00798015,-5.76977e-18
1.309,-0.110238,-0.111334,-0.108155,0.0534606,-0.0112008,0.00676287,6.88549e-18
1.31,-0.110238,-0.111334,-0.108155,0.0534606,-0.0112008,0.00676287,6.88549e-18
1.311,-0.11022,-0.109766,-0.108191,0.0505735,-0.0112197,0.00544564,-2.5453e-18
1.312,-0.11022,-0.109766,-0.108191,0.0505735,-0.0112197,0.00544564,-2.5453e-18
1.313,-0.110196,-0.107933,-0.108229,0.0472484,-0.0112412,0.00393446,8.45222e-18
1.314,-0.110196,-0.107933,-0.108229,0.0472484,-0.0112412,0.00393446,8.45222e-18
1.315,-0.11018,-0.10637,-0.108267,0.0443465,-0.0112604,0.00260758,6.25444e-18
1.316,-0.11018,-0.10637,-0.108267,0.0443465,-0.0112604,0.00260758,6.25444e-18
1.317,-0.110166,-0.104886,-0.108304,0.0415618,-0.011279,0.00133049,-3.5448e-19
1.318,-0.110166,-0.104886,-0.108304,0.0415618,-0.011279,0.00133049,-3.5448e-19
1.319,-0.110152,-0.10335,-0.108343,0.038682,-0.0112983,1.00657e-05,2.31072e-18
1.32,-0.110152,-0.10335,-0.108343,0.038682,-0.0112983,1.00657e-05,2.31072e-18
1.321,-0.110139,-0.101814,-0.108382,0.0357913,-0.0113177,-0.00131671,-7.49413e-19
1.322,-0.110139,-0.101814,-0.108382,0.0357913,-0.0113177,-0.00131671,-7.49413e-19
1.323,-0.11013,-0.100403,-0.108422,0.0330907,-0.011336,-0.00256154,-4.73344e-18
1.324,-0.11013,-0.100403,-0.108422,0.0330907,-0.011336,-0.00256154,-4.73344e-18
1.325,-0.110117,-0.0988401,-0.108463,0.030133,-0.011356,-0.0039209,-8.2641e-18
1.326,-0.110117,-0.0988401,-0.108463,0.030133,-0.011356,-0.0039209,-8.2641e-18
1.327,-0.110109,-0.0974012,-0.108504,0.0273653,-0.0113749,-0.00519835,-1.96501e-18
1.328,-0.110109,-0.0974012,-0.108504,0.0273653,-0.0113749,-0.00519835,-1.96501e-18
1.329,-0.110103,-0.0960128,-0.108546,0.0246679,-0.0113936,-0.00644644,1.09952e-17
1.33,-0.110103,-0.0960128,-0.108546,0.0246679,-0.0113936,-0.00644644,1.09952e-17
1.331,-0.110095,-0.0945486,-0.108589,0.0218369,-0.011413,-0.0077548,-7.77638e-18
1.332,-0.110095,-0.0945486,-0.108589,0.0218369,-0.011413,-0.0077548,-7.77638e-18
1.333,-0.110095,-0.0945486,-0.108589,0.0218369,-0.011413,-0.0077548,-7.77638e-18
1.334,-0.110082,-0.0928364,-0.108634,0.0185933,-0.011435,-0.00924603,-6.462e-18
1.335,-0.110079,-0.0915024,-0.108678,0.0159549,-0.0114535,-0.0104723,6.21386e-18
1.336,-0.110079,-0.0915024,-0.108678,0.0159549,-0.0114535,-0.0104723,6.21386e-18
1.337,-0.110075,-0.0900546,-0.108723,0.0131157,-0.0114733,-0.0117891,4.93108e-18
1.337,-0.110075,-0.0900546,-0.108723,0.0131157,-0.0114733,-0.0117891,4.93108e-18
1.339,-0.110073,-0.088683,-0.108769,0.0103889,-0.0114925,-0.013058,-1.02579e-17
1.34,-0.110073,-0.088683,-0.108769,0.0103889,-0.0114925,-0.013058,-1.02579e-17
1.341,-0.110073,-0.0873478,-0.108815,0.00770983,-0.0115116,-0.0143076,-4.64065e-18
1.342,-0.110073,-0.0873478,-0.108815,0.00770983,-0.0115116,-0.0143076,-4.64065e-18
1.343,-0.110074,-0.0860337,-0.108861,0.00505399,-0.0115306,-0.0155485,-9.93466e-18
1.344,-0.110074,-0.0860337,-0.108861,0.00505399,-0.0115306,-0.0155485,-9.93466e-18
1.345,-0.110075,-0.0846589,-0.108909,0.00228918,-0.0115503,-0.0168387,-7.88516e-18
1.346,-0.110075,-0.0846589,-0.108909,0.00228918,-0.0115503,-0.0168387,-7.88516e-18
1.347,-0.110079,-0.0833995,-0.108957,-0.0002999,-0.0115691,-0.0180533,-5.74807e-18
1.348,-0.110079,-0.0833995,-0.108957,-0.0002999,-0.0115691,-0.0180533,-5.74807e-18
1.349,-0.110087,-0.0820966,-0.10901,-0.00296923,-0.0115889,-0.0193045,-1.28656e-17
1.35,-0.110087,-0.0820966,-0.10901,-0.00296923,-0.0115889,-0.0193045,-1.28656e-17
1.351,-0.110105,-0.080827,-0.109072,-0.0055932,-0.0116093,-0.0205369,-8.64974e-18
1.352,-0.110105,-0.080827,-0.109072,-0.0055932,-0.0116093,-0.0205369,-8.64974e-18
1.353,-0.110131,-0.0795419,-0.109143,-0.00825081,-0.011631,-0.0217851,4.22587e-18
1.354,-0.110131,-0.0795419,-0.109143,-0.00825081,-0.011631,-0.0217851,4.22587e-18
1.355,-0.110173,-0.0784944,-0.109222,-0.010532,-0.0116514,-0.022869,1.19699e-17
1.356,-0.110173,-0.0784944,-0.109222,-0.010532,-0.0116514,-0.022869,1.19699e-17
1.357,-0.110221,-0.0773531,-0.10931,-0.0129732,-0.0116738,-0.0240243,8.88591e-18
1.358,-0.110221,-0.0773531,-0.10931,-0.0129732,-0.0116738,-0.0240243,8.88591e-18
1.359,-0.110277,-0.0761953,-0.109407,-0.0154489,-0.0116972,-0.0251958,8.40844e-18
1.36,-0.110277,-0.0761953,-0.109407,-0.0154489,-0.0116972,-0.0251958,8.40844e-18
1.361,-0.110347,-0.0752268,-0.109512,-0.0176258,-0.0117199,-0.0262369,1.32911e-17
1.362,-0.110347,-0.0752268,-0.109512,-0.0176258,-0.0117199,-0.0262369,1.32911e-17
1.363,-0.110299,-0.0733984,-0.109526,-0.0210387,-0.0117394,-0.0278002,1.39505e-18
1.364,-0.110299,-0.0733984,-0.109526,-0.0210387,-0.0117394,-0.0278002,1.39505e-18
1.365,-0.110308,-0.0719539,-0.109585,-0.0241759,-0.0117623,-0.0292905,-2.47499e-18
1.366,-0.110308,-0.0719539,-0.109585,-0.0241759,-0.0117623,-0.0292905,-2.47499e-18
1.367,-0.110337,-0.0707062,-0.109658,-0.0269962,-0.0117851,-0.0306415,1.38407e-17
1.368,-0.110337,-0.0707062,-0.109658,-0.0269962,-0.0117851,-0.0306415,1.38407e-17
1.369,-0.110374,-0.069421,-0.10974,-0.029893,-0.0118093,-0.0320284,-4.7923e-18
1.37,-0.110374,-0.069421,-0.10974,-0.029893,-0.0118093,-0.0320284,-4.7923e-18
1.371,-0.110423,-0.0681775,-0.109832,-0.0327311,-0.0118342,-0.0333906,-6.78288e-18
1.372,-0.110423,-0.0681775,-0.109832,-0.0327311,-0.0118342,-0.0333906,-6.78288e-18
1.373,-0.11048,-0.0669217,-0.109934,-0.0356023,-0.0118604,-0.0347691,6.37204e-18
1.374,-0.11048,-0.0669217,-0.109934,-0.0356023,-0.0118604,-0.0347691,6.37204e-18
1.375,-0.110555,-0.0658238,-0.110048,-0.0382188,-0.0118865,-0.0360356,1.44443e-17
1.376,-0.110643,-0.0647869,-0.110173,-0.0407445,-0.0119133,-0.0372633,5.46499e-19
1.377,-0.110643,-0.0647869,-0.110173,-0.0407445,-0.0119133,-0.0372633,5.46499e-19
1.378,-0.110643,-0.0647869,-0.110173,-0.0407445,-0.0119133,-0.0372633,5.46499e-19
1.379,-0.110742,-0.0637248,-0.110311,-0.0433269,-0.0119417,-0.038518,3.93183e-18
1.38,-0.110855,-0.0628291,-0.110457,-0.045636,-0.0119696,-0.0396519,-6.76848e-18
1.381,-0.110855,-0.0628291,-0.110457,-0.045636,-0.0119696,-0.0396519,-6.76848e-18
1.382,-0.110977,-0.0618539,-0.110614,-0.048093,-0.0119995,-0.0408534,-1.36172e-17
1.383,-0.110977,-0.0618539,-0.110614,-0.048093,-0.0119995,-0.0408534,-1.36172e-17
1.384,-0.111121,-0.0611593,-0.110785,-0.0500864,-0.0120284,-0.0418498,-5.43723e-19
1.385,-0.111121,-0.0611593,-0.110785,-0.0500864,-0.0120284,-0.0418498,-5.43723e-19
1.386,-0.111266,-0.0602975,-0.110962,-0.0523717,-0.0120594,-0.0429773,1.06407e-18
1.387,-0.111266,-0.0602975,-0.110962,-0.0523717,-0.0120594,-0.0429773,1.06407e-18
1.388,-0.111419,-0.059452,-0.111147,-0.0546387,-0.0120913,-0.0440978,4.88401e-19
1.389,-0.111419,-0.059452,-0.111147,-0.0546387,-0.0120913,-0.0440978,4.88401e-19
1.39,-0.111586,-0.0587002,-0.111343,-0.0567571,-0.0121235,-0.0451534,1.14612e-18
1.391,-0.111586,-0.0587002,-0.111343,-0.0567571,-0.0121235,-0.0451534,1.14612e-18
1.392,-0.111762,-0.0579393,-0.111548,-0.0589003,-0.0121568,-0.0462212,9.10796e-19
1.393,-0.111762,-0.0579393,-0.111548,-0.0589003,-0.0121568,-0.0462212,9.10796e-19
1.394,-0.111808,-0.0566745,-0.111638,-0.0614678,-0.0121799,-0.0474216,2.76565e-18
1.395,-0.111808,-0.0566745,-0.111638,-0.0614678,-0.0121799,-0.0474216,2.76565e-18
1.396,-0.112009,-0.0561827,-0.11186,-0.0631705,-0.0122128,-0.048295,-2.4978e-18
1.397,-0.112009,-0.0561827,-0.11186,-0.0631705,-0.0122128,-0.048295,-2.4978e-18
1.398,-0.112387,-0.0566024,-0.11223,-0.0637921,-0.0122558,-0.0487472,-4.33324e-18
1.399,-0.112387,-0.0566024,-0.11223,-0.0637921,-0.0122558,-0.0487472,-4.33324e-18
1.4,-0.112609,-0.056136,-0.112472,-0.0654725,-0.0122907,-0.0496132,-1.30334e-17
1.401,-0.112609,-0.056136,-0.112472,-0.0654725,-0.0122907,-0.0496132,-1.30334e-17
1.402,-0.112834,-0.0555903,-0.11272,-0.0672916,-0.0123268,-0.0505415,1.26397e-17
1.403,-0.112834,-0.0555903,-0.11272,-0.0672916,-0.0123268,-0.0505415,1.26397e-17
1.404,-0.113071,-0.0551417,-0.112977,-0.0689544,-0.0123631,-0.0514011,-3.30825e-18
1.405,-0.113071,-0.0551417,-0.112977,-0.0689544,-0.0123631,-0.0514011,-3.30825e-18
1.406,-0.113143,-0.0539339,-0.113092,-0.0714487,-0.0123884,-0.0525718,1.89453e-17
1.407,-0.113143,-0.0539339,-0.113092,-0.0714487,-0.0123884,-0.0525718,1.89453e-17
1.408,-0.113387,-0.0533836,-0.113359,-0.0732942,-0.0124268,-0.0535142,-1.01492e-17
1.409,-0.113387,-0.0533836,-0.113359,-0.0732942,-0.0124268,-0.0535142,-1.01492e-17
1.41,-0.113662,-0.0532695,-0.113643,-0.0744154,-0.0124632,-0.0541355,-1.74531e-17
1.411,-0.113662,-0.0532695,-0.113643,-0.0744154,-0.0124632,-0.0541355,-1.74531e-17
1.412,-0.113943,-0.053115,-0.113935,-0.0756126,-0.0125007,-0.0547917,2.01693e-18
1.413,-0.113943,-0.053115,-0.113935,-0.0756126,-0.0125007,-0.0547917,2.01693e-18
1.414,-0.114229,-0.052916,-0.114232,-0.0768902,-0.0125394,-0.0554843,-6.35697e-18
1.415,-0.114229,-0.052916,-0.114232,-0.0768902,-0.0125394,-0.0554843,-6.35697e-18
1.416,-0.114521,-0.0527086,-0.114536,-0.0781874,-0.0125788,-0.0561862,1.02073e-17
1.417,-0.114521,-0.0527086,-0.114536,-0.0781874,-0.0125788,-0.0561862,1.02073e-17
1.418,-0.114828,-0.052683,-0.11485,-0.0791834,-0.0126177,-0.0567548,-2.2258e-17
1.419,-0.115143,-0.0526583,-0.115172,-0.0801835,-0.0126574,-0.0573259,-1.71856e-17
1.42,-0.115143,-0.0526583,-0.115172,-0.0801835,-0.0126574,-0.0573259,-1.71856e-17
1.421,-0.115466,-0.0526317,-0.115501,-0.0811917,-0.012698,-0.0579011,-1.33747e-17
1.422,-0.115466,-0.0526317,-0.115501,-0.0811917,-0.012698,-0.0579011,-1.33747e-17
1.423,-0.115466,-0.0526317,-0.115501,-0.0811917,-0.012698,-0.0579011,-1.33747e-17
1.424,-0.115793,-0.0525644,-0.115837,-0.0822731,-0.0127396,-0.0585095,1.80999e-17
1.425,-0.115793,-0.0525644,-0.115837,-0.0822731,-0.0127396,-0.0585095,1.80999e-17
1.426,-0.11613,-0.0525998,-0.116178,-0.0831857,-0.012781,-0.0590432,9.74387e-18
1.427,-0.116469,-0.0525542,-0.116525,-0.0842399,-0.0128237,-0.0596406,1.11326e-17
1.428,-0.116469,-0.0525542,-0.116525,-0.0842399,-0.0128237,-0.0596406,1.11326e-17
1.429,-0.116819,-0.0525594,-0.116881,-0.0852125,-0.0128669,-0.0602021,-1.46767e-17
1.43,-0.116819,-0.0525594,-0.116881,-0.0852125,-0.0128669,-0.0602021,-1.46767e-17
1.431,-0.117189,-0.0528353,-0.117248,-0.0857328,-0.0129089,-0.0605628,-6.82716e-18
1.432,-0.117189,-0.0528353,-0.117248,-0.0857328,-0.0129089,-0.0605628,-6.82716e-18
1.433,-0.117563,-0.0530853,-0.117621,-0.0863003,-0.0129518,-0.0609449,-1.35463e-17
1.434,-0.117563,-0.0530853,-0.117621,-0.0863003,-0.0129518,-0.0609449,-1.35463e-17
1.435,-0.11794,-0.0532708,-0.117998,-0.0869795,-0.0129957,-0.061377,1.00315e-17
1.436,-0.11794,-0.0532708,-0.117998,-0.0869795,-0.0129957,-0.061377,1.00315e-17
1.437,-0.118323,-0.0534846,-0.118381,-0.0876138,-0.0130401,-0.0617894,-1.70626e-18
1.438,-0.118323,-0.0534846,-0.118381,-0.0876138,-0.0130401,-0.0617894,-1.70626e-18
1.439,-0.118716,-0.0537703,-0.118771,-0.0881297,-0.0130845,-0.0621495,3.46044e-18
1.44,-0.118716,-0.0537703,-0.118771,-0.0881297,-0.0130845,-0.0621495,3.46044e-18
1.441,-0.119105,-0.0538666,-0.119164,-0.0889682,-0.0131309,-0.0626536,4.51741e-18
1.442,-0.119105,-0.0538666,-0.119164,-0.0889682,-0.0131309,-0.0626536,4.51741e-18
1.443,-0.119252,-0.0529283,-0.119345,-0.0910535,-0.0131613,-0.0636475,9.29701e-18
1.444,-0.119252,-0.0529283,-0.119345,-0.0910535,-0.0131613,-0.0636475,9.29701e-18
1.445,-0.119937,-0.0547777,-0.11998,-0.0894452,-0.0132208,-0.0631289,-1.49558e-17
1.446,-0.119937,-0.0547777,-0.11998,-0.0894452,-0.0132208,-0.0631289,-1.49558e-17
1.447,-0.120079,-0.0535874,-0.120166,-0.0919626,-0.0132538,-0.064316,8.95887e-19
1.448,-0.120079,-0.0535874,-0.120166,-0.0919626,-0.0132538,-0.064316,8.95887e-19
1.449,-0.120503,-0.0540242,-0.120582,-0.0922341,-0.0132999,-0.0645684,1.13458e-17
1.45,-0.120503,-0.0540242,-0.120582,-0.0922341,-0.0132999,-0.0645684,1.13458e-17
1.451,-0.121214,-0.0558367,-0.121244,-0.0907051,-0.0133627,-0.0640871,-4.23518e-18
1.452,-0.121214,-0.0558367,-0.121244,-0.0907051,-0.0133627,-0.0640871,-4.23518e-18
1.453,-0.121659,-0.0563729,-0.121678,-0.0908181,-0.0134097,-0.06427,-1.89909e-17
1.454,-0.121659,-0.0563729,-0.121678,-0.0908181,-0.0134097,-0.06427,-1.89909e-17
1.455,-0.121812,-0.0552486,-0.121873,-0.0932236,-0.0134431,-0.0654071,1.29714e-17
1.456,-0.121812,-0.0552486,-0.121873,-0.0932236,-0.0134431,-0.0654071,1.29714e-17
1.457,-0.12226,-0.0557793,-0.122312,-0.0933431,-0.0134907,-0.0655925,1.32589e-17
1.458,-0.12226,-0.0557793,-0.122312,-0.0933431,-0.0134907,-0.0655925,1.32589e-17
1.459,-0.123006,-0.0576976,-0.123005,-0.0916446,-0.013556,-0.0650365,-1.41369e-17
1.46,-0.123006,-0.0576976,-0.123005,-0.0916446,-0.013556,-0.0650365,-1.41369e-17
1.461,-0.123133,-0.0565721,-0.123173,-0.094173,-0.0135873,-0.0662449,7.12599e-18
1.462,-0.123133,-0.0565721,-0.123173,-0.094173,-0.0135873,-0.0662449,7.12599e-18
1.463,-0.123515,-0.056641,-0.123561,-0.0952595,-0.0136346,-0.0668864,3.47918e-18
1.464,-0.123515,-0.056641,-0.123561,-0.0952595,-0.0136346,-0.0668864,3.47918e-18
1.465,-0.123901,-0.0566231,-0.123955,-0.0965121,-0.0136835,-0.0676045,-2.03804e-17
1.466,-0.123901,-0.0566231,-0.123955,-0.0965121,-0.0136835,-0.0676045,-2.03804e-17
1.467,-0.124305,-0.0567624,-0.124361,-0.0974955,-0.0137323,-0.0682021,-1.16673e-17
1.468,-0.124305,-0.0567624,-0.124361,-0.0974955,-0.0137323,-0.0682021,-1.16673e-17
1.469,-0.124724,-0.0570312,-0.124779,-0.0982589,-0.0137812,-0.0687014,-1.89173e-18
1.47,-0.124724,-0.0570312,-0.124779,-0.0982589,-0.0137812,-0.0687014,-1.89173e-18
1.471,-0.125148,-0.0572624,-0.125203,-0.0990933,-0.013831,-0.0692332,-9.98389e-18
1.472,-0.125581,-0.0575587,-0.125635,-0.099818,-0.0138812,-0.0697162,-9.9483e-19
1.473,-0.125581,-0.0575587,-0.125635,-0.099818,-0.0138812,-0.0697162,-9.9483e-19
1.474,-0.125581,-0.0575587,-0.125635,-0.099818,-0.0138812,-0.0697162,-9.9483e-19
1.475,-0.126019,-0.0578008,-0.126073,-0.100641,-0.0139325,-0.0702439,3.27569e-18
1.476,-0.126467,-0.0581528,-0.126517,-0.101285,-0.0139835,-0.0706927,-2.61294e-17
1.477,-0.126467,-0.0581528,-0.126517,-0.101285,-0.0139835,-0.0706927,-2.61294e-17
1.478,-0.126839,-0.0585253,-0.126884,-0.102223,-0.0140281,-0.0713174,-5.37641e-18
1.479,-0.126839,-0.0585253,-0.126884,-0.102223,-0.0140281,-0.0713174,-5.37641e-18
1.48,-0.126913,-0.0570858,-0.12701,-0.105539,-0.0140593,-0.0729111,-1.77779e-17
1.481,-0.126913,-0.0570858,-0.12701,-0.105539,-0.0140593,-0.0729111,-1.77779e-17
1.482,-0.127596,-0.059291,-0.12763,-0.104117,-0.0141189,-0.0725811,2.44711e-18
1.483,-0.127596,-0.059291,-0.12763,-0.104117,-0.0141189,-0.0725811,2.44711e-18
1.484,-0.127993,-0.0598341,-0.128016,-0.104811,-0.0141643,-0.0731031,-1.26481e-17
1.485,-0.127993,-0.0598341,-0.128016,-0.104811,-0.0141643,-0.0731031,-1.26481e-17
1.486,-0.128388,-0.0603183,-0.128402,-0.105613,-0.0142102,-0.0736742,-1.83924e-18
1.487,-0.128388,-0.0603183,-0.128402,-0.105613,-0.0142102,-0.0736742,-1.83924e-18
1.488,-0.128788,-0.0608445,-0.128793,-0.106356,-0.0142564,-0.0742202,7.86751e-20
1.488,-0.128788,-0.0608445,-0.128793,-0.106356,-0.0142564,-0.0742202,7.86751e-20
1.49,-0.129194,-0.0613952,-0.129188,-0.10707,-0.014303,-0.0747551,7.60829e-18
1.491,-0.129194,-0.0613952,-0.129188,-0.10707,-0.014303,-0.0747551,7.60829e-18
1.492,-0.129606,-0.0619692,-0.129588,-0.107757,-0.0143498,-0.0752796,-1.87569e-17
1.493,-0.129606,-0.0619692,-0.129588,-0.107757,-0.0143498,-0.0752796,-1.87569e-17
1.494,-0.130016,-0.0624749,-0.129989,-0.108577,-0.0143975,-0.0758657,-1.69587e-17
1.495,-0.130016,-0.0624749,-0.129989,-0.108577,-0.0143975,-0.0758657,-1.69587e-17
1.496,-0.130126,-0.0613362,-0.130141,-0.111424,-0.014429,-0.0772556,-1.36396e-17
1.497,-0.130126,-0.0613362,-0.130141,-0.111424,-0.014429,-0.0772556,-1.36396e-17
1.498,-0.130549,-0.0619568,-0.130552,-0.112065,-0.0144768,-0.0777635,1.34306e-17
1.499,-0.130549,-0.0619568,-0.130552,-0.112065,-0.0144768,-0.0777635,1.34306e-17
1.5,-0.130989,-0.0627187,-0.130975,-0.112489,-0.0145248,-0.0781782,1.0715e-17
1.501,-0.130989,-0.0627187,-0.130975,-0.112489,-0.0145248,-0.0781782,1.0715e-17
1.502,-0.131431,-0.0634517,-0.1314,-0.112977,-0.0145733,-0.0786232,5.71009e-18
1.503,-0.131431,-0.0634517,-0.1314,-0.112977,-0.0145733,-0.0786232,5.71009e-18
1.504,-0.131864,-0.0640268,-0.131823,-0.113753,-0.0146232,-0.0791991,9.90125e-18
1.505,-0.131864,-0.0640268,-0.131823,-0.113753,-0.0146232,-0.0791991,9.90125e-18
1.506,-0.13233,-0.0650232,-0.132264,-0.113804,-0.0146712,-0.0794506,9.89596e-18
1.507,-0.13233,-0.0650232,-0.132264,-0.113804,-0.0146712,-0.0794506,9.89596e-18
1.508,-0.132789,-0.0658567,-0.132703,-0.114155,-0.0147205,-0.0798386,-9.56955e-18
1.509,-0.132789,-0.0658567,-0.132703,-0.114155,-0.0147205,-0.0798386,-9.56955e-18
1.51,-0.133254,-0.0667456,-0.133147,-0.114418,-0.0147699,-0.0801881,-7.35926e-18
1.511,-0.133254,-0.0667456,-0.133147,-0.114418,-0.0147699,-0.0801881,-7.35926e-18
1.512,-0.133719,-0.0675999,-0.133593,-0.114752,-0.0148199,-0.0805712,-1.13158e-17
1.513,-0.134201,-0.0686442,-0.134049,-0.114764,-0.0148693,-0.0808107,-4.94981e-18
1.514,-0.134201,-0.0686442,-0.134049,-0.114764,-0.0148693,-0.0808107,-4.94981e-18
1.515,-0.134678,-0.0695685,-0.134503,-0.114997,-0.0149197,-0.0811511,-2.5974e-17
1.516,-0.134678,-0.0695685,-0.134503,-0.114997,-0.0149197,-0.0811511,-2.5974e-17
1.517,-0.135157,-0.0704995,-0.134961,-0.115228,-0.0149704,-0.0814915,-8.61288e-18
1.518,-0.135157,-0.0704995,-0.134961,-0.115228,-0.0149704,-0.0814915,-8.61288e-18
1.519,-0.135647,-0.071533,-0.135425,-0.11529,-0.0150209,-0.0817571,6.79537e-18
1.52,-0.135647,-0.071533,-0.135425,-0.11529,-0.0150209,-0.0817571,6.79537e-18
1.521,-0.13614,-0.0725706,-0.135893,-0.115354,-0.0150718,-0.082025,-5.73217e-18
1.522,-0.13614,-0.0725706,-0.135893,-0.115354,-0.0150718,-0.082025,-5.73217e-18
1.523,-0.136633,-0.0735741,-0.136361,-0.115486,-0.0151232,-0.0823247,-3.83415e-18
1.524,-0.136633,-0.0735741,-0.136361,-0.115486,-0.0151232,-0.0823247,-3.83415e-18
1.525,-0.136633,-0.0735741,-0.136361,-0.115486,-0.0151232,-0.0823247,-3.83415e-18
1.526,-0.137098,-0.0741388,-0.136817,-0.116395,-0.0151773,-0.0829746,-1.48468e-17
1.527,-0.137645,-0.0758453,-0.137317,-0.115316,-0.0152257,-0.0827321,-2.4572e-17
1.528,-0.137645,-0.0758453,-0.137317,-0.115316,-0.0152257,-0.0827321,-2.4572e-17
1.529,-0.138145,-0.0768244,-0.137794,-0.11552,-0.0152783,-0.0830677,-2.01625e-17
1.53,-0.138145,-0.0768244,-0.137794,-0.11552,-0.0152783,-0.0830677,-2.01625e-17
1.531,-0.138649,-0.0778336,-0.138274,-0.115677,-0.0153311,-0.0833825,6.43448e-18
1.532,-0.138649,-0.0778336,-0.138274,-0.115677,-0.0153311,-0.0833825,6.43448e-18
1.533,-0.139163,-0.0789501,-0.13876,-0.115655,-0.0153836,-0.0836184,7.63624e-18
1.534,-0.139163,-0.0789501,-0.13876,-0.115655,-0.0153836,-0.0836184,7.63624e-18
1.535,-0.139325,-0.0781171,-0.138955,-0.118079,-0.0154175,-0.0848317,-3.12128e-18
1.536,-0.139325,-0.0781171,-0.138955,-0.118079,-0.0154175,-0.0848317,-3.12128e-18
1.537,-0.139855,-0.0794053,-0.139452,-0.11777,-0.0154696,-0.0849401,-3.96702e-18
1.538,-0.139855,-0.0794053,-0.139452,-0.11777,-0.0154696,-0.0849401,-3.96702e-18
1.539,-0.140752,-0.082675,-0.140255,-0.115013,-0.0155419,-0.0840768,2.88548e-17
1.54,-0.140752,-0.082675,-0.140255,-0.115013,-0.0155419,-0.0840768,2.88548e-17
1.541,-0.141299,-0.0840943,-0.140764,-0.114502,-0.0155943,-0.0840976,-7.0079e-18
1.542,-0.141299,-0.0840943,-0.140764,-0.114502,-0.0155943,-0.0840976,-7.0079e-18
1.543,-0.141827,-0.0852434,-0.141264,-0.114459,-0.0156482,-0.0843279,2.67249e-18
1.544,-0.141827,-0.0852434,-0.141264,-0.114459,-0.0156482,-0.0843279,2.67249e-18
1.545,-0.142361,-0.0864488,-0.141768,-0.114322,-0.015702,-0.0845173,-2.41236e-18
1.546,-0.142361,-0.0864488,-0.141768,-0.114322,-0.015702,-0.0845173,-2.41236e-18
1.547,-0.142534,-0.0856759,-0.141972,-0.11666,-0.0157364,-0.0856945,1.19459e-17
1.548,-0.142534,-0.0856759,-0.141972,-0.11666,-0.0157364,-0.0856945,1.19459e-17
1.549,-0.143069,-0.0868461,-0.142479,-0.116596,-0.0157909,-0.0859178,1.08175e-17
1.55,-0.143069,-0.0868461,-0.142479,-0.116596,-0.0157909,-0.0859178,1.08175e-17
1.551,-0.143623,-0.0882035,-0.142998,-0.116232,-0.0158451,-0.0860095,4.99734e-18
1.552,-0.143623,-0.0882035,-0.142998,-0.116232,-0.0158451,-0.0860095,4.99734e-18
1.553,-0.144186,-0.0896538,-0.143524,-0.115713,-0.0158992,-0.0860327,1.79355e-17
1.554,-0.144186,-0.0896538,-0.143524,-0.115713,-0.0158992,-0.0860327,1.79355e-17
1.555,-0.144746,-0.0910225,-0.144048,-0.115342,-0.015954,-0.086123,3.49514e-18
1.556,-0.144746,-0.0910225,-0.144048,-0.115342,-0.015954,-0.086123,3.49514e-18
1.557,-0.145297,-0.0922531,-0.14457,-0.115216,-0.0160098,-0.086324,1.28409e-17
1.558,-0.145297,-0.0922531,-0.14457,-0.115216,-0.0160098,-0.086324,1.28409e-17
1.559,-0.145792,-0.0932208,-0.145042,-0.115669,-0.0160634,-0.0868013,-5.01101e-18
1.56,-0.146288,-0.0945693,-0.145503,-0.115537,-0.016113,-0.0870258,-8.48132e-18
1.561,-0.146288,-0.0945693,-0.145503,-0.115537,-0.016113,-0.0870258,-8.48132e-18
1.562,-0.146288,-0.0945693,-0.145503,-0.115537,-0.016113,-0.0870258,-8.48132e-18
1.563,-0.146751,-0.0955188,-0.145944,-0.116138,-0.0161642,-0.087585,2.23303e-17
1.564,-0.146751,-0.0955188,-0.145944,-0.116138,-0.0161642,-0.087585,2.23303e-17
1.565,-0.147218,-0.0964826,-0.146389,-0.116722,-0.0162157,-0.0881374,-1.72866e-17
1.566,-0.147687,-0.0974508,-0.146836,-0.117312,-0.0162675,-0.0886946,1.85095e-17
1.567,-0.147687,-0.0974508,-0.146836,-0.117312,-0.0162675,-0.0886946,1.85095e-17
1.568,-0.147687,-0.0974508,-0.146836,-0.117312,-0.0162675,-0.0886946,1.85095e-17
1.569,-0.148163,-0.0984505,-0.147288,-0.117862,-0.0163197,-0.0892359,-2.02835e-17
1.57,-0.148654,-0.0995912,-0.147751,-0.11817,-0.0163718,-0.0896684,3.1726e-17
1.571,-0.148654,-0.0995912,-0.147751,-0.11817,-0.0163718,-0.0896684,3.1726e-17
1.572,-0.149143,-0.100679,-0.148214,-0.118589,-0.0164244,-0.0901531,-2.06696e-17
1.573,-0.149143,-0.100679,-0.148214,-0.118589,-0.0164244,-0.0901531,-2.06696e-17
1.574,-0.149625,-0.101662,-0.148674,-0.11921,-0.0164778,-0.0907311,8.10943e-18
1.575,-0.149625,-0.101662,-0.148674,-0.11921,-0.0164778,-0.0907311,8.10943e-18
1.576,-0.150145,-0.103035,-0.149159,-0.119141,-0.0165303,-0.0909978,-1.48631e-17
1.577,-0.150145,-0.103035,-0.149159,-0.119141,-0.0165303,-0.0909978,-1.48631e-17
1.578,-0.149785,-0.099067,-0.148931,-0.126307,-0.0165437,-0.0942513,-1.51634e-17
1.579,-0.149785,-0.099067,-0.148931,-0.126307,-0.0165437,-0.0942513,-1.51634e-17
1.58,-0.150754,-0.103157,-0.14978,-0.122558,-0.0166161,-0.0929983,-1.47639e-17
1.581,-0.150754,-0.103157,-0.14978,-0.122558,-0.0166161,-0.0929983,-1.47639e-17
1.582,-0.151283,-0.104472,-0.150276,-0.122682,-0.0166708,-0.0933637,2.13663e-17
1.583,-0.151283,-0.104472,-0.150276,-0.122682,-0.0166708,-0.0933637,2.13663e-17
1.584,-0.151812,-0.105802,-0.150771,-0.122755,-0.0167251,-0.0937031,-8.05752e-18
1.585,-0.151812,-0.105802,-0.150771,-0.122755,-0.0167251,-0.0937031,-8.05752e-18
1.586,-0.15234,-0.107109,-0.151267,-0.122882,-0.0167798,-0.0940677,-1.24185e-17
1.587,-0.15234,-0.107109,-0.151267,-0.122882,-0.0167798,-0.0940677,-1.24185e-17
1.588,-0.152876,-0.108474,-0.151769,-0.122915,-0.0168346,-0.0943912,2.15561e-17
1.589,-0.152876,-0.108474,-0.151769,-0.122915,-0.0168346,-0.0943912,2.15561e-17
1.59,-0.153413,-0.10982,-0.152273,-0.12299,-0.0168898,-0.0947354,2.22323e-17
1.591,-0.153413,-0.10982,-0.152273,-0.12299,-0.0168898,-0.0947354,2.22323e-17
1.592,-0.153945,-0.111086,-0.152774,-0.123221,-0.0169456,-0.0951514,2.56068e-17
1.593,-0.153945,-0.111086,-0.152774,-0.123221,-0.0169456,-0.0951514,2.56068e-17
1.594,-0.154501,-0.112598,-0.153291,-0.123018,-0.0170009,-0.0953714,-2.93596e-17
1.595,-0.154501,-0.112598,-0.153291,-0.123018,-0.0170009,-0.0953714,-2.93596e-17
1.596,-0.155054,-0.114046,-0.153808,-0.122943,-0.0170567,-0.0956511,1.50121e-17
1.597,-0.155054,-0.114046,-0.153808,-0.122943,-0.0170567,-0.0956511,1.50121e-17
1.598,-0.15561,-0.115504,-0.154327,-0.122856,-0.0171128,-0.0959264,-4.35709e-18
1.599,-0.15561,-0.115504,-0.154327,-0.122856,-0.0171128,-0.0959264,-4.35709e-18
1.6,-0.156179,-0.117074,-0.154855,-0.122576,-0.0171688,-0.0961148,6.50457e-18
1.601,-0.156179,-0.117074,-0.154855,-0.122576,-0.0171688,-0.0961148,6.50457e-18
1.602,-0.156747,-0.118623,-0.155384,-0.122343,-0.0172251,-0.096326,-3.01043e-18
1.603,-0.156747,-0.118623,-0.155384,-0.122343,-0.0172251,-0.096326,-3.01043e-18
1.604,-0.157307,-0.120056,-0.155908,-0.122326,-0.0172821,-0.0966359,-2.15625e-17
1.605,-0.157882,-0.121634,-0.156442,-0.122055,-0.0173389,-0.0968315,3.82351e-18
1.606,-0.157882,-0.121634,-0.156442,-0.122055,-0.0173389,-0.0968315,3.82351e-18
1.607,-0.158459,-0.123211,-0.156979,-0.121794,-0.0173959,-0.0970326,-1.16941e-17
1.608,-0.158459,-0.123211,-0.156979,-0.121794,-0.0173959,-0.0970326,-1.16941e-17
1.609,-0.159044,-0.124855,-0.157521,-0.12142,-0.017453,-0.0971833,-2.21131e-17
1.61,-0.159044,-0.124855,-0.157521,-0.12142,-0.017453,-0.0971833,-2.21131e-17
1.611,-0.159626,-0.126448,-0.158063,-0.121142,-0.0175105,-0.0973785,-2.41463e-17
1.612,-0.159626,-0.126448,-0.158063,-0.121142,-0.0175105,-0.0973785,-2.41463e-17
1.613,-0.160197,-0.127903,-0.158598,-0.121121,-0.0175687,-0.0976906,-1.48211e-17
1.614,-0.160197,-0.127903,-0.158598,-0.121121,-0.0175687,-0.0976906,-1.48211e-17
1.615,-0.160335,-0.126985,-0.158772,-0.124083,-0.0176035,-0.0991962,-1.65145e-17
1.616,-0.160335,-0.126985,-0.158772,-0.124083,-0.0176035,-0.0991962,-1.65145e-17
1.617,-0.160335,-0.126985,-0.158772,-0.124083,-0.0176035,-0.0991962,-1.65145e-17
1.618,-0.161349,-0.130832,-0.159679,-0.121083,-0.0176862,-0.0983221,-2.41096e-17
1.619,-0.161349,-0.130832,-0.159679,-0.121083,-0.0176862,-0.0983221,-2.41096e-17
1.62,-0.161954,-0.132542,-0.160239,-0.120654,-0.0177449,-0.0984558,6.09032e-18
1.621,-0.162595,-0.13468,-0.160823,-0.119436,-0.017802,-0.0982295,3.08662e-17
1.622,-0.162595,-0.13468,-0.160823,-0.119436,-0.017802,-0.0982295,3.08662e-17
1.623,-0.162595,-0.13468,-0.160823,-0.119436,-0.017802,-0.0982295,3.08662e-17
1.624,-0.163155,-0.135899,-0.161355,-0.119875,-0.0178623,-0.0987553,-7.62159e-18
1.625,-0.163155,-0.135899,-0.161355,-0.119875,-0.0178623,-0.0987553,-7.62159e-18
1.626,-0.163761,-0.137616,-0.161917,-0.11942,-0.0179211,-0.0988753,2.15362e-17
1.627,-0.163943,-0.137122,-0.162121,-0.121638,-0.0179552,-0.100046,-1.8106e-17
1.628,-0.163943,-0.137122,-0.162121,-0.121638,-0.0179552,-0.100046,-1.8106e-17
1.629,-0.164564,-0.138961,-0.162694,-0.120978,-0.0180141,-0.100075,-1.46689e-17
1.63,-0.164564,-0.138961,-0.162694,-0.120978,-0.0180141,-0.100075,-1.46689e-17
1.631,-0.165179,-0.140687,-0.163265,-0.12055,-0.018074,-0.100213,2.91946e-17
1.632,-0.165179,-0.140687,-0.163265,-0.12055,-0.018074,-0.100213,2.91946e-17
1.633,-0.165798,-0.142441,-0.163839,-0.120073,-0.018134,-0.100329,2.4924e-17
1.634,-0.165798,-0.142441,-0.163839,-0.120073,-0.018134,-0.100329,2.4924e-17
1.635,-0.166875,-0.146687,-0.164797,-0.116455,-0.0182189,-0.0991869,-3.05626e-18
1.636,-0.166875,-0.146687,-0.164797,-0.116455,-0.0182189,-0.0991869,-3.05626e-18
1.637,-0.167531,-0.148827,-0.165395,-0.115281,-0.0182779,-0.0989866,-3.12607e-17
1.638,-0.167531,-0.148827,-0.165395,-0.115281,-0.0182779,-0.0989866,-3.12607e-17
1.639,-0.168153,-0.150596,-0.165972,-0.114764,-0.018338,-0.0990828,-3.22126e-17
1.64,-0.168153,-0.150596,-0.165972,-0.114764,-0.018338,-0.0990828,-3.22126e-17
1.641,-0.16879,-0.152527,-0.16656,-0.113957,-0.0183977,-0.0990473,-7.2774e-18
1.642,-0.16879,-0.152527,-0.16656,-0.113957,-0.0183977,-0.0990473,-7.2774e-18
1.643,-0.168955,-0.151784,-0.166756,-0.116637,-0.0184334,-0.100429,8.20169e-19
1.644,-0.168955,-0.151784,-0.166756,-0.116637,-0.0184334,-0.100429,8.20169e-19
1.645,-0.169586,-0.153613,-0.16734,-0.116015,-0.0184937,-0.100478,-1.80784e-17
1.646,-0.169586,-0.153613,-0.16734,-0.116015,-0.0184937,-0.100478,-1.80784e-17
1.647,-0.170219,-0.155413,-0.167927,-0.115481,-0.0185548,-0.10057,2.15759e-18
1.648,-0.170219,-0.155413,-0.167927,-0.115481,-0.0185548,-0.10057,2.15759e-18
1.649,-0.170859,-0.157281,-0.16852,-0.114825,-0.0186159,-0.100609,3.84547e-18
1.65,-0.170859,-0.157281,-0.16852,-0.114825,-0.0186159,-0.100609,3.84547e-18
1.651,-0.171511,-0.159253,-0.16912,-0.113986,-0.0186768,-0.100564,9.59614e-18
1.652,-0.171511,-0.159253,-0.16912,-0.113986,-0.0186768,-0.100564,9.59614e-18
1.653,-0.172159,-0.16118,-0.169719,-0.113233,-0.0187381,-0.100559,1.9576e-17
1.654,-0.172159,-0.16118,-0.169719,-0.113233,-0.0187381,-0.100559,1.9576e-17
1.655,-0.1728,-0.163007,-0.170314,-0.112659,-0.0187998,-0.100635,-3.07929e-17
1.656,-0.1728,-0.163007,-0.170314,-0.112659,-0.0187998,-0.100635,-3.07929e-17
1.657,-0.173414,-0.164957,-0.170878,-0.111969,-0.0188577,-0.100672,-2.13587e-17
1.658,-0.173414,-0.164957,-0.170878,-0.111969,-0.0188577,-0.100672,-2.13587e-17
1.659,-0.173895,-0.166675,-0.171314,-0.11201,-0.0189062,-0.101081,-3.21836e-18
1.66,-0.174385,-0.168453,-0.171757,-0.111939,-0.0189548,-0.101439,-1.24392e-17
1.661,-0.174385,-0.168453,-0.171757,-0.111939,-0.0189548,-0.101439,-1.24392e-17
1.662,-0.174385,-0.168453,-0.171757,-0.111939,-0.0189548,-0.101439,-1.24392e-17
1.663,-0.17487,-0.170184,-0.172196,-0.111967,-0.0190037,-0.101844,-2.90949e-17
1.664,-0.17487,-0.170184,-0.172196,-0.111967,-0.0190037,-0.101844,-2.90949e-17
1.665,-0.175355,-0.171903,-0.172636,-0.11203,-0.0190527,-0.102266,2.40077e-17
1.666,-0.175865,-0.1738,-0.173095,-0.111762,-0.019102,-0.102536,1.92833e-17
1.667,-0.175865,-0.1738,-0.173095,-0.111762,-0.019102,-0.102536,1.92833e-17
1.668,-0.175865,-0.1738,-0.173095,-0.111762,-0.019102,-0.102536,1.92833e-17
1.669,-0.176358,-0.175569,-0.173543,-0.111749,-0.0191514,-0.102926,1.22605e-17
1.67,-0.176865,-0.177426,-0.174,-0.111575,-0.0192011,-0.103242,-1.41499e-17
1.671,-0.176865,-0.177426,-0.174,-0.111575,-0.0192011,-0.103242,-1.41499e-17
1.672,-0.177373,-0.179283,-0.174459,-0.111412,-0.019251,-0.103564,-2.50349e-17
1.673,-0.177373,-0.179283,-0.174459,-0.111412,-0.019251,-0.103564,-2.50349e-17
1.674,-0.177882,-0.181143,-0.17492,-0.111252,-0.0193011,-0.103889,-1.68406e-17
1.675,-0.177882,-0.181143,-0.17492,-0.111252,-0.0193011,-0.103889,-1.68406e-17
1.676,-0.177882,-0.181143,-0.17492,-0.111252,-0.0193011,-0.103889,-1.68406e-17
1.677,-0.177681,-0.178573,-0.174806,-0.117864,-0.0193251,-0.107134,4.0632e-18
1.678,-0.177681,-0.178573,-0.174806,-0.117864,-0.0193251,-0.107134,4.0632e-18
1.679,-0.178304,-0.181296,-0.175353,-0.116067,-0.0193758,-0.106706,-2.88154e-17
1.68,-0.178304,-0.181296,-0.175353,-0.116067,-0.0193758,-0.106706,-2.88154e-17
1.681,-0.179384,-0.186435,-0.176284,-0.111446,-0.0194532,-0.105188,-2.0754e-17
1.682,-0.179963,-0.18877,-0.1768,-0.110467,-0.0195048,-0.105146,1.01851e-17
1.683,-0.179963,-0.18877,-0.1768,-0.110467,-0.0195048,-0.105146,1.01851e-17
1.684,-0.180486,-0.190688,-0.177273,-0.110241,-0.0195559,-0.105446,8.08914e-18
1.685,-0.180486,-0.190688,-0.177273,-0.110241,-0.0195559,-0.105446,8.08914e-18
1.686,-0.181023,-0.192706,-0.177757,-0.109829,-0.0196072,-0.10566,3.83952e-17
1.687,-0.181023,-0.192706,-0.177757,-0.109829,-0.0196072,-0.10566,3.83952e-17
1.688,-0.181578,-0.194846,-0.178254,-0.109189,-0.0196587,-0.105771,1.98651e-17
1.689,-0.181578,-0.194846,-0.178254,-0.109189,-0.0196587,-0.105771,1.98651e-17
1.69,-0.182089,-0.196646,-0.178718,-0.109206,-0.0197102,-0.106184,-2.11467e-18
1.691,-0.182089,-0.196646,-0.178718,-0.109206,-0.0197102,-0.106184,-2.11467e-18
1.692,-0.182658,-0.198884,-0.179227,-0.108391,-0.019762,-0.106215,-4.00783e-20
1.693,-0.182658,-0.198884,-0.179227,-0.108391,-0.019762,-0.106215,-4.00783e-20
1.694,-0.18321,-0.200983,-0.179724,-0.107847,-0.019814,-0.106371,-2.95784e-17
1.695,-0.18321,-0.200983,-0.179724,-0.107847,-0.019814,-0.106371,-2.95784e-17
1.696,-0.183758,-0.203042,-0.180217,-0.107383,-0.019866,-0.106565,-8.63992e-18
1.697,-0.183758,-0.203042,-0.180217,-0.107383,-0.019866,-0.106565,-8.63992e-18
1.698,-0.184286,-0.204944,-0.180697,-0.107223,-0.0199182,-0.106899,-2.14777e-18
1.699,-0.184286,-0.204944,-0.180697,-0.107223,-0.0199182,-0.106899,-2.14777e-18
1.7,-0.184808,-0.206786,-0.181171,-0.107183,-0.0199705,-0.107289,4.21815e-18
1.701,-0.184808,-0.206786,-0.181171,-0.107183,-0.0199705,-0.107289,4.21815e-18
1.702,-0.185379,-0.209002,-0.181684,-0.106439,-0.0200231,-0.107356,1.89954e-17
1.703,-0.185379,-0.209002,-0.181684,-0.106439,-0.0200231,-0.107356,1.89954e-17
1.704,-0.185379,-0.209002,-0.181684,-0.106439,-0.0200231,-0.107356,1.89954e-17
1.705,-0.185907,-0.210871,-0.182163,-0.106362,-0.0200758,-0.107731,-2.75243e-17
1.706,-0.185949,-0.210099,-0.182236,-0.109583,-0.0201017,-0.109419,2.02663e-17
1.707,-0.185949,-0.210099,-0.182236,-0.109583,-0.0201017,-0.109419,2.02663e-17
1.708,-0.185949,-0.210099,-0.182236,-0.109583,-0.0201017,-0.109419,2.02663e-17
1.709,-0.187011,-0.214954,-0.183161,-0.105587,-0.020182,-0.108199,-9.80582e-18
1.71,-0.187011,-0.214954,-0.183161,-0.105587,-0.020182,-0.108199,-9.80582e-18
1.711,-0.186495,-0.210994,-0.182772,-0.113148,-0.0201808,-0.11168,-1.006e-17
1.712,-0.187668,-0.216674,-0.183782,-0.107612,-0.020262,-0.109755,1.14462e-17
1.713,-0.187668,-0.216674,-0.183782,-0.107612,-0.020262,-0.109755,1.14462e-17
1.714,-0.188762,-0.221722,-0.184733,-0.103313,-0.0203435,-0.108403,-7.24169e-19
1.715,-0.188762,-0.221722,-0.184733,-0.103313,-0.0203435,-0.108403,-7.24169e-19
1.716,-0.189372,-0.224174,-0.185277,-0.102167,-0.0203974,-0.108291,2.16895e-18
1.717,-0.189372,-0.224174,-0.185277,-0.102167,-0.0203974,-0.108291,2.16895e-18
1.718,-0.18994,-0.226301,-0.18579,-0.101624,-0.0204511,-0.108454,-2.48058e-18
1.719,-0.18994,-0.226301,-0.18579,-0.101624,-0.0204511,-0.108454,-2.48058e-18
1.72,-0.189991,-0.225575,-0.185871,-0.104767,-0.0204775,-0.110107,8.64498e-18
1.721,-0.189991,-0.225575,-0.185871,-0.104767,-0.0204775,-0.110107,8.64498e-18
1.722,-0.190565,-0.22774,-0.186388,-0.104151,-0.0205314,-0.110237,-2.76583e-17
1.723,-0.190565,-0.22774,-0.186388,-0.104151,-0.0205314,-0.110237,-2.76583e-17
1.724,-0.191133,-0.229837,-0.186902,-0.103709,-0.0205859,-0.110451,-6.5487e-18
1.725,-0.191133,-0.229837,-0.186902,-0.103709,-0.0205859,-0.110451,-6.5487e-18
1.726,-0.191721,-0.232075,-0.187431,-0.102999,-0.0206405,-0.110544,-8.31736e-18
1.727,-0.191721,-0.232075,-0.187431,-0.102999,-0.0206405,-0.110544,-8.31736e-18
1.728,-0.19231,-0.234324,-0.187961,-0.102274,-0.0206953,-0.110629,1.63733e-17
1.729,-0.19231,-0.234324,-0.187961,-0.102274,-0.0206953,-0.110629,1.63733e-17
1.73,-0.192909,-0.236638,-0.1885,-0.101427,-0.0207502,-0.110658,-9.16775e-18
1.731,-0.192909,-0.236638,-0.1885,-0.101427,-0.0207502,-0.110658,-9.16775e-18
1.732,-0.193482,-0.238745,-0.189018,-0.100977,-0.0208051,-0.110871,-2.50717e-17
1.733,-0.193482,-0.238745,-0.189018,-0.100977,-0.0208051,-0.110871,-2.50717e-17
1.734,-0.194106,-0.241239,-0.189576,-0.0997879,-0.0208603,-0.110743,-1.1033e-17
1.735,-0.194106,-0.241239,-0.189576,-0.0997879,-0.0208603,-0.110743,-1.1033e-17
1.736,-0.194684,-0.24341,-0.190098,-0.0992178,-0.020915,-0.110901,-4.32103e-17
1.737,-0.194684,-0.24341,-0.190098,-0.0992178,-0.020915,-0.110901,-4.32103e-17
1.738,-0.195273,-0.245713,-0.190627,-0.0983946,-0.0209691,-0.110942,-2.21471e-17
1.739,-0.195862,-0.248059,-0.191154,-0.0974934,-0.0210226,-0.110948,-4.41999e-17
1.74,-0.195862,-0.248059,-0.191154,-0.0974934,-0.0210226,-0.110948,-4.41999e-17
1.741,-0.196439,-0.250386,-0.19167,-0.0966227,-0.0210751,-0.110967,2.91851e-17
1.742,-0.196439,-0.250386,-0.19167,-0.0966227,-0.0210751,-0.110967,2.91851e-17
1.743,-0.19699,-0.252559,-0.192164,-0.0960459,-0.0211268,-0.111121,1.25201e-17
1.744,-0.19699,-0.252559,-0.192164,-0.0960459,-0.0211268,-0.111121,1.25201e-17
1.745,-0.197561,-0.254927,-0.192672,-0.0950973,-0.0211781,-0.111105,-1.74653e-17
1.746,-0.197561,-0.254927,-0.192672,-0.0950973,-0.0211781,-0.111105,-1.74653e-17
1.747,-0.198119,-0.257245,-0.193169,-0.0942456,-0.0212287,-0.111133,1.23188e-17
1.748,-0.198119,-0.257245,-0.193169,-0.0942456,-0.0212287,-0.111133,1.23188e-17
1.749,-0.198667,-0.259534,-0.193658,-0.0934475,-0.0212787,-0.111186,-1.73447e-17
1.75,-0.198667,-0.259534,-0.193658,-0.0934475,-0.0212787,-0.111186,-1.73447e-17
1.751,-0.199169,-0.261513,-0.19411,-0.0932426,-0.021328,-0.111512,-3.48615e-17
1.752,-0.199169,-0.261513,-0.19411,-0.0932426,-0.021328,-0.111512,-3.48615e-17
1.753,-0.199747,-0.264118,-0.194617,-0.091846,-0.0213768,-0.111291,-4.06262e-17
1.754,-0.199747,-0.264118,-0.194617,-0.091846,-0.0213768,-0.111291,-4.06262e-17
1.755,-0.200246,-0.266251,-0.195061,-0.0913797,-0.0214238,-0.111501,2.3602e-17
1.756,-0.200246,-0.266251,-0.195061,-0.0913797,-0.0214238,-0.111501,2.3602e-17
1.757,-0.200134,-0.265325,-0.194983,-0.0951954,-0.0214372,-0.113499,-2.03087e-17
1.758,-0.200134,-0.265325,-0.194983,-0.0951954,-0.0214372,-0.113499,-2.03087e-17
1.759,-0.200134,-0.265325,-0.194983,-0.0951954,-0.0214372,-0.113499,-2.03087e-17
1.76,-0.200409,-0.26669,-0.195224,-0.0964822,-0.0214723,-0.11455,-2.07834e-17
1.761,-0.200877,-0.269291,-0.19562,-0.0953827,-0.0215111,-0.114501,-3.32182e-17
1.762,-0.200877,-0.269291,-0.19562,-0.0953827,-0.0215111,-0.114501,-3.32182e-17
1.763,-0.201313,-0.271694,-0.195989,-0.0946907,-0.0215492,-0.114642,3.38228e-17
1.764,-0.201313,-0.271694,-0.195989,-0.0946907,-0.0215492,-0.114642,3.38228e-17
1.765,-0.201724,-0.27399,-0.196338,-0.0942157,-0.0215864,-0.114885,-1.16406e-17
1.766,-0.201724,-0.27399,-0.196338,-0.0942157,-0.0215864,-0.114885,-1.16406e-17
1.767,-0.202121,-0.276228,-0.196675,-0.0938546,-0.0216229,-0.115181,-2.07402e-18
1.768,-0.202121,-0.276228,-0.196675,-0.0938546,-0.0216229,-0.115181,-2.07402e-18
1.769,-0.202497,-0.278362,-0.196993,-0.0937049,-0.0216586,-0.115576,5.93948e-18
1.77,-0.202497,-0.278362,-0.196993,-0.0937049,-0.0216586,-0.115576,5.93948e-18
1.771,-0.202904,-0.280719,-0.197335,-0.0931193,-0.0216944,-0.115769,-2.86228e-18
1.772,-0.202904,-0.280719,-0.197335,-0.0931193,-0.0216944,-0.115769,-2.86228e-18
1.773,-0.203276,-0.282886,-0.197648,-0.0929144,-0.0217293,-0.116139,-6.08819e-18
1.774,-0.203276,-0.282886,-0.197648,-0.0929144,-0.0217293,-0.116139,-6.08819e-18
1.775,-0.203162,-0.282066,-0.197565,-0.0965653,-0.0217412,-0.118066,3.36103e-17
1.776,-0.203162,-0.282066,-0.197565,-0.0965653,-0.0217412,-0.118066,3.36103e-17
1.777,-0.204027,-0.287357,-0.198278,-0.0922499,-0.021798,-0.116764,1.76325e-17
1.778,-0.204027,-0.287357,-0.198278,-0.0922499,-0.021798,-0.116764,1.76325e-17
1.779,-0.204422,-0.289733,-0.198607,-0.0916941,-0.0218328,-0.116979,-2.13723e-18
1.78,-0.204422,-0.289733,-0.198607,-0.0916941,-0.0218328,-0.116979,-2.13723e-18
1.781,-0.204792,-0.292009,-0.198915,-0.0912961,-0.0218661,-0.117262,-3.30093e-18
1.782,-0.204792,-0.292009,-0.198915,-0.0912961,-0.0218661,-0.117262,-3.30093e-18
1.783,-0.205158,-0.294286,-0.199219,-0.0908992,-0.021899,-0.117547,2.79017e-17
1.784,-0.205158,-0.294286,-0.199219,-0.0908992,-0.021899,-0.117547,2.79017e-17
1.785,-0.205514,-0.296531,-0.199513,-0.0905693,-0.0219313,-0.117863,8.21477e-18
1.786,-0.205891,-0.298947,-0.199824,-0.0899078,-0.0219635,-0.118025,4.38763e-17
1.787,-0.205891,-0.298947,-0.199824,-0.0899078,-0.0219635,-0.118025,4.38763e-17
1.788,-0.206249,-0.301277,-0.200118,-0.089416,-0.0219949,-0.118267,6.89939e-18
1.789,-0.206249,-0.301277,-0.200118,-0.089416,-0.0219949,-0.118267,6.89939e-18
1.79,-0.206593,-0.303545,-0.2004,-0.0890474,-0.0220256,-0.118566,-1.02428e-17
1.791,-0.206593,-0.303545,-0.2004,-0.0890474,-0.0220256,-0.118566,-1.02428e-17
1.792,-0.206965,-0.306025,-0.200703,-0.0882662,-0.0220564,-0.118675,-2.78336e-17
1.793,-0.206965,-0.306025,-0.200703,-0.0882662,-0.0220564,-0.118675,-2.78336e-17
1.794,-0.20727,-0.308108,-0.200952,-0.0882692,-0.0220857,-0.119147,2.79849e-17
1.795,-0.20727,-0.308108,-0.200952,-0.0882692,-0.0220857,-0.119147,2.79849e-17
1.796,-0.207636,-0.31061,-0.201248,-0.0874523,-0.0221156,-0.11924,9.42328e-18
1.797,-0.207636,-0.31061,-0.201248,-0.0874523,-0.0221156,-0.11924,9.42328e-18
1.798,-0.207975,-0.312967,-0.201522,-0.0869236,-0.0221447,-0.119467,1.37542e-17
1.799,-0.207975,-0.312967,-0.201522,-0.0869236,-0.0221447,-0.119467,1.37542e-17
1.8,-0.208319,-0.315385,-0.201799,-0.0862763,-0.0221735,-0.119639,3.77162e-17
1.801,-0.208319,-0.315385,-0.201799,-0.0862763,-0.0221735,-0.119639,3.77162e-17
1.802,-0.208628,-0.31761,-0.202047,-0.0860099,-0.0222012,-0.119987,-4.68017e-17
1.803,-0.208628,-0.31761,-0.202047,-0.0860099,-0.0222012,-0.119987,-4.68017e-17
1.804,-0.208946,-0.319919,-0.202301,-0.0855818,-0.0222288,-0.120262,-2.53903e-17
1.805,-0.208946,-0.319919,-0.202301,-0.0855818,-0.0222288,-0.120262,-2.53903e-17
1.806,-0.20881,-0.319186,-0.202192,-0.0890841,-0.0222372,-0.122121,2.63143e-17
1.807,-0.20881,-0.319186,-0.202192,-0.0890841,-0.0222372,-0.122121,2.63143e-17
1.808,-0.209573,-0.324559,-0.2028,-0.0847163,-0.0222829,-0.12081,5.38961e-18
1.809,-0.209573,-0.324559,-0.2028,-0.0847163,-0.0222829,-0.12081,5.38961e-18
1.81,-0.209866,-0.326785,-0.203032,-0.0844848,-0.0223091,-0.12118,1.71594e-17
1.811,-0.209866,-0.326785,-0.203032,-0.0844848,-0.0223091,-0.12118,1.71594e-17
1.812,-0.210242,-0.329578,-0.203328,-0.083119,-0.0223362,-0.121022,3.4584e-18
1.813,-0.210242,-0.329578,-0.203328,-0.083119,-0.0223362,-0.121022,3.4584e-18
1.814,-0.210572,-0.332114,-0.203588,-0.0822591,-0.0223621,-0.121098,-5.06426e-18
1.815,-0.210572,-0.332114,-0.203588,-0.0822591,-0.0223621,-0.121098,-5.06426e-18
1.816,-0.210864,-0.334433,-0.203816,-0.0818206,-0.0223869,-0.121369,1.40999e-17
1.817,-0.210864,-0.334433,-0.203816,-0.0818206,-0.0223869,-0.121369,1.40999e-17
1.818,-0.210864,-0.334433,-0.203816,-0.0818206,-0.0223869,-0.121369,1.40999e-17
1.819,-0.211076,-0.336263,-0.203978,-0.0823452,-0.0224098,-0.122086,3.86902e-17
1.82,-0.211411,-0.338906,-0.204239,-0.0812757,-0.0224347,-0.122066,4.26595e-18
1.821,-0.211411,-0.338906,-0.204239,-0.0812757,-0.0224347,-0.122066,4.26595e-18
1.822,-0.211781,-0.341805,-0.204526,-0.079711,-0.0224598,-0.121817,-6.62164e-18
1.823,-0.211781,-0.341805,-0.204526,-0.079711,-0.0224598,-0.121817,-6.62164e-18
1.824,-0.212047,-0.344075,-0.20473,-0.0793773,-0.0224825,-0.122137,1.37342e-17
1.825,-0.212047,-0.344075,-0.20473,-0.0793773,-0.0224825,-0.122137,1.37342e-17
1.826,-0.212351,-0.346613,-0.204962,-0.0785108,-0.0225056,-0.122211,-3.7946e-18
1.827,-0.212351,-0.346613,-0.204962,-0.0785108,-0.0225056,-0.122211,-3.7946e-18
1.828,-0.212618,-0.34894,-0.205164,-0.0780613,-0.0225276,-0.122478,-4.52021e-17
1.829,-0.212618,-0.34894,-0.205164,-0.0780613,-0.0225276,-0.122478,-4.52021e-17
1.829,-0.212908,-0.351446,-0.205384,-0.0772609,-0.0225496,-0.122582,4.19225e-17
1.831,-0.212908,-0.351446,-0.205384,-0.0772609,-0.0225496,-0.122582,4.19225e-17
1.832,-0.213164,-0.35376,-0.205576,-0.076837,-0.0225706,-0.122861,1.85119e-17
1.833,-0.213164,-0.35376,-0.205576,-0.076837,-0.0225706,-0.122861,1.85119e-17
1.834,-0.213006,-0.353083,-0.205443,-0.0802301,-0.022576,-0.12467,2.77532e-18
1.835,-0.213006,-0.353083,-0.205443,-0.0802301,-0.022576,-0.12467,2.77532e-18
1.836,-0.213287,-0.355597,-0.205653,-0.0794161,-0.0225969,-0.124768,6.10837e-18
1.837,-0.213287,-0.355597,-0.205653,-0.0794161,-0.0225969,-0.124768,6.10837e-18
1.838,-0.213529,-0.357871,-0.205832,-0.0791177,-0.0226173,-0.125111,4.23585e-17
1.839,-0.213529,-0.357871,-0.205832,-0.0791177,-0.0226173,-0.125111,4.23585e-17
1.84,-0.213798,-0.360345,-0.206031,-0.0784253,-0.0226379,-0.125271,-2.81043e-18
1.841,-0.213798,-0.360345,-0.206031,-0.0784253,-0.0226379,-0.125271,-2.81043e-18
1.842,-0.21411,-0.363123,-0.206265,-0.0771397,-0.0226588,-0.125157,1.04426e-18
1.843,-0.21411,-0.363123,-0.206265,-0.0771397,-0.0226588,-0.125157,1.04426e-18
1.844,-0.214373,-0.365611,-0.206457,-0.0764245,-0.0226784,-0.125307,-2.16411e-17
1.845,-0.214373,-0.365611,-0.206457,-0.0764245,-0.0226784,-0.125307,-2.16411e-17
1.846,-0.214637,-0.368134,-0.20665,-0.0756324,-0.0226977,-0.12542,2.35945e-17
1.847,-0.214637,-0.368134,-0.20665,-0.0756324,-0.0226977,-0.12542,2.35945e-17
1.848,-0.214901,-0.370683,-0.206842,-0.0747875,-0.0227165,-0.125509,1.16463e-17
1.849,-0.214901,-0.370683,-0.206842,-0.0747875,-0.0227165,-0.125509,1.16463e-17
1.85,-0.21516,-0.373235,-0.207029,-0.0739355,-0.0227349,-0.125595,1.79976e-17
1.851,-0.21516,-0.373235,-0.207029,-0.0739355,-0.0227349,-0.125595,1.79976e-17
1.852,-0.215415,-0.375784,-0.207212,-0.0730878,-0.0227529,-0.125683,-1.76064e-17
1.853,-0.215415,-0.375784,-0.207212,-0.0730878,-0.0227529,-0.125683,-1.76064e-17
1.854,-0.215622,-0.378048,-0.207355,-0.0727978,-0.0227696,-0.126028,1.06075e-17
1.855,-0.215622,-0.378048,-0.207355,-0.0727978,-0.0227696,-0.126028,1.06075e-17
1.856,-0.215795,-0.380575,-0.207456,-0.0721772,-0.0227801,-0.126243,-2.30998e-17
1.857,-0.215864,-0.382524,-0.20747,-0.0727256,-0.0227877,-0.127003,3.93198e-17
1.858,-0.215864,-0.382524,-0.20747,-0.0727256,-0.0227877,-0.127003,3.93198e-17
1.859,-0.216021,-0.385003,-0.207554,-0.0722119,-0.0227971,-0.127269,1.12965e-18
1.86,-0.216021,-0.385003,-0.207554,-0.0722119,-0.0227971,-0.127269,1.12965e-18
1.861,-0.216143,-0.387302,-0.20761,-0.0720671,-0.0228054,-0.127707,-7.11219e-18
1.862,-0.216143,-0.387302,-0.20761,-0.0720671,-0.0228054,-0.127707,-7.11219e-18
1.863,-0.216254,-0.389556,-0.207656,-0.0720171,-0.0228133,-0.12819,2.04844e-17
1.864,-0.216254,-0.389556,-0.207656,-0.0720171,-0.0228133,-0.12819,2.04844e-17
1.865,-0.216362,-0.39181,-0.2077,-0.0719708,-0.0228208,-0.128675,-5.21505e-17
1.866,-0.216362,-0.39181,-0.2077,-0.0719708,-0.0228208,-0.128675,-5.21505e-17
1.867,-0.216052,-0.390825,-0.207422,-0.0761934,-0.0228154,-0.130894,1.58992e-18
1.868,-0.216052,-0.390825,-0.207422,-0.0761934,-0.0228154,-0.130894,1.58992e-18
1.869,-0.216532,-0.396097,-0.207746,-0.0723699,-0.0228343,-0.12988,1.79689e-17
1.87,-0.216532,-0.396097,-0.207746,-0.0723699,-0.0228343,-0.12988,1.79689e-17
1.871,-0.216679,-0.398629,-0.20782,-0.071816,-0.0228424,-0.130135,-6.59683e-18
1.872,-0.216679,-0.398629,-0.20782,-0.071816,-0.0228424,-0.130135,-6.59683e-18
1.873,-0.216782,-0.400928,-0.207857,-0.0717096,-0.022849,-0.130596,-4.03593e-18
1.874,-0.216782,-0.400928,-0.207857,-0.0717096,-0.022849,-0.130596,-4.03593e-18
1.875,-0.216451,-0.399852,-0.207561,-0.0761257,-0.0228427,-0.132906,2.69361e-17
1.876,-0.216451,-0.399852,-0.207561,-0.0761257,-0.0228427,-0.132906,2.69361e-17
1.877,-0.216929,-0.405223,-0.20788,-0.0721444,-0.0228602,-0.131823,3.98529e-17
1.878,-0.216929,-0.405223,-0.20788,-0.0721444,-0.0228602,-0.131823,3.98529e-17
1.879,-0.217097,-0.407947,-0.207969,-0.071231,-0.0228681,-0.131914,2.84469e-17
1.88,-0.217097,-0.407947,-0.207969,-0.071231,-0.0228681,-0.131914,2.84469e-17
1.881,-0.216753,-0.406818,-0.207661,-0.0757648,-0.0228611,-0.13428,-5.36327e-18
1.882,-0.216753,-0.406818,-0.207661,-0.0757648,-0.0228611,-0.13428,-5.36327e-18
1.883,-0.216888,-0.409382,-0.207722,-0.0751472,-0.0228675,-0.134505,-2.03929e-17
1.884,-0.216888,-0.409382,-0.207722,-0.0751472,-0.0228675,-0.134505,-2.03929e-17
1.885,-0.217008,-0.411864,-0.20777,-0.0747568,-0.0228738,-0.134844,3.12566e-17
1.886,-0.217008,-0.411864,-0.20777,-0.0747568,-0.0228738,-0.134844,3.12566e-17
1.887,-0.217533,-0.417632,-0.208123,-0.0700662,-0.0228914,-0.133442,-3.16577e-18
1.888,-0.217533,-0.417632,-0.208123,-0.0700662,-0.0228914,-0.133442,-3.16577e-18
1.889,-0.217641,-0.420097,-0.20816,-0.0696879,-0.0228966,-0.133784,-2.58975e-18
1.89,-0.217641,-0.420097,-0.20816,-0.0696879,-0.0228966,-0.133784,-2.58975e-18
1.891,-0.217314,-0.419113,-0.207865,-0.0739338,-0.0228895,-0.136016,-4.88467e-17
1.892,-0.217314,-0.419113,-0.207865,-0.0739338,-0.0228895,-0.136016,-4.88467e-17
1.893,-0.217383,-0.421376,-0.207868,-0.0739373,-0.0228931,-0.136532,1.41519e-17
1.894,-0.217383,-0.421376,-0.207868,-0.0739373,-0.0228931,-0.136532,1.41519e-17
1.895,-0.217463,-0.423712,-0.207881,-0.0738516,-0.0228973,-0.137014,-2.18578e-17
1.896,-0.217463,-0.423712,-0.207881,-0.0738516,-0.0228973,-0.137014,-2.18578e-17
1.897,-0.217086,-0.422448,-0.207544,-0.078689,-0.0228889,-0.139524,5.20519e-17
1.898,-0.217086,-0.422448,-0.207544,-0.078689,-0.0228889,-0.139524,5.20519e-17
1.899,-0.217719,-0.428992,-0.207982,-0.0724831,-0.0229074,-0.137423,-3.6936e-17
1.9,-0.217719,-0.428992,-0.207982,-0.0724831,-0.0229074,-0.137423,-3.6936e-17
1.901,-0.217807,-0.431409,-0.207999,-0.072313,-0.0229117,-0.137874,1.63661e-17
1.902,-0.217807,-0.431409,-0.207999,-0.072313,-0.0229117,-0.137874,1.63661e-17
1.903,-0.217914,-0.433973,-0.208032,-0.0717808,-0.0229157,-0.138149,-8.50948e-19
1.904,-0.217914,-0.433973,-0.208032,-0.0717808,-0.0229157,-0.138149,-8.50948e-19
1.905,-0.218029,-0.436598,-0.20807,-0.0711324,-0.0229196,-0.138372,5.88372e-18
1.906,-0.218029,-0.436598,-0.20807,-0.0711324,-0.0229196,-0.138372,5.88372e-18
1.907,-0.217411,-0.433963,-0.207535,-0.078719,-0.0229048,-0.14216,1.2306e-17
1.908,-0.217411,-0.433963,-0.207535,-0.078719,-0.0229048,-0.14216,1.2306e-17
1.909,-0.218227,-0.441711,-0.208119,-0.0701095,-0.0229261,-0.138943,2.50233e-17
1.91,-0.218227,-0.441711,-0.208119,-0.0701095,-0.0229261,-0.138943,2.50233e-17
1.911,-0.218334,-0.44432,-0.208149,-0.0695897,-0.0229299,-0.139236,4.14373e-17
1.912,-0.218334,-0.44432,-0.208149,-0.0695897,-0.0229299,-0.139236,4.14373e-17
1.913,-0.218412,-0.446795,-0.208155,-0.0692422,-0.022932,-0.139598,-3.02929e-17
1.914,-0.218412,-0.446795,-0.208155,-0.0692422,-0.022932,-0.139598,-3.02929e-17
1.915,-0.218477,-0.449206,-0.208149,-0.0690234,-0.0229336,-0.14002,1.23971e-17
1.916,-0.218599,-0.451966,-0.20819,-0.0680973,-0.0229364,-0.140113,-8.25943e-18
1.917,-0.218599,-0.451966,-0.20819,-0.0680973,-0.0229364,-0.140113,-8.25943e-18
1.918,-0.218657,-0.454354,-0.208178,-0.0678974,-0.0229374,-0.140541,5.91439e-18
1.919,-0.218657,-0.454354,-0.208178,-0.0678974,-0.0229374,-0.140541,5.91439e-18
1.92,-0.218766,-0.457053,-0.208208,-0.0670621,-0.0229396,-0.140672,5.51627e-18
1.921,-0.218766,-0.457053,-0.208208,-0.0670621,-0.0229396,-0.140672,5.51627e-18
1.922,-0.21882,-0.459434,-0.208193,-0.0668538,-0.0229402,-0.141094,-5.42026e-17
1.923,-0.21882,-0.459434,-0.208193,-0.0668538,-0.0229402,-0.141094,-5.42026e-17
1.924,-0.218929,-0.46214,-0.208221,-0.0659805,-0.0229419,-0.141205,2.55149e-17
1.925,-0.218929,-0.46214,-0.208221,-0.0659805,-0.0229419,-0.141205,2.55149e-17
1.926,-0.219006,-0.464675,-0.208225,-0.0654401,-0.0229427,-0.14147,-3.02871e-18
1.927,-0.219006,-0.464675,-0.208225,-0.0654401,-0.0229427,-0.14147,-3.02871e-18
1.928,-0.21908,-0.467194,-0.208225,-0.0649153,-0.0229433,-0.14174,-7.8614e-18
1.929,-0.21908,-0.467194,-0.208225,-0.0649153,-0.0229433,-0.14174,-7.8614e-18
1.93,-0.219137,-0.469624,-0.208211,-0.0645581,-0.0229433,-0.142087,-4.46765e-18
1.931,-0.219137,-0.469624,-0.208211,-0.0645581,-0.0229433,-0.142087,-4.46765e-18
1.932,-0.219233,-0.47229,-0.208229,-0.0637169,-0.022944,-0.142207,1.4353e-17
1.933,-0.219233,-0.47229,-0.208229,-0.0637169,-0.022944,-0.142207,1.4353e-17
1.934,-0.219304,-0.474815,-0.208226,-0.0631452,-0.022944,-0.142452,4.48707e-17
1.935,-0.219304,-0.474815,-0.208226,-0.0631452,-0.022944,-0.142452,4.48707e-17
1.936,-0.219415,-0.477578,-0.208255,-0.0620814,-0.0229448,-0.142466,3.27143e-17
1.937,-0.219415,-0.477578,-0.208255,-0.0620814,-0.0229448,-0.142466,3.27143e-17
1.938,-0.219069,-0.476606,-0.207941,-0.0662563,-0.0229353,-0.144658,-4.96547e-17
1.939,-0.219069,-0.476606,-0.207941,-0.0662563,-0.0229353,-0.144658,-4.96547e-17
1.94,-0.219173,-0.479341,-0.207964,-0.0652249,-0.0229356,-0.144685,-1.08199e-17
1.941,-0.219173,-0.479341,-0.207964,-0.0652249,-0.0229356,-0.144685,-1.08199e-17
1.942,-0.219653,-0.485339,-0.208265,-0.0599278,-0.0229445,-0.142989,-2.15006e-17
1.943,-0.219653,-0.485339,-0.208265,-0.0599278,-0.0229445,-0.142989,-2.15006e-17
1.944,-0.219671,-0.487584,-0.208219,-0.059863,-0.0229425,-0.143463,-1.49582e-17
1.945,-0.219671,-0.487584,-0.208219,-0.059863,-0.0229425,-0.143463,-1.49582e-17
1.946,-0.219431,-0.487246,-0.207991,-0.0627363,-0.0229352,-0.145047,2.11492e-17
1.947,-0.219431,-0.487246,-0.207991,-0.0627363,-0.0229352,-0.145047,2.11492e-17
1.948,-0.219882,-0.493123,-0.208267,-0.0575757,-0.0229421,-0.143403,-3.39586e-17
1.949,-0.219882,-0.493123,-0.208267,-0.0575757,-0.0229421,-0.143403,-3.39586e-17
1.95,-0.219993,-0.495933,-0.208295,-0.0563354,-0.0229419,-0.143326,-9.77655e-18
1.951,-0.219993,-0.495933,-0.208295,-0.0563354,-0.0229419,-0.143326,-9.77655e-18
1.952,-0.219656,-0.495028,-0.207987,-0.0603178,-0.0229319,-0.145422,2.92385e-17
1.953,-0.219656,-0.495028,-0.207987,-0.0603178,-0.0229319,-0.145422,2.92385e-17
1.954,-0.220025,-0.500867,-0.208181,-0.0553362,-0.0229312,-0.143874,-1.28018e-17
1.955,-0.220025,-0.500867,-0.208181,-0.0553362,-0.0229312,-0.143874,-1.28018e-17
1.956,-0.21996,-0.503206,-0.208046,-0.0552382,-0.0229197,-0.144351,-4.58003e-17
1.957,-0.21996,-0.503206,-0.208046,-0.0552382,-0.0229197,-0.144351,-4.58003e-17
1.958,-0.219948,-0.505826,-0.207955,-0.054528,-0.0229096,-0.144539,5.39198e-17
1.959,-0.219948,-0.505826,-0.207955,-0.054528,-0.0229096,-0.144539,5.39198e-17
1.96,-0.219811,-0.507784,-0.207758,-0.0551604,-0.0228956,-0.145352,-5.63268e-18
1.961,-0.219811,-0.507784,-0.207758,-0.0551604,-0.0228956,-0.145352,-5.63268e-18
1.962,-0.219811,-0.507784,-0.207758,-0.0551604,-0.0228956,-0.145352,-5.63268e-18
1.963,-0.219655,-0.509646,-0.207547,-0.0559805,-0.0228809,-0.146251,2.20461e-17
1.964,-0.219613,-0.512108,-0.207431,-0.055569,-0.0228698,-0.146575,5.041e-17
1.965,-0.219613,-0.512108,-0.207431,-0.055569,-0.0228698,-0.146575,5.041e-17
1.966,-0.219248,-0.511514,-0.207083,-0.0591009,-0.0228534,-0.148482,1.62793e-17
1.967,-0.219248,-0.511514,-0.207083,-0.0591009,-0.0228534,-0.148482,1.62793e-17
1.968,-0.219196,-0.513912,-0.206959,-0.0588009,-0.022842,-0.148857,1.49095e-17
1.969,-0.219196,-0.513912,-0.206959,-0.0588009,-0.022842,-0.148857,1.49095e-17
1.97,-0.219135,-0.516256,-0.206828,-0.0586396,-0.0228306,-0.149299,-1.30063e-18
1.971,-0.219135,-0.516256,-0.206828,-0.0586396,-0.0228306,-0.149299,-1.30063e-18
1.972,-0.219135,-0.516256,-0.206828,-0.0586396,-0.0228306,-0.149299,-1.30063e-18
1.973,-0.21865,-0.516348,-0.206339,-0.063077,-0.0228058,-0.151885,4.39455e-18
1.974,-0.21767,-0.509823,-0.205555,-0.0741284,-0.0227796,-0.156786,1.74563e-17
1.975,-0.21767,-0.509823,-0.205555,-0.0741284,-0.0227796,-0.156786,1.74563e-17
1.976,-0.2182,-0.516628,-0.205881,-0.0671156,-0.022782,-0.154285,-4.29724e-17
1.977,-0.2182,-0.516628,-0.205881,-0.0671156,-0.022782,-0.154285,-4.29724e-17
1.978,-0.218564,-0.522531,-0.206068,-0.0620293,-0.02278,-0.152692,-4.27178e-17
1.979,-0.218564,-0.522531,-0.206068,-0.0620293,-0.02278,-0.152692,-4.27178e-17
1.98,-0.219045,-0.529039,-0.206354,-0.0557476,-0.0227822,-0.150546,1.41092e-18
1.981,-0.219045,-0.529039,-0.206354,-0.0557476,-0.0227822,-0.150546,1.41092e-18
1.982,-0.219096,-0.53196,-0.206318,-0.0543758,-0.0227745,-0.15042,-1.00861e-19
1.983,-0.219096,-0.53196,-0.206318,-0.0543758,-0.0227745,-0.15042,-1.00861e-19
1.984,-0.219072,-0.534488,-0.206218,-0.0537347,-0.0227639,-0.150626,2.66142e-17
1.985,-0.219072,-0.534488,-0.206218,-0.0537347,-0.0227639,-0.150626,2.66142e-17
1.986,-0.219053,-0.537045,-0.206122,-0.0530109,-0.0227533,-0.150792,-1.17117e-17
1.987,-0.219053,-0.537045,-0.206122,-0.0530109,-0.0227533,-0.150792,-1.17117e-17
1.988,-0.218992,-0.539377,-0.205992,-0.0527287,-0.0227413,-0.151162,-2.23902e-17
1.989,-0.218954,-0.541831,-0.20588,-0.0521819,-0.02273,-0.151407,-1.73211e-17
1.99,-0.218954,-0.541831,-0.20588,-0.0521819,-0.02273,-0.151407,-1.73211e-17
1.991,-0.218953,-0.544468,-0.2058,-0.0512357,-0.0227198,-0.151462,-9.75357e-18
1.992,-0.218953,-0.544468,-0.2058,-0.0512357,-0.0227198,-0.151462,-9.75357e-18
1.993,-0.21891,-0.546884,-0.205685,-0.0507245,-0.0227082,-0.151719,1.66892e-17
1.994,-0.21891,-0.546884,-0.205685,-0.0507245,-0.0227082,-0.151719,1.66892e-17
1.995,-0.218922,-0.549588,-0.205616,-0.0496074,-0.0226983,-0.151691,6.37597e-17
1.996,-0.218922,-0.549588,-0.205616,-0.0496074,-0.0226983,-0.151691,6.37597e-17
1.997,-0.21885,-0.551846,-0.205477,-0.0493806,-0.0226857,-0.152077,2.98434e-17
1.998,-0.21885,-0.551846,-0.205477,-0.0493806,-0.0226857,-0.152077,2.98434e-17
1.999,-0.218802,-0.554229,-0.205358,-0.0488828,-0.0226738,-0.152334,3.63702e-17
2,-0.218802,-0.554229,-0.205358,-0.0488828,-0.0226738,-0.152334,3.63702e-17
2.001,-0.21841,-0.553459,-0.204989,-0.0526394,-0.0226562,-0.154329,-1.53921e-17
2.002,-0.21841,-0.553459,-0.204989,-0.0526394,-0.0226562,-0.154329,-1.53921e-17
2.003,-0.218341,-0.555722,-0.204853,-0.0523615,-0.0226436,-0.154686,-3.85578e-17
2.004,-0.218341,-0.555722,-0.204853,-0.0523615,-0.0226436,-0.154686,-3.85578e-17
2.005,-0.2178,-0.554148,-0.204359,-0.0577645,-0.0226215,-0.157449,2.8913e-17
2.006,-0.2178,-0.554148,-0.204359,-0.0577645,-0.0226215,-0.157449,2.8913e-17
2.007,-0.218276,-0.560612,-0.204642,-0.0511,-0.0226212,-0.155075,-2.36799e-17
2.008,-0.218276,-0.560612,-0.204642,-0.0511,-0.0226212,-0.155075,-2.36799e-17
2.009,-0.218363,-0.563681,-0.204638,-0.0492292,-0.0226142,-0.154695,4.31762e-17
2.01,-0.218363,-0.563681,-0.204638,-0.0492292,-0.0226142,-0.154695,4.31762e-17
2.011,-0.218326,-0.566095,-0.204529,-0.0486211,-0.0226028,-0.154895,-4.37345e-17
2.012,-0.218326,-0.566095,-0.204529,-0.0486211,-0.0226028,-0.154895,-4.37345e-17
2.013,-0.218354,-0.568858,-0.204475,-0.0472699,-0.0225932,-0.154746,-2.41324e-18
2.014,-0.218354,-0.568858,-0.204475,-0.0472699,-0.0225932,-0.154746,-2.41324e-18
2.015,-0.218349,-0.571443,-0.204394,-0.0462656,-0.0225826,-0.154757,-1.40137e-17
2.016,-0.218349,-0.571443,-0.204394,-0.0462656,-0.0225826,-0.154757,-1.40137e-17
2.017,-0.218333,-0.573965,-0.204303,-0.0453629,-0.0225715,-0.154812,-1.28739e-17
2.018,-0.218333,-0.573965,-0.204303,-0.0453629,-0.0225715,-0.154812,-1.28739e-17
2.019,-0.218315,-0.576474,-0.204211,-0.0444686,-0.0225602,-0.154869,-3.51815e-17
2.02,-0.218315,-0.576474,-0.204211,-0.0444686,-0.0225602,-0.154869,-3.51815e-17
2.021,-0.218315,-0.579074,-0.204133,-0.0433653,-0.0225495,-0.154827,4.32377e-17
2.022,-0.218315,-0.579074,-0.204133,-0.0433653,-0.0225495,-0.154827,4.32377e-17
2.023,-0.218253,-0.581342,-0.204004,-0.0429194,-0.0225367,-0.155088,2.0439e-17
2.024,-0.218253,-0.581342,-0.204004,-0.0429194,-0.0225367,-0.155088,2.0439e-17
2.025,-0.218288,-0.584128,-0.203957,-0.0413944,-0.0225269,-0.154844,-4.28899e-17
2.026,-0.218288,-0.584128,-0.203957,-0.0413944,-0.0225269,-0.154844,-4.28899e-17
2.027,-0.218274,-0.586645,-0.203869,-0.0404019,-0.0225155,-0.154847,2.3723e-17
2.028,-0.218259,-0.589158,-0.20378,-0.0393911,-0.022504,-0.154838,-1.33101e-17
2.029,-0.218259,-0.589158,-0.20378,-0.0393911,-0.022504,-0.154838,-1.33101e-17
2.03,-0.21827,-0.591797,-0.203713,-0.0380896,-0.0224932,-0.15469,9.00793e-18
2.031,-0.21827,-0.591797,-0.203713,-0.0380896,-0.0224932,-0.15469,9.00793e-18
2.032,-0.218253,-0.594287,-0.203623,-0.0370687,-0.0224815,-0.15467,-2.66356e-17
2.033,-0.218253,-0.594287,-0.203623,-0.0370687,-0.0224815,-0.15467,-2.66356e-17
2.034,-0.218235,-0.596768,-0.203532,-0.0360426,-0.0224697,-0.154646,-2.4001e-17
2.035,-0.218235,-0.596768,-0.203532,-0.0360426,-0.0224697,-0.154646,-2.4001e-17
2.036,-0.218211,-0.599213,-0.203436,-0.0350686,-0.0224576,-0.154643,2.68266e-17
2.037,-0.218211,-0.599213,-0.203436,-0.0350686,-0.0224576,-0.154643,2.68266e-17
2.038,-0.218192,-0.601677,-0.203344,-0.0340328,-0.0224455,-0.154608,-6.77112e-19
2.039,-0.218192,-0.601677,-0.203344,-0.0340328,-0.0224455,-0.154608,-6.77112e-19
2.04,-0.218125,-0.603882,-0.203213,-0.0335012,-0.022432,-0.154807,4.05246e-17
2.041,-0.218125,-0.603882,-0.203213,-0.0335012,-0.022432,-0.154807,4.05246e-17
2.042,-0.218012,-0.605839,-0.203043,-0.0334557,-0.0224169,-0.155229,-2.63958e-17
2.043,-0.218012,-0.605839,-0.203043,-0.0334557,-0.0224169,-0.155229,-2.63958e-17
2.044,-0.217695,-0.605415,-0.202739,-0.0362859,-0.0224012,-0.156767,2.33408e-17
2.045,-0.217695,-0.605415,-0.202739,-0.0362859,-0.0224012,-0.156767,2.33408e-17
2.046,-0.217676,-0.607862,-0.202648,-0.0352157,-0.0223891,-0.15671,9.34834e-18
2.047,-0.217676,-0.607862,-0.202648,-0.0352157,-0.0223891,-0.15671,9.34834e-18
2.048,-0.218024,-0.613543,-0.202829,-0.0295297,-0.022383,-0.154726,-4.28165e-17
2.049,-0.218024,-0.613543,-0.202829,-0.0295297,-0.022383,-0.154726,-4.28165e-17
2.05,-0.218024,-0.616083,-0.202755,-0.0282284,-0.0223715,-0.154556,-1.38269e-17
2.051,-0.218024,-0.616083,-0.202755,-0.0282284,-0.0223715,-0.154556,-1.38269e-17
2.052,-0.217972,-0.618576,-0.202629,-0.0270935,-0.0223552,-0.154472,-8.38309e-18
2.053,-0.217972,-0.618576,-0.202629,-0.0270935,-0.0223552,-0.154472,-8.38309e-18
2.054,-0.21787,-0.620937,-0.202456,-0.026272,-0.0223358,-0.154539,-2.59711e-17
2.055,-0.21787,-0.620937,-0.202456,-0.026272,-0.0223358,-0.154539,-2.59711e-17
2.056,-0.217708,-0.622989,-0.202232,-0.0260665,-0.0223142,-0.154892,-4.58372e-17
2.057,-0.217708,-0.622989,-0.202232,-0.0260665,-0.0223142,-0.154892,-4.58372e-17
2.058,-0.217184,-0.621802,-0.201742,-0.0305477,-0.0222875,-0.15721,-7.28273e-18
2.059,-0.217184,-0.621802,-0.201742,-0.0305477,-0.0222875,-0.15721,-7.28273e-18
2.06,-0.217495,-0.627623,-0.201881,-0.0245233,-0.0222752,-0.155064,3.03588e-17
2.061,-0.217495,-0.627623,-0.201881,-0.0245233,-0.0222752,-0.155064,3.03588e-17
2.062,-0.217393,-0.629944,-0.201709,-0.0237243,-0.022256,-0.155136,1.18098e-17
2.063,-0.217393,-0.629944,-0.201709,-0.0237243,-0.022256,-0.155136,1.18098e-17
2.064,-0.217191,-0.631758,-0.201453,-0.0239269,-0.0222331,-0.15567,4.09503e-17
2.065,-0.217191,-0.631758,-0.201453,-0.0239269,-0.0222331,-0.15567,4.09503e-17
2.066,-0.217086,-0.634045,-0.20128,-0.0231305,-0.0222136,-0.155735,-6.16768e-18
2.067,-0.217086,-0.634045,-0.20128,-0.0231305,-0.0222136,-0.155735,-6.16768e-18
2.068,-0.216982,-0.636328,-0.201108,-0.022326,-0.0221943,-0.155794,-1.60632e-17
2.069,-0.216982,-0.636328,-0.201108,-0.022326,-0.0221943,-0.155794,-1.60632e-17
2.07,-0.216379,-0.634703,-0.200551,-0.0276498,-0.022165,-0.158498,-4.69804e-17
2.071,-0.216379,-0.634703,-0.200551,-0.0276498,-0.022165,-0.158498,-4.69804e-17
2.072,-0.216772,-0.640781,-0.200765,-0.0209356,-0.022157,-0.156014,-2.60147e-17
2.073,-0.216772,-0.640781,-0.200765,-0.0209356,-0.022157,-0.156014,-2.60147e-17
2.074,-0.216696,-0.643102,-0.200621,-0.0200405,-0.0221402,-0.15603,1.0617e-17
2.075,-0.216696,-0.643102,-0.200621,-0.0200405,-0.0221402,-0.15603,1.0617e-17
2.076,-0.216555,-0.645151,-0.200419,-0.0196321,-0.0221198,-0.156265,2.69916e-17
2.077,-0.216555,-0.645151,-0.200419,-0.0196321,-0.0221198,-0.156265,2.69916e-17
2.078,-0.216028,-0.643882,-0.199929,-0.0241729,-0.0220934,-0.158598,-9.24473e-18
2.079,-0.216028,-0.643882,-0.199929,-0.0241729,-0.0220934,-0.158598,-9.24473e-18
2.08,-0.21637,-0.649581,-0.200104,-0.0181338,-0.0220848,-0.156418,-2.33348e-17
2.081,-0.21637,-0.649581,-0.200104,-0.0181338,-0.0220848,-0.156418,-2.33348e-17
2.082,-0.215872,-0.648355,-0.199641,-0.0226212,-0.0220611,-0.15873,1.38785e-17
2.083,-0.215872,-0.648355,-0.199641,-0.0226212,-0.0220611,-0.15873,1.38785e-17
2.084,-0.215829,-0.650797,-0.199527,-0.0213427,-0.0220454,-0.158553,1.22995e-17
2.085,-0.215829,-0.650797,-0.199527,-0.0213427,-0.0220454,-0.158553,1.22995e-17
2.086,-0.216174,-0.656279,-0.199714,-0.0157739,-0.0220406,-0.156594,-1.95682e-17
2.087,-0.216174,-0.656279,-0.199714,-0.0157739,-0.0220406,-0.156594,-1.95682e-17
2.088,-0.216248,-0.659192,-0.199704,-0.013522,-0.0220309,-0.155963,-6.50323e-17
2.089,-0.216248,-0.659192,-0.199704,-0.013522,-0.0220309,-0.155963,-6.50323e-17
2.09,-0.216197,-0.661533,-0.199584,-0.0123776,-0.0220155,-0.155841,4.57469e-17
2.091,-0.216197,-0.661533,-0.199584,-0.0123776,-0.0220155,-0.155841,4.57469e-17
2.092,-0.216083,-0.66356,-0.199411,-0.0118432,-0.0219975,-0.155999,-3.78553e-19
2.093,-0.216083,-0.66356,-0.199411,-0.0118432,-0.0219975,-0.155999,-3.78553e-19
2.094,-0.215562,-0.66224,-0.198929,-0.0163994,-0.021972,-0.158329,5.8595e-18
2.095,-0.215562,-0.66224,-0.198929,-0.0163994,-0.021972,-0.158329,5.8595e-18
2.096,-0.215492,-0.66445,-0.198794,-0.0154584,-0.021956,-0.158294,5.1018e-19
2.097,-0.215492,-0.66445,-0.198794,-0.0154584,-0.021956,-0.158294,5.1018e-19
2.098,-0.215503,-0.666913,-0.198736,-0.0140792,-0.0219458,-0.158064,9.40794e-18
2.099,-0.215503,-0.666913,-0.198736,-0.0140792,-0.0219458,-0.158064,9.40794e-18
2.1,-0.215552,-0.669545,-0.19871,-0.0123291,-0.0219372,-0.157659,-1.94297e-17
2.101,-0.215552,-0.669545,-0.19871,-0.0123291,-0.0219372,-0.157659,-1.94297e-17
2.102,-0.215533,-0.671825,-0.198625,-0.0112763,-0.021926,-0.157576,-1.28e-18
2.103,-0.215533,-0.671825,-0.198625,-0.0112763,-0.021926,-0.157576,-1.28e-18
2.104,-0.215579,-0.674446,-0.198597,-0.0094791,-0.0219169,-0.157142,3.12541e-17
2.105,-0.215579,-0.674446,-0.198597,-0.0094791,-0.0219169,-0.157142,3.12541e-17
2.106,-0.21558,-0.676822,-0.19853,-0.00816424,-0.0219063,-0.15693,3.28562e-17
2.107,-0.21558,-0.676822,-0.19853,-0.00816424,-0.0219063,-0.15693,3.28562e-17
2.108,-0.21558,-0.679204,-0.198463,-0.00679887,-0.0218954,-0.156691,-5.49433e-17
2.109,-0.21558,-0.679204,-0.198463,-0.00679887,-0.0218954,-0.156691,-5.49433e-17
2.11,-0.215571,-0.681532,-0.198388,-0.00551493,-0.0218841,-0.156486,-2.03035e-17
2.111,-0.215574,-0.683917,-0.198323,-0.00407989,-0.0218731,-0.156208,5.07389e-17
2.112,-0.215574,-0.683917,-0.198323,-0.00407989,-0.0218731,-0.156208,5.07389e-17
2.113,-0.215584,-0.686332,-0.198265,-0.00254208,-0.0218623,-0.155878,4.81619e-17
2.114,-0.215584,-0.686332,-0.198265,-0.00254208,-0.0218623,-0.155878,4.81619e-17
2.115,-0.215568,-0.688611,-0.198185,-0.00125078,-0.0218504,-0.155659,-4.45057e-17
2.116,-0.215568,-0.688611,-0.198185,-0.00125078,-0.0218504,-0.155659,-4.45057e-17
2.117,-0.215546,-0.690863,-0.1981,1.80922e-05,-0.0218382,-0.155447,-5.40283e-17
2.118,-0.215546,-0.690863,-0.1981,1.80922e-05,-0.0218382,-0.155447,-5.40283e-17
2.119,-0.215493,-0.69295,-0.197988,0.000975057,-0.0218248,-0.155377,-1.92885e-17
2.12,-0.215493,-0.69295,-0.197988,0.000975057,-0.0218248,-0.155377,-1.92885e-17
2.121,-0.215484,-0.695248,-0.197914,0.00239545,-0.021813,-0.155088,1.8309e-17
2.122,-0.215484,-0.695248,-0.197914,0.00239545,-0.021813,-0.155088,1.8309e-17
2.123,-0.215475,-0.697541,-0.197842,0.00383524,-0.0218012,-0.154787,3.23695e-17
2.124,-0.215475,-0.697541,-0.197842,0.00383524,-0.0218012,-0.154787,3.23695e-17
2.125,-0.215453,-0.699763,-0.197757,0.00516324,-0.0217887,-0.154535,6.41069e-17
2.126,-0.215453,-0.699763,-0.197757,0.00516324,-0.0217887,-0.154535,6.41069e-17
2.127,-0.215378,-0.701716,-0.197627,0.00596672,-0.0217743,-0.154524,2.20178e-17
2.128,-0.215378,-0.701716,-0.197627,0.00596672,-0.0217743,-0.154524,2.20178e-17
2.129,-0.215353,-0.703911,-0.197541,0.00729924,-0.0217616,-0.154264,-5.36052e-17
2.13,-0.215353,-0.703911,-0.197541,0.00729924,-0.0217616,-0.154264,-5.36052e-17
2.131,-0.215287,-0.705888,-0.19742,0.00820699,-0.0217475,-0.154198,4.11421e-17
2.132,-0.215287,-0.705888,-0.19742,0.00820699,-0.0217475,-0.154198,4.11421e-17
2.133,-0.215273,-0.708122,-0.197344,0.00967498,-0.0217353,-0.153869,-3.76572e-17
2.134,-0.215273,-0.708122,-0.197344,0.00967498,-0.0217353,-0.153869,-3.76572e-17
2.135,-0.214773,-0.706725,-0.196885,0.00523004,-0.0217119,-0.156116,4.04974e-17
2.136,-0.214773,-0.706725,-0.196885,0.00523004,-0.0217119,-0.156116,4.04974e-17
2.137,-0.214753,-0.70892,-0.196805,0.006665,-0.0216993,-0.155797,-2.59604e-17
2.138,-0.214753,-0.70892,-0.196805,0.006665,-0.0216993,-0.155797,-2.59604e-17
2.139,-0.214796,-0.711273,-0.196783,0.00835014,-0.0216918,-0.15537,-3.46993e-17
2.14,-0.214796,-0.711273,-0.196783,0.00835014,-0.0216918,-0.15537,-3.46993e-17
2.141,-0.214823,-0.713545,-0.196747,0.00990276,-0.0216835,-0.155001,-4.5255e-17
2.142,-0.214823,-0.713545,-0.196747,0.00990276,-0.0216835,-0.155001,-4.5255e-17
2.143,-0.214846,-0.715807,-0.196709,0.011476,-0.0216748,-0.154618,4.28706e-17
2.144,-0.214846,-0.715807,-0.196709,0.011476,-0.0216748,-0.154618,4.28706e-17
2.145,-0.214867,-0.718064,-0.196668,0.0130745,-0.0216658,-0.154219,2.41123e-17
2.146,-0.214867,-0.718064,-0.196668,0.0130745,-0.0216658,-0.154219,2.41123e-17
2.147,-0.21487,-0.720236,-0.196612,0.0145346,-0.0216559,-0.153882,-4.30123e-17
2.148,-0.21487,-0.720236,-0.196612,0.0145346,-0.0216559,-0.153882,-4.30123e-17
2.149,-0.214869,-0.722392,-0.196553,0.0160019,-0.0216456,-0.153536,-1.17945e-18
2.15,-0.214833,-0.72447,-0.196459,0.0172841,-0.0216327,-0.15328,4.85302e-17
2.151,-0.214833,-0.72447,-0.196459,0.0172841,-0.0216327,-0.15328,4.85302e-17
2.152,-0.214702,-0.72622,-0.19628,0.0178469,-0.0216146,-0.153365,3.08257e-17
2.153,-0.214702,-0.72622,-0.19628,0.0178469,-0.0216146,-0.153365,3.08257e-17
2.154,-0.214702,-0.72622,-0.19628,0.0178469,-0.0216146,-0.153365,3.08257e-17
2.155,-0.214523,-0.727712,-0.19606,0.0178993,-0.0215947,-0.153684,-1.69551e-17
2.156,-0.214523,-0.727712,-0.19606,0.0178993,-0.0215947,-0.153684,-1.69551e-17
2.157,-0.213805,-0.725383,-0.195408,0.0115074,-0.0215612,-0.156841,-1.34287e-17
2.158,-0.213805,-0.725383,-0.195408,0.0115074,-0.0215612,-0.156841,-1.34287e-17
2.159,-0.213691,-0.727162,-0.195245,0.0121792,-0.0215442,-0.156869,-3.2626e-17
2.16,-0.213892,-0.73036,-0.195358,0.0157581,-0.0215413,-0.155546,-1.18639e-17
2.161,-0.213892,-0.73036,-0.195358,0.0157581,-0.0215413,-0.155546,-1.18639e-17
2.162,-0.214444,-0.736233,-0.195748,0.0233388,-0.0215488,-0.152533,5.28631e-17
2.163,-0.214444,-0.736233,-0.195748,0.0233388,-0.0215488,-0.152533,5.28631e-17
2.164,-0.214309,-0.737794,-0.195571,0.0236146,-0.0215326,-0.152741,-1.56766e-17
2.165,-0.214309,-0.737794,-0.195571,0.0236146,-0.0215326,-0.152741,-1.56766e-17
2.166,-0.214255,-0.73981,-0.195462,0.0249267,-0.021518,-0.152455,3.84826e-18
2.167,-0.214255,-0.73981,-0.195462,0.0249267,-0.021518,-0.152455,3.84826e-18
2.168,-0.213607,-0.737769,-0.194873,0.0192245,-0.0214875,-0.15528,3.30737e-17
2.169,-0.213607,-0.737769,-0.194873,0.0192245,-0.0214875,-0.15528,3.30737e-17
2.17,-0.214076,-0.743365,-0.195187,0.0265722,-0.0214882,-0.152341,1.80566e-17
2.171,-0.214076,-0.743365,-0.195187,0.0265722,-0.0214882,-0.152341,1.80566e-17
2.172,-0.214057,-0.745425,-0.195113,0.0279913,-0.021477,-0.152004,7.46335e-18
2.173,-0.214057,-0.745425,-0.195113,0.0279913,-0.021477,-0.152004,7.46335e-18
2.174,-0.213985,-0.747296,-0.19499,0.0291134,-0.0214621,-0.151796,4.0112e-17
2.175,-0.213985,-0.747296,-0.19499,0.0291134,-0.0214621,-0.151796,4.0112e-17
2.176,-0.213857,-0.748889,-0.19482,0.0296908,-0.0214451,-0.151839,1.6666e-18
2.177,-0.213857,-0.748889,-0.19482,0.0296908,-0.0214451,-0.151839,1.6666e-18
2.178,-0.213255,-0.747041,-0.194271,0.0244744,-0.0214163,-0.154428,-3.33305e-17
2.179,-0.213255,-0.747041,-0.194271,0.0244744,-0.0214163,-0.154428,-3.33305e-17
2.18,-0.213702,-0.752442,-0.194571,0.0316283,-0.0214166,-0.151558,-4.19098e-17
2.181,-0.213702,-0.752442,-0.194571,0.0316283,-0.0214166,-0.151558,-4.19098e-17
2.182,-0.213632,-0.754188,-0.194454,0.0325455,-0.0214036,-0.15144,4.27605e-17
2.183,-0.213632,-0.754188,-0.194454,0.0325455,-0.0214036,-0.15144,4.27605e-17
2.184,-0.213554,-0.755967,-0.19433,0.0336219,-0.0213889,-0.151239,-5.07792e-17
2.185,-0.213554,-0.755967,-0.19433,0.0336219,-0.0213889,-0.151239,-5.07792e-17
2.186,-0.213408,-0.757394,-0.194146,0.0339931,-0.0213715,-0.151364,6.64596e-18
2.187,-0.213408,-0.757394,-0.194146,0.0339931,-0.0213715,-0.151364,6.64596e-18
2.188,-0.212838,-0.755662,-0.193627,0.0290903,-0.0213442,-0.153798,-4.27367e-18
2.189,-0.212838,-0.755662,-0.193627,0.0290903,-0.0213442,-0.153798,-4.27367e-18
2.19,-0.213228,-0.760674,-0.193881,0.0356409,-0.0213431,-0.151189,1.39757e-17
2.191,-0.213228,-0.760674,-0.193881,0.0356409,-0.0213431,-0.151189,1.39757e-17
2.192,-0.212698,-0.759042,-0.193399,0.0309128,-0.021319,-0.153546,-4.18564e-17
2.193,-0.212698,-0.759042,-0.193399,0.0309128,-0.021319,-0.153546,-4.18564e-17
2.194,-0.212637,-0.760821,-0.193292,0.0321079,-0.0213055,-0.153277,3.37891e-17
2.195,-0.212637,-0.760821,-0.193292,0.0321079,-0.0213055,-0.153277,3.37891e-17
2.196,-0.212624,-0.762682,-0.19323,0.0333897,-0.0212966,-0.152977,8.28169e-18
2.197,-0.212624,-0.762682,-0.19323,0.0333897,-0.0212966,-0.152977,8.28169e-18
2.198,-0.212605,-0.764509,-0.193165,0.0346353,-0.0212874,-0.15269,1.79621e-17
2.199,-0.212605,-0.764509,-0.193165,0.0346353,-0.0212874,-0.15269,1.79621e-17
2.2,-0.212498,-0.765899,-0.193023,0.0350085,-0.0212749,-0.152806,-2.08695e-17
2.201,-0.212498,-0.765899,-0.193023,0.0350085,-0.0212749,-0.152806,-2.08695e-17
2.202,-0.212564,-0.768138,-0.193031,0.0371844,-0.0212686,-0.152079,3.99982e-17
2.203,-0.212564,-0.768138,-0.193031,0.0371844,-0.0212686,-0.152079,3.99982e-17
2.204,-0.212538,-0.769897,-0.192961,0.0383794,-0.0212593,-0.151806,-2.1801e-17
2.205,-0.212538,-0.769897,-0.192961,0.0383794,-0.0212593,-0.151806,-2.1801e-17
2.206,-0.212497,-0.771607,-0.192877,0.0395261,-0.0212489,-0.151551,2.89626e-17
2.207,-0.212459,-0.773326,-0.192795,0.0407257,-0.0212384,-0.151268,-3.38507e-17
2.208,-0.212459,-0.773326,-0.192795,0.0407257,-0.0212384,-0.151268,-3.38507e-17
2.209,-0.212407,-0.77497,-0.192702,0.0418153,-0.0212273,-0.151031,1.32841e-17
2.21,-0.212407,-0.77497,-0.192702,0.0418153,-0.0212273,-0.151031,1.32841e-17
2.211,-0.212372,-0.776695,-0.192624,0.043108,-0.0212167,-0.150696,-2.26364e-17
2.212,-0.212372,-0.776695,-0.192624,0.043108,-0.0212167,-0.150696,-2.26364e-17
2.213,-0.212287,-0.778167,-0.192503,0.0439097,-0.0212041,-0.150586,2.42061e-17
2.214,-0.212287,-0.778167,-0.192503,0.0439097,-0.0212041,-0.150586,2.42061e-17
2.215,-0.212217,-0.77971,-0.192395,0.0448913,-0.021192,-0.150389,1.46446e-17
2.216,-0.212217,-0.77971,-0.192395,0.0448913,-0.021192,-0.150389,1.46446e-17
2.217,-0.212166,-0.781334,-0.192304,0.04607,-0.0211807,-0.150098,-5.1064e-17
2.218,-0.212166,-0.781334,-0.192304,0.04607,-0.0211807,-0.150098,-5.1064e-17
2.219,-0.212099,-0.782872,-0.192199,0.0471066,-0.0211687,-0.149869,-1.53377e-18
2.22,-0.212099,-0.782872,-0.192199,0.0471066,-0.0211687,-0.149869,-1.53377e-18
2.221,-0.212025,-0.784376,-0.192089,0.0481042,-0.0211563,-0.149655,4.66549e-17
2.222,-0.212025,-0.784376,-0.192089,0.0481042,-0.0211563,-0.149655,4.66549e-17
2.223,-0.211873,-0.785482,-0.191911,0.0483065,-0.021141,-0.149807,1.26973e-17
2.224,-0.211873,-0.785482,-0.191911,0.0483065,-0.021141,-0.149807,1.26973e-17
2.225,-0.21177,-0.78681,-0.191776,0.0489977,-0.0211276,-0.14973,2.09372e-17
2.226,-0.21177,-0.78681,-0.191776,0.0489977,-0.0211276,-0.14973,2.09372e-17
2.227,-0.211272,-0.785247,-0.191324,0.044717,-0.0211043,-0.151845,4.71394e-17
2.228,-0.211272,-0.785247,-0.191324,0.044717,-0.0211043,-0.151845,4.71394e-17
2.229,-0.211198,-0.78669,-0.191216,0.0456816,-0.0210924,-0.151636,-1.15556e-18
2.23,-0.211198,-0.78669,-0.191216,0.0456816,-0.0210924,-0.151636,-1.15556e-18
2.231,-0.211233,-0.788532,-0.191206,0.0474059,-0.0210871,-0.151082,-4.57061e-17
2.232,-0.211233,-0.788532,-0.191206,0.0474059,-0.0210871,-0.151082,-4.57061e-17
2.233,-0.211741,-0.793555,-0.191585,0.0547624,-0.0210959,-0.148022,-1.6246e-17
2.234,-0.211741,-0.793555,-0.191585,0.0547624,-0.0210959,-0.148022,-1.6246e-17
2.235,-0.211187,-0.791634,-0.191088,0.0497569,-0.0210717,-0.150472,2.24529e-17
2.236,-0.211187,-0.791634,-0.191088,0.0497569,-0.0210717,-0.150472,2.24529e-17
2.237,-0.211075,-0.792913,-0.190946,0.0505435,-0.0210571,-0.15033,-1.63252e-17
2.238,-0.211075,-0.792913,-0.190946,0.0505435,-0.0210571,-0.15033,-1.63252e-17
2.239,-0.211012,-0.794273,-0.190852,0.0514177,-0.0210474,-0.150156,-2.68009e-18
2.24,-0.211012,-0.794273,-0.190852,0.0514177,-0.0210474,-0.150156,-2.68009e-18
2.241,-0.211025,-0.795998,-0.190824,0.0530786,-0.0210405,-0.149612,6.87198e-18
2.242,-0.211025,-0.795998,-0.190824,0.0530786,-0.0210405,-0.149612,6.87198e-18
2.243,-0.210933,-0.797194,-0.190706,0.0536719,-0.0210297,-0.149563,3.49314e-17
2.244,-0.210933,-0.797194,-0.190706,0.0536719,-0.0210297,-0.149563,3.49314e-17
2.245,-0.210887,-0.798628,-0.190627,0.0548042,-0.0210202,-0.149258,-3.09376e-17
2.246,-0.210887,-0.798628,-0.190627,0.0548042,-0.0210202,-0.149258,-3.09376e-17
2.247,-0.210776,-0.799724,-0.190493,0.0552606,-0.0210084,-0.149265,-2.57088e-18
2.248,-0.210823,-0.801594,-0.190495,0.0574014,-0.0210023,-0.14848,-5.12348e-17
2.249,-0.210823,-0.801594,-0.190495,0.0574014,-0.0210023,-0.14848,-5.12348e-17
2.25,-0.210717,-0.802664,-0.190367,0.0580431,-0.0209901,-0.148375,2.44402e-17
2.251,-0.210717,-0.802664,-0.190367,0.0580431,-0.0209901,-0.148375,2.44402e-17
2.252,-0.210606,-0.803723,-0.190234,0.0587005,-0.0209774,-0.148258,-2.67135e-17
2.253,-0.210606,-0.803723,-0.190234,0.0587005,-0.0209774,-0.148258,-2.67135e-17
2.254,-0.21049,-0.804738,-0.190097,0.0592962,-0.0209645,-0.148167,-1.34902e-17
2.255,-0.21049,-0.804738,-0.190097,0.0592962,-0.0209645,-0.148167,-1.34902e-17
2.256,-0.210366,-0.805705,-0.189955,0.0598203,-0.0209514,-0.148107,-9.84437e-18
2.257,-0.210366,-0.805705,-0.189955,0.0598203,-0.0209514,-0.148107,-9.84437e-18
2.258,-0.210225,-0.806567,-0.189797,0.0601535,-0.0209377,-0.148133,-8.85993e-18
2.259,-0.210225,-0.806567,-0.189797,0.0601535,-0.0209377,-0.148133,-8.85993e-18
2.26,-0.210079,-0.807389,-0.189637,0.0604293,-0.0209241,-0.148182,1.00251e-17
2.261,-0.210079,-0.807389,-0.189637,0.0604293,-0.0209241,-0.148182,1.00251e-17
2.262,-0.209975,-0.808396,-0.189513,0.0611032,-0.0209122,-0.148045,-3.65573e-18
2.263,-0.209975,-0.808396,-0.189513,0.0611032,-0.0209122,-0.148045,-3.65573e-18
2.264,-0.209975,-0.808396,-0.189513,0.0611032,-0.0209122,-0.148045,-3.65573e-18
2.265,-0.20973,-0.808678,-0.189269,0.0603187,-0.0208952,-0.148582,-6.30828e-17
2.266,-0.20973,-0.808678,-0.189269,0.0603187,-0.0208952,-0.148582,-6.30828e-17
2.267,-0.208868,-0.805075,-0.18851,0.0522696,-0.020859,-0.152398,-6.06676e-18
2.268,-0.208868,-0.805075,-0.18851,0.0522696,-0.020859,-0.152398,-6.06676e-18
2.269,-0.208961,-0.807028,-0.188557,0.054928,-0.0208551,-0.151336,-3.53063e-17
2.27,-0.20958,-0.812087,-0.189052,0.0631546,-0.0208724,-0.147793,-1.24126e-17
2.271,-0.20958,-0.812087,-0.189052,0.0631546,-0.0208724,-0.147793,-1.24126e-17
2.272,-0.209577,-0.81342,-0.189022,0.0645526,-0.0208669,-0.147315,2.39785e-17
2.273,-0.209577,-0.81342,-0.189022,0.0645526,-0.0208669,-0.147315,2.39785e-17
2.274,-0.209046,-0.811458,-0.188549,0.0599118,-0.0208433,-0.149546,2.96397e-17
2.275,-0.209046,-0.811458,-0.188549,0.0599118,-0.0208433,-0.149546,2.96397e-17
2.276,-0.20892,-0.812286,-0.18841,0.060398,-0.0208309,-0.149478,2.29162e-17
2.277,-0.20892,-0.812286,-0.18841,0.060398,-0.0208309,-0.149478,2.29162e-17
2.278,-0.208885,-0.813417,-0.188353,0.0614382,-0.0208246,-0.14916,-1.14952e-17
2.279,-0.208885,-0.813417,-0.188353,0.0614382,-0.0208246,-0.14916,-1.14952e-17
2.28,-0.208833,-0.814447,-0.188283,0.0622948,-0.0208178,-0.148925,-2.46952e-17
2.281,-0.208833,-0.814447,-0.188283,0.0622948,-0.0208178,-0.148925,-2.46952e-17
2.282,-0.208779,-0.815467,-0.188211,0.0631664,-0.0208107,-0.148679,-1.15711e-17
2.283,-0.208779,-0.815467,-0.188211,0.0631664,-0.0208107,-0.148679,-1.15711e-17
2.284,-0.208726,-0.816493,-0.188141,0.0640802,-0.0208036,-0.148411,1.87396e-18
2.285,-0.208726,-0.816493,-0.188141,0.0640802,-0.0208036,-0.148411,1.87396e-18
2.286,-0.208644,-0.817363,-0.188044,0.064708,-0.0207953,-0.148272,-2.36163e-17
2.287,-0.208644,-0.817363,-0.188044,0.064708,-0.0207953,-0.148272,-2.36163e-17
2.288,-0.20861,-0.818478,-0.18799,0.0658662,-0.0207886,-0.147884,-3.36782e-17
2.289,-0.20861,-0.818478,-0.18799,0.0658662,-0.0207886,-0.147884,-3.36782e-17
2.29,-0.208527,-0.81934,-0.187894,0.0665368,-0.0207802,-0.147719,4.45336e-18
2.291,-0.208527,-0.81934,-0.187894,0.0665368,-0.0207802,-0.147719,4.45336e-18
2.292,-0.208393,-0.819943,-0.187753,0.0667116,-0.0207695,-0.14778,-4.39467e-18
2.293,-0.208393,-0.819943,-0.187753,0.0667116,-0.0207695,-0.14778,-4.39467e-18
2.294,-0.208372,-0.821115,-0.187711,0.0680798,-0.0207631,-0.147285,8.07401e-18
2.295,-0.208295,-0.821984,-0.187621,0.0688458,-0.0207548,-0.147068,1.15362e-17
2.296,-0.208295,-0.821984,-0.187621,0.0688458,-0.0207548,-0.147068,1.15362e-17
2.297,-0.208295,-0.821984,-0.187621,0.0688458,-0.0207548,-0.147068,1.15362e-17
2.298,-0.208164,-0.822589,-0.187484,0.06912,-0.020744,-0.147072,3.78376e-17
2.299,-0.208164,-0.822589,-0.187484,0.06912,-0.020744,-0.147072,3.78376e-17
2.3,-0.207139,-0.818001,-0.186589,0.0592658,-0.0207028,-0.151699,3.63124e-17
2.301,-0.206962,-0.817731,-0.186425,0.0582469,-0.0206932,-0.152235,4.00426e-17
2.302,-0.206962,-0.817731,-0.186425,0.0582469,-0.0206932,-0.152235,4.00426e-17
2.303,-0.208093,-0.82566,-0.187363,0.0724631,-0.0207298,-0.145926,-1.30524e-17
2.304,-0.208093,-0.82566,-0.187363,0.0724631,-0.0207298,-0.145926,-1.30524e-17
2.305,-0.208082,-0.826683,-0.187336,0.0736036,-0.0207265,-0.14553,2.51748e-17
2.306,-0.208082,-0.826683,-0.187336,0.0736036,-0.0207265,-0.14553,2.51748e-17
2.307,-0.207924,-0.827153,-0.187176,0.0737617,-0.0207139,-0.145572,2.19563e-17
2.308,-0.207924,-0.827153,-0.187176,0.0737617,-0.0207139,-0.145572,2.19563e-17
2.309,-0.207703,-0.8273,-0.186962,0.0732883,-0.0206988,-0.145903,1.23088e-17
2.31,-0.207703,-0.8273,-0.186962,0.0732883,-0.0206988,-0.145903,1.23088e-17
2.311,-0.207685,-0.828451,-0.186923,0.0748819,-0.0206918,-0.145276,3.53989e-17
2.312,-0.207685,-0.828451,-0.186923,0.0748819,-0.0206918,-0.145276,3.53989e-17
2.313,-0.207047,-0.825801,-0.186363,0.0690901,-0.0206649,-0.148011,4.14123e-17
2.314,-0.207047,-0.825801,-0.186363,0.0690901,-0.0206649,-0.148011,4.14123e-17
2.315,-0.207309,-0.828917,-0.186557,0.0743492,-0.0206662,-0.14574,1.6963e-17
2.316,-0.207309,-0.828917,-0.186557,0.0743492,-0.0206662,-0.14574,1.6963e-17
2.317,-0.207277,-0.829874,-0.186511,0.075567,-0.0206604,-0.145286,2.47986e-17
2.318,-0.207277,-0.829874,-0.186511,0.075567,-0.0206604,-0.145286,2.47986e-17
2.319,-0.206728,-0.827653,-0.186028,0.0706866,-0.020637,-0.147594,2.32015e-17
2.32,-0.206728,-0.827653,-0.186028,0.0706866,-0.020637,-0.147594,2.32015e-17
2.321,-0.206541,-0.827891,-0.185846,0.0705257,-0.0206238,-0.147767,3.13309e-17
2.322,-0.206541,-0.827891,-0.185846,0.0705257,-0.0206238,-0.147767,3.13309e-17
2.323,-0.20657,-0.829069,-0.185855,0.0722213,-0.0206215,-0.147089,1.88763e-17
2.324,-0.20657,-0.829069,-0.185855,0.0722213,-0.0206215,-0.147089,1.88763e-17
2.325,-0.20657,-0.829069,-0.185855,0.0722213,-0.0206215,-0.147089,1.88763e-17
2.326,-0.206885,-0.8322,-0.186104,0.0775918,-0.0206284,-0.144759,9.29261e-18
2.327,-0.206885,-0.8322,-0.186104,0.0775918,-0.0206284,-0.144759,9.29261e-18
2.328,-0.206807,-0.832829,-0.186022,0.0782337,-0.0206218,-0.144561,-4.34111e-17
2.329,-0.206807,-0.832829,-0.186022,0.0782337,-0.0206218,-0.144561,-4.34111e-17
2.33,-0.206665,-0.83326,-0.185881,0.0785782,-0.0206103,-0.144489,1.24389e-17
2.331,-0.206081,-0.830837,-0.185367,0.0733729,-0.0205854,-0.146938,2.02425e-17
2.332,-0.206081,-0.830837,-0.185367,0.0733729,-0.0205854,-0.146938,2.02425e-17
2.333,-0.20608,-0.831985,-0.185347,0.0752212,-0.020579,-0.146166,2.61266e-17
2.334,-0.20608,-0.831985,-0.185347,0.0752212,-0.020579,-0.146166,2.61266e-17
2.335,-0.205961,-0.832344,-0.185231,0.0753915,-0.0205713,-0.146177,-6.72787e-18
2.336,-0.205961,-0.832344,-0.185231,0.0753915,-0.0205713,-0.146177,-6.72787e-18
2.337,-0.205825,-0.832651,-0.1851,0.0755041,-0.0205622,-0.14621,-5.94275e-18
2.338,-0.205825,-0.832651,-0.1851,0.0755041,-0.0205622,-0.14621,-5.94275e-18
2.339,-0.205733,-0.833169,-0.185007,0.0760684,-0.0205549,-0.146032,1.83954e-17
2.34,-0.205733,-0.833169,-0.185007,0.0760684,-0.0205549,-0.146032,1.83954e-17
2.341,-0.205626,-0.833591,-0.184902,0.076454,-0.0205473,-0.145934,2.32212e-17
2.342,-0.205626,-0.833591,-0.184902,0.076454,-0.0205473,-0.145934,2.32212e-17
2.343,-0.205642,-0.834637,-0.184903,0.0781421,-0.0205441,-0.145232,-2.04843e-17
2.344,-0.205642,-0.834637,-0.184903,0.0781421,-0.0205441,-0.145232,-2.04843e-17
2.345,-0.20554,-0.835066,-0.184803,0.0785954,-0.0205366,-0.145097,2.07788e-17
2.346,-0.20554,-0.835066,-0.184803,0.0785954,-0.0205366,-0.145097,2.07788e-17
2.347,-0.205383,-0.835263,-0.184654,0.0786016,-0.0205263,-0.145167,2.3738e-17
2.348,-0.205383,-0.835263,-0.184654,0.0786016,-0.0205263,-0.145167,2.3738e-17
2.349,-0.205243,-0.835646,-0.184516,0.0788786,-0.0205157,-0.145124,2.64236e-17
2.35,-0.20507,-0.83584,-0.18435,0.0787814,-0.0205041,-0.145252,9.76008e-18
2.351,-0.20507,-0.83584,-0.18435,0.0787814,-0.0205041,-0.145252,9.76008e-18
2.352,-0.204889,-0.835972,-0.184178,0.0785793,-0.0204924,-0.145427,6.06321e-19
2.353,-0.204889,-0.835972,-0.184178,0.0785793,-0.0204924,-0.145427,6.06321e-19
2.354,-0.204709,-0.836081,-0.184008,0.0783441,-0.0204811,-0.145615,2.43518e-17
2.355,-0.204709,-0.836081,-0.184008,0.0783441,-0.0204811,-0.145615,2.43518e-17
2.356,-0.204547,-0.83625,-0.183855,0.0782466,-0.0204709,-0.145739,-2.15244e-18
2.357,-0.204547,-0.83625,-0.183855,0.0782466,-0.0204709,-0.145739,-2.15244e-18
2.357,-0.20436,-0.836265,-0.18368,0.077845,-0.02046,-0.146001,5.26256e-17
2.359,-0.20436,-0.836265,-0.18368,0.077845,-0.02046,-0.146001,5.26256e-17
2.36,-0.20436,-0.836265,-0.18368,0.077845,-0.02046,-0.146001,5.26256e-17
2.361,-0.204142,-0.836097,-0.183481,0.077078,-0.0204484,-0.146432,-3.99814e-20
2.362,-0.204118,-0.836888,-0.183449,0.0783088,-0.0204443,-0.145935,7.39487e-18
2.363,-0.204118,-0.836888,-0.183449,0.0783088,-0.0204443,-0.145935,7.39487e-18
2.364,-0.203416,-0.833766,-0.182837,0.0716522,-0.0204164,-0.149056,1.98778e-17
2.365,-0.203416,-0.833766,-0.182837,0.0716522,-0.0204164,-0.149056,1.98778e-17
2.366,-0.203834,-0.83711,-0.183188,0.0779583,-0.0204298,-0.146245,-9.99947e-18
2.367,-0.203834,-0.83711,-0.183188,0.0779583,-0.0204298,-0.146245,-9.99947e-18
2.368,-0.203651,-0.836934,-0.183025,0.0771885,-0.0204222,-0.146675,-1.89626e-17
2.369,-0.203651,-0.836934,-0.183025,0.0771885,-0.0204222,-0.146675,-1.89626e-17
2.37,-0.203153,-0.834822,-0.18259,0.0726552,-0.0204022,-0.148809,6.50818e-18
2.371,-0.203153,-0.834822,-0.18259,0.0726552,-0.0204022,-0.148809,6.50818e-18
2.372,-0.203552,-0.837958,-0.182929,0.0785989,-0.0204164,-0.146159,2.68877e-17
2.373,-0.203552,-0.837958,-0.182929,0.0785989,-0.0204164,-0.146159,2.68877e-17
2.374,-0.203039,-0.835677,-0.182485,0.0736852,-0.0203975,-0.148471,-4.37054e-18
2.375,-0.203039,-0.835677,-0.182485,0.0736852,-0.0203975,-0.148471,-4.37054e-18
2.376,-0.203039,-0.835677,-0.182485,0.0736852,-0.0203975,-0.148471,-4.37054e-18
2.377,-0.203213,-0.837663,-0.182629,0.0773386,-0.0204027,-0.146874,1.14186e-17
2.378,-0.203406,-0.839267,-0.182795,0.0803192,-0.0204111,-0.145561,-4.27013e-17
2.379,-0.203406,-0.839267,-0.182795,0.0803192,-0.0204111,-0.145561,-4.27013e-17
2.38,-0.203259,-0.839271,-0.182664,0.0800978,-0.0204042,-0.145719,9.8414e-18
2.381,-0.203259,-0.839271,-0.182664,0.0800978,-0.0204042,-0.145719,9.8414e-18
2.382,-0.203132,-0.839391,-0.182548,0.0801596,-0.0203975,-0.145741,-1.76378e-17
2.383,-0.203132,-0.839391,-0.182548,0.0801596,-0.0203975,-0.145741,-1.76378e-17
2.384,-0.202997,-0.839454,-0.182428,0.0801204,-0.0203907,-0.145809,-1.5315e-17
2.385,-0.202997,-0.839454,-0.182428,0.0801204,-0.0203907,-0.145809,-1.5315e-17
2.386,-0.202811,-0.839232,-0.182262,0.0795093,-0.0203821,-0.146139,1.2241e-19
2.387,-0.202811,-0.839232,-0.182262,0.0795093,-0.0203821,-0.146139,1.2241e-19
2.388,-0.202706,-0.839401,-0.182169,0.0797184,-0.0203771,-0.146089,7.03114e-18
2.389,-0.202706,-0.839401,-0.182169,0.0797184,-0.0203771,-0.146089,7.03114e-18
2.39,-0.202095,-0.836626,-0.181639,0.0739178,-0.0203535,-0.148797,-2.02308e-17
2.391,-0.202095,-0.836626,-0.181639,0.0739178,-0.0203535,-0.148797,-2.02308e-17
2.392,-0.202095,-0.836626,-0.181639,0.0739178,-0.0203535,-0.148797,-2.02308e-17
2.393,-0.202425,-0.839219,-0.181925,0.0790604,-0.0203666,-0.146486,-3.4623e-17
2.394,-0.201962,-0.837099,-0.181527,0.0745828,-0.0203503,-0.148585,1.84955e-17
2.395,-0.201962,-0.837099,-0.181527,0.0745828,-0.0203503,-0.148585,1.84955e-17
2.396,-0.201906,-0.837355,-0.181481,0.0749782,-0.0203496,-0.148447,2.62594e-17
2.397,-0.201906,-0.837355,-0.181481,0.0749782,-0.0203496,-0.148447,2.62594e-17
2.398,-0.201906,-0.837355,-0.181481,0.0749782,-0.0203496,-0.148447,2.62594e-17
2.399,-0.201078,-0.833365,-0.180767,0.0666542,-0.0203195,-0.152324,4.16175e-17
2.4,-0.201358,-0.83525,-0.181015,0.0704126,-0.0203328,-0.150631,-4.47049e-17
2.401,-0.201358,-0.83525,-0.181015,0.0704126,-0.0203328,-0.150631,-4.47049e-17
2.402,-0.201859,-0.83836,-0.181463,0.0765982,-0.0203582,-0.147842,2.18837e-17
2.403,-0.201859,-0.83836,-0.181463,0.0765982,-0.0203582,-0.147842,2.18837e-17
2.404,-0.202021,-0.839477,-0.181615,0.0787359,-0.0203699,-0.146903,-2.83322e-17
2.405,-0.201985,-0.839742,-0.18159,0.0792393,-0.020371,-0.146707,-2.77773e-18
2.406,-0.201985,-0.839742,-0.18159,0.0792393,-0.020371,-0.146707,-2.77773e-18
2.407,-0.201944,-0.840038,-0.181559,0.0798652,-0.0203709,-0.146448,-4.11444e-17
2.408,-0.201944,-0.840038,-0.181559,0.0798652,-0.0203709,-0.146448,-4.11444e-17
2.409,-0.201944,-0.840038,-0.181559,0.0798652,-0.0203709,-0.146448,-4.11444e-17
2.41,-0.201755,-0.839576,-0.1814,0.078951,-0.0203649,-0.146899,4.42463e-18
2.411,-0.201755,-0.839576,-0.1814,0.078951,-0.0203649,-0.146899,4.42463e-18
2.412,-0.201787,-0.840239,-0.181432,0.0803873,-0.0203673,-0.14626,-5.5382e-18
2.413,-0.201787,-0.840239,-0.181432,0.0803873,-0.0203673,-0.14626,-5.5382e-18
2.414,-0.201615,-0.83982,-0.18129,0.0795874,-0.0203626,-0.146656,-4.8794e-17
2.415,-0.201615,-0.83982,-0.18129,0.0795874,-0.0203626,-0.146656,-4.8794e-17
2.416,-0.201597,-0.840213,-0.181279,0.0805099,-0.0203631,-0.14625,-4.44972e-17
2.417,-0.201567,-0.840502,-0.18126,0.0812226,-0.0203638,-0.14594,-5.54861e-18
2.418,-0.201567,-0.840502,-0.18126,0.0812226,-0.0203638,-0.14594,-5.54861e-18
2.419,-0.201468,-0.84046,-0.18118,0.0812895,-0.0203613,-0.145926,2.18543e-17
2.42,-0.201468,-0.84046,-0.18118,0.0812895,-0.0203613,-0.145926,2.18543e-17
2.421,-0.201395,-0.840552,-0.181123,0.0816578,-0.0203598,-0.145769,1.36419e-17
2.422,-0.201395,-0.840552,-0.181123,0.0816578,-0.0203598,-0.145769,1.36419e-17
2.423,-0.201395,-0.840552,-0.181123,0.0816578,-0.0203598,-0.145769,1.36419e-17
2.424,-0.201253,-0.840276,-0.181006,0.0812867,-0.0203557,-0.145952,1.2011e-17
2.425,-0.201253,-0.840276,-0.181006,0.0812867,-0.0203557,-0.145952,1.2011e-17
2.426,-0.201141,-0.84015,-0.180916,0.0812489,-0.0203526,-0.145979,-2.64851e-18
2.427,-0.201141,-0.84015,-0.180916,0.0812489,-0.0203526,-0.145979,-2.64851e-18
2.428,-0.200994,-0.839821,-0.180797,0.0808031,-0.0203487,-0.146193,-2.50794e-18
2.429,-0.200939,-0.839944,-0.180757,0.0813075,-0.0203483,-0.145965,-4.3351e-17
2.43,-0.200939,-0.839944,-0.180757,0.0813075,-0.0203483,-0.145965,-4.3351e-17
2.431,-0.200914,-0.840201,-0.180744,0.0821036,-0.0203493,-0.145602,2.89028e-17
2.432,-0.200914,-0.840201,-0.180744,0.0821036,-0.0203493,-0.145602,2.89028e-17
2.433,-0.200844,-0.840232,-0.180692,0.0824615,-0.0203484,-0.145438,1.60459e-17
2.434,-0.200844,-0.840232,-0.180692,0.0824615,-0.0203484,-0.145438,1.60459e-17
2.435,-0.200659,-0.839679,-0.180541,0.0816409,-0.020343,-0.145816,2.3564e-17
2.436,-0.200659,-0.839679,-0.180541,0.0816409,-0.020343,-0.145816,2.3564e-17
2.437,-0.200669,-0.840108,-0.180559,0.082863,-0.0203452,-0.145248,9.38163e-18
2.438,-0.200669,-0.840108,-0.180559,0.082863,-0.0203452,-0.145248,9.38163e-18
2.439,-0.200023,-0.836953,-0.180004,0.0765187,-0.0203217,-0.148178,2.07899e-17
2.44,-0.200023,-0.836953,-0.180004,0.0765187,-0.0203217,-0.148178,2.07899e-17
2.441,-0.200509,-0.839932,-0.180442,0.0831892,-0.0203442,-0.145089,3.2104e-17
2.442,-0.200509,-0.839932,-0.180442,0.0831892,-0.0203442,-0.145089,3.2104e-17
2.443,-0.200463,-0.839967,-0.180416,0.0836148,-0.0203458,-0.144888,-1.12538e-17
2.444,-0.200463,-0.839967,-0.180416,0.0836148,-0.0203458,-0.144888,-1.12538e-17
2.445,-0.200356,-0.839784,-0.180333,0.0836666,-0.0203432,-0.144851,-1.71967e-17
2.446,-0.200356,-0.839784,-0.180333,0.0836666,-0.0203432,-0.144851,-1.71967e-17
2.447,-0.200156,-0.839096,-0.18017,0.0828326,-0.0203365,-0.145205,-2.46715e-17
2.448,-0.200156,-0.839096,-0.18017,0.0828326,-0.0203365,-0.145205,-2.46715e-17
2.449,-0.199983,-0.838524,-0.180031,0.082265,-0.0203311,-0.145434,-3.65928e-17
2.45,-0.199983,-0.838524,-0.180031,0.082265,-0.0203311,-0.145434,-3.65928e-17
2.451,-0.199848,-0.838119,-0.179927,0.0820449,-0.0203276,-0.145502,1.92632e-17
2.452,-0.199848,-0.838119,-0.179927,0.0820449,-0.0203276,-0.145502,1.92632e-17
2.453,-0.199586,-0.837027,-0.179713,0.0804354,-0.0203194,-0.146209,2.52405e-17
2.454,-0.199586,-0.837027,-0.179713,0.0804354,-0.0203194,-0.146209,2.52405e-17
2.455,-0.199078,-0.834523,-0.17928,0.0756379,-0.020301,-0.148401,-2.4862e-17
2.456,-0.199078,-0.834523,-0.17928,0.0756379,-0.020301,-0.148401,-2.4862e-17
2.457,-0.19894,-0.834008,-0.179176,0.0752036,-0.0202986,-0.148566,-4.57387e-17
2.458,-0.19894,-0.834008,-0.179176,0.0752036,-0.0202986,-0.148566,-4.57387e-17
2.459,-0.198907,-0.833881,-0.179168,0.0755044,-0.0203031,-0.148399,3.70346e-17
2.46,-0.198907,-0.833881,-0.179168,0.0755044,-0.0203031,-0.148399,3.70346e-17
2.461,-0.198828,-0.83349,-0.179122,0.0752779,-0.0203061,-0.148473,-4.37621e-17
2.462,-0.198828,-0.83349,-0.179122,0.0752779,-0.0203061,-0.148473,-4.37621e-17
2.463,-0.198103,-0.829733,-0.178505,0.0679017,-0.0202812,-0.151855,2.40175e-17
2.464,-0.198103,-0.829733,-0.178505,0.0679017,-0.0202812,-0.151855,2.40175e-17
2.465,-0.198808,-0.833406,-0.179149,0.0763073,-0.0203174,-0.147934,-1.23619e-18
2.466,-0.198808,-0.833406,-0.179149,0.0763073,-0.0203174,-0.147934,-1.23619e-18
2.467,-0.198887,-0.833582,-0.179248,0.0771781,-0.0203308,-0.14751,-2.85559e-18
2.468,-0.198887,-0.833582,-0.179248,0.0771781,-0.0203308,-0.14751,-2.85559e-18
2.469,-0.198802,-0.833153,-0.179197,0.0769599,-0.0203334,-0.147572,-9.62525e-19
2.47,-0.198796,-0.833157,-0.179214,0.0776553,-0.0203386,-0.14721,4.93571e-17
2.471,-0.198796,-0.833157,-0.179214,0.0776553,-0.0203386,-0.14721,4.93571e-17
2.472,-0.198725,-0.832817,-0.179174,0.0776687,-0.0203412,-0.14716,-1.12729e-17
2.473,-0.198725,-0.832817,-0.179174,0.0776687,-0.0203412,-0.14716,-1.12729e-17
2.474,-0.198725,-0.832817,-0.179174,0.0776687,-0.0203412,-0.14716,-1.12729e-17
2.475,-0.198589,-0.832139,-0.179078,0.0770134,-0.0203412,-0.147416,2.2037e-17
2.476,-0.198572,-0.832077,-0.179085,0.0776316,-0.0203458,-0.147083,-3.26875e-17
2.477,-0.198572,-0.832077,-0.179085,0.0776316,-0.0203458,-0.147083,-3.26875e-17
2.478,-0.198495,-0.831681,-0.179041,0.0775816,-0.0203483,-0.147057,-5.91551e-18
2.479,-0.198495,-0.831681,-0.179041,0.0775816,-0.0203483,-0.147057,-5.91551e-18
2.48,-0.198495,-0.831681,-0.179041,0.0775816,-0.0203483,-0.147057,-5.91551e-18
2.481,-0.198274,-0.830536,-0.178872,0.0760227,-0.0203452,-0.147723,-3.21504e-17
2.482,-0.198274,-0.830536,-0.178872,0.0760227,-0.0203452,-0.147723,-3.21504e-17
2.483,-0.197715,-0.827621,-0.178399,0.0704673,-0.0203265,-0.150254,8.82297e-18
2.484,-0.197715,-0.827621,-0.178399,0.0704673,-0.0203265,-0.150254,8.82297e-18
2.485,-0.198089,-0.829512,-0.178759,0.0755173,-0.0203499,-0.147849,1.71167e-17
2.486,-0.198089,-0.829512,-0.178759,0.0755173,-0.0203499,-0.147849,1.71167e-17
2.487,-0.197704,-0.827385,-0.178441,0.0715323,-0.0203398,-0.149661,8.43438e-18
2.488,-0.197704,-0.827385,-0.178441,0.0715323,-0.0203398,-0.149661,8.43438e-18
2.489,-0.19813,-0.8294,-0.178852,0.0768255,-0.0203677,-0.147147,1.11845e-17
2.49,-0.19813,-0.8294,-0.178852,0.0768255,-0.0203677,-0.147147,1.11845e-17
2.491,-0.19771,-0.827095,-0.178503,0.0725037,-0.020356,-0.149111,-3.27758e-17
2.492,-0.19771,-0.827095,-0.178503,0.0725037,-0.020356,-0.149111,-3.27758e-17
2.493,-0.19793,-0.828075,-0.178734,0.0757614,-0.0203751,-0.147525,3.33013e-17
2.494,-0.197624,-0.826373,-0.178484,0.0726938,-0.0203676,-0.148909,1.7363e-17
2.495,-0.197624,-0.826373,-0.178484,0.0726938,-0.0203676,-0.148909,1.7363e-17
2.496,-0.197624,-0.826373,-0.178484,0.0726938,-0.0203676,-0.148909,1.7363e-17
2.497,-0.196707,-0.821477,-0.177705,0.0631072,-0.0203367,-0.153292,-2.99172e-17
2.498,-0.196707,-0.821477,-0.177705,0.0631072,-0.0203367,-0.153292,-2.99172e-17
2.499,-0.196866,-0.822153,-0.17787,0.0653503,-0.0203504,-0.1522,3.07535e-17
2.5,-0.197687,-0.825983,-0.178633,0.0743913,-0.0203973,-0.147958,2.41929e-17
2.501,-0.197687,-0.825983,-0.178633,0.0743913,-0.0203973,-0.147958,2.41929e-17
2.502,-0.197687,-0.825983,-0.178633,0.0743913,-0.0203973,-0.147958,2.41929e-17
2.503,-0.198326,-0.828768,-0.179242,0.0812911,-0.020439,-0.144703,-4.51974e-17
2.504,-0.198326,-0.828768,-0.179242,0.0812911,-0.020439,-0.144703,-4.51974e-17
2.505,-0.198213,-0.827997,-0.179172,0.0806488,-0.0204423,-0.144931,-2.12366e-17
2.506,-0.198147,-0.827694,-0.179137,0.0810808,-0.0204436,-0.144652,-1.71959e-17
2.507,-0.198147,-0.827694,-0.179137,0.0810808,-0.0204436,-0.144652,-1.71959e-17
2.508,-0.19806,-0.827266,-0.179084,0.081266,-0.0204442,-0.144486,4.0809e-18
2.509,-0.19806,-0.827266,-0.179084,0.081266,-0.0204442,-0.144486,4.0809e-18
2.51,-0.197427,-0.823961,-0.178546,0.0750539,-0.0204218,-0.147302,3.86197e-17
2.511,-0.197427,-0.823961,-0.178546,0.0750539,-0.0204218,-0.147302,3.86197e-17
2.512,-0.197285,-0.823251,-0.178445,0.0746948,-0.02042,-0.147382,2.03955e-17
2.513,-0.197285,-0.823251,-0.178445,0.0746948,-0.02042,-0.147382,2.03955e-17
2.514,-0.197801,-0.825705,-0.178936,0.0812342,-0.0204505,-0.14426,3.55617e-17
2.515,-0.197801,-0.825705,-0.178936,0.0812342,-0.0204505,-0.14426,3.55617e-17
2.516,-0.197665,-0.824916,-0.178845,0.0807043,-0.0204507,-0.14442,-2.27095e-17
2.517,-0.197665,-0.824916,-0.178845,0.0807043,-0.0204507,-0.14442,-2.27095e-17
2.518,-0.197506,-0.824093,-0.178729,0.080166,-0.0204483,-0.144577,-1.38922e-17
2.519,-0.197506,-0.824093,-0.178729,0.080166,-0.0204483,-0.144577,-1.38922e-17
2.52,-0.197392,-0.823492,-0.178654,0.0800901,-0.0204478,-0.14452,-1.70815e-17
2.521,-0.197392,-0.823492,-0.178654,0.0800901,-0.0204478,-0.14452,-1.70815e-17
2.522,-0.196692,-0.8198,-0.178059,0.0731278,-0.020423,-0.147675,-1.41588e-18
2.523,-0.196692,-0.8198,-0.178059,0.0731278,-0.020423,-0.147675,-1.41588e-18
2.524,-0.196995,-0.821256,-0.178361,0.0778148,-0.0204425,-0.145384,5.50484e-17
2.525,-0.196995,-0.821256,-0.178361,0.0778148,-0.0204425,-0.145384,5.50484e-17
2.526,-0.196508,-0.81857,-0.177955,0.0728716,-0.0204278,-0.147614,-1.16351e-17
2.527,-0.196508,-0.81857,-0.177955,0.0728716,-0.0204278,-0.147614,-1.16351e-17
2.528,-0.196284,-0.817293,-0.177787,0.0714304,-0.0204244,-0.148183,-1.70734e-17
2.529,-0.196284,-0.817293,-0.177787,0.0714304,-0.0204244,-0.148183,-1.70734e-17
2.53,-0.196909,-0.820182,-0.178378,0.0789978,-0.0204607,-0.144573,2.58247e-17
2.531,-0.196909,-0.820182,-0.178378,0.0789978,-0.0204607,-0.144573,2.58247e-17
2.532,-0.196265,-0.816632,-0.177836,0.0722999,-0.0204404,-0.147608,6.83797e-18
2.533,-0.196265,-0.816632,-0.177836,0.0722999,-0.0204404,-0.147608,6.83797e-18
2.534,-0.196159,-0.816009,-0.17777,0.0722612,-0.0204407,-0.147525,-4.65109e-17
2.535,-0.196159,-0.816009,-0.17777,0.0722612,-0.0204407,-0.147525,-4.65109e-17
2.536,-0.196124,-0.815548,-0.177773,0.0724705,-0.0204475,-0.147337,2.80494e-17
2.537,-0.196124,-0.815548,-0.177773,0.0724705,-0.0204475,-0.147337,2.80494e-17
2.538,-0.196093,-0.815099,-0.177779,0.0727206,-0.0204545,-0.147128,-3.11751e-17
2.539,-0.196093,-0.815099,-0.177779,0.0727206,-0.0204545,-0.147128,-3.11751e-17
2.54,-0.196001,-0.814337,-0.177732,0.0723476,-0.0204589,-0.147203,-7.78512e-18
2.541,-0.196001,-0.814337,-0.177732,0.0723476,-0.0204589,-0.147203,-7.78512e-18
2.542,-0.195908,-0.813576,-0.177684,0.0719974,-0.0204631,-0.147266,3.14283e-17
2.543,-0.195908,-0.813576,-0.177684,0.0719974,-0.0204631,-0.147266,3.14283e-17
2.544,-0.195883,-0.813161,-0.177695,0.0723656,-0.02047,-0.146998,-4.27412e-17
2.545,-0.195883,-0.813161,-0.177695,0.0723656,-0.02047,-0.146998,-4.27412e-17
2.546,-0.195776,-0.812355,-0.177634,0.0718741,-0.0204735,-0.147131,1.20331e-17
2.547,-0.195776,-0.812355,-0.177634,0.0718741,-0.0204735,-0.147131,1.20331e-17
2.548,-0.195675,-0.811613,-0.177577,0.0715101,-0.0204768,-0.147207,-1.40731e-17
2.549,-0.195675,-0.811613,-0.177577,0.0715101,-0.0204768,-0.147207,-1.40731e-17
2.55,-0.195582,-0.810896,-0.177528,0.0712077,-0.0204806,-0.147253,9.22252e-19
2.551,-0.195491,-0.810178,-0.177481,0.0709119,-0.0204847,-0.147294,-5.42556e-18
2.552,-0.195491,-0.810178,-0.177481,0.0709119,-0.0204847,-0.147294,-5.42556e-18
2.553,-0.195393,-0.809408,-0.177427,0.0705168,-0.0204886,-0.147381,-2.14647e-17
2.554,-0.195393,-0.809408,-0.177427,0.0705168,-0.0204886,-0.147381,-2.14647e-17
2.555,-0.195295,-0.808626,-0.177375,0.0701085,-0.0204927,-0.147473,3.63027e-17
2.556,-0.195295,-0.808626,-0.177375,0.0701085,-0.0204927,-0.147473,3.63027e-17
2.557,-0.195223,-0.807968,-0.177345,0.0699625,-0.020498,-0.147442,-4.26524e-17
2.558,-0.195223,-0.807968,-0.177345,0.0699625,-0.020498,-0.147442,-4.26524e-17
2.559,-0.195117,-0.807121,-0.177287,0.0694396,-0.020502,-0.147584,6.84783e-18
2.56,-0.195117,-0.807121,-0.177287,0.0694396,-0.020502,-0.147584,6.84783e-18
2.561,-0.195117,-0.807121,-0.177287,0.0694396,-0.020502,-0.147584,6.84783e-18
2.562,-0.194126,-0.801773,-0.17644,0.0590459,-0.0204676,-0.152317,4.68442e-17
2.563,-0.194865,-0.80518,-0.177135,0.0679187,-0.0205089,-0.148083,2.39926e-17
2.563,-0.194865,-0.80518,-0.177135,0.0679187,-0.0205089,-0.148083,2.39926e-17
2.565,-0.194803,-0.804355,-0.177122,0.0673879,-0.0205181,-0.148234,2.03718e-17
2.566,-0.194803,-0.804355,-0.177122,0.0673879,-0.0205181,-0.148234,2.03718e-17
2.567,-0.194809,-0.804021,-0.177163,0.0679452,-0.0205276,-0.147876,1.30024e-17
2.568,-0.194809,-0.804021,-0.177163,0.0679452,-0.0205276,-0.147876,1.30024e-17
2.569,-0.194678,-0.802966,-0.177086,0.0670343,-0.0205317,-0.148192,-2.73425e-17
2.57,-0.194678,-0.802966,-0.177086,0.0670343,-0.0205317,-0.148192,-2.73425e-17
2.571,-0.194679,-0.802595,-0.177122,0.0675444,-0.0205409,-0.147852,4.52826e-18
2.572,-0.194679,-0.802595,-0.177122,0.0675444,-0.0205409,-0.147852,4.52826e-18
2.573,-0.194396,-0.80073,-0.176913,0.0649885,-0.0205391,-0.148922,6.42989e-18
2.574,-0.194396,-0.80073,-0.176913,0.0649885,-0.0205391,-0.148922,6.42989e-18
2.575,-0.194455,-0.800629,-0.177001,0.0660657,-0.0205511,-0.148321,-1.49258e-17
2.576,-0.194455,-0.800629,-0.177001,0.0660657,-0.0205511,-0.148321,-1.49258e-17
2.577,-0.193851,-0.797226,-0.176495,0.0596951,-0.0205329,-0.151198,1.76104e-17
2.578,-0.193851,-0.797226,-0.176495,0.0596951,-0.0205329,-0.151198,1.76104e-17
2.579,-0.193771,-0.79639,-0.176463,0.0592787,-0.0205395,-0.151281,-4.19829e-18
2.58,-0.193771,-0.79639,-0.176463,0.0592787,-0.0205395,-0.151281,-4.19829e-18
2.581,-0.193784,-0.795836,-0.176519,0.0593603,-0.0205533,-0.151144,2.40449e-17
2.582,-0.193784,-0.795836,-0.176519,0.0593603,-0.0205533,-0.151144,2.40449e-17
2.583,-0.193847,-0.795534,-0.176619,0.0599715,-0.0205693,-0.150763,1.37098e-17
2.584,-0.193847,-0.795534,-0.176619,0.0599715,-0.0205693,-0.150763,1.37098e-17
2.585,-0.193875,-0.795054,-0.176689,0.0602301,-0.0205838,-0.150542,3.91683e-17
2.586,-0.193875,-0.795054,-0.176689,0.0602301,-0.0205838,-0.150542,3.91683e-17
2.587,-0.19388,-0.794471,-0.176737,0.0603019,-0.020597,-0.150404,-4.22631e-17
2.588,-0.19388,-0.794471,-0.176737,0.0603019,-0.020597,-0.150404,-4.22631e-17
2.589,-0.193911,-0.794036,-0.176809,0.0606957,-0.0206111,-0.150117,3.32078e-17
2.59,-0.193911,-0.794036,-0.176809,0.0606957,-0.0206111,-0.150117,3.32078e-17
2.591,-0.193888,-0.793321,-0.176833,0.0605262,-0.0206228,-0.150086,1.2593e-17
2.592,-0.193888,-0.793321,-0.176833,0.0605262,-0.0206228,-0.150086,1.2593e-17
2.593,-0.193898,-0.792791,-0.176885,0.0607611,-0.0206356,-0.149868,-1.59137e-17
2.594,-0.193887,-0.792149,-0.176919,0.0607764,-0.0206476,-0.149749,3.41818e-17
2.595,-0.193887,-0.792149,-0.176919,0.0607764,-0.0206476,-0.149749,3.41818e-17
2.596,-0.193895,-0.791622,-0.176969,0.0610454,-0.0206599,-0.149512,-2.82649e-17
2.597,-0.193895,-0.791622,-0.176969,0.0610454,-0.0206599,-0.149512,-2.82649e-17
2.598,-0.193895,-0.791622,-0.176969,0.0610454,-0.0206599,-0.149512,-2.82649e-17
2.599,-0.19383,-0.790716,-0.176956,0.0605485,-0.0206693,-0.149625,-3.09751e-17
2.6,-0.193757,-0.789767,-0.176934,0.0599808,-0.0206782,-0.149769,-4.60828e-17
2.601,-0.193757,-0.789767,-0.176934,0.0599808,-0.0206782,-0.149769,-4.60828e-17
2.602,-0.193732,-0.789061,-0.176957,0.0599147,-0.0206893,-0.149682,-8.84631e-18
2.603,-0.193732,-0.789061,-0.176957,0.0599147,-0.0206893,-0.149682,-8.84631e-18
2.604,-0.193805,-0.788863,-0.177064,0.0609059,-0.0207043,-0.149108,1.86452e-17
2.605,-0.193805,-0.788863,-0.177064,0.0609059,-0.0207043,-0.149108,1.86452e-17
2.606,-0.193742,-0.78796,-0.177051,0.0604648,-0.0207136,-0.14919,3.5803e-17
2.607,-0.193742,-0.78796,-0.177051,0.0604648,-0.0207136,-0.14919,3.5803e-17
2.608,-0.193693,-0.787148,-0.177051,0.0602294,-0.0207231,-0.149176,-2.7563e-17
2.609,-0.193693,-0.787148,-0.177051,0.0602294,-0.0207231,-0.149176,-2.7563e-17
2.61,-0.193618,-0.786193,-0.177029,0.0597075,-0.0207318,-0.149292,-3.41002e-17
2.611,-0.193618,-0.786193,-0.177029,0.0597075,-0.0207318,-0.149292,-3.41002e-17
2.612,-0.193515,-0.785079,-0.176983,0.0588659,-0.0207394,-0.149554,-3.41383e-18
2.613,-0.193515,-0.785079,-0.176983,0.0588659,-0.0207394,-0.149554,-3.41383e-18
2.614,-0.193543,-0.784638,-0.17705,0.0594144,-0.0207523,-0.149177,1.4544e-17
2.615,-0.193543,-0.784638,-0.17705,0.0594144,-0.0207523,-0.149177,1.4544e-17
2.616,-0.193483,-0.783733,-0.177042,0.0590198,-0.0207618,-0.149232,-8.46379e-18
2.617,-0.193483,-0.783733,-0.177042,0.0590198,-0.0207618,-0.149232,-8.46379e-18
2.618,-0.193489,-0.783188,-0.177091,0.0593806,-0.0207738,-0.148938,-6.50749e-18
2.619,-0.193489,-0.783188,-0.177091,0.0593806,-0.0207738,-0.148938,-6.50749e-18
2.62,-0.193484,-0.782586,-0.17713,0.0596374,-0.0207851,-0.14869,6.29871e-19
2.621,-0.193484,-0.782586,-0.17713,0.0596374,-0.0207851,-0.14869,6.29871e-19
2.622,-0.193286,-0.780972,-0.176999,0.0578233,-0.0207886,-0.149392,-8.26807e-18
2.623,-0.193286,-0.780972,-0.176999,0.0578233,-0.0207886,-0.149392,-8.26807e-18
2.624,-0.193347,-0.780717,-0.177096,0.0588172,-0.0208025,-0.148804,2.77309e-17
2.625,-0.193347,-0.780717,-0.177096,0.0588172,-0.0208025,-0.148804,2.77309e-17
2.626,-0.192707,-0.77701,-0.17656,0.0519277,-0.0207836,-0.151902,5.04098e-18
2.627,-0.192707,-0.77701,-0.17656,0.0519277,-0.0207836,-0.151902,5.04098e-18
2.628,-0.193241,-0.778887,-0.177095,0.0580636,-0.0208232,-0.148887,2.07272e-17
2.629,-0.193241,-0.778887,-0.177095,0.0580636,-0.0208232,-0.148887,2.07272e-17
2.63,-0.193239,-0.778192,-0.17714,0.0581338,-0.0208364,-0.148724,2.35204e-17
2.631,-0.193239,-0.778192,-0.17714,0.0581338,-0.0208364,-0.148724,2.35204e-17
2.632,-0.193143,-0.777104,-0.1771,0.0574511,-0.020844,-0.148901,8.426e-18
2.633,-0.193143,-0.777104,-0.1771,0.0574511,-0.020844,-0.148901,8.426e-18
2.634,-0.193085,-0.77621,-0.177093,0.057178,-0.020853,-0.148889,-4.27696e-18
2.635,-0.193085,-0.77621,-0.177093,0.057178,-0.020853,-0.148889,-4.27696e-18
2.636,-0.193085,-0.77621,-0.177093,0.057178,-0.020853,-0.148889,-4.27696e-18
2.637,-0.192967,-0.774992,-0.177034,0.0562418,-0.0208598,-0.14918,1.52533e-17
2.638,-0.19301,-0.774623,-0.177116,0.057068,-0.0208729,-0.14866,2.3837e-17
2.639,-0.19301,-0.774623,-0.177116,0.057068,-0.0208729,-0.14866,2.3837e-17
2.64,-0.192977,-0.773851,-0.177131,0.0570667,-0.0208831,-0.14852,1.3677e-17
2.641,-0.192977,-0.773851,-0.177131,0.0570667,-0.0208831,-0.14852,1.3677e-17
2.642,-0.192349,-0.770206,-0.176605,0.0503492,-0.0208642,-0.151534,-1.7074e-17
2.643,-0.192349,-0.770206,-0.176605,0.0503492,-0.0208642,-0.151534,-1.7074e-17
2.644,-0.192244,-0.769131,-0.176554,0.0497118,-0.0208703,-0.151687,3.00413e-17
2.645,-0.192244,-0.769131,-0.176554,0.0497118,-0.0208703,-0.151687,3.00413e-17
2.646,-0.192238,-0.768427,-0.176595,0.0497284,-0.0208834,-0.151552,4.73403e-17
2.647,-0.192238,-0.768427,-0.176595,0.0497284,-0.0208834,-0.151552,4.73403e-17
2.648,-0.192212,-0.767598,-0.176619,0.0494887,-0.020896,-0.151535,6.57154e-18
2.649,-0.192212,-0.767598,-0.176619,0.0494887,-0.020896,-0.151535,6.57154e-18
2.65,-0.19218,-0.766749,-0.176639,0.049218,-0.0209082,-0.151531,3.86526e-18
2.651,-0.19218,-0.766749,-0.176639,0.049218,-0.0209082,-0.151531,3.86526e-18
2.652,-0.192169,-0.766002,-0.176676,0.0491701,-0.0209213,-0.151423,2.55959e-17
2.653,-0.192169,-0.766002,-0.176676,0.0491701,-0.0209213,-0.151423,2.55959e-17
2.654,-0.19217,-0.765315,-0.176724,0.049255,-0.0209349,-0.151253,-4.50008e-17
2.655,-0.19217,-0.765315,-0.176724,0.049255,-0.0209349,-0.151253,-4.50008e-17
2.656,-0.192148,-0.764512,-0.176752,0.0491116,-0.0209474,-0.151187,-4.23313e-17
2.657,-0.192133,-0.763749,-0.176786,0.0490646,-0.0209601,-0.151075,2.64171e-17
2.658,-0.192133,-0.763749,-0.176786,0.0490646,-0.0209601,-0.151075,2.64171e-17
2.659,-0.192133,-0.763749,-0.176786,0.0490646,-0.0209601,-0.151075,2.64171e-17
2.66,-0.191409,-0.759603,-0.176174,0.0412332,-0.0209376,-0.154607,3.2042e-17
2.661,-0.192043,-0.761928,-0.1768,0.048387,-0.0209826,-0.151116,4.35057e-17
2.662,-0.192043,-0.761928,-0.1768,0.048387,-0.0209826,-0.151116,4.35057e-17
2.663,-0.192081,-0.761332,-0.176885,0.0486568,-0.0209995,-0.150861,2.3596e-17
2.664,-0.192081,-0.761332,-0.176885,0.0486568,-0.0209995,-0.150861,2.3596e-17
2.665,-0.192042,-0.760451,-0.176897,0.0484023,-0.021011,-0.15084,2.96527e-17
2.666,-0.192042,-0.760451,-0.176897,0.0484023,-0.021011,-0.15084,2.96527e-17
2.667,-0.192042,-0.760451,-0.176897,0.0484023,-0.021011,-0.15084,2.96527e-17
2.668,-0.191864,-0.758844,-0.176787,0.0466517,-0.0210167,-0.151506,-1.78747e-17
2.669,-0.191935,-0.758548,-0.176897,0.0476342,-0.0210324,-0.150914,-4.35093e-17
2.67,-0.191935,-0.758548,-0.176897,0.0476342,-0.0210324,-0.150914,-4.35093e-17
2.671,-0.191776,-0.757007,-0.176804,0.0460248,-0.0210393,-0.151513,1.31108e-17
2.672,-0.191776,-0.757007,-0.176804,0.0460248,-0.0210393,-0.151513,1.31108e-17
2.673,-0.191805,-0.756461,-0.176877,0.0464872,-0.0210539,-0.15116,1.34752e-17
2.674,-0.191805,-0.756461,-0.176877,0.0464872,-0.0210539,-0.15116,1.34752e-17
2.675,-0.191823,-0.755845,-0.176941,0.0468079,-0.0210681,-0.150872,-3.29927e-18
2.676,-0.191823,-0.755845,-0.176941,0.0468079,-0.0210681,-0.150872,-3.29927e-18
2.677,-0.191195,-0.752174,-0.176413,0.039992,-0.0210495,-0.153931,-8.44982e-18
2.678,-0.191195,-0.752174,-0.176413,0.039992,-0.0210495,-0.153931,-8.44982e-18
2.679,-0.191107,-0.751026,-0.176384,0.0392325,-0.021059,-0.154136,2.72598e-17
2.68,-0.191107,-0.751026,-0.176384,0.0392325,-0.021059,-0.154136,2.72598e-17
2.681,-0.19116,-0.750408,-0.176484,0.0394881,-0.0210779,-0.153884,1.45082e-17
2.682,-0.19116,-0.750408,-0.176484,0.0394881,-0.0210779,-0.153884,1.45082e-17
2.683,-0.191256,-0.749999,-0.176623,0.0401788,-0.0210988,-0.153432,-3.89681e-17
2.684,-0.191256,-0.749999,-0.176623,0.0401788,-0.0210988,-0.153432,-3.89681e-17
2.685,-0.19127,-0.749173,-0.17669,0.0400197,-0.0211162,-0.153368,1.64761e-17
2.686,-0.19127,-0.749173,-0.17669,0.0400197,-0.0211162,-0.153368,1.64761e-17
2.687,-0.19132,-0.748563,-0.176786,0.0403275,-0.0211345,-0.153088,1.8211e-17
2.688,-0.19132,-0.748563,-0.176786,0.0403275,-0.0211345,-0.153088,1.8211e-17
2.689,-0.191326,-0.747724,-0.176845,0.0401703,-0.021151,-0.15302,7.39929e-18
2.69,-0.191326,-0.747724,-0.176845,0.0401703,-0.021151,-0.15302,7.39929e-18
2.691,-0.191389,-0.747203,-0.176952,0.0406903,-0.0211694,-0.15264,-1.92734e-18
2.692,-0.19142,-0.74652,-0.177033,0.0408819,-0.0211865,-0.15241,1.06656e-17
2.693,-0.19142,-0.74652,-0.177033,0.0408819,-0.0211865,-0.15241,1.06656e-17
2.694,-0.19142,-0.74652,-0.177033,0.0408819,-0.0211865,-0.15241,1.06656e-17
2.695,-0.19135,-0.745333,-0.177022,0.0400429,-0.0211989,-0.15265,-2.46162e-18
2.696,-0.19135,-0.745333,-0.177022,0.0400429,-0.0211989,-0.15265,-2.46162e-18
2.697,-0.191346,-0.744496,-0.17707,0.039948,-0.0212137,-0.152548,1.86289e-17
2.698,-0.191424,-0.74408,-0.17719,0.040724,-0.0212322,-0.152045,-2.33573e-17
2.699,-0.191424,-0.74408,-0.17719,0.040724,-0.0212322,-0.152045,-2.33573e-17
2.7,-0.191424,-0.74408,-0.17719,0.040724,-0.0212322,-0.152045,-2.33573e-17
2.701,-0.191385,-0.743068,-0.177206,0.0402764,-0.0212456,-0.152103,2.63309e-17
2.702,-0.191397,-0.742339,-0.177267,0.0404352,-0.0212607,-0.151881,2.3569e-17
2.703,-0.191397,-0.742339,-0.177267,0.0404352,-0.0212607,-0.151881,2.3569e-17
2.704,-0.191397,-0.742339,-0.177267,0.0404352,-0.0212607,-0.151881,2.3569e-17
2.705,-0.191163,-0.740311,-0.177112,0.0378977,-0.0212658,-0.152895,-2.96054e-17
2.706,-0.191339,-0.740465,-0.177318,0.0399087,-0.0212873,-0.15182,-7.27619e-18
2.707,-0.191339,-0.740465,-0.177318,0.0399087,-0.0212873,-0.15182,-7.27619e-18
2.708,-0.191254,-0.739197,-0.177294,0.0389523,-0.0212988,-0.152109,1.77528e-17
2.709,-0.191254,-0.739197,-0.177294,0.0389523,-0.0212988,-0.152109,1.77528e-17
2.71,-0.191302,-0.738663,-0.177386,0.0395391,-0.0213152,-0.151687,3.37719e-17
2.711,-0.191302,-0.738663,-0.177386,0.0395391,-0.0213152,-0.151687,3.37719e-17
2.712,-0.19126,-0.737656,-0.1774,0.0391495,-0.0213279,-0.151713,-3.71277e-17
2.713,-0.19126,-0.737656,-0.1774,0.0391495,-0.0213279,-0.151713,-3.71277e-17
2.714,-0.191304,-0.737114,-0.177488,0.0397381,-0.0213438,-0.151288,4.70796e-17
2.715,-0.191304,-0.737114,-0.177488,0.0397381,-0.0213438,-0.151288,4.70796e-17
2.716,-0.191263,-0.736138,-0.177502,0.0394384,-0.021356,-0.151269,4.25855e-17
2.717,-0.191263,-0.736138,-0.177502,0.0394384,-0.021356,-0.151269,4.25855e-17
2.718,-0.191263,-0.736138,-0.177502,0.0394384,-0.021356,-0.151269,4.25855e-17
2.719,-0.190924,-0.733589,-0.177252,0.0358766,-0.0213559,-0.152746,-4.67746e-17
2.72,-0.19052,-0.731062,-0.176921,0.0314909,-0.0213463,-0.154679,1.03385e-17
2.721,-0.19052,-0.731062,-0.176921,0.0314909,-0.0213463,-0.154679,1.03385e-17
2.722,-0.190465,-0.72997,-0.176924,0.0309488,-0.0213586,-0.154771,2.54044e-17
2.723,-0.190465,-0.72997,-0.176924,0.0309488,-0.0213586,-0.154771,2.54044e-17
2.724,-0.190575,-0.729575,-0.177077,0.0317815,-0.0213808,-0.15424,-2.80307e-17
2.725,-0.190575,-0.729575,-0.177077,0.0317815,-0.0213808,-0.15424,-2.80307e-17
2.726,-0.190643,-0.728944,-0.177194,0.0321233,-0.0214015,-0.153934,-4.82783e-19
2.727,-0.190643,-0.728944,-0.177194,0.0321233,-0.0214015,-0.153934,-4.82783e-19
2.728,-0.190687,-0.728222,-0.177288,0.0322986,-0.0214206,-0.153703,2.05405e-17
2.729,-0.190687,-0.728222,-0.177288,0.0322986,-0.0214206,-0.153703,2.05405e-17
2.73,-0.190684,-0.72727,-0.17734,0.0320092,-0.0214374,-0.153683,-1.18191e-17
2.731,-0.190684,-0.72727,-0.17734,0.0320092,-0.0214374,-0.153683,-1.18191e-17
2.732,-0.190743,-0.726664,-0.177447,0.0324524,-0.0214563,-0.153325,3.01178e-17
2.733,-0.190743,-0.726664,-0.177447,0.0324524,-0.0214563,-0.153325,3.01178e-17
2.734,-0.190784,-0.725965,-0.177537,0.0327089,-0.0214745,-0.153052,-4.44988e-17
2.735,-0.190784,-0.725965,-0.177537,0.0327089,-0.0214745,-0.153052,-4.44988e-17
2.736,-0.190807,-0.725198,-0.177612,0.0328378,-0.0214916,-0.152836,-1.26642e-17
2.737,-0.190807,-0.725198,-0.177612,0.0328378,-0.0214916,-0.152836,-1.26642e-17
2.738,-0.19081,-0.724338,-0.177667,0.0327863,-0.0215074,-0.152702,-3.68721e-17
2.739,-0.190789,-0.723366,-0.177701,0.0325127,-0.021522,-0.152668,-6.3873e-18
2.74,-0.190789,-0.723366,-0.177701,0.0325127,-0.021522,-0.152668,-6.3873e-18
2.741,-0.190822,-0.722681,-0.177782,0.0328012,-0.021539,-0.15238,-4.94688e-18
2.742,-0.190822,-0.722681,-0.177782,0.0328012,-0.021539,-0.15238,-4.94688e-18
2.743,-0.190822,-0.722681,-0.177782,0.0328012,-0.021539,-0.15238,-4.94688e-18
2.744,-0.190745,-0.721393,-0.177768,0.0317677,-0.0215522,-0.152706,-2.01096e-17
2.745,-0.190745,-0.721393,-0.177768,0.0317677,-0.0215522,-0.152706,-2.01096e-17
2.746,-0.190769,-0.720658,-0.177842,0.0319069,-0.0215692,-0.152491,-1.23152e-17
2.747,-0.190769,-0.720658,-0.177842,0.0319069,-0.0215692,-0.152491,-1.23152e-17
2.748,-0.190723,-0.719523,-0.177854,0.0312004,-0.0215838,-0.152666,-1.77018e-17
2.749,-0.190685,-0.718445,-0.177873,0.0306237,-0.0215984,-0.15278,-1.85555e-17
2.75,-0.190685,-0.718445,-0.177873,0.0306237,-0.0215984,-0.15278,-1.85555e-17
2.751,-0.190685,-0.717564,-0.177927,0.0304573,-0.0216148,-0.152705,1.20179e-17
2.752,-0.190685,-0.717564,-0.177927,0.0304573,-0.0216148,-0.152705,1.20179e-17
2.753,-0.190645,-0.716462,-0.177945,0.0298288,-0.0216295,-0.152842,1.49324e-17
2.754,-0.190645,-0.716462,-0.177945,0.0298288,-0.0216295,-0.152842,1.49324e-17
2.755,-0.190613,-0.715405,-0.17797,0.0292998,-0.0216445,-0.152933,3.34586e-17
2.756,-0.190613,-0.715405,-0.17797,0.0292998,-0.0216445,-0.152933,3.34586e-17
2.757,-0.189793,-0.710538,-0.177275,0.0199189,-0.0216205,-0.157167,1.84623e-18
2.758,-0.189793,-0.710538,-0.177275,0.0199189,-0.0216205,-0.157167,1.84623e-18
2.759,-0.19055,-0.713133,-0.178026,0.0278463,-0.0216777,-0.153303,-2.99097e-17
2.76,-0.19055,-0.713133,-0.178026,0.0278463,-0.0216777,-0.153303,-2.99097e-17
2.761,-0.190046,-0.709815,-0.177614,0.0216591,-0.0216689,-0.156076,-1.93138e-17
2.762,-0.190046,-0.709815,-0.177614,0.0216591,-0.0216689,-0.156076,-1.93138e-17
2.763,-0.19006,-0.708971,-0.177681,0.0215737,-0.0216863,-0.155963,-2.8639e-17
2.764,-0.19006,-0.708971,-0.177681,0.0215737,-0.0216863,-0.155963,-2.8639e-17
2.765,-0.190087,-0.708004,-0.177765,0.0211501,-0.0217079,-0.156013,-2.26857e-17
2.766,-0.190087,-0.708004,-0.177765,0.0211501,-0.0217079,-0.156013,-2.26857e-17
2.767,-0.190187,-0.707438,-0.177914,0.0215779,-0.0217322,-0.155672,4.78899e-18
2.768,-0.190187,-0.707438,-0.177914,0.0215779,-0.0217322,-0.155672,4.78899e-18
2.769,-0.190285,-0.706857,-0.17806,0.0219775,-0.0217564,-0.155344,2.6055e-17
2.77,-0.190285,-0.706857,-0.17806,0.0219775,-0.0217564,-0.155344,2.6055e-17
2.771,-0.190329,-0.706013,-0.178158,0.0218371,-0.0217781,-0.155262,3.77402e-17
2.772,-0.190329,-0.706013,-0.178158,0.0218371,-0.0217781,-0.155262,3.77402e-17
2.773,-0.190371,-0.705183,-0.178254,0.0217421,-0.0217992,-0.155157,1.85397e-17
2.774,-0.190371,-0.705183,-0.178254,0.0217421,-0.0217992,-0.155157,1.85397e-17
2.775,-0.190445,-0.704537,-0.178378,0.0220406,-0.0218214,-0.154871,-2.43517e-17
2.776,-0.190445,-0.704537,-0.178378,0.0220406,-0.0218214,-0.154871,-2.43517e-17
2.777,-0.190484,-0.703708,-0.17847,0.0219608,-0.021842,-0.154758,4.45814e-17
2.778,-0.190484,-0.703708,-0.17847,0.0219608,-0.021842,-0.154758,4.45814e-17
2.779,-0.190541,-0.703001,-0.178577,0.02215,-0.021863,-0.15452,3.96317e-17
2.78,-0.190541,-0.703001,-0.178577,0.02215,-0.021863,-0.15452,3.96317e-17
2.781,-0.190574,-0.702171,-0.178663,0.0220871,-0.0218827,-0.154396,6.18612e-18
2.782,-0.190574,-0.702171,-0.178663,0.0220871,-0.0218827,-0.154396,6.18612e-18
2.783,-0.190591,-0.701277,-0.178734,0.0219016,-0.0219015,-0.154328,3.65043e-17
2.784,-0.190591,-0.701277,-0.178734,0.0219016,-0.0219015,-0.154328,3.65043e-17
2.785,-0.190476,-0.699681,-0.178689,0.0202467,-0.0219149,-0.154934,-4.00889e-17
2.786,-0.190476,-0.699681,-0.178689,0.0202467,-0.0219149,-0.154934,-4.00889e-17
2.787,-0.190494,-0.69881,-0.178761,0.0201214,-0.0219334,-0.154836,4.69611e-17
2.788,-0.190494,-0.69881,-0.178761,0.0201214,-0.0219334,-0.154836,4.69611e-17
2.789,-0.190575,-0.698237,-0.178889,0.02061,-0.0219551,-0.154458,8.97815e-20
2.79,-0.190575,-0.698237,-0.178889,0.02061,-0.0219551,-0.154458,8.97815e-20
2.791,-0.189797,-0.693517,-0.178232,0.0115222,-0.0219336,-0.158553,-1.39599e-17
2.792,-0.190021,-0.693748,-0.178485,0.0137144,-0.0219604,-0.157391,-3.00987e-17
2.793,-0.190021,-0.693748,-0.178485,0.0137144,-0.0219604,-0.157391,-3.00987e-17
2.794,-0.190021,-0.693748,-0.178485,0.0137144,-0.0219604,-0.157391,-3.00987e-17
2.795,-0.190021,-0.693748,-0.178485,0.0137144,-0.0219604,-0.157391,-3.00987e-17
2.796,-0.190341,-0.69378,-0.178858,0.0162502,-0.0220043,-0.156004,1.36897e-18
2.797,-0.189335,-0.688315,-0.177972,0.00474247,-0.0219646,-0.161286,1.42649e-18
2.798,-0.19097,-0.694895,-0.179536,0.0218927,-0.0220715,-0.153117,1.52521e-17
2.799,-0.19097,-0.694895,-0.179536,0.0218927,-0.0220715,-0.153117,1.52521e-17
2.8,-0.190493,-0.691573,-0.179151,0.0156578,-0.022066,-0.15591,-2.06691e-17
2.801,-0.190493,-0.691573,-0.179151,0.0156578,-0.022066,-0.15591,-2.06691e-17
2.802,-0.190442,-0.690438,-0.179158,0.0150331,-0.0220798,-0.156035,2.21902e-17
2.803,-0.190442,-0.690438,-0.179158,0.0150331,-0.0220798,-0.156035,2.21902e-17
2.804,-0.191077,-0.692307,-0.179805,0.0215013,-0.022134,-0.152837,-3.5925e-18
2.805,-0.191077,-0.692307,-0.179805,0.0215013,-0.022134,-0.152837,-3.5925e-18
2.806,-0.191081,-0.691388,-0.179864,0.0213004,-0.0221516,-0.152771,-1.70403e-17
2.807,-0.191081,-0.691388,-0.179864,0.0213004,-0.0221516,-0.152771,-1.70403e-17
2.808,-0.191071,-0.690511,-0.179906,0.0212382,-0.0221663,-0.152635,1.31305e-17
2.809,-0.191071,-0.690511,-0.179906,0.0212382,-0.0221663,-0.152635,1.31305e-17
2.81,-0.190427,-0.686588,-0.179363,0.0138664,-0.0221483,-0.155935,1.22914e-17
2.811,-0.190427,-0.686588,-0.179363,0.0138664,-0.0221483,-0.155935,1.22914e-17
2.812,-0.190394,-0.6856,-0.179384,0.0135789,-0.0221617,-0.155901,-2.18858e-17
2.813,-0.190394,-0.6856,-0.179384,0.0135789,-0.0221617,-0.155901,-2.18858e-17
2.814,-0.19046,-0.684919,-0.1795,0.0138436,-0.0221834,-0.155624,-4.52662e-17
2.815,-0.19046,-0.684919,-0.1795,0.0138436,-0.0221834,-0.155624,-4.52662e-17
2.816,-0.190509,-0.68415,-0.179601,0.0139274,-0.0222043,-0.15543,-6.98513e-18
2.817,-0.190509,-0.68415,-0.179601,0.0139274,-0.0222043,-0.15543,-6.98513e-18
2.818,-0.190547,-0.683341,-0.179691,0.013936,-0.0222244,-0.155269,-1.3193e-17
2.819,-0.190547,-0.683341,-0.179691,0.013936,-0.0222244,-0.155269,-1.3193e-17
2.82,-0.190528,-0.682242,-0.179731,0.0133432,-0.0222419,-0.155382,6.38204e-18
2.821,-0.190528,-0.682242,-0.179731,0.0133432,-0.0222419,-0.155382,6.38204e-18
2.822,-0.190598,-0.681645,-0.179848,0.0138135,-0.0222626,-0.155007,-5.54633e-18
2.823,-0.190598,-0.681645,-0.179848,0.0138135,-0.0222626,-0.155007,-5.54633e-18
2.824,-0.190599,-0.680665,-0.179905,0.0134766,-0.0222807,-0.155003,5.3428e-18
2.825,-0.190599,-0.680665,-0.179905,0.0134766,-0.0222807,-0.155003,5.3428e-18
2.826,-0.190591,-0.679664,-0.179952,0.0131064,-0.0222978,-0.155012,1.68592e-17
2.827,-0.190591,-0.679664,-0.179952,0.0131064,-0.0222978,-0.155012,1.68592e-17
2.828,-0.190602,-0.678774,-0.180017,0.0129741,-0.0223156,-0.154911,-4.0138e-18
2.829,-0.190602,-0.678774,-0.180017,0.0129741,-0.0223156,-0.154911,-4.0138e-18
2.83,-0.190611,-0.677874,-0.180079,0.0128211,-0.0223332,-0.15482,3.82315e-17
2.831,-0.190611,-0.677874,-0.180079,0.0128211,-0.0223332,-0.15482,3.82315e-17
2.832,-0.190594,-0.676844,-0.180118,0.0123989,-0.0223496,-0.154852,3.8217e-17
2.833,-0.190594,-0.676844,-0.180118,0.0123989,-0.0223496,-0.154852,3.8217e-17
2.834,-0.19061,-0.676004,-0.180186,0.0123842,-0.0223671,-0.154696,-1.5409e-17
2.835,-0.19061,-0.676004,-0.180186,0.0123842,-0.0223671,-0.154696,-1.5409e-17
2.836,-0.190628,-0.675183,-0.180256,0.0124068,-0.0223847,-0.154522,-3.22977e-17
2.837,-0.190628,-0.675183,-0.180256,0.0124068,-0.0223847,-0.154522,-3.22977e-17
2.838,-0.190597,-0.674104,-0.180282,0.0118926,-0.0224,-0.154595,2.05339e-17
2.839,-0.190597,-0.674104,-0.180282,0.0118926,-0.0224,-0.154595,2.05339e-17
2.84,-0.190568,-0.673185,-0.180304,0.0117232,-0.0224129,-0.154508,-1.1745e-17
2.841,-0.190367,-0.671843,-0.180158,0.0106617,-0.0224106,-0.154831,-2.23864e-17
2.842,-0.190367,-0.671843,-0.180158,0.0106617,-0.0224106,-0.154831,-2.23864e-17
2.843,-0.190192,-0.67063,-0.180036,0.00986517,-0.0224096,-0.155033,1.78013e-17
2.844,-0.190192,-0.67063,-0.180036,0.00986517,-0.0224096,-0.155033,1.78013e-17
2.845,-0.19001,-0.669363,-0.179907,0.00895097,-0.0224086,-0.15529,3.60152e-17
2.846,-0.19001,-0.669363,-0.179907,0.00895097,-0.0224086,-0.15529,3.60152e-17
2.847,-0.189831,-0.668093,-0.179782,0.00802353,-0.022408,-0.155553,2.24968e-17
2.848,-0.189831,-0.668093,-0.179782,0.00802353,-0.022408,-0.155553,2.24968e-17
2.849,-0.189659,-0.666844,-0.179664,0.0071323,-0.022408,-0.1558,2.09032e-17
2.85,-0.189659,-0.666844,-0.179664,0.0071323,-0.022408,-0.1558,2.09032e-17
2.851,-0.189496,-0.665618,-0.179554,0.00628231,-0.0224087,-0.156028,-1.18235e-17
2.852,-0.189496,-0.665618,-0.179554,0.00628231,-0.0224087,-0.156028,-1.18235e-17
2.853,-0.189343,-0.664426,-0.179454,0.00550095,-0.0224102,-0.156226,2.9224e-17
2.854,-0.189343,-0.664426,-0.179454,0.00550095,-0.0224102,-0.156226,2.9224e-17
2.855,-0.189173,-0.663134,-0.179339,0.00450038,-0.0224112,-0.156524,-1.27918e-17
2.856,-0.189173,-0.663134,-0.179339,0.00450038,-0.0224112,-0.156524,-1.27918e-17
2.857,-0.189055,-0.662082,-0.17927,0.00399985,-0.0224149,-0.156594,4.86757e-17
2.858,-0.189055,-0.662082,-0.17927,0.00399985,-0.0224149,-0.156594,4.86757e-17
2.859,-0.188916,-0.660916,-0.179184,0.00325477,-0.0224178,-0.156776,-1.50844e-17
2.86,-0.188916,-0.660916,-0.179184,0.00325477,-0.0224178,-0.156776,-1.50844e-17
2.861,-0.188074,-0.656434,-0.178447,-0.00536032,-0.022383,-0.160645,-4.62025e-18
2.862,-0.188074,-0.656434,-0.178447,-0.00536032,-0.022383,-0.160645,-4.62025e-18
2.863,-0.188635,-0.658423,-0.179013,0.00135946,-0.0224262,-0.157333,1.64653e-17
2.864,-0.188635,-0.658423,-0.179013,0.00135946,-0.0224262,-0.157333,1.64653e-17
2.865,-0.188667,-0.657972,-0.179086,0.00205671,-0.02244,-0.156861,-1.29972e-17
2.866,-0.188667,-0.657972,-0.179086,0.00205671,-0.02244,-0.156861,-1.29972e-17
2.867,-0.187926,-0.653968,-0.178439,-0.00556135,-0.0224104,-0.160273,4.15911e-17
2.868,-0.187926,-0.653968,-0.178439,-0.00556135,-0.0224104,-0.160273,4.15911e-17
2.869,-0.187782,-0.652743,-0.178349,-0.00643846,-0.0224135,-0.160515,1.02581e-17
2.87,-0.187782,-0.652743,-0.178349,-0.00643846,-0.0224135,-0.160515,1.02581e-17
2.871,-0.188443,-0.655026,-0.179012,0.000813363,-0.0224656,-0.15697,1.8227e-17
2.872,-0.188443,-0.655026,-0.179012,0.000813363,-0.0224656,-0.15697,1.8227e-17
2.873,-0.188404,-0.654217,-0.17902,0.000763274,-0.0224759,-0.156839,-9.04961e-18
2.874,-0.188404,-0.654217,-0.17902,0.000763274,-0.0224759,-0.156839,-9.04961e-18
2.875,-0.188273,-0.653047,-0.178942,2.06002e-06,-0.0224799,-0.157028,1.41637e-17
2.876,-0.188273,-0.653047,-0.178942,2.06002e-06,-0.0224799,-0.157028,1.41637e-17
2.877,-0.188129,-0.651812,-0.178853,-0.000898758,-0.0224833,-0.157281,2.13897e-17
2.878,-0.188129,-0.651812,-0.178853,-0.000898758,-0.0224833,-0.157281,2.13897e-17
2.879,-0.188014,-0.650705,-0.178789,-0.00153391,-0.0224883,-0.157413,1.23808e-17
2.88,-0.188014,-0.650705,-0.178789,-0.00153391,-0.0224883,-0.157413,1.23808e-17
2.881,-0.187934,-0.649759,-0.178757,-0.00183353,-0.0224952,-0.157391,2.70617e-17
2.882,-0.187934,-0.649759,-0.178757,-0.00183353,-0.0224952,-0.157391,2.70617e-17
2.883,-0.187835,-0.648713,-0.178709,-0.00234626,-0.0225013,-0.157467,2.73026e-17
2.884,-0.187835,-0.648713,-0.178709,-0.00234626,-0.0225013,-0.157467,2.73026e-17
2.885,-0.18764,-0.647181,-0.178574,-0.00389113,-0.0225029,-0.158016,1.12781e-17
2.886,-0.18764,-0.647181,-0.178574,-0.00389113,-0.0225029,-0.158016,1.12781e-17
2.887,-0.187444,-0.645622,-0.17844,-0.00550084,-0.0225048,-0.158596,5.85318e-18
2.888,-0.187444,-0.645622,-0.17844,-0.00550084,-0.0225048,-0.158596,5.85318e-18
2.889,-0.186202,-0.639326,-0.177321,-0.0188361,-0.0224461,-0.164703,5.95379e-18
2.89,-0.186202,-0.639326,-0.177321,-0.0188361,-0.0224461,-0.164703,5.95379e-18
2.891,-0.187516,-0.644584,-0.178595,-0.00444284,-0.0225356,-0.157808,-2.36142e-17
2.892,-0.187516,-0.644584,-0.178595,-0.00444284,-0.0225356,-0.157808,-2.36142e-17
2.893,-0.187561,-0.644035,-0.178684,-0.00401297,-0.022553,-0.157464,9.88451e-19
2.894,-0.187561,-0.644035,-0.178684,-0.00401297,-0.022553,-0.157464,9.88451e-19
2.895,-0.187503,-0.64317,-0.178673,-0.00415189,-0.0225614,-0.157369,-3.2819e-18
2.896,-0.187503,-0.64317,-0.178673,-0.00415189,-0.0225614,-0.157369,-3.2819e-18
2.897,-0.187298,-0.641572,-0.178529,-0.00583738,-0.0225626,-0.157982,-8.21754e-18
2.898,-0.187298,-0.641572,-0.178529,-0.00583738,-0.0225626,-0.157982,-8.21754e-18
2.898,-0.187312,-0.641075,-0.178584,-0.00519757,-0.0225745,-0.15753,3.28369e-17
2.9,-0.187312,-0.641075,-0.178584,-0.00519757,-0.0225745,-0.15753,3.28369e-17
2.901,-0.187209,-0.639971,-0.178532,-0.00584879,-0.022581,-0.15767,5.67033e-18
2.902,-0.187209,-0.639971,-0.178532,-0.00584879,-0.022581,-0.15767,5.67033e-18
2.903,-0.186484,-0.636004,-0.177899,-0.0134096,-0.0225522,-0.161052,3.25105e-17
2.904,-0.186484,-0.636004,-0.177899,-0.0134096,-0.0225522,-0.161052,3.25105e-17
2.905,-0.187114,-0.638245,-0.178532,-0.00616782,-0.0226008,-0.157503,-1.03844e-17
2.906,-0.187114,-0.638245,-0.178532,-0.00616782,-0.0226008,-0.157503,-1.03844e-17
2.907,-0.18641,-0.634273,-0.177921,-0.013792,-0.0225749,-0.160919,-3.48356e-17
2.908,-0.18641,-0.634273,-0.177921,-0.013792,-0.0225749,-0.160919,-3.48356e-17
2.909,-0.186355,-0.633424,-0.177913,-0.0138967,-0.0225834,-0.160807,3.28363e-17
2.91,-0.186355,-0.633424,-0.177913,-0.0138967,-0.0225834,-0.160807,3.28363e-17
2.911,-0.187006,-0.635584,-0.178571,-0.00691368,-0.0226366,-0.157386,1.89869e-17
2.912,-0.187006,-0.635584,-0.178571,-0.00691368,-0.0226366,-0.157386,1.89869e-17
2.913,-0.186946,-0.634614,-0.178561,-0.00732135,-0.0226467,-0.157418,-1.62543e-18
2.914,-0.186946,-0.634614,-0.178561,-0.00732135,-0.0226467,-0.157418,-1.62543e-18
2.915,-0.186835,-0.633483,-0.178502,-0.00802321,-0.0226525,-0.157579,-3.87761e-17
2.916,-0.186835,-0.633483,-0.178502,-0.00802321,-0.0226525,-0.157579,-3.87761e-17
2.917,-0.18675,-0.632477,-0.178466,-0.00846678,-0.0226595,-0.157622,-6.583e-18
2.918,-0.18675,-0.632477,-0.178466,-0.00846678,-0.0226595,-0.157622,-6.583e-18
2.919,-0.18667,-0.63149,-0.178435,-0.00887072,-0.0226669,-0.157648,2.27396e-17
2.92,-0.18667,-0.63149,-0.178435,-0.00887072,-0.0226669,-0.157648,2.27396e-17
2.921,-0.185904,-0.627295,-0.177765,-0.0169309,-0.0226362,-0.161256,-2.39058e-17
2.922,-0.185904,-0.627295,-0.177765,-0.0169309,-0.0226362,-0.161256,-2.39058e-17
2.923,-0.186569,-0.629709,-0.178431,-0.00932915,-0.0226867,-0.157544,-4.27148e-17
2.924,-0.186569,-0.629709,-0.178431,-0.00932915,-0.0226867,-0.157544,-4.27148e-17
2.925,-0.18639,-0.628106,-0.178313,-0.0110959,-0.0226914,-0.158198,6.68164e-18
2.926,-0.18639,-0.628106,-0.178313,-0.0110959,-0.0226914,-0.158198,6.68164e-18
2.927,-0.186308,-0.627091,-0.178281,-0.011574,-0.0226991,-0.158258,-1.96503e-17
2.928,-0.186308,-0.627091,-0.178281,-0.011574,-0.0226991,-0.158258,-1.96503e-17
2.929,-0.186289,-0.626377,-0.178307,-0.0114227,-0.0227101,-0.158031,3.82858e-17
2.93,-0.186289,-0.626377,-0.178307,-0.0114227,-0.0227101,-0.158031,3.82858e-17
2.931,-0.186222,-0.625418,-0.178288,-0.011793,-0.0227187,-0.158042,3.35002e-17
2.932,-0.186222,-0.625418,-0.178288,-0.011793,-0.0227187,-0.158042,3.35002e-17
2.933,-0.186165,-0.62452,-0.178279,-0.012033,-0.0227277,-0.157994,-3.48058e-17
2.934,-0.186165,-0.62452,-0.178279,-0.012033,-0.0227277,-0.157994,-3.48058e-17
2.935,-0.1861,-0.623583,-0.178263,-0.0123546,-0.0227362,-0.157982,2.69464e-18
2.936,-0.1861,-0.623583,-0.178263,-0.0123546,-0.0227362,-0.157982,2.69464e-18
2.937,-0.18599,-0.622413,-0.178205,-0.0131728,-0.0227426,-0.158198,-9.53794e-18
2.938,-0.18599,-0.622413,-0.178205,-0.0131728,-0.0227426,-0.158198,-9.53794e-18
2.939,-0.185851,-0.6211,-0.178121,-0.0143025,-0.0227475,-0.158557,4.27094e-17
2.94,-0.185851,-0.6211,-0.178121,-0.0143025,-0.0227475,-0.158557,4.27094e-17
2.941,-0.185603,-0.619444,-0.177932,-0.0162171,-0.022744,-0.159281,-1.93554e-17
2.942,-0.185603,-0.619444,-0.177932,-0.0162171,-0.022744,-0.159281,-1.93554e-17
2.943,-0.184776,-0.615119,-0.177199,-0.024634,-0.0227073,-0.163058,-3.12349e-17
2.944,-0.184776,-0.615119,-0.177199,-0.024634,-0.0227073,-0.163058,-3.12349e-17
2.945,-0.18531,-0.616949,-0.177744,-0.0184028,-0.0227509,-0.159987,1.74786e-17
2.946,-0.18531,-0.616949,-0.177744,-0.0184028,-0.0227509,-0.159987,1.74786e-17
2.947,-0.185183,-0.615712,-0.17767,-0.0195175,-0.022757,-0.160355,3.00864e-17
2.948,-0.185183,-0.615712,-0.17767,-0.0195175,-0.022757,-0.160355,3.00864e-17
2.949,-0.184472,-0.611915,-0.177044,-0.0268335,-0.0227269,-0.16363,-5.0836e-17
2.95,-0.184472,-0.611915,-0.177044,-0.0268335,-0.0227269,-0.16363,-5.0836e-17
2.951,-0.18435,-0.610765,-0.176973,-0.0277366,-0.022732,-0.163897,-3.40962e-17
2.952,-0.18435,-0.610765,-0.176973,-0.0277366,-0.022732,-0.163897,-3.40962e-17
2.953,-0.184344,-0.610007,-0.177013,-0.0278914,-0.0227465,-0.163832,-2.65694e-17
2.954,-0.184344,-0.610007,-0.177013,-0.0278914,-0.0227465,-0.163832,-2.65694e-17
2.955,-0.184344,-0.610007,-0.177013,-0.0278914,-0.0227465,-0.163832,-2.65694e-17
2.956,-0.183676,-0.605937,-0.176452,-0.035126,-0.0227282,-0.167007,-3.62713e-17
2.957,-0.183375,-0.604066,-0.176201,-0.0383942,-0.0227207,-0.168435,1.00125e-17
2.958,-0.184296,-0.607442,-0.17711,-0.0290521,-0.0227913,-0.163962,-6.96723e-18
2.959,-0.184296,-0.607442,-0.17711,-0.0290521,-0.0227913,-0.163962,-6.96723e-18
2.96,-0.184436,-0.60726,-0.177286,-0.0280595,-0.0228161,-0.16338,8.78809e-18
2.961,-0.184436,-0.60726,-0.177286,-0.0280595,-0.0228161,-0.16338,8.78809e-18
2.962,-0.184388,-0.606283,-0.177289,-0.0286957,-0.0228288,-0.163536,2.63757e-17
2.963,-0.184388,-0.606283,-0.177289,-0.0286957,-0.0228288,-0.163536,2.63757e-17
2.964,-0.184413,-0.605678,-0.177356,-0.028534,-0.022845,-0.163327,-2.76461e-17
2.965,-0.184413,-0.605678,-0.177356,-0.028534,-0.022845,-0.163327,-2.76461e-17
2.966,-0.184326,-0.604514,-0.177322,-0.0295659,-0.0228556,-0.163663,3.86814e-17
2.967,-0.184326,-0.604514,-0.177322,-0.0295659,-0.0228556,-0.163663,3.86814e-17
2.968,-0.18436,-0.603947,-0.177398,-0.0293258,-0.0228724,-0.163418,-4.79334e-18
2.969,-0.18436,-0.603947,-0.177398,-0.0293258,-0.0228724,-0.163418,-4.79334e-18
2.97,-0.18439,-0.603362,-0.177471,-0.0291284,-0.0228891,-0.163193,1.27236e-17
2.971,-0.18439,-0.603362,-0.177471,-0.0291284,-0.0228891,-0.163193,1.27236e-17
2.972,-0.18432,-0.602286,-0.177452,-0.029976,-0.0229005,-0.163446,-2.35801e-18
2.973,-0.18432,-0.602286,-0.177452,-0.029976,-0.0229005,-0.163446,-2.35801e-18
2.974,-0.18436,-0.601754,-0.177533,-0.0296613,-0.0229175,-0.163167,1.15048e-18
2.975,-0.18436,-0.601754,-0.177533,-0.0296613,-0.0229175,-0.163167,1.15048e-18
2.976,-0.184276,-0.600607,-0.177502,-0.0306644,-0.0229283,-0.16349,-1.82983e-17
2.977,-0.184276,-0.600607,-0.177502,-0.0306644,-0.0229283,-0.16349,-1.82983e-17
2.978,-0.18422,-0.599597,-0.177497,-0.0313771,-0.0229406,-0.163681,3.16831e-18
2.979,-0.18422,-0.599597,-0.177497,-0.0313771,-0.0229406,-0.163681,3.16831e-18
2.98,-0.183501,-0.59563,-0.176865,-0.0391365,-0.0229122,-0.167162,3.49328e-17
2.981,-0.183501,-0.59563,-0.176865,-0.0391365,-0.0229122,-0.167162,3.49328e-17
2.982,-0.184279,-0.598297,-0.177645,-0.0313336,-0.0229764,-0.163399,9.8877e-19
2.983,-0.184279,-0.598297,-0.177645,-0.0313336,-0.0229764,-0.163399,9.8877e-19
2.984,-0.18361,-0.594474,-0.177062,-0.0388397,-0.0229525,-0.166769,-6.56595e-18
2.985,-0.18361,-0.594474,-0.177062,-0.0388397,-0.0229525,-0.166769,-6.56595e-18
2.986,-0.184341,-0.596926,-0.177797,-0.0314843,-0.023014,-0.16321,-2.55593e-17
2.987,-0.184341,-0.596926,-0.177797,-0.0314843,-0.023014,-0.16321,-2.55593e-17
2.988,-0.18366,-0.593051,-0.177203,-0.0391005,-0.0229893,-0.16663,5.33574e-18
2.989,-0.18366,-0.593051,-0.177203,-0.0391005,-0.0229893,-0.16663,5.33574e-18
2.99,-0.183673,-0.592388,-0.17726,-0.0390823,-0.0230052,-0.166488,-1.35684e-17
2.991,-0.183673,-0.592388,-0.17726,-0.0390823,-0.0230052,-0.166488,-1.35684e-17
2.992,-0.183705,-0.591626,-0.17734,-0.0393678,-0.0230257,-0.166494,5.59903e-18
2.993,-0.183705,-0.591626,-0.17734,-0.0393678,-0.0230257,-0.166494,5.59903e-18
2.994,-0.183847,-0.591417,-0.177519,-0.0384672,-0.0230517,-0.165958,-3.71265e-17
2.995,-0.183847,-0.591417,-0.177519,-0.0384672,-0.0230517,-0.165958,-3.71265e-17
2.996,-0.183892,-0.590725,-0.17761,-0.0386041,-0.0230728,-0.165896,-1.78123e-17
2.997,-0.183892,-0.590725,-0.17761,-0.0386041,-0.0230728,-0.165896,-1.78123e-17
2.998,-0.18396,-0.590181,-0.177722,-0.0384106,-0.0230947,-0.165683,2.36573e-17
2.999,-0.18396,-0.590181,-0.177722,-0.0384106,-0.0230947,-0.165683,2.36573e-17
3,-0.184071,-0.589853,-0.177873,-0.0377566,-0.0231186,-0.165258,-4.47281e-17
3.001,-0.184071,-0.589853,-0.177873,-0.0377566,-0.0231186,-0.165258,-4.47281e-17
3.002,-0.18394,-0.588322,-0.177802,-0.0396731,-0.0231301,-0.166008,3.55915e-17
3.003,-0.18394,-0.588322,-0.177802,-0.0396731,-0.0231301,-0.166008,3.55915e-17
3.004,-0.184057,-0.588059,-0.177957,-0.038866,-0.0231537,-0.165513,2.98816e-17
3.005,-0.184057,-0.588059,-0.177957,-0.038866,-0.0231537,-0.165513,2.98816e-17
3.006,-0.184258,-0.588179,-0.17819,-0.03726,-0.0231824,-0.164654,2.65902e-17
3.007,-0.184345,-0.587751,-0.178317,-0.0368168,-0.0232048,-0.164326,1.25771e-17
3.008,-0.184345,-0.587751,-0.178317,-0.0368168,-0.0232048,-0.164326,1.25771e-17
3.009,-0.184384,-0.587144,-0.1784,-0.0367359,-0.0232237,-0.164161,-2.32305e-17
3.01,-0.184384,-0.587144,-0.1784,-0.0367359,-0.0232237,-0.164161,-2.32305e-17
3.011,-0.184385,-0.586361,-0.178447,-0.0370264,-0.0232404,-0.164165,-4.38503e-17
3.012,-0.184385,-0.586361,-0.178447,-0.0370264,-0.0232404,-0.164165,-4.38503e-17
3.013,-0.184363,-0.585465,-0.178473,-0.0375602,-0.0232559,-0.164281,5.43069e-17
3.014,-0.184363,-0.585465,-0.178473,-0.0375602,-0.0232559,-0.164281,5.43069e-17
3.015,-0.1844,-0.584863,-0.178553,-0.0374664,-0.0232744,-0.16411,-7.99026e-18
3.016,-0.1844,-0.584863,-0.178553,-0.0374664,-0.0232744,-0.16411,-7.99026e-18
3.017,-0.184346,-0.583809,-0.17855,-0.0383464,-0.0232884,-0.164383,-4.41316e-17
3.018,-0.184346,-0.583809,-0.17855,-0.0383464,-0.0232884,-0.164383,-4.41316e-17
3.019,-0.184458,-0.583584,-0.178698,-0.0374509,-0.0233107,-0.163847,-5.88203e-18
3.02,-0.184458,-0.583584,-0.178698,-0.0374509,-0.0233107,-0.163847,-5.88203e-18
3.021,-0.184428,-0.582654,-0.178717,-0.0380658,-0.0233258,-0.164,3.14532e-17
3.022,-0.184428,-0.582654,-0.178717,-0.0380658,-0.0233258,-0.164,3.14532e-17
3.023,-0.183738,-0.578794,-0.178111,-0.0456522,-0.0232991,-0.1674,2.4321e-17
3.024,-0.183738,-0.578794,-0.178111,-0.0456522,-0.0232991,-0.1674,2.4321e-17
3.025,-0.184419,-0.580971,-0.178802,-0.0389651,-0.02336,-0.164159,2.35079e-18
3.026,-0.184419,-0.580971,-0.178802,-0.0389651,-0.02336,-0.164159,2.35079e-18
3.027,-0.183868,-0.577709,-0.178326,-0.0453198,-0.0233423,-0.167002,2.59097e-17
3.028,-0.183868,-0.577709,-0.178326,-0.0453198,-0.0233423,-0.167002,2.59097e-17
3.029,-0.1839,-0.57709,-0.178401,-0.0452809,-0.0233606,-0.166857,-1.38413e-17
3.03,-0.1839,-0.57709,-0.178401,-0.0452809,-0.0233606,-0.166857,-1.38413e-17
3.031,-0.184027,-0.576791,-0.178568,-0.0446305,-0.0233868,-0.166441,1.79626e-17
3.032,-0.184027,-0.576791,-0.178568,-0.0446305,-0.0233868,-0.166441,1.79626e-17
3.033,-0.184128,-0.576365,-0.17871,-0.0442534,-0.0234116,-0.16615,3.67109e-17
3.034,-0.184128,-0.576365,-0.17871,-0.0442534,-0.0234116,-0.16615,3.67109e-17
3.035,-0.184136,-0.575496,-0.178766,-0.0448184,-0.0234313,-0.166288,1.96339e-17
3.036,-0.184136,-0.575496,-0.178766,-0.0448184,-0.0234313,-0.166288,1.96339e-17
3.037,-0.184239,-0.575127,-0.17891,-0.0443061,-0.0234554,-0.165934,-3.05155e-17
3.038,-0.184239,-0.575127,-0.17891,-0.0443061,-0.0234554,-0.165934,-3.05155e-17
3.039,-0.184038,-0.573488,-0.178767,-0.0463916,-0.0234589,-0.166752,1.31252e-17
3.04,-0.184038,-0.573488,-0.178767,-0.0463916,-0.0234589,-0.166752,1.31252e-17
3.04,-0.184225,-0.573788,-0.178979,-0.0443266,-0.0234826,-0.165676,5.02109e-17
3.042,-0.184225,-0.573788,-0.178979,-0.0443266,-0.0234826,-0.165676,5.02109e-17
3.043,-0.184093,-0.572487,-0.1789,-0.0456982,-0.0234898,-0.166169,-1.37009e-17
3.044,-0.184093,-0.572487,-0.1789,-0.0456982,-0.0234898,-0.166169,-1.37009e-17
3.045,-0.183252,-0.568072,-0.178148,-0.0543963,-0.0234512,-0.170065,-1.90837e-18
3.046,-0.183252,-0.568072,-0.178148,-0.0543963,-0.0234512,-0.170065,-1.90837e-18
3.047,-0.183674,-0.569204,-0.178596,-0.0498648,-0.0234945,-0.1678,1.63859e-17
3.048,-0.183674,-0.569204,-0.178596,-0.0498648,-0.0234945,-0.1678,1.63859e-17
3.049,-0.183034,-0.565657,-0.178032,-0.0567718,-0.023469,-0.170885,-4.25383e-17
3.05,-0.183034,-0.565657,-0.178032,-0.0567718,-0.023469,-0.170885,-4.25383e-17
3.051,-0.183025,-0.564835,-0.178069,-0.0571895,-0.0234853,-0.17095,-1.46273e-17
3.052,-0.183025,-0.564835,-0.178069,-0.0571895,-0.0234853,-0.17095,-1.46273e-17
3.053,-0.183025,-0.564835,-0.178069,-0.0571895,-0.0234853,-0.17095,-1.46273e-17
3.054,-0.182281,-0.560389,-0.177431,-0.0653509,-0.0234624,-0.174544,-2.07023e-19
3.055,-0.181211,-0.555149,-0.176449,-0.0765254,-0.0234046,-0.179633,-1.19568e-19
3.056,-0.181211,-0.555149,-0.176449,-0.0765254,-0.0234046,-0.179633,-1.19568e-19
3.057,-0.181602,-0.556177,-0.176856,-0.0730559,-0.0234446,-0.177933,1.47526e-17
3.058,-0.182631,-0.559789,-0.177876,-0.063481,-0.0235307,-0.173399,2.1026e-17
3.059,-0.182631,-0.559789,-0.177876,-0.063481,-0.0235307,-0.173399,2.1026e-17
3.06,-0.184074,-0.564899,-0.179294,-0.0509666,-0.0236501,-0.167556,-3.84209e-17
3.061,-0.184074,-0.564899,-0.179294,-0.0509666,-0.0236501,-0.167556,-3.84209e-17
3.062,-0.18433,-0.565131,-0.179582,-0.0492641,-0.023686,-0.166671,-1.31777e-17
3.063,-0.18433,-0.565131,-0.179582,-0.0492641,-0.023686,-0.166671,-1.31777e-17
3.064,-0.184265,-0.564102,-0.179566,-0.050114,-0.0236986,-0.166932,-5.30186e-17
3.065,-0.184265,-0.564102,-0.179566,-0.050114,-0.0236986,-0.166932,-5.30186e-17
3.066,-0.184249,-0.563355,-0.179593,-0.0503457,-0.023713,-0.166911,9.91451e-18
3.067,-0.184249,-0.563355,-0.179593,-0.0503457,-0.023713,-0.166911,9.91451e-18
3.068,-0.184195,-0.562413,-0.179586,-0.0510016,-0.0237256,-0.167083,5.64706e-18
3.069,-0.184195,-0.562413,-0.179586,-0.0510016,-0.0237256,-0.167083,5.64706e-18
3.07,-0.184133,-0.561424,-0.17957,-0.0517615,-0.0237377,-0.167303,-1.26333e-17
3.071,-0.184133,-0.561424,-0.17957,-0.0517615,-0.0237377,-0.167303,-1.26333e-17
3.072,-0.184169,-0.560913,-0.179646,-0.05151,-0.0237555,-0.167064,-1.51833e-17
3.073,-0.184169,-0.560913,-0.179646,-0.05151,-0.0237555,-0.167064,-1.51833e-17
3.074,-0.184117,-0.55996,-0.179641,-0.0522119,-0.0237687,-0.167259,1.94521e-17
3.075,-0.184117,-0.55996,-0.179641,-0.0522119,-0.0237687,-0.167259,1.94521e-17
3.076,-0.184153,-0.559445,-0.179716,-0.0519746,-0.0237864,-0.167027,2.90711e-17
3.077,-0.184153,-0.559445,-0.179716,-0.0519746,-0.0237864,-0.167027,2.90711e-17
3.078,-0.184124,-0.558605,-0.179732,-0.0524407,-0.0238009,-0.167116,3.92423e-18
3.079,-0.184124,-0.558605,-0.179732,-0.0524407,-0.0238009,-0.167116,3.92423e-18
3.08,-0.184103,-0.557815,-0.179755,-0.0527991,-0.0238156,-0.167155,-3.17472e-17
3.081,-0.184099,-0.557104,-0.179794,-0.0529949,-0.0238314,-0.167121,-1.3843e-17
3.082,-0.184099,-0.557104,-0.179794,-0.0529949,-0.0238314,-0.167121,-1.3843e-17
3.083,-0.184012,-0.555981,-0.179756,-0.0540799,-0.0238426,-0.167493,-4.4221e-17
3.084,-0.184012,-0.555981,-0.179756,-0.0540799,-0.0238426,-0.167493,-4.4221e-17
3.085,-0.184099,-0.555713,-0.179879,-0.0533432,-0.0238636,-0.167036,-4.84877e-18
3.086,-0.184099,-0.555713,-0.179879,-0.0533432,-0.0238636,-0.167036,-4.84877e-18
3.087,-0.184109,-0.55506,-0.17993,-0.0534327,-0.0238803,-0.166956,-1.51225e-17
3.088,-0.184109,-0.55506,-0.17993,-0.0534327,-0.0238803,-0.166956,-1.51225e-17
3.089,-0.184064,-0.554158,-0.179931,-0.0540532,-0.0238938,-0.167116,3.35835e-17
3.09,-0.184064,-0.554158,-0.179931,-0.0540532,-0.0238938,-0.167116,3.35835e-17
3.091,-0.184083,-0.553562,-0.17999,-0.0540241,-0.0239108,-0.166982,1.04929e-17
3.092,-0.184083,-0.553562,-0.17999,-0.0540241,-0.0239108,-0.166982,1.04929e-17
3.093,-0.184068,-0.552802,-0.180018,-0.0543501,-0.023926,-0.16701,-2.3575e-17
3.094,-0.184068,-0.552802,-0.180018,-0.0543501,-0.023926,-0.16701,-2.3575e-17
3.095,-0.183895,-0.551264,-0.179901,-0.0563453,-0.0239326,-0.167797,-4.8492e-17
3.096,-0.183895,-0.551264,-0.179901,-0.0563453,-0.0239326,-0.167797,-4.8492e-17
3.097,-0.183889,-0.550533,-0.179938,-0.0566277,-0.0239487,-0.167807,-4.22952e-17
3.098,-0.183889,-0.550533,-0.179938,-0.0566277,-0.0239487,-0.167807,-4.22952e-17
3.099,-0.183912,-0.549917,-0.180001,-0.0566754,-0.0239668,-0.167711,1.11505e-18
3.1,-0.183912,-0.549917,-0.180001,-0.0566754,-0.0239668,-0.167711,1.11505e-18
3.101,-0.183248,-0.546273,-0.179411,-0.0638427,-0.0239391,-0.170912,1.30807e-18
3.102,-0.183248,-0.546273,-0.179411,-0.0638427,-0.0239391,-0.170912,1.30807e-18
3.103,-0.184047,-0.54906,-0.180214,-0.0560175,-0.0240095,-0.167182,2.43457e-17
3.104,-0.184047,-0.54906,-0.180214,-0.0560175,-0.0240095,-0.167182,2.43457e-17
3.105,-0.183353,-0.545183,-0.179598,-0.0637275,-0.0239817,-0.170634,-3.92183e-18
3.106,-0.183353,-0.545183,-0.179598,-0.0637275,-0.0239817,-0.170634,-3.92183e-18
3.107,-0.183345,-0.544449,-0.179633,-0.0640288,-0.0239976,-0.170653,-7.65163e-18
3.108,-0.183345,-0.544449,-0.179633,-0.0640288,-0.0239976,-0.170653,-7.65163e-18
3.109,-0.183437,-0.544034,-0.179765,-0.0637332,-0.0240225,-0.17041,-1.78769e-17
3.11,-0.183437,-0.544034,-0.179765,-0.0637332,-0.0240225,-0.17041,-1.78769e-17
3.111,-0.183632,-0.544124,-0.179992,-0.0623604,-0.0240531,-0.169678,2.96228e-17
3.112,-0.183632,-0.544124,-0.179992,-0.0623604,-0.0240531,-0.169678,2.96228e-17
3.113,-0.183727,-0.543732,-0.180126,-0.062017,-0.024078,-0.169414,1.87245e-17
3.114,-0.183727,-0.543732,-0.180126,-0.062017,-0.024078,-0.169414,1.87245e-17
3.115,-0.183773,-0.543141,-0.180214,-0.0620865,-0.0240996,-0.169336,2.57955e-17
3.116,-0.183773,-0.543141,-0.180214,-0.0620865,-0.0240996,-0.169336,2.57955e-17
3.117,-0.183874,-0.542833,-0.180352,-0.0615484,-0.0241239,-0.168981,-2.52594e-18
3.118,-0.183874,-0.542833,-0.180352,-0.0615484,-0.0241239,-0.168981,-2.52594e-18
3.119,-0.183942,-0.542367,-0.18046,-0.0613515,-0.0241463,-0.168782,3.5281e-17
3.12,-0.183942,-0.542367,-0.18046,-0.0613515,-0.0241463,-0.168782,3.5281e-17
3.121,-0.183992,-0.541832,-0.18055,-0.0612973,-0.0241674,-0.168647,1.23106e-17
3.122,-0.183992,-0.541832,-0.18055,-0.0612973,-0.0241674,-0.168647,1.23106e-17
3.123,-0.184062,-0.541409,-0.180659,-0.0610018,-0.0241895,-0.168403,-2.06075e-17
3.124,-0.184158,-0.541124,-0.180791,-0.0604123,-0.0242128,-0.168025,-2.92801e-17
3.125,-0.184158,-0.541124,-0.180791,-0.0604123,-0.0242128,-0.168025,-2.92801e-17
3.126,-0.18416,-0.5404,-0.180836,-0.0607608,-0.0242306,-0.168073,-1.28941e-17
3.127,-0.18416,-0.5404,-0.180836,-0.0607608,-0.0242306,-0.168073,-1.28941e-17
3.128,-0.184238,-0.540063,-0.180951,-0.0602809,-0.0242523,-0.167744,-3.00017e-17
3.129,-0.184238,-0.540063,-0.180951,-0.0602809,-0.0242523,-0.167744,-3.00017e-17
3.13,-0.184266,-0.539483,-0.181018,-0.0603235,-0.0242711,-0.167653,-7.49231e-18
3.131,-0.184266,-0.539483,-0.181018,-0.0603235,-0.0242711,-0.167653,-7.49231e-18
3.132,-0.184204,-0.53847,-0.181003,-0.061293,-0.0242849,-0.167984,-2.66454e-17
3.133,-0.184204,-0.53847,-0.181003,-0.061293,-0.0242849,-0.167984,-2.66454e-17
3.134,-0.184311,-0.538292,-0.181144,-0.060478,-0.024308,-0.167504,6.64127e-18
3.135,-0.184311,-0.538292,-0.181144,-0.060478,-0.024308,-0.167504,6.64127e-18
3.136,-0.18418,-0.537146,-0.181058,-0.0617405,-0.0243144,-0.167968,-1.80082e-17
3.137,-0.18418,-0.537146,-0.181058,-0.0617405,-0.0243144,-0.167968,-1.80082e-17
3.138,-0.18413,-0.536488,-0.181046,-0.0619571,-0.024324,-0.167957,5.85105e-18
3.139,-0.18413,-0.536488,-0.181046,-0.0619571,-0.024324,-0.167957,5.85105e-18
3.14,-0.183957,-0.535223,-0.180918,-0.0634875,-0.0243266,-0.168545,-6.81635e-18
3.141,-0.183957,-0.535223,-0.180918,-0.0634875,-0.0243266,-0.168545,-6.81635e-18
3.142,-0.183859,-0.534307,-0.180862,-0.0642801,-0.024334,-0.168798,2.66832e-18
3.143,-0.183859,-0.534307,-0.180862,-0.0642801,-0.024334,-0.168798,2.66832e-18
3.144,-0.183599,-0.532588,-0.180655,-0.0668105,-0.0243324,-0.169842,-4.21448e-17
3.145,-0.183599,-0.532588,-0.180655,-0.0668105,-0.0243324,-0.169842,-4.21448e-17
3.146,-0.182739,-0.528212,-0.179874,-0.0756311,-0.0242895,-0.173796,-1.30321e-17
3.147,-0.182739,-0.528212,-0.179874,-0.0756311,-0.0242895,-0.173796,-1.30321e-17
3.148,-0.183604,-0.531489,-0.180734,-0.0669512,-0.0243631,-0.169706,2.72709e-17
3.149,-0.183604,-0.531489,-0.180734,-0.0669512,-0.0243631,-0.169706,2.72709e-17
3.15,-0.183617,-0.530934,-0.180786,-0.0670672,-0.0243804,-0.169662,-2.57874e-17
3.151,-0.183617,-0.530934,-0.180786,-0.0670672,-0.0243804,-0.169662,-2.57874e-17
3.152,-0.183485,-0.529774,-0.180699,-0.0684423,-0.0243874,-0.170186,4.59888e-17
3.153,-0.183485,-0.529774,-0.180699,-0.0684423,-0.0243874,-0.170186,4.59888e-17
3.154,-0.183392,-0.528792,-0.180649,-0.069444,-0.0243969,-0.170541,4.5154e-17
3.155,-0.183392,-0.528792,-0.180649,-0.069444,-0.0243969,-0.170541,4.5154e-17
3.156,-0.183312,-0.527849,-0.180612,-0.070376,-0.0244076,-0.170866,2.55728e-17
3.157,-0.183312,-0.527849,-0.180612,-0.070376,-0.0244076,-0.170866,2.55728e-17
3.158,-0.182421,-0.523267,-0.179802,-0.0796804,-0.0243638,-0.175042,-2.34584e-17
3.159,-0.182421,-0.523267,-0.179802,-0.0796804,-0.0243638,-0.175042,-2.34584e-17
3.16,-0.182443,-0.522792,-0.17986,-0.0796271,-0.0243809,-0.174921,3.42452e-17
3.161,-0.182443,-0.522792,-0.17986,-0.0796271,-0.0243809,-0.174921,3.42452e-17
3.162,-0.183399,-0.52623,-0.180814,-0.0707703,-0.0244661,-0.170771,-1.96686e-17
3.163,-0.183399,-0.52623,-0.180814,-0.0707703,-0.0244661,-0.170771,-1.96686e-17
3.164,-0.183518,-0.526123,-0.180965,-0.0699786,-0.024491,-0.170322,-4.61827e-17
3.165,-0.183518,-0.526123,-0.180965,-0.0699786,-0.024491,-0.170322,-4.61827e-17
3.166,-0.183472,-0.525332,-0.18096,-0.0706126,-0.0245042,-0.170514,7.33143e-18
3.167,-0.183472,-0.525332,-0.18096,-0.0706126,-0.0245042,-0.170514,7.33143e-18
3.168,-0.183388,-0.524363,-0.180919,-0.0716305,-0.0245151,-0.170881,-1.5447e-17
3.169,-0.183388,-0.524363,-0.180919,-0.0716305,-0.0245151,-0.170881,-1.5447e-17
3.17,-0.182454,-0.519564,-0.180069,-0.0814241,-0.0244689,-0.175279,-8.8782e-18
3.171,-0.182454,-0.519564,-0.180069,-0.0814241,-0.0244689,-0.175279,-8.8782e-18
3.172,-0.183367,-0.52299,-0.180978,-0.0725304,-0.0245483,-0.171108,3.76564e-17
3.173,-0.183367,-0.52299,-0.180978,-0.0725304,-0.0245483,-0.171108,3.76564e-17
3.174,-0.183407,-0.522482,-0.181056,-0.072631,-0.0245692,-0.171067,2.97924e-17
3.175,-0.183407,-0.522482,-0.181056,-0.072631,-0.0245692,-0.171067,2.97924e-17
3.176,-0.183219,-0.520975,-0.180919,-0.0748428,-0.0245749,-0.171979,-2.25398e-17
3.177,-0.183219,-0.520975,-0.180919,-0.0748428,-0.0245749,-0.171979,-2.25398e-17
3.178,-0.183292,-0.520708,-0.181026,-0.0743977,-0.0245962,-0.171687,1.95926e-17
3.179,-0.183292,-0.520708,-0.181026,-0.0743977,-0.0245962,-0.171687,1.95926e-17
3.18,-0.18333,-0.520253,-0.181099,-0.074369,-0.0246158,-0.171586,3.81862e-17
3.181,-0.18333,-0.520253,-0.181099,-0.074369,-0.0246158,-0.171586,3.81862e-17
3.182,-0.183209,-0.519042,-0.181025,-0.0759702,-0.024626,-0.172224,1.18544e-17
3.183,-0.183209,-0.519042,-0.181025,-0.0759702,-0.024626,-0.172224,1.18544e-17
3.184,-0.1826,-0.515776,-0.180478,-0.0825003,-0.0245992,-0.175142,3.25209e-17
3.185,-0.1826,-0.515776,-0.180478,-0.0825003,-0.0245992,-0.175142,3.25209e-17
3.186,-0.182588,-0.515065,-0.180506,-0.0830448,-0.0246165,-0.175302,2.55777e-17
3.187,-0.182588,-0.515065,-0.180506,-0.0830448,-0.0246165,-0.175302,2.55777e-17
3.188,-0.183657,-0.519049,-0.181566,-0.073086,-0.0247098,-0.170666,-3.20588e-18
3.189,-0.183657,-0.519049,-0.181566,-0.073086,-0.0247098,-0.170666,-3.20588e-18
3.19,-0.183561,-0.517889,-0.181518,-0.0746232,-0.0247231,-0.17128,2.05402e-17
3.191,-0.183561,-0.517889,-0.181518,-0.0746232,-0.0247231,-0.17128,2.05402e-17
3.192,-0.182752,-0.513671,-0.180783,-0.0832085,-0.0246843,-0.17513,1.40469e-17
3.193,-0.182752,-0.513671,-0.180783,-0.0832085,-0.0246843,-0.17513,1.40469e-17
3.194,-0.182721,-0.512913,-0.180792,-0.0838523,-0.0246997,-0.175335,3.05561e-17
3.195,-0.182721,-0.512913,-0.180792,-0.0838523,-0.0246997,-0.175335,3.05561e-17
3.196,-0.182899,-0.512981,-0.181001,-0.0828044,-0.024731,-0.174783,4.28171e-17
3.197,-0.182899,-0.512981,-0.181001,-0.0828044,-0.024731,-0.174783,4.28171e-17
3.198,-0.183039,-0.512851,-0.181175,-0.0821901,-0.0247603,-0.174428,-1.10754e-18
3.199,-0.183039,-0.512851,-0.181175,-0.0821901,-0.0247603,-0.174428,-1.10754e-18
3.2,-0.183154,-0.51263,-0.181325,-0.0817651,-0.0247878,-0.174159,1.56326e-17
3.201,-0.183154,-0.51263,-0.181325,-0.0817651,-0.0247878,-0.174159,1.56326e-17
3.202,-0.183253,-0.512346,-0.181459,-0.0814701,-0.024814,-0.173948,3.80033e-17
3.203,-0.183253,-0.512346,-0.181459,-0.0814701,-0.024814,-0.173948,3.80033e-17
3.204,-0.183331,-0.511973,-0.181573,-0.0813671,-0.0248388,-0.173824,1.2913e-17
3.205,-0.183331,-0.511973,-0.181573,-0.0813671,-0.0248388,-0.173824,1.2913e-17
3.206,-0.183461,-0.511869,-0.181736,-0.0806834,-0.0248666,-0.173437,-6.32829e-18
3.207,-0.183598,-0.511803,-0.181905,-0.0799196,-0.0248946,-0.173013,3.25782e-17
3.208,-0.183598,-0.511803,-0.181905,-0.0799196,-0.0248946,-0.173013,3.25782e-17
3.209,-0.183649,-0.511357,-0.181993,-0.0799686,-0.0249169,-0.172958,-5.74872e-19
3.21,-0.183649,-0.511357,-0.181993,-0.0799686,-0.0249169,-0.172958,-5.74872e-19
3.211,-0.183758,-0.511219,-0.182134,-0.0793523,-0.0249424,-0.172601,-1.48371e-18
3.212,-0.183758,-0.511219,-0.182134,-0.0793523,-0.0249424,-0.172601,-1.48371e-18
3.213,-0.183792,-0.510728,-0.182204,-0.0794971,-0.0249631,-0.172589,2.65316e-17
3.214,-0.183792,-0.510728,-0.182204,-0.0794971,-0.0249631,-0.172589,2.65316e-17
3.215,-0.183878,-0.510511,-0.182323,-0.0790516,-0.0249865,-0.17231,-3.13032e-17
3.216,-0.183878,-0.510511,-0.182323,-0.0790516,-0.0249865,-0.17231,-3.13032e-17
3.217,-0.183817,-0.509597,-0.182305,-0.080113,-0.0250012,-0.172714,-5.90628e-17
3.218,-0.183817,-0.509597,-0.182305,-0.080113,-0.0250012,-0.172714,-5.90628e-17
3.219,-0.182955,-0.505082,-0.181519,-0.0894058,-0.0249598,-0.176886,9.38097e-18
3.22,-0.182955,-0.505082,-0.181519,-0.0894058,-0.0249598,-0.176886,9.38097e-18
3.221,-0.184017,-0.509218,-0.182569,-0.0791699,-0.0250517,-0.172139,-9.79006e-18
3.222,-0.184017,-0.509218,-0.182569,-0.0791699,-0.0250517,-0.172139,-9.79006e-18
3.223,-0.184141,-0.509113,-0.182726,-0.0785397,-0.0250792,-0.171782,3.35775e-17
3.224,-0.184141,-0.509113,-0.182726,-0.0785397,-0.0250792,-0.171782,3.35775e-17
3.225,-0.184136,-0.508526,-0.182758,-0.0789021,-0.0250963,-0.17187,4.01418e-17
3.226,-0.184136,-0.508526,-0.182758,-0.0789021,-0.0250963,-0.17187,4.01418e-17
3.227,-0.184216,-0.508368,-0.182868,-0.0783405,-0.0251182,-0.17154,6.9839e-18
3.228,-0.184216,-0.508368,-0.182868,-0.0783405,-0.0251182,-0.17154,6.9839e-18
3.229,-0.184254,-0.508018,-0.182939,-0.0781944,-0.0251373,-0.171398,-2.03161e-17
3.23,-0.184254,-0.508018,-0.182939,-0.0781944,-0.0251373,-0.171398,-2.03161e-17
3.231,-0.183379,-0.503478,-0.182139,-0.0875553,-0.0250944,-0.1756,5.00321e-18
3.232,-0.183379,-0.503478,-0.182139,-0.0875553,-0.0250944,-0.1756,5.00321e-18
3.233,-0.183424,-0.50319,-0.182216,-0.0872772,-0.0251136,-0.175398,3.67951e-17
3.234,-0.183424,-0.50319,-0.182216,-0.0872772,-0.0251136,-0.175398,3.67951e-17
3.235,-0.183486,-0.502917,-0.182311,-0.0870467,-0.0251354,-0.175227,4.38455e-17
3.236,-0.183486,-0.502917,-0.182311,-0.0870467,-0.0251354,-0.175227,4.38455e-17
3.237,-0.183488,-0.502523,-0.182344,-0.0870675,-0.0251507,-0.175169,3.11918e-17
3.238,-0.183488,-0.502523,-0.182344,-0.0870675,-0.0251507,-0.175169,3.11918e-17
3.239,-0.183497,-0.502173,-0.182383,-0.0869922,-0.0251663,-0.175068,9.97086e-18
3.24,-0.183497,-0.502173,-0.182383,-0.0869922,-0.0251663,-0.175068,9.97086e-18
3.241,-0.18346,-0.501615,-0.18238,-0.0873691,-0.025179,-0.175171,4.80271e-17
3.242,-0.183417,-0.501036,-0.18237,-0.0877954,-0.0251913,-0.175298,-2.9034e-17
3.243,-0.183417,-0.501036,-0.18237,-0.0877954,-0.0251913,-0.175298,-2.9034e-17
3.244,-0.183445,-0.500786,-0.182427,-0.0875184,-0.0252081,-0.175107,-3.5763e-17
3.245,-0.183445,-0.500786,-0.182427,-0.0875184,-0.0252081,-0.175107,-3.5763e-17
3.246,-0.183445,-0.500786,-0.182427,-0.0875184,-0.0252081,-0.175107,-3.5763e-17
3.247,-0.183376,-0.500087,-0.182393,-0.0882183,-0.0252189,-0.175359,4.36477e-17
3.248,-0.183376,-0.500087,-0.182393,-0.0882183,-0.0252189,-0.175359,4.36477e-17
3.249,-0.182084,-0.493778,-0.181196,-0.10145,-0.0251466,-0.181315,1.15456e-17
3.25,-0.182084,-0.493778,-0.181196,-0.10145,-0.0251466,-0.181315,1.15456e-17
3.251,-0.183396,-0.499429,-0.182473,-0.0880261,-0.0252504,-0.175143,1.01668e-17
3.252,-0.183396,-0.499429,-0.182473,-0.0880261,-0.0252504,-0.175143,1.01668e-17
3.253,-0.183541,-0.499438,-0.182648,-0.0873301,-0.0252803,-0.174778,-1.95142e-17
3.254,-0.183541,-0.499438,-0.182648,-0.0873301,-0.0252803,-0.174778,-1.95142e-17
3.255,-0.183541,-0.499071,-0.182679,-0.0873256,-0.0252955,-0.174713,4.88628e-17
3.256,-0.183529,-0.498673,-0.182697,-0.0873851,-0.0253095,-0.174677,-1.9666e-18
3.257,-0.183529,-0.498673,-0.182697,-0.0873851,-0.0253095,-0.174677,-1.9666e-18
3.258,-0.183422,-0.497833,-0.182626,-0.088405,-0.0253175,-0.175076,2.83929e-17
3.259,-0.183422,-0.497833,-0.182626,-0.088405,-0.0253175,-0.175076,2.83929e-17
3.26,-0.183448,-0.49762,-0.18268,-0.088077,-0.0253339,-0.174865,-1.92716e-17
3.261,-0.183448,-0.49762,-0.18268,-0.088077,-0.0253339,-0.174865,-1.92716e-17
3.262,-0.183516,-0.497601,-0.182773,-0.0873355,-0.0253529,-0.174469,2.45143e-17
3.263,-0.183516,-0.497601,-0.182773,-0.0873355,-0.0253529,-0.174469,2.45143e-17
3.264,-0.183384,-0.496653,-0.182678,-0.0886016,-0.0253593,-0.17498,7.85402e-18
3.265,-0.183384,-0.496653,-0.182678,-0.0886016,-0.0253593,-0.17498,7.85402e-18
3.266,-0.183456,-0.496673,-0.182775,-0.0877799,-0.0253784,-0.174548,-3.47516e-18
3.267,-0.183456,-0.496673,-0.182775,-0.0877799,-0.0253784,-0.174548,-3.47516e-18
3.268,-0.183433,-0.496239,-0.182782,-0.0879456,-0.0253917,-0.174563,4.36106e-17
3.269,-0.183433,-0.496239,-0.182782,-0.0879456,-0.0253917,-0.174563,4.36106e-17
3.27,-0.182502,-0.491652,-0.181921,-0.0974888,-0.0253412,-0.17885,-3.24573e-17
3.271,-0.182502,-0.491652,-0.181921,-0.0974888,-0.0253412,-0.17885,-3.24573e-17
3.272,-0.183203,-0.494423,-0.182626,-0.090377,-0.0254085,-0.175549,4.78877e-17
3.273,-0.183203,-0.494423,-0.182626,-0.090377,-0.0254085,-0.175549,4.78877e-17
3.274,-0.182498,-0.4908,-0.18198,-0.097884,-0.0253741,-0.178918,1.43593e-17
3.275,-0.182498,-0.4908,-0.18198,-0.097884,-0.0253741,-0.178918,1.43593e-17
3.276,-0.183462,-0.494782,-0.182933,-0.0881796,-0.0254587,-0.17445,2.69326e-17
3.277,-0.183462,-0.494782,-0.182933,-0.0881796,-0.0254587,-0.17445,2.69326e-17
3.278,-0.183462,-0.494782,-0.182933,-0.0881796,-0.0254587,-0.17445,2.69326e-17
3.279,-0.183367,-0.493929,-0.182876,-0.0893128,-0.0254695,-0.174909,4.26199e-17
3.28,-0.183532,-0.494424,-0.183059,-0.087484,-0.0254941,-0.174025,-7.09042e-18
3.281,-0.183532,-0.494424,-0.183059,-0.087484,-0.0254941,-0.174025,-7.09042e-18
3.282,-0.182684,-0.490225,-0.182276,-0.0962116,-0.0254489,-0.177943,-2.07681e-17
3.283,-0.182684,-0.490225,-0.182276,-0.0962116,-0.0254489,-0.177943,-2.07681e-17
3.284,-0.183607,-0.49414,-0.183187,-0.086631,-0.0255291,-0.17353,4.3156e-17
3.285,-0.183607,-0.49414,-0.183187,-0.086631,-0.0255291,-0.17353,4.3156e-17
3.286,-0.183594,-0.493738,-0.183204,-0.0867872,-0.0255439,-0.173548,-2.08982e-18
3.287,-0.183594,-0.493738,-0.183204,-0.0867872,-0.0255439,-0.173548,-2.08982e-18
3.288,-0.183651,-0.493781,-0.183284,-0.085937,-0.025561,-0.173106,-2.13337e-17
3.289,-0.183651,-0.493781,-0.183284,-0.085937,-0.025561,-0.173106,-2.13337e-17
3.29,-0.183555,-0.493104,-0.183219,-0.086649,-0.0255682,-0.173371,-1.75929e-17
3.291,-0.183555,-0.493104,-0.183219,-0.086649,-0.0255682,-0.173371,-1.75929e-17
3.292,-0.183566,-0.492951,-0.183256,-0.0862275,-0.0255821,-0.173124,8.49814e-18
3.293,-0.183566,-0.492951,-0.183256,-0.0862275,-0.0255821,-0.173124,8.49814e-18
3.294,-0.183506,-0.492454,-0.183224,-0.0865562,-0.0255915,-0.173217,3.6724e-17
3.295,-0.183506,-0.492454,-0.183224,-0.0865562,-0.0255915,-0.173217,3.6724e-17
3.296,-0.183428,-0.491881,-0.183177,-0.0870538,-0.0255997,-0.173386,-8.52592e-19
3.297,-0.183428,-0.491881,-0.183177,-0.0870538,-0.0255997,-0.173386,-8.52592e-19
3.298,-0.182463,-0.487161,-0.182281,-0.0969249,-0.0255461,-0.177818,2.50044e-17
3.299,-0.182463,-0.487161,-0.182281,-0.0969249,-0.0255461,-0.177818,2.50044e-17
3.3,-0.18344,-0.491413,-0.183242,-0.0866397,-0.0256291,-0.173094,-8.77361e-18
3.301,-0.18344,-0.491413,-0.183242,-0.0866397,-0.0256291,-0.173094,-8.77361e-18
3.302,-0.18344,-0.491413,-0.183242,-0.0866397,-0.0256291,-0.173094,-8.77361e-18
3.303,-0.183162,-0.489774,-0.183009,-0.0895105,-0.0256271,-0.174341,-1.19558e-17
3.304,-0.182399,-0.486021,-0.182303,-0.0972915,-0.025586,-0.177829,-1.91537e-17
3.305,-0.182399,-0.486021,-0.182303,-0.0972915,-0.025586,-0.177829,-1.91537e-17
3.306,-0.182385,-0.485728,-0.182315,-0.0972126,-0.0255987,-0.177741,5.03032e-18
3.307,-0.182385,-0.485728,-0.182315,-0.0972126,-0.0255987,-0.177741,5.03032e-18
3.308,-0.182563,-0.486163,-0.182515,-0.0956385,-0.0256275,-0.176986,2.48803e-17
3.309,-0.182563,-0.486163,-0.182515,-0.0956385,-0.0256275,-0.176986,2.48803e-17
3.31,-0.182623,-0.486032,-0.182602,-0.0952956,-0.0256488,-0.176788,-2.46119e-17
3.311,-0.182623,-0.486032,-0.182602,-0.0952956,-0.0256488,-0.176788,-2.46119e-17
3.312,-0.182739,-0.486211,-0.182742,-0.0942671,-0.0256729,-0.17628,-2.76768e-17
3.313,-0.182739,-0.486211,-0.182742,-0.0942671,-0.0256729,-0.17628,-2.76768e-17
3.314,-0.182777,-0.486033,-0.182807,-0.0940167,-0.0256918,-0.176123,-7.77116e-18
3.315,-0.182777,-0.486033,-0.182807,-0.0940167,-0.0256918,-0.176123,-7.77116e-18
3.316,-0.182849,-0.486049,-0.182904,-0.0933377,-0.0257124,-0.175772,1.52595e-17
3.317,-0.182849,-0.486049,-0.182904,-0.0933377,-0.0257124,-0.175772,1.52595e-17
3.318,-0.182874,-0.48585,-0.182956,-0.0931257,-0.0257299,-0.175632,-1.67027e-17
3.319,-0.182874,-0.48585,-0.182956,-0.0931257,-0.0257299,-0.175632,-1.67027e-17
3.32,-0.182945,-0.485895,-0.18305,-0.0923818,-0.0257499,-0.175251,4.8493e-18
3.321,-0.183028,-0.486005,-0.183156,-0.0914971,-0.0257705,-0.174808,8.3102e-18
3.322,-0.183028,-0.486005,-0.183156,-0.0914971,-0.0257705,-0.174808,8.3102e-18
3.323,-0.183001,-0.485628,-0.183157,-0.0916671,-0.0257835,-0.17484,2.93176e-17
3.324,-0.183001,-0.485628,-0.183157,-0.0916671,-0.0257835,-0.17484,2.93176e-17
3.325,-0.183068,-0.485714,-0.183246,-0.0908285,-0.0258023,-0.174416,-1.97018e-17
3.326,-0.183068,-0.485714,-0.183246,-0.0908285,-0.0258023,-0.174416,-1.97018e-17
3.327,-0.183068,-0.485714,-0.183246,-0.0908285,-0.0258023,-0.174416,-1.97018e-17
3.328,-0.183012,-0.485223,-0.183219,-0.091244,-0.0258131,-0.174559,-1.60778e-17
3.329,-0.18307,-0.485294,-0.1833,-0.0904391,-0.0258309,-0.174151,1.13078e-17
3.33,-0.18307,-0.485294,-0.1833,-0.0904391,-0.0258309,-0.174151,1.13078e-17
3.331,-0.183079,-0.485135,-0.183333,-0.0901372,-0.0258455,-0.173971,-8.11919e-18
3.332,-0.183079,-0.485135,-0.183333,-0.0901372,-0.0258455,-0.173971,-8.11919e-18
3.333,-0.183058,-0.484962,-0.183335,-0.0898821,-0.025856,-0.173814,1.0696e-17
3.334,-0.183058,-0.484962,-0.183335,-0.0898821,-0.025856,-0.173814,1.0696e-17
3.335,-0.182939,-0.484602,-0.183237,-0.0900761,-0.0258559,-0.173865,1.13991e-17
3.336,-0.182939,-0.484602,-0.183237,-0.0900761,-0.0258559,-0.173865,1.13991e-17
3.337,-0.1828,-0.484148,-0.18312,-0.0904779,-0.0258545,-0.174011,-1.07924e-17
3.338,-0.1828,-0.484148,-0.18312,-0.0904779,-0.0258545,-0.174011,-1.07924e-17
3.339,-0.181731,-0.479287,-0.182112,-0.100796,-0.0257878,-0.178653,9.3887e-18
3.34,-0.181731,-0.479287,-0.182112,-0.100796,-0.0257878,-0.178653,9.3887e-18
3.341,-0.181731,-0.479287,-0.182112,-0.100796,-0.0257878,-0.178653,9.3887e-18
3.342,-0.182414,-0.482611,-0.182786,-0.0927178,-0.0258471,-0.174958,-9.32325e-18
3.343,-0.181652,-0.47906,-0.182073,-0.10023,-0.0258029,-0.178337,1.90962e-17
3.344,-0.181652,-0.47906,-0.182073,-0.10023,-0.0258029,-0.178337,1.90962e-17
3.345,-0.181652,-0.47906,-0.182073,-0.10023,-0.0258029,-0.178337,1.90962e-17
3.346,-0.182265,-0.481931,-0.182684,-0.0932,-0.0258602,-0.175123,-1.97741e-17
3.347,-0.182265,-0.481931,-0.182684,-0.0932,-0.0258602,-0.175123,-1.97741e-17
3.348,-0.180579,-0.474092,-0.181093,-0.11008,-0.0257548,-0.182731,2.9787e-17
3.349,-0.180579,-0.474092,-0.181093,-0.11008,-0.0257548,-0.182731,2.9787e-17
3.35,-0.179306,-0.468186,-0.179885,-0.122979,-0.0256707,-0.188554,3.02676e-17
3.351,-0.182889,-0.48468,-0.183339,-0.0857804,-0.0259395,-0.171706,1.45629e-18
3.352,-0.182889,-0.48468,-0.183339,-0.0857804,-0.0259395,-0.171706,1.45629e-18
3.353,-0.182936,-0.484781,-0.183407,-0.08512,-0.0259568,-0.171389,-1.3783e-17
3.354,-0.182936,-0.484781,-0.183407,-0.08512,-0.0259568,-0.171389,-1.3783e-17
3.355,-0.181856,-0.479892,-0.182387,-0.0955063,-0.0258887,-0.176059,1.99381e-17
3.356,-0.181856,-0.479892,-0.182387,-0.0955063,-0.0258887,-0.176059,1.99381e-17
3.357,-0.18172,-0.479537,-0.182271,-0.0956815,-0.025886,-0.176101,-1.01265e-17
3.358,-0.18172,-0.479537,-0.182271,-0.0956815,-0.025886,-0.176101,-1.01265e-17
3.359,-0.182613,-0.483788,-0.183147,-0.0856322,-0.0259612,-0.171527,4.72924e-19
3.36,-0.182613,-0.483788,-0.183147,-0.0856322,-0.0259612,-0.171527,4.72924e-19
3.361,-0.182407,-0.482985,-0.182966,-0.0868444,-0.0259563,-0.172044,-5.91528e-18
3.362,-0.182407,-0.482985,-0.182966,-0.0868444,-0.0259563,-0.172044,-5.91528e-18
3.363,-0.18237,-0.48306,-0.182944,-0.0861005,-0.0259608,-0.171674,4.4737e-20
3.364,-0.18237,-0.48306,-0.182944,-0.0861005,-0.0259608,-0.171674,4.4737e-20
3.365,-0.182273,-0.482848,-0.182865,-0.0859917,-0.0259615,-0.171592,1.73165e-17
3.366,-0.182273,-0.482848,-0.182865,-0.0859917,-0.0259615,-0.171592,1.73165e-17
3.367,-0.18212,-0.482381,-0.182733,-0.0864379,-0.0259584,-0.17176,1.64665e-17
3.368,-0.18212,-0.482381,-0.182733,-0.0864379,-0.0259584,-0.17176,1.64665e-17
3.369,-0.181036,-0.477448,-0.181709,-0.0969434,-0.0258898,-0.176482,1.84144e-17
3.37,-0.181036,-0.477448,-0.181709,-0.0969434,-0.0258898,-0.176482,1.84144e-17
3.371,-0.180889,-0.476994,-0.181583,-0.0973735,-0.0258873,-0.176643,6.05763e-18
3.372,-0.180889,-0.476994,-0.181583,-0.0973735,-0.0258873,-0.176643,6.05763e-18
3.373,-0.180898,-0.477056,-0.181611,-0.0967667,-0.0258994,-0.176346,3.9061e-18
3.374,-0.180898,-0.477056,-0.181611,-0.0967667,-0.0258994,-0.176346,3.9061e-18
3.375,-0.18094,-0.477254,-0.18167,-0.0958707,-0.0259139,-0.17592,1.60338e-17
3.376,-0.18094,-0.477254,-0.18167,-0.0958707,-0.0259139,-0.17592,1.60338e-17
3.377,-0.180902,-0.47709,-0.181653,-0.0957649,-0.025923,-0.17585,2.85781e-17
3.378,-0.180902,-0.47709,-0.181653,-0.0957649,-0.025923,-0.17585,2.85781e-17
3.379,-0.180884,-0.477037,-0.181655,-0.0954093,-0.025933,-0.175667,6.09504e-19
3.38,-0.180944,-0.47735,-0.18173,-0.0942561,-0.0259483,-0.175124,4.60346e-19
3.381,-0.180944,-0.47735,-0.18173,-0.0942561,-0.0259483,-0.175124,4.60346e-19
3.382,-0.180876,-0.477084,-0.181684,-0.0943665,-0.0259546,-0.175151,-2.41623e-17
3.383,-0.180876,-0.477084,-0.181684,-0.0943665,-0.0259546,-0.175151,-2.41623e-17
3.384,-0.180888,-0.477203,-0.181713,-0.0936331,-0.0259662,-0.174798,-9.4844e-18
3.385,-0.180888,-0.477203,-0.181713,-0.0936331,-0.0259662,-0.174798,-9.4844e-18
3.386,-0.180767,-0.476704,-0.181616,-0.0942528,-0.0259688,-0.175054,-1.91765e-17
3.387,-0.180767,-0.476704,-0.181616,-0.0942528,-0.0259688,-0.175054,-1.91765e-17
3.388,-0.180813,-0.476985,-0.181677,-0.0931677,-0.0259825,-0.174543,1.23997e-17
3.389,-0.180813,-0.476985,-0.181677,-0.0931677,-0.0259825,-0.174543,1.23997e-17
3.39,-0.180823,-0.477103,-0.181704,-0.0924403,-0.0259937,-0.174192,9.43342e-18
3.391,-0.180823,-0.477103,-0.181704,-0.0924403,-0.0259937,-0.174192,9.43342e-18
3.392,-0.180788,-0.477028,-0.181688,-0.0921327,-0.0260017,-0.174031,2.76094e-17
3.393,-0.180788,-0.477028,-0.181688,-0.0921327,-0.0260017,-0.174031,2.76094e-17
3.394,-0.180739,-0.476896,-0.181658,-0.0919478,-0.0260085,-0.173925,-2.13179e-17
3.395,-0.180739,-0.476896,-0.181658,-0.0919478,-0.0260085,-0.173925,-2.13179e-17
3.396,-0.180673,-0.476687,-0.181612,-0.0919316,-0.0260141,-0.173895,-1.35755e-17
3.397,-0.180673,-0.476687,-0.181612,-0.0919316,-0.0260141,-0.173895,-1.35755e-17
3.398,-0.180637,-0.476622,-0.181595,-0.0916054,-0.0260217,-0.173725,3.35131e-18
3.399,-0.180637,-0.476622,-0.181595,-0.0916054,-0.0260217,-0.173725,3.35131e-18
3.4,-0.180342,-0.475345,-0.181331,-0.0939357,-0.026012,-0.174753,1.04714e-17
3.401,-0.180342,-0.475345,-0.181331,-0.0939357,-0.026012,-0.174753,1.04714e-17
3.402,-0.180366,-0.47554,-0.181372,-0.0930516,-0.026024,-0.174333,2.67985e-17
3.403,-0.180366,-0.47554,-0.181372,-0.0930516,-0.026024,-0.174333,2.67985e-17
3.404,-0.180306,-0.475322,-0.181331,-0.0930844,-0.0260306,-0.174328,1.47367e-17
3.405,-0.180306,-0.475322,-0.181331,-0.0930844,-0.0260306,-0.174328,1.47367e-17
3.406,-0.179449,-0.471333,-0.180524,-0.101608,-0.0259785,-0.178157,4.44591e-18
3.407,-0.179449,-0.471333,-0.180524,-0.101608,-0.0259785,-0.178157,4.44591e-18
3.408,-0.179468,-0.471496,-0.18056,-0.100807,-0.0259904,-0.177776,-7.16106e-18
3.409,-0.179468,-0.471496,-0.18056,-0.100807,-0.0259904,-0.177776,-7.16106e-18
3.41,-0.179557,-0.471808,-0.180666,-0.0997495,-0.0260104,-0.177287,8.31869e-18
3.411,-0.179557,-0.471808,-0.180666,-0.0997495,-0.0260104,-0.177287,8.31869e-18
3.412,-0.179607,-0.471956,-0.180736,-0.0990493,-0.0260277,-0.176959,-3.44504e-17
3.413,-0.179607,-0.471956,-0.180736,-0.0990493,-0.0260277,-0.176959,-3.44504e-17
3.414,-0.179684,-0.47225,-0.18083,-0.0980243,-0.0260463,-0.176484,2.85113e-17
3.415,-0.179684,-0.47225,-0.18083,-0.0980243,-0.0260463,-0.176484,2.85113e-17
3.416,-0.179697,-0.472258,-0.180863,-0.0976216,-0.0260603,-0.17629,-7.53264e-18
3.417,-0.179697,-0.472258,-0.180863,-0.0976216,-0.0260603,-0.17629,-7.53264e-18
3.418,-0.179771,-0.472575,-0.180953,-0.0965376,-0.0260781,-0.175788,6.3774e-18
3.419,-0.179771,-0.472575,-0.180953,-0.0965376,-0.0260781,-0.175788,6.3774e-18
3.42,-0.179855,-0.472951,-0.181053,-0.0953216,-0.0260964,-0.175227,-5.39879e-18
3.421,-0.179855,-0.472951,-0.181053,-0.0953216,-0.0260964,-0.175227,-5.39879e-18
3.422,-0.179883,-0.473085,-0.181099,-0.0946336,-0.0261105,-0.174903,-3.60361e-18
3.423,-0.179883,-0.473085,-0.181099,-0.0946336,-0.0261105,-0.174903,-3.60361e-18
3.424,-0.179904,-0.473209,-0.181138,-0.093959,-0.0261237,-0.174584,2.31531e-18
3.425,-0.179904,-0.473209,-0.181138,-0.093959,-0.0261237,-0.174584,2.31531e-18
3.426,-0.179911,-0.473285,-0.181163,-0.0933887,-0.0261357,-0.174312,-2.65893e-18
3.427,-0.179911,-0.473285,-0.181163,-0.0933887,-0.0261357,-0.174312,-2.65893e-18
3.428,-0.179915,-0.473357,-0.181185,-0.0928237,-0.0261472,-0.174042,6.7521e-18
3.429,-0.17987,-0.473209,-0.181159,-0.0927398,-0.0261552,-0.173989,-2.23239e-17
3.43,-0.17987,-0.473209,-0.181159,-0.0927398,-0.0261552,-0.173989,-2.23239e-17
3.431,-0.179889,-0.473427,-0.181194,-0.0918559,-0.0261665,-0.173576,-2.92783e-18
3.432,-0.179889,-0.473427,-0.181194,-0.0918559,-0.0261665,-0.173576,-2.92783e-18
3.433,-0.179747,-0.473294,-0.181064,-0.0917634,-0.02616,-0.173523,-1.03769e-17
3.434,-0.179747,-0.473294,-0.181064,-0.0917634,-0.02616,-0.173523,-1.03769e-17
3.435,-0.179518,-0.472773,-0.18085,-0.0925253,-0.0261472,-0.173855,1.11772e-17
3.436,-0.179518,-0.472773,-0.18085,-0.0925253,-0.0261472,-0.173855,1.11772e-17
3.437,-0.179328,-0.472413,-0.180674,-0.0929403,-0.0261375,-0.174031,2.34164e-17
3.438,-0.179328,-0.472413,-0.180674,-0.0929403,-0.0261375,-0.174031,2.34164e-17
3.439,-0.179137,-0.472027,-0.180498,-0.0934191,-0.026128,-0.174237,-1.82994e-17
3.44,-0.179137,-0.472027,-0.180498,-0.0934191,-0.026128,-0.174237,-1.82994e-17
3.441,-0.178986,-0.471808,-0.180361,-0.0935373,-0.0261218,-0.174281,1.76559e-17
3.442,-0.178986,-0.471808,-0.180361,-0.0935373,-0.0261218,-0.174281,1.76559e-17
3.443,-0.178768,-0.471267,-0.180159,-0.0943714,-0.0261109,-0.174647,-6.25256e-18
3.444,-0.178768,-0.471267,-0.180159,-0.0943714,-0.0261109,-0.174647,-6.25256e-18
3.445,-0.178768,-0.471267,-0.180159,-0.0943714,-0.0261109,-0.174647,-6.25256e-18
3.446,-0.176884,-0.46297,-0.178354,-0.112462,-0.0259791,-0.182783,6.31187e-19
3.447,-0.177345,-0.465469,-0.178806,-0.106616,-0.0260172,-0.180145,2.7462e-18
3.448,-0.177345,-0.465469,-0.178806,-0.106616,-0.0260172,-0.180145,2.7462e-18
3.449,-0.178394,-0.470555,-0.179833,-0.0950237,-0.0261055,-0.174932,-2.17676e-17
3.45,-0.178394,-0.470555,-0.179833,-0.0950237,-0.0261055,-0.174932,-2.17676e-17
3.451,-0.178424,-0.470971,-0.179874,-0.093819,-0.0261157,-0.174389,-1.56016e-17
3.452,-0.178424,-0.470971,-0.179874,-0.093819,-0.0261157,-0.174389,-1.56016e-17
3.453,-0.178424,-0.470971,-0.179874,-0.093819,-0.0261157,-0.174389,-1.56016e-17
3.454,-0.178053,-0.469679,-0.179527,-0.096332,-0.026095,-0.175513,2.52787e-17
3.455,-0.178053,-0.469679,-0.179527,-0.096332,-0.026095,-0.175513,2.52787e-17
3.456,-0.177113,-0.465619,-0.178628,-0.105109,-0.0260307,-0.179458,-5.42796e-18
3.457,-0.177085,-0.465858,-0.178611,-0.104259,-0.0260348,-0.17907,-7.76278e-18
3.458,-0.177085,-0.465858,-0.178611,-0.104259,-0.0260348,-0.17907,-7.76278e-18
3.459,-0.177085,-0.465858,-0.178611,-0.104259,-0.0260348,-0.17907,-7.76278e-18
3.46,-0.176948,-0.465497,-0.178492,-0.104778,-0.0260334,-0.179303,-1.27777e-17
3.461,-0.175933,-0.460985,-0.177523,-0.1146,-0.0259657,-0.183721,3.45014e-18
3.462,-0.175933,-0.460985,-0.177523,-0.1146,-0.0259657,-0.183721,3.45014e-18
3.463,-0.175933,-0.460985,-0.177523,-0.1146,-0.0259657,-0.183721,3.45014e-18
3.464,-0.175876,-0.460909,-0.177483,-0.114523,-0.0259715,-0.183689,-3.24092e-17
3.465,-0.175992,-0.461508,-0.17761,-0.113005,-0.0259917,-0.183015,-6.69629e-18
3.466,-0.175992,-0.461508,-0.17761,-0.113005,-0.0259917,-0.183015,-6.69629e-18
3.467,-0.177393,-0.467846,-0.178987,-0.0987956,-0.026113,-0.176646,1.01912e-17
3.468,-0.177393,-0.467846,-0.178987,-0.0987956,-0.026113,-0.176646,1.01912e-17
3.469,-0.177547,-0.468549,-0.179154,-0.0970769,-0.0261377,-0.175886,-9.90528e-18
3.47,-0.177524,-0.468698,-0.179144,-0.0964731,-0.0261447,-0.175615,1.21676e-17
3.471,-0.177524,-0.468698,-0.179144,-0.0964731,-0.0261447,-0.175615,1.21676e-17
3.472,-0.177542,-0.469074,-0.179174,-0.0953561,-0.026154,-0.175113,-1.50267e-17
3.473,-0.177542,-0.469074,-0.179174,-0.0953561,-0.026154,-0.175113,-1.50267e-17
3.474,-0.177504,-0.469079,-0.179152,-0.095053,-0.0261612,-0.174975,-7.11143e-18
3.475,-0.177504,-0.469079,-0.179152,-0.095053,-0.0261612,-0.174975,-7.11143e-18
3.476,-0.177493,-0.468914,-0.179163,-0.0951214,-0.0261752,-0.175003,-5.07536e-20
3.477,-0.177493,-0.468914,-0.179163,-0.0951214,-0.0261752,-0.175003,-5.07536e-20
3.478,-0.177493,-0.468914,-0.179163,-0.0951214,-0.0261752,-0.175003,-5.07536e-20
3.479,-0.177377,-0.468262,-0.179073,-0.0962661,-0.0261818,-0.175514,8.99584e-19
3.48,-0.177377,-0.468262,-0.179073,-0.0962661,-0.0261818,-0.175514,8.99584e-19
3.481,-0.177463,-0.468528,-0.179178,-0.095389,-0.026203,-0.175118,-8.46672e-18
3.482,-0.177528,-0.468679,-0.179263,-0.0947762,-0.0262232,-0.174841,1.17419e-17
3.483,-0.177528,-0.468679,-0.179263,-0.0947762,-0.0262232,-0.174841,1.17419e-17
3.484,-0.177599,-0.468867,-0.179353,-0.0940758,-0.0262435,-0.174525,2.1236e-17
3.485,-0.177599,-0.468867,-0.179353,-0.0940758,-0.0262435,-0.174525,2.1236e-17
3.486,-0.177469,-0.468146,-0.17925,-0.0953805,-0.0262492,-0.175109,-2.34934e-17
3.487,-0.177469,-0.468146,-0.17925,-0.0953805,-0.0262492,-0.175109,-2.34934e-17
3.488,-0.177527,-0.468278,-0.179328,-0.0948076,-0.0262686,-0.17485,1.08306e-17
3.489,-0.177527,-0.468278,-0.179328,-0.0948076,-0.0262686,-0.17485,1.08306e-17
3.49,-0.177593,-0.468431,-0.179413,-0.0941938,-0.0262887,-0.174573,2.65218e-20
3.491,-0.177593,-0.468431,-0.179413,-0.0941938,-0.0262887,-0.174573,2.65218e-20
3.492,-0.177684,-0.468708,-0.179523,-0.0933048,-0.0263106,-0.174173,2.24436e-17
3.493,-0.177684,-0.468708,-0.179523,-0.0933048,-0.0263106,-0.174173,2.24436e-17
3.494,-0.177582,-0.468113,-0.179447,-0.09434,-0.0263184,-0.174636,-1.40311e-17
3.495,-0.177582,-0.468113,-0.179447,-0.09434,-0.0263184,-0.174636,-1.40311e-17
3.496,-0.177687,-0.468457,-0.179571,-0.0933021,-0.0263412,-0.174169,-5.67802e-18
3.497,-0.177687,-0.468457,-0.179571,-0.0933021,-0.0263412,-0.174169,-5.67802e-18
3.498,-0.176608,-0.463445,-0.178542,-0.104242,-0.026271,-0.17908,5.75201e-18
3.499,-0.176608,-0.463445,-0.178542,-0.104242,-0.026271,-0.17908,5.75201e-18
3.5,-0.176675,-0.463616,-0.178628,-0.103589,-0.026291,-0.178785,1.50985e-17
3.501,-0.176675,-0.463616,-0.178628,-0.103589,-0.026291,-0.178785,1.50985e-17
3.502,-0.176789,-0.463823,-0.178765,-0.102942,-0.0263181,-0.178503,-2.71524e-17
3.503,-0.176789,-0.463823,-0.178765,-0.102942,-0.0263181,-0.178503,-2.71524e-17
3.504,-0.176933,-0.464165,-0.178929,-0.101992,-0.0263472,-0.178084,-2.41737e-17
3.505,-0.176933,-0.464165,-0.178929,-0.101992,-0.0263472,-0.178084,-2.41737e-17
3.506,-0.177057,-0.464431,-0.179074,-0.10121,-0.0263748,-0.17774,1.21413e-17
3.507,-0.177057,-0.464431,-0.179074,-0.10121,-0.0263748,-0.17774,1.21413e-17
3.508,-0.177195,-0.464769,-0.179232,-0.100263,-0.0264031,-0.177322,-1.0678e-17
3.509,-0.177195,-0.464769,-0.179232,-0.100263,-0.0264031,-0.177322,-1.0678e-17
3.51,-0.177344,-0.46517,-0.179401,-0.0991732,-0.0264321,-0.17684,1.04588e-17
3.511,-0.177344,-0.46517,-0.179401,-0.0991732,-0.0264321,-0.17684,1.04588e-17
3.512,-0.17749,-0.465573,-0.179567,-0.0980725,-0.0264606,-0.176352,2.78567e-17
3.513,-0.17749,-0.465573,-0.179567,-0.0980725,-0.0264606,-0.176352,2.78567e-17
3.514,-0.17756,-0.465641,-0.179659,-0.097711,-0.0264834,-0.176196,3.9932e-18
3.515,-0.17756,-0.465641,-0.179659,-0.097711,-0.0264834,-0.176196,3.9932e-18
3.516,-0.177557,-0.465388,-0.17968,-0.0980507,-0.0265005,-0.176353,-1.24545e-17
3.517,-0.177557,-0.465388,-0.17968,-0.0980507,-0.0265005,-0.176353,-1.24545e-17
3.518,-0.177759,-0.466081,-0.179899,-0.0962996,-0.0265324,-0.175573,-1.00967e-17
3.519,-0.177759,-0.466081,-0.179899,-0.0962996,-0.0265324,-0.175573,-1.00967e-17
3.52,-0.177676,-0.465459,-0.179843,-0.097462,-0.0265439,-0.1761,2.0892e-17
3.521,-0.177676,-0.465459,-0.179843,-0.097462,-0.0265439,-0.1761,2.0892e-17
3.522,-0.177852,-0.466052,-0.180036,-0.0959256,-0.0265737,-0.175416,-2.60726e-17
3.523,-0.178015,-0.466563,-0.180217,-0.0945816,-0.0266029,-0.174819,6.67477e-18
3.524,-0.178015,-0.466563,-0.180217,-0.0945816,-0.0266029,-0.174819,6.67477e-18
3.525,-0.178034,-0.466448,-0.180258,-0.0946103,-0.0266209,-0.174836,-1.63825e-17
3.526,-0.178034,-0.466448,-0.180258,-0.0946103,-0.0266209,-0.174836,-1.63825e-17
3.527,-0.178185,-0.466951,-0.180427,-0.0932681,-0.0266485,-0.174239,-9.91432e-18
3.528,-0.178185,-0.466951,-0.180427,-0.0932681,-0.0266485,-0.174239,-9.91432e-18
3.529,-0.178215,-0.466904,-0.180478,-0.0931424,-0.026667,-0.174186,8.46603e-18
3.53,-0.178215,-0.466904,-0.180478,-0.0931424,-0.026667,-0.174186,8.46603e-18
3.531,-0.178054,-0.466434,-0.180334,-0.0939923,-0.0266639,-0.174578,-1.17976e-18
3.532,-0.178054,-0.466434,-0.180334,-0.0939923,-0.0266639,-0.174578,-1.17976e-18
3.533,-0.178012,-0.466516,-0.180306,-0.0936259,-0.0266697,-0.174424,-2.15601e-17
3.534,-0.178012,-0.466516,-0.180306,-0.0936259,-0.0266697,-0.174424,-2.15601e-17
3.535,-0.177909,-0.466313,-0.180217,-0.0938951,-0.0266709,-0.174557,8.21765e-18
3.536,-0.177909,-0.466313,-0.180217,-0.0938951,-0.0266709,-0.174557,8.21765e-18
3.537,-0.17779,-0.466031,-0.180114,-0.0943429,-0.0266711,-0.174769,3.73662e-18
3.538,-0.17779,-0.466031,-0.180114,-0.0943429,-0.0266711,-0.174769,3.73662e-18
3.539,-0.177833,-0.466453,-0.180168,-0.0932343,-0.0266839,-0.174284,8.98078e-18
3.54,-0.177833,-0.466453,-0.180168,-0.0932343,-0.0266839,-0.174284,8.98078e-18
3.541,-0.176777,-0.461907,-0.179149,-0.103242,-0.0266081,-0.178779,1.33123e-17
3.542,-0.176777,-0.461907,-0.179149,-0.103242,-0.0266081,-0.178779,1.33123e-17
3.543,-0.175426,-0.456064,-0.177843,-0.116127,-0.0265096,-0.184562,-3.05343e-18
3.544,-0.175426,-0.456064,-0.177843,-0.116127,-0.0265096,-0.184562,-3.05343e-18
3.545,-0.176751,-0.4621,-0.179152,-0.10254,-0.0266279,-0.178495,2.2694e-17
3.546,-0.176751,-0.4621,-0.179152,-0.10254,-0.0266279,-0.178495,2.2694e-17
3.547,-0.176911,-0.462696,-0.179327,-0.101212,-0.0266565,-0.17793,1.01877e-17
3.548,-0.176911,-0.462696,-0.179327,-0.101212,-0.0266565,-0.17793,1.01877e-17
3.549,-0.177005,-0.463184,-0.179435,-0.100029,-0.0266764,-0.17742,4.72994e-18
3.55,-0.177005,-0.463184,-0.179435,-0.100029,-0.0266764,-0.17742,4.72994e-18
3.551,-0.177048,-0.463455,-0.179492,-0.0993189,-0.0266921,-0.177121,1.39581e-17
3.552,-0.177048,-0.463455,-0.179492,-0.0993189,-0.0266921,-0.177121,1.39581e-17
3.553,-0.177049,-0.463557,-0.179509,-0.0989794,-0.0267044,-0.176987,1.82358e-17
3.554,-0.177049,-0.463557,-0.179509,-0.0989794,-0.0267044,-0.176987,1.82358e-17
3.555,-0.17715,-0.464099,-0.179622,-0.0976576,-0.0267243,-0.176413,1.02133e-17
3.556,-0.17715,-0.464099,-0.179622,-0.0976576,-0.0267243,-0.176413,1.02133e-17
3.557,-0.1772,-0.464416,-0.179686,-0.096837,-0.0267403,-0.176063,-3.80473e-18
3.558,-0.1772,-0.464416,-0.179686,-0.096837,-0.0267403,-0.176063,-3.80473e-18
3.559,-0.17722,-0.464609,-0.17972,-0.0962824,-0.0267538,-0.175832,1.74642e-17
3.56,-0.17722,-0.464609,-0.17972,-0.0962824,-0.0267538,-0.175832,1.74642e-17
3.561,-0.177297,-0.46506,-0.17981,-0.0951515,-0.0267715,-0.175343,-2.49167e-18
3.562,-0.177328,-0.465306,-0.179855,-0.094476,-0.0267857,-0.175057,-2.21551e-18
3.563,-0.177328,-0.465306,-0.179855,-0.094476,-0.0267857,-0.175057,-2.21551e-18
3.564,-0.177329,-0.465437,-0.179871,-0.0940476,-0.0267973,-0.174881,-1.76894e-17
3.565,-0.177329,-0.465437,-0.179871,-0.0940476,-0.0267973,-0.174881,-1.76894e-17
3.566,-0.177308,-0.465467,-0.179865,-0.0938401,-0.0268072,-0.174804,1.41532e-17
3.567,-0.177308,-0.465467,-0.179865,-0.0938401,-0.0268072,-0.174804,1.41532e-17
3.568,-0.177317,-0.465628,-0.179888,-0.0933433,-0.0268193,-0.174597,-1.13898e-17
3.569,-0.177317,-0.465628,-0.179888,-0.0933433,-0.0268193,-0.174597,-1.13898e-17
3.57,-0.177291,-0.465632,-0.179877,-0.0931968,-0.0268288,-0.174548,-1.09925e-17
3.571,-0.177291,-0.465632,-0.179877,-0.0931968,-0.0268288,-0.174548,-1.09925e-17
3.572,-0.177291,-0.465747,-0.179891,-0.092801,-0.0268403,-0.174386,-1.82778e-17
3.573,-0.177291,-0.465747,-0.179891,-0.092801,-0.0268403,-0.174386,-1.82778e-17
3.574,-0.17728,-0.465813,-0.179895,-0.092515,-0.0268511,-0.174274,-3.54306e-17
3.575,-0.17728,-0.465813,-0.179895,-0.092515,-0.0268511,-0.174274,-3.54306e-17
3.576,-0.177187,-0.465514,-0.17982,-0.0930431,-0.0268555,-0.174526,9.62934e-18
3.577,-0.177187,-0.465514,-0.17982,-0.0930431,-0.0268555,-0.174526,9.62934e-18
3.578,-0.177187,-0.465514,-0.17982,-0.0930431,-0.0268555,-0.174526,9.62934e-18
3.579,-0.177102,-0.465239,-0.179752,-0.0935189,-0.0268606,-0.174755,6.41642e-18
3.58,-0.177078,-0.465226,-0.179744,-0.0934157,-0.0268707,-0.174725,1.07432e-17
3.581,-0.177078,-0.465226,-0.179744,-0.0934157,-0.0268707,-0.174725,1.07432e-17
3.582,-0.177203,-0.465861,-0.17988,-0.0918763,-0.0268924,-0.174052,-1.94088e-18
3.583,-0.177203,-0.465861,-0.17988,-0.0918763,-0.0268924,-0.174052,-1.94088e-18
3.584,-0.177125,-0.465599,-0.17982,-0.0923309,-0.0268983,-0.174272,-1.24745e-18
3.585,-0.177125,-0.465599,-0.17982,-0.0923309,-0.0268983,-0.174272,-1.24745e-18
3.586,-0.17694,-0.464862,-0.179655,-0.0938413,-0.026896,-0.174964,-9.16803e-18
3.587,-0.17694,-0.464862,-0.179655,-0.0938413,-0.026896,-0.174964,-9.16803e-18
3.588,-0.177179,-0.465994,-0.179903,-0.0912005,-0.0269267,-0.1738,-2.89145e-18
3.589,-0.177179,-0.465994,-0.179903,-0.0912005,-0.0269267,-0.1738,-2.89145e-18
3.59,-0.177047,-0.465474,-0.17979,-0.092235,-0.0269288,-0.174279,1.67088e-17
3.591,-0.177047,-0.465474,-0.17979,-0.092235,-0.0269288,-0.174279,1.67088e-17
3.592,-0.177172,-0.466103,-0.179926,-0.0907079,-0.0269505,-0.173613,-2.28231e-19
3.593,-0.177172,-0.466103,-0.179926,-0.0907079,-0.0269505,-0.173613,-2.28231e-19
3.594,-0.177158,-0.466113,-0.179928,-0.0905587,-0.0269616,-0.173562,7.78861e-18
3.595,-0.177158,-0.466113,-0.179928,-0.0905587,-0.0269616,-0.173562,7.78861e-18
3.596,-0.176174,-0.461758,-0.178978,-0.100194,-0.0268914,-0.17788,-2.31238e-17
3.596,-0.176174,-0.461758,-0.178978,-0.100194,-0.0268914,-0.17788,-2.31238e-17
3.598,-0.177335,-0.466982,-0.180132,-0.0884003,-0.0270006,-0.172633,-1.24888e-17
3.599,-0.177335,-0.466982,-0.180132,-0.0884003,-0.0270006,-0.172633,-1.24888e-17
3.6,-0.177335,-0.466982,-0.180132,-0.0884003,-0.0270006,-0.172633,-1.24888e-17
3.601,-0.176967,-0.46535,-0.17979,-0.0919353,-0.0269853,-0.174233,-1.03571e-17
3.602,-0.176967,-0.46535,-0.17979,-0.0919353,-0.0269853,-0.174233,-1.03571e-17
3.603,-0.177031,-0.465728,-0.179867,-0.0909565,-0.0270018,-0.17381,-1.06232e-18
3.604,-0.176165,-0.461873,-0.179032,-0.0994916,-0.0269411,-0.177635,-8.54565e-18
3.605,-0.176165,-0.461873,-0.179032,-0.0994916,-0.0269411,-0.177635,-8.54565e-18
3.606,-0.176236,-0.46223,-0.179117,-0.0985838,-0.0269591,-0.177246,-7.97054e-18
3.607,-0.176236,-0.46223,-0.179117,-0.0985838,-0.0269591,-0.177246,-7.97054e-18
3.608,-0.177464,-0.467607,-0.18034,-0.0865088,-0.0270767,-0.171883,2.38515e-18
3.609,-0.177464,-0.467607,-0.18034,-0.0865088,-0.0270767,-0.171883,2.38515e-18
3.61,-0.17639,-0.462761,-0.179303,-0.0972835,-0.0270009,-0.176711,-2.06473e-18
3.611,-0.17639,-0.462761,-0.179303,-0.0972835,-0.0270009,-0.176711,-2.06473e-18
3.612,-0.176376,-0.462787,-0.179304,-0.0970854,-0.0270112,-0.176636,-2.58407e-18
3.613,-0.176376,-0.462787,-0.179304,-0.0970854,-0.0270112,-0.176636,-2.58407e-18
3.614,-0.176376,-0.462787,-0.179304,-0.0970854,-0.0270112,-0.176636,-2.58407e-18
3.615,-0.176927,-0.465158,-0.179868,-0.0917013,-0.0270758,-0.174263,3.93734e-18
3.616,-0.175416,-0.458384,-0.178396,-0.106807,-0.0269585,-0.181014,4.11129e-18
3.617,-0.175416,-0.458384,-0.178396,-0.106807,-0.0269585,-0.181014,4.11129e-18
3.618,-0.175416,-0.458384,-0.178396,-0.106807,-0.0269585,-0.181014,4.11129e-18
3.619,-0.176524,-0.463277,-0.179501,-0.0957815,-0.0270659,-0.176118,3.40252e-17
3.62,-0.176524,-0.463277,-0.179501,-0.0957815,-0.0270659,-0.176118,3.40252e-17
3.621,-0.176684,-0.463778,-0.179679,-0.0946692,-0.027096,-0.175651,-6.95291e-18
3.622,-0.176934,-0.464755,-0.179942,-0.0924582,-0.0271317,-0.174689,-9.55523e-18
3.623,-0.176934,-0.464755,-0.179942,-0.0924582,-0.0271317,-0.174689,-9.55523e-18
3.624,-0.17697,-0.464849,-0.179994,-0.0921785,-0.027149,-0.174586,3.38265e-17
3.625,-0.17697,-0.464849,-0.179994,-0.0921785,-0.027149,-0.174586,3.38265e-17
3.626,-0.177105,-0.465432,-0.180143,-0.0907915,-0.0271733,-0.173987,1.73278e-17
3.627,-0.177105,-0.465432,-0.180143,-0.0907915,-0.0271733,-0.173987,1.73278e-17
3.628,-0.177127,-0.465503,-0.180182,-0.0905461,-0.0271888,-0.173897,1.30307e-17
3.629,-0.177127,-0.465503,-0.180182,-0.0905461,-0.0271888,-0.173897,1.30307e-17
3.63,-0.177078,-0.465552,-0.180144,-0.0903648,-0.0271937,-0.173839,1.17058e-17
3.631,-0.177078,-0.465552,-0.180144,-0.0903648,-0.0271937,-0.173839,1.17058e-17
3.632,-0.17706,-0.465804,-0.180135,-0.0897367,-0.0271999,-0.173583,-2.98668e-17
3.633,-0.17706,-0.465804,-0.180135,-0.0897367,-0.0271999,-0.173583,-2.98668e-17
3.634,-0.176968,-0.465726,-0.180054,-0.0898446,-0.0272003,-0.173655,1.02747e-18
3.635,-0.176961,-0.466018,-0.180056,-0.0891241,-0.0272074,-0.173357,2.03699e-17
3.636,-0.176961,-0.466018,-0.180056,-0.0891241,-0.0272074,-0.173357,2.03699e-17
3.637,-0.176973,-0.466385,-0.180077,-0.088238,-0.0272162,-0.172984,-1.94615e-17
3.638,-0.176973,-0.466385,-0.180077,-0.088238,-0.0272162,-0.172984,-1.94615e-17
3.639,-0.176973,-0.466385,-0.180077,-0.088238,-0.0272162,-0.172984,-1.94615e-17
3.64,-0.17686,-0.46621,-0.179976,-0.0885583,-0.0272149,-0.173151,1.67405e-17
3.641,-0.17686,-0.46621,-0.179976,-0.0885583,-0.0272149,-0.173151,1.67405e-17
3.642,-0.176409,-0.464556,-0.179542,-0.0921858,-0.0271862,-0.174793,-2.62899e-18
3.643,-0.17677,-0.466418,-0.179905,-0.0879545,-0.0272235,-0.172927,-3.78258e-17
3.644,-0.17677,-0.466418,-0.179905,-0.0879545,-0.0272235,-0.172927,-3.78258e-17
3.645,-0.17677,-0.466418,-0.179905,-0.0879545,-0.0272235,-0.172927,-3.78258e-17
3.646,-0.176854,-0.466872,-0.180002,-0.0868788,-0.027242,-0.17247,2.2351e-17
3.647,-0.176854,-0.466872,-0.180002,-0.0868788,-0.027242,-0.17247,2.2351e-17
3.648,-0.176915,-0.467213,-0.180076,-0.0860385,-0.0272586,-0.172116,2.61139e-17
3.649,-0.177129,-0.468216,-0.1803,-0.0837127,-0.0272878,-0.171099,-1.87456e-17
3.65,-0.177129,-0.468216,-0.1803,-0.0837127,-0.0272878,-0.171099,-1.87456e-17
3.651,-0.177129,-0.468216,-0.1803,-0.0837127,-0.0272878,-0.171099,-1.87456e-17
3.652,-0.177157,-0.468404,-0.180342,-0.0831985,-0.0273021,-0.170888,2.13282e-17
3.653,-0.177157,-0.468404,-0.180342,-0.0831985,-0.0273021,-0.170888,2.13282e-17
3.654,-0.177182,-0.468569,-0.180381,-0.0827274,-0.0273161,-0.170697,-3.40422e-18
3.655,-0.17739,-0.469527,-0.1806,-0.080478,-0.0273451,-0.169711,-1.95033e-17
3.656,-0.17739,-0.469527,-0.1806,-0.080478,-0.0273451,-0.169711,-1.95033e-17
3.657,-0.176335,-0.464937,-0.179573,-0.0906961,-0.0272658,-0.17428,-1.8056e-17
3.658,-0.176335,-0.464937,-0.179573,-0.0906961,-0.0272658,-0.17428,-1.8056e-17
3.659,-0.176335,-0.464937,-0.179573,-0.0906961,-0.0272658,-0.17428,-1.8056e-17
3.66,-0.177312,-0.469259,-0.180553,-0.0808756,-0.0273636,-0.169927,2.92553e-17
3.661,-0.177501,-0.470111,-0.180753,-0.0789177,-0.0273919,-0.169078,3.88271e-18
3.662,-0.177501,-0.470111,-0.180753,-0.0789177,-0.0273919,-0.169078,3.88271e-18
3.663,-0.176657,-0.466429,-0.179934,-0.0871022,-0.0273298,-0.172738,6.7648e-18
3.664,-0.176657,-0.466429,-0.179934,-0.0871022,-0.0273298,-0.172738,6.7648e-18
3.665,-0.176725,-0.466743,-0.180016,-0.086268,-0.0273479,-0.172381,-2.98554e-18
3.666,-0.176725,-0.466743,-0.180016,-0.086268,-0.0273479,-0.172381,-2.98554e-18
3.667,-0.176901,-0.467518,-0.180203,-0.0844597,-0.0273753,-0.171597,-1.14869e-17
3.668,-0.176901,-0.467518,-0.180203,-0.0844597,-0.0273753,-0.171597,-1.14869e-17
3.669,-0.177039,-0.468126,-0.180354,-0.0830192,-0.0273999,-0.170976,-2.37028e-17
3.67,-0.177039,-0.468126,-0.180354,-0.0830192,-0.0273999,-0.170976,-2.37028e-17
3.671,-0.177136,-0.468543,-0.180464,-0.0819953,-0.027421,-0.17054,-1.35777e-17
3.672,-0.177136,-0.468543,-0.180464,-0.0819953,-0.027421,-0.17054,-1.35777e-17
3.673,-0.177173,-0.468695,-0.180517,-0.0815572,-0.0274375,-0.170364,6.81808e-18
3.674,-0.177173,-0.468695,-0.180517,-0.0815572,-0.0274375,-0.170364,6.81808e-18
3.675,-0.175778,-0.462563,-0.179156,-0.09524,-0.0273308,-0.176474,9.64055e-18
3.676,-0.175778,-0.462563,-0.179156,-0.09524,-0.0273308,-0.176474,9.64055e-18
3.677,-0.176149,-0.464171,-0.179536,-0.0915335,-0.0273745,-0.17484,-1.70811e-17
3.678,-0.176149,-0.464171,-0.179536,-0.0915335,-0.0273745,-0.17484,-1.70811e-17
3.679,-0.177721,-0.471026,-0.181102,-0.0761061,-0.0275236,-0.168002,2.05208e-17
3.68,-0.177721,-0.471026,-0.181102,-0.0761061,-0.0275236,-0.168002,2.05208e-17
3.681,-0.177938,-0.471943,-0.181332,-0.0740127,-0.0275558,-0.167097,-6.18426e-19
3.682,-0.177938,-0.471943,-0.181332,-0.0740127,-0.0275558,-0.167097,-6.18426e-19
3.683,-0.178061,-0.472444,-0.181469,-0.0727482,-0.0275795,-0.166548,-9.44359e-18
3.684,-0.178061,-0.472444,-0.181469,-0.0727482,-0.0275795,-0.166548,-9.44359e-18
3.685,-0.178191,-0.472968,-0.181612,-0.0714151,-0.0276038,-0.165968,-2.49243e-17
3.686,-0.178191,-0.472968,-0.181612,-0.0714151,-0.0276038,-0.165968,-2.49243e-17
3.687,-0.178271,-0.473271,-0.181707,-0.0705717,-0.0276242,-0.165604,1.21721e-17
3.688,-0.178449,-0.473998,-0.181898,-0.0687666,-0.0276526,-0.164812,2.52e-17
3.689,-0.178449,-0.473998,-0.181898,-0.0687666,-0.0276526,-0.164812,2.52e-17
3.69,-0.178576,-0.474499,-0.18204,-0.067457,-0.027677,-0.164239,3.80204e-19
3.691,-0.178576,-0.474499,-0.18204,-0.067457,-0.027677,-0.164239,3.80204e-19
3.692,-0.178576,-0.474499,-0.18204,-0.067457,-0.027677,-0.164239,3.80204e-19
3.693,-0.178564,-0.474378,-0.182044,-0.0675341,-0.02769,-0.164283,-2.29509e-17
3.694,-0.178697,-0.474891,-0.182191,-0.0661825,-0.0277149,-0.16369,-1.72051e-18
3.695,-0.178697,-0.474891,-0.182191,-0.0661825,-0.0277149,-0.16369,-1.72051e-18
3.696,-0.178697,-0.474891,-0.182191,-0.0661825,-0.0277149,-0.16369,-1.72051e-18
3.697,-0.178742,-0.475013,-0.182252,-0.0657047,-0.0277328,-0.163485,1.53457e-17
3.698,-0.178742,-0.475013,-0.182252,-0.0657047,-0.0277328,-0.163485,1.53457e-17
3.699,-0.178845,-0.475384,-0.182371,-0.0646632,-0.0277555,-0.16303,-1.03791e-17
3.7,-0.178845,-0.475384,-0.182371,-0.0646632,-0.0277555,-0.16303,-1.03791e-17
3.701,-0.178852,-0.475328,-0.182395,-0.0645778,-0.0277705,-0.162999,9.31105e-18
3.702,-0.179132,-0.47647,-0.182687,-0.0617969,-0.0278079,-0.161768,-1.69123e-17
3.703,-0.179132,-0.47647,-0.182687,-0.0617969,-0.0278079,-0.161768,-1.69123e-17
3.704,-0.179364,-0.477397,-0.182932,-0.0594885,-0.0278413,-0.160747,-8.73009e-18
3.705,-0.179364,-0.477397,-0.182932,-0.0594885,-0.0278413,-0.160747,-8.73009e-18
3.706,-0.179432,-0.477594,-0.183015,-0.0588022,-0.0278614,-0.160446,-2.35489e-17
3.707,-0.179432,-0.477594,-0.183015,-0.0588022,-0.0278614,-0.160446,-2.35489e-17
3.708,-0.17951,-0.477832,-0.18311,-0.0580113,-0.0278823,-0.160097,-8.33297e-18
3.709,-0.17951,-0.477832,-0.18311,-0.0580113,-0.0278823,-0.160097,-8.33297e-18
3.71,-0.17951,-0.477832,-0.18311,-0.0580113,-0.0278823,-0.160097,-8.33297e-18
3.711,-0.179416,-0.477304,-0.183035,-0.0589378,-0.0278892,-0.160512,1.07348e-18
3.712,-0.179416,-0.477304,-0.183035,-0.0589378,-0.0278892,-0.160512,1.07348e-18
3.713,-0.179333,-0.476812,-0.18297,-0.0597776,-0.0278971,-0.160888,-8.05923e-18
3.714,-0.179333,-0.476812,-0.18297,-0.0597776,-0.0278971,-0.160888,-8.05923e-18
3.715,-0.179508,-0.477464,-0.183159,-0.058059,-0.0279263,-0.160126,-4.24916e-18
3.716,-0.179986,-0.479452,-0.183647,-0.0533435,-0.0279806,-0.158032,-4.62395e-18
3.717,-0.179986,-0.479452,-0.183647,-0.0533435,-0.0279806,-0.158032,-4.62395e-18
3.718,-0.179986,-0.479452,-0.183647,-0.0533435,-0.0279806,-0.158032,-4.62395e-18
3.719,-0.179672,-0.477928,-0.183356,-0.0564863,-0.0279698,-0.159431,-2.94071e-17
3.72,-0.178929,-0.474563,-0.182634,-0.0638979,-0.0279161,-0.162727,-1.86678e-17
3.721,-0.178929,-0.474563,-0.182634,-0.0638979,-0.0279161,-0.162727,-1.86678e-17
3.722,-0.178929,-0.474563,-0.182634,-0.0638979,-0.0279161,-0.162727,-1.86678e-17
3.723,-0.179909,-0.478696,-0.183624,-0.0542206,-0.0280195,-0.158427,5.18684e-18
3.724,-0.17923,-0.475604,-0.182965,-0.0610548,-0.0279715,-0.16147,1.29919e-18
3.725,-0.17923,-0.475604,-0.182965,-0.0610548,-0.0279715,-0.16147,1.29919e-18
3.726,-0.17923,-0.475604,-0.182965,-0.0610548,-0.0279715,-0.16147,1.29919e-18
3.727,-0.18026,-0.47995,-0.184005,-0.0509139,-0.0280796,-0.156967,-1.68459e-17
3.728,-0.179494,-0.476425,-0.183261,-0.0587454,-0.0280252,-0.160455,7.34302e-18
3.729,-0.179494,-0.476425,-0.183261,-0.0587454,-0.0280252,-0.160455,7.34302e-18
3.73,-0.179494,-0.476425,-0.183261,-0.0587454,-0.0280252,-0.160455,7.34302e-18
3.731,-0.180592,-0.481004,-0.184369,-0.0481081,-0.0281405,-0.155735,5.13739e-19
3.732,-0.180592,-0.481004,-0.184369,-0.0481081,-0.0281405,-0.155735,5.13739e-19
3.733,-0.180902,-0.48216,-0.184693,-0.0452978,-0.0281831,-0.154496,-1.06885e-18
3.734,-0.181153,-0.48306,-0.18496,-0.0429916,-0.0282205,-0.153471,-1.1004e-17
3.735,-0.181153,-0.48306,-0.18496,-0.0429916,-0.0282205,-0.153471,-1.1004e-17
3.736,-0.180262,-0.47895,-0.184093,-0.0521037,-0.0281559,-0.157524,2.71109e-17
3.737,-0.180262,-0.47895,-0.184093,-0.0521037,-0.0281559,-0.157524,2.71109e-17
3.738,-0.180448,-0.479554,-0.184295,-0.0504307,-0.0281877,-0.156777,5.37347e-18
3.739,-0.180448,-0.479554,-0.184295,-0.0504307,-0.0281877,-0.156777,5.37347e-18
3.74,-0.179274,-0.474167,-0.18315,-0.0624428,-0.0281001,-0.16212,1.16442e-18
3.741,-0.179274,-0.474167,-0.18315,-0.0624428,-0.0281001,-0.16212,1.16442e-18
3.742,-0.180838,-0.480822,-0.184717,-0.0470591,-0.028254,-0.155286,1.26638e-17
3.743,-0.180838,-0.480822,-0.184717,-0.0470591,-0.028254,-0.155286,1.26638e-17
3.744,-0.181006,-0.481326,-0.184902,-0.0457398,-0.0282857,-0.154713,-1.27569e-17
3.745,-0.181006,-0.481326,-0.184902,-0.0457398,-0.0282857,-0.154713,-1.27569e-17
3.746,-0.181241,-0.482134,-0.185152,-0.0436324,-0.0283222,-0.153777,3.31284e-18
3.747,-0.181241,-0.482134,-0.185152,-0.0436324,-0.0283222,-0.153777,3.31284e-18
3.748,-0.181381,-0.482515,-0.185309,-0.0424781,-0.0283508,-0.153264,4.33812e-18
3.749,-0.181381,-0.482515,-0.185309,-0.0424781,-0.0283508,-0.153264,4.33812e-18
3.75,-0.181558,-0.483059,-0.185503,-0.0409414,-0.0283825,-0.152579,-1.78673e-17
3.751,-0.181558,-0.483059,-0.185503,-0.0409414,-0.0283825,-0.152579,-1.78673e-17
3.752,-0.181716,-0.483518,-0.185678,-0.0395889,-0.0284127,-0.151975,3.58531e-18
3.753,-0.181716,-0.483518,-0.185678,-0.0395889,-0.0284127,-0.151975,3.58531e-18
3.754,-0.181896,-0.48407,-0.185874,-0.0380151,-0.0284446,-0.151272,-1.88526e-17
3.755,-0.181896,-0.48407,-0.185874,-0.0380151,-0.0284446,-0.151272,-1.88526e-17
3.756,-0.182036,-0.484441,-0.186031,-0.0368388,-0.0284733,-0.150745,1.44636e-17
3.757,-0.182036,-0.484441,-0.186031,-0.0368388,-0.0284733,-0.150745,1.44636e-17
3.758,-0.182178,-0.484819,-0.18619,-0.0356345,-0.0285021,-0.150204,2.59844e-17
3.759,-0.182178,-0.484819,-0.18619,-0.0356345,-0.0285021,-0.150204,2.59844e-17
3.76,-0.18234,-0.485287,-0.186369,-0.0342202,-0.0285326,-0.149569,-1.69595e-18
3.761,-0.18234,-0.485287,-0.186369,-0.0342202,-0.0285326,-0.149569,-1.69595e-18
3.762,-0.182545,-0.485945,-0.18659,-0.0323693,-0.0285667,-0.148739,7.94159e-18
3.763,-0.182694,-0.48635,-0.186756,-0.0310764,-0.0285962,-0.148155,-1.36439e-17
3.764,-0.182694,-0.48635,-0.186756,-0.0310764,-0.0285962,-0.148155,-1.36439e-17
3.765,-0.182694,-0.48635,-0.186756,-0.0310764,-0.0285962,-0.148155,-1.36439e-17
3.766,-0.182784,-0.486484,-0.186863,-0.0303797,-0.0286206,-0.147835,3.41239e-18
3.767,-0.182784,-0.486484,-0.186863,-0.0303797,-0.0286206,-0.147835,3.41239e-18
3.768,-0.182956,-0.486991,-0.187053,-0.0288342,-0.028652,-0.147137,-1.58027e-17
3.769,-0.182956,-0.486991,-0.187053,-0.0288342,-0.028652,-0.147137,-1.58027e-17
3.77,-0.182942,-0.486652,-0.187058,-0.0291938,-0.0286681,-0.147285,1.5043e-17
3.771,-0.18296,-0.487186,-0.18708,-0.0275663,-0.0286741,-0.146552,-5.25456e-18
3.772,-0.18296,-0.487186,-0.18708,-0.0275663,-0.0286741,-0.146552,-5.25456e-18
3.773,-0.181033,-0.478476,-0.185183,-0.0472267,-0.028515,-0.15528,-5.22379e-18
3.774,-0.181033,-0.478476,-0.185183,-0.0472267,-0.028515,-0.15528,-5.22379e-18
3.775,-0.181967,-0.483571,-0.186105,-0.0350823,-0.0285954,-0.149872,4.31719e-18
3.776,-0.181967,-0.483571,-0.186105,-0.0350823,-0.0285954,-0.149872,4.31719e-18
3.777,-0.182896,-0.488737,-0.187021,-0.0229242,-0.0286752,-0.144478,7.05273e-18
3.778,-0.182896,-0.488737,-0.187021,-0.0229242,-0.0286752,-0.144478,7.05273e-18
3.779,-0.18281,-0.488946,-0.186938,-0.0220271,-0.0286702,-0.14407,1.08132e-17
3.78,-0.18281,-0.488946,-0.186938,-0.0220271,-0.0286702,-0.14407,1.08132e-17
3.781,-0.182816,-0.489549,-0.186945,-0.0201944,-0.0286729,-0.143242,-8.67542e-18
3.782,-0.182816,-0.489549,-0.186945,-0.0201944,-0.0286729,-0.143242,-8.67542e-18
3.783,-0.182816,-0.489549,-0.186945,-0.0201944,-0.0286729,-0.143242,-8.67542e-18
3.784,-0.182551,-0.488924,-0.186686,-0.0211277,-0.0286531,-0.14364,-6.37585e-18
3.785,-0.182441,-0.489003,-0.18658,-0.0204609,-0.0286461,-0.143327,1.79601e-18
3.786,-0.182441,-0.489003,-0.18658,-0.0204609,-0.0286461,-0.143327,1.79601e-18
3.787,-0.182397,-0.489382,-0.186537,-0.0191214,-0.0286445,-0.142716,1.66439e-17
3.788,-0.182397,-0.489382,-0.186537,-0.0191214,-0.0286445,-0.142716,1.66439e-17
3.789,-0.181452,-0.485385,-0.185607,-0.0279082,-0.0285672,-0.146605,-2.20929e-17
3.79,-0.181452,-0.485385,-0.185607,-0.0279082,-0.0285672,-0.146605,-2.20929e-17
3.791,-0.18229,-0.490076,-0.186435,-0.0165966,-0.0286396,-0.141565,1.75347e-17
3.792,-0.18229,-0.490076,-0.186435,-0.0165966,-0.0286396,-0.141565,1.75347e-17
3.793,-0.181162,-0.485253,-0.185323,-0.0272745,-0.0285468,-0.146295,-2.74722e-17
3.794,-0.181162,-0.485253,-0.185323,-0.0272745,-0.0285468,-0.146295,-2.74722e-17
3.795,-0.182155,-0.490655,-0.186305,-0.0143327,-0.0286321,-0.14053,-2.42829e-17
3.796,-0.182155,-0.490655,-0.186305,-0.0143327,-0.0286321,-0.14053,-2.42829e-17
3.797,-0.182024,-0.490652,-0.186176,-0.0138502,-0.028623,-0.1403,4.50377e-18
3.798,-0.182024,-0.490652,-0.186176,-0.0138502,-0.028623,-0.1403,4.50377e-18
3.799,-0.181892,-0.490629,-0.186048,-0.0133698,-0.0286139,-0.140065,3.42488e-18
3.8,-0.181892,-0.490629,-0.186048,-0.0133698,-0.0286139,-0.140065,3.42488e-18
3.801,-0.181827,-0.490912,-0.185986,-0.0121932,-0.0286103,-0.139521,-1.03252e-17
3.802,-0.181827,-0.490912,-0.185986,-0.0121932,-0.0286103,-0.139521,-1.03252e-17
3.803,-0.181775,-0.491251,-0.185936,-0.010885,-0.0286077,-0.138919,-3.30264e-17
3.804,-0.181775,-0.491251,-0.185936,-0.010885,-0.0286077,-0.138919,-3.30264e-17
3.805,-0.181533,-0.490726,-0.185699,-0.0115208,-0.0285893,-0.139176,-1.14662e-17
3.806,-0.181533,-0.490726,-0.185699,-0.0115208,-0.0285893,-0.139176,-1.14662e-17
3.807,-0.181338,-0.490413,-0.185508,-0.011673,-0.0285747,-0.13922,8.74502e-18
3.808,-0.181338,-0.490413,-0.185508,-0.011673,-0.0285747,-0.13922,8.74502e-18
3.809,-0.180456,-0.486683,-0.184639,-0.0198324,-0.0285021,-0.142823,6.17993e-18
3.81,-0.180456,-0.486683,-0.184639,-0.0198324,-0.0285021,-0.142823,6.17993e-18
3.811,-0.180313,-0.48661,-0.184499,-0.019444,-0.0284918,-0.142627,3.56623e-18
3.812,-0.180313,-0.48661,-0.184499,-0.019444,-0.0284918,-0.142627,3.56623e-18
3.813,-0.181139,-0.4913,-0.185315,-0.00808258,-0.0285628,-0.137567,-2.22272e-17
3.814,-0.181139,-0.4913,-0.185315,-0.00808258,-0.0285628,-0.137567,-2.22272e-17
3.815,-0.181073,-0.491596,-0.18525,-0.00687251,-0.0285587,-0.137009,-5.94029e-18
3.816,-0.181073,-0.491596,-0.18525,-0.00687251,-0.0285587,-0.137009,-5.94029e-18
3.817,-0.181027,-0.491966,-0.185206,-0.00545259,-0.0285564,-0.136353,-3.23963e-18
3.818,-0.181027,-0.491966,-0.185206,-0.00545259,-0.0285564,-0.136353,-3.23963e-18
3.819,-0.180926,-0.492085,-0.185108,-0.00458946,-0.0285495,-0.135942,-9.14901e-18
3.82,-0.180926,-0.492085,-0.185108,-0.00458946,-0.0285495,-0.135942,-9.14901e-18
3.821,-0.180679,-0.49153,-0.184866,-0.00524347,-0.0285303,-0.136203,-7.34147e-18
3.822,-0.180679,-0.49153,-0.184866,-0.00524347,-0.0285303,-0.136203,-7.34147e-18
3.823,-0.180487,-0.491228,-0.184677,-0.00532268,-0.0285156,-0.136208,-5.8391e-18
3.824,-0.180487,-0.491228,-0.184677,-0.00532268,-0.0285156,-0.136208,-5.8391e-18
3.825,-0.180477,-0.491765,-0.184668,-0.0035058,-0.0285161,-0.135375,5.18183e-18
3.826,-0.180477,-0.491765,-0.184668,-0.0035058,-0.0285161,-0.135375,5.18183e-18
3.827,-0.180321,-0.491699,-0.184514,-0.00304984,-0.0285033,-0.135144,2.81735e-18
3.828,-0.180321,-0.491699,-0.184514,-0.00304984,-0.0285033,-0.135144,2.81735e-18
3.829,-0.180321,-0.491699,-0.184514,-0.00304984,-0.0285033,-0.135144,2.81735e-18
3.83,-0.179914,-0.490571,-0.184111,-0.004992,-0.0284679,-0.135974,-2.22766e-17
3.831,-0.179914,-0.490571,-0.184111,-0.004992,-0.0284679,-0.135974,-2.22766e-17
3.832,-0.179689,-0.49026,-0.183886,-0.00508201,-0.0284478,-0.135984,-8.57758e-18
3.833,-0.179689,-0.49026,-0.183886,-0.00508201,-0.0284478,-0.135984,-8.57758e-18
3.834,-0.179544,-0.490324,-0.183741,-0.00433532,-0.0284344,-0.135625,1.6892e-17
3.835,-0.178695,-0.486845,-0.182901,-0.0119147,-0.0283618,-0.138966,1.21442e-17
3.836,-0.178695,-0.486845,-0.182901,-0.0119147,-0.0283618,-0.138966,1.21442e-17
3.837,-0.179446,-0.491341,-0.183641,-0.000844443,-0.0284239,-0.134026,2.97042e-17
3.838,-0.179446,-0.491341,-0.183641,-0.000844443,-0.0284239,-0.134026,2.97042e-17
3.839,-0.179446,-0.491341,-0.183641,-0.000844443,-0.0284239,-0.134026,2.97042e-17
3.84,-0.1762,-0.476643,-0.180431,-0.0341436,-0.0281478,-0.148762,3.08489e-17
3.841,-0.176774,-0.479971,-0.180997,-0.0260109,-0.0281954,-0.145135,-1.60232e-17
3.842,-0.176774,-0.479971,-0.180997,-0.0260109,-0.0281954,-0.145135,-1.60232e-17
3.843,-0.177882,-0.486116,-0.182088,-0.0112482,-0.0282876,-0.138568,2.14049e-17
3.844,-0.177882,-0.486116,-0.182088,-0.0112482,-0.0282876,-0.138568,2.14049e-17
3.845,-0.177841,-0.486737,-0.182044,-0.0093727,-0.0282824,-0.137726,2.07094e-17
3.846,-0.177841,-0.486737,-0.182044,-0.0093727,-0.0282824,-0.137726,2.07094e-17
3.847,-0.177678,-0.486752,-0.18188,-0.00877307,-0.028267,-0.137437,1.3888e-17
3.848,-0.177678,-0.486752,-0.18188,-0.00877307,-0.028267,-0.137437,1.3888e-17
3.849,-0.177513,-0.48676,-0.181715,-0.00817737,-0.0282515,-0.137149,1.73486e-18
3.85,-0.177513,-0.48676,-0.181715,-0.00817737,-0.0282515,-0.137149,1.73486e-18
3.851,-0.177361,-0.48682,-0.181561,-0.00745932,-0.028237,-0.136806,1.19209e-17
3.852,-0.177361,-0.48682,-0.181561,-0.00745932,-0.028237,-0.136806,1.19209e-17
3.852,-0.177206,-0.486872,-0.181406,-0.00675337,-0.0282222,-0.136467,-4.35533e-18
3.854,-0.177206,-0.486872,-0.181406,-0.00675337,-0.0282222,-0.136467,-4.35533e-18
3.855,-0.176982,-0.486606,-0.181181,-0.00676461,-0.0282015,-0.136446,-8.9459e-19
3.856,-0.176982,-0.486606,-0.181181,-0.00676461,-0.0282015,-0.136446,-8.9459e-19
3.857,-0.176821,-0.486627,-0.181019,-0.00611796,-0.0281861,-0.136132,-3.79334e-17
3.858,-0.176663,-0.486665,-0.18086,-0.00543372,-0.0281709,-0.135802,6.01089e-18
3.859,-0.176663,-0.486665,-0.18086,-0.00543372,-0.0281709,-0.135802,6.01089e-18
3.86,-0.176663,-0.486665,-0.18086,-0.00543372,-0.0281709,-0.135802,6.01089e-18
3.861,-0.176462,-0.486504,-0.180658,-0.00519335,-0.028152,-0.135668,-4.40207e-18
3.862,-0.176462,-0.486504,-0.180658,-0.00519335,-0.028152,-0.135668,-4.40207e-18
3.863,-0.176094,-0.485588,-0.180291,-0.00666442,-0.0281188,-0.13629,4.02827e-18
3.864,-0.176094,-0.485588,-0.180291,-0.00666442,-0.0281188,-0.13629,4.02827e-18
3.865,-0.175885,-0.485392,-0.180081,-0.00649823,-0.028099,-0.136188,-3.42628e-17
3.866,-0.175885,-0.485392,-0.180081,-0.00649823,-0.028099,-0.136188,-3.42628e-17
3.867,-0.175628,-0.484984,-0.179823,-0.00682158,-0.0280751,-0.136303,3.84574e-18
3.868,-0.175619,-0.48571,-0.179811,-0.00456958,-0.0280724,-0.135281,7.18921e-18
3.869,-0.175619,-0.48571,-0.179811,-0.00456958,-0.0280724,-0.135281,7.18921e-18
3.87,-0.174596,-0.48143,-0.178797,-0.0139821,-0.0279838,-0.139426,-1.38227e-17
3.871,-0.174596,-0.48143,-0.178797,-0.0139821,-0.0279838,-0.139426,-1.38227e-17
3.872,-0.174435,-0.481458,-0.178634,-0.0133027,-0.027968,-0.139096,-1.90384e-17
3.873,-0.174435,-0.481458,-0.178634,-0.0133027,-0.027968,-0.139096,-1.90384e-17
3.874,-0.174244,-0.481382,-0.178441,-0.0129208,-0.0279493,-0.138906,-2.84227e-18
3.875,-0.174244,-0.481382,-0.178441,-0.0129208,-0.0279493,-0.138906,-2.84227e-18
3.876,-0.174119,-0.481611,-0.178313,-0.0118396,-0.0279364,-0.138406,3.29068e-17
3.877,-0.174119,-0.481611,-0.178313,-0.0118396,-0.0279364,-0.138406,3.29068e-17
3.878,-0.174798,-0.485917,-0.17898,-0.00121769,-0.0279913,-0.13368,1.09726e-17
3.879,-0.174798,-0.485917,-0.17898,-0.00121769,-0.0279913,-0.13368,1.09726e-17
3.88,-0.17458,-0.485702,-0.17876,-0.0010976,-0.0279703,-0.133599,-3.31745e-18
3.881,-0.17458,-0.485702,-0.17876,-0.0010976,-0.0279703,-0.133599,-3.31745e-18
3.882,-0.173559,-0.481413,-0.177747,-0.0105161,-0.0278815,-0.137743,5.6777e-18
3.883,-0.173559,-0.481413,-0.177747,-0.0105161,-0.0278815,-0.137743,5.6777e-18
3.884,-0.173323,-0.481098,-0.17751,-0.0105921,-0.0278589,-0.137744,2.37927e-18
3.885,-0.173323,-0.481098,-0.17751,-0.0105921,-0.0278589,-0.137744,2.37927e-18
3.886,-0.173163,-0.481165,-0.177347,-0.00985863,-0.0278427,-0.137395,-2.48561e-18
3.887,-0.173163,-0.481165,-0.177347,-0.00985863,-0.0278427,-0.137395,-2.48561e-18
3.888,-0.172989,-0.481171,-0.17717,-0.00926255,-0.0278252,-0.137108,-2.21746e-17
3.889,-0.172989,-0.481171,-0.17717,-0.00926255,-0.0278252,-0.137108,-2.21746e-17
3.89,-0.172833,-0.481261,-0.177012,-0.00847268,-0.0278092,-0.136734,1.35112e-17
3.891,-0.172833,-0.481261,-0.177012,-0.00847268,-0.0278092,-0.136734,1.35112e-17
3.892,-0.172571,-0.480866,-0.176748,-0.00877796,-0.0277841,-0.136843,3.44509e-18
3.893,-0.172571,-0.480866,-0.176748,-0.00877796,-0.0277841,-0.136843,3.44509e-18
3.894,-0.172383,-0.480808,-0.176558,-0.00831407,-0.0277653,-0.136612,1.41044e-17
3.895,-0.172383,-0.480808,-0.176558,-0.00831407,-0.0277653,-0.136612,1.41044e-17
3.896,-0.171966,-0.479699,-0.17614,-0.0102392,-0.0277266,-0.137435,1.53917e-17
3.897,-0.171966,-0.479699,-0.17614,-0.0102392,-0.0277266,-0.137435,1.53917e-17
3.898,-0.171811,-0.479796,-0.175982,-0.00942143,-0.0277106,-0.137048,-1.8669e-17
3.899,-0.171811,-0.479796,-0.175982,-0.00942143,-0.0277106,-0.137048,-1.8669e-17
3.9,-0.171824,-0.480673,-0.17599,-0.00684311,-0.0277089,-0.135886,-1.06467e-17
3.901,-0.171824,-0.480673,-0.17599,-0.00684311,-0.0277089,-0.135886,-1.06467e-17
3.902,-0.17145,-0.479773,-0.175615,-0.00829611,-0.0276738,-0.136501,-6.52867e-19
3.903,-0.17145,-0.479773,-0.175615,-0.00829611,-0.0276738,-0.136501,-6.52867e-19
3.904,-0.171409,-0.480394,-0.175569,-0.00627489,-0.0276674,-0.135582,2.66548e-17
3.905,-0.171409,-0.480394,-0.175569,-0.00627489,-0.0276674,-0.135582,2.66548e-17
3.906,-0.16899,-0.469262,-0.173172,-0.0315797,-0.0274583,-0.146745,2.74991e-17
3.907,-0.16899,-0.469262,-0.173172,-0.0315797,-0.0274583,-0.146745,2.74991e-17
3.908,-0.170911,-0.479734,-0.175066,-0.00656235,-0.0276186,-0.135654,-1.634e-17
3.909,-0.170837,-0.4803,-0.174987,-0.00482376,-0.0276088,-0.13488,-8.54549e-18
3.91,-0.170837,-0.4803,-0.174987,-0.00482376,-0.0276088,-0.13488,-8.54549e-18
3.911,-0.17071,-0.48053,-0.174856,-0.00368409,-0.0275948,-0.134349,1.56335e-17
3.912,-0.17071,-0.48053,-0.174856,-0.00368409,-0.0275948,-0.134349,1.56335e-17
3.913,-0.170487,-0.480315,-0.17463,-0.00354544,-0.0275724,-0.134259,2.52607e-17
3.914,-0.170487,-0.480315,-0.17463,-0.00354544,-0.0275724,-0.134259,2.52607e-17
3.915,-0.170305,-0.480293,-0.174445,-0.00296534,-0.0275536,-0.133973,1.52954e-17
3.916,-0.170305,-0.480293,-0.174445,-0.00296534,-0.0275536,-0.133973,1.52954e-17
3.917,-0.16986,-0.479055,-0.173999,-0.00514743,-0.0275119,-0.134905,2.51088e-18
3.918,-0.16986,-0.479055,-0.173999,-0.00514743,-0.0275119,-0.134905,2.51088e-18
3.919,-0.168956,-0.475287,-0.1731,-0.0134022,-0.0274319,-0.138529,1.16201e-17
3.92,-0.168956,-0.475287,-0.1731,-0.0134022,-0.0274319,-0.138529,1.16201e-17
3.921,-0.168677,-0.474819,-0.172817,-0.0138441,-0.0274044,-0.138695,3.64703e-18
3.922,-0.168677,-0.474819,-0.172817,-0.0138441,-0.0274044,-0.138695,3.64703e-18
3.923,-0.169229,-0.47866,-0.173356,-0.00425346,-0.0274472,-0.134434,1.37513e-17
3.924,-0.169229,-0.47866,-0.173356,-0.00425346,-0.0274472,-0.134434,1.37513e-17
3.925,-0.169273,-0.479551,-0.173397,-0.00166488,-0.0274506,-0.133272,-5.89487e-18
3.926,-0.169273,-0.479551,-0.173397,-0.00166488,-0.0274506,-0.133272,-5.89487e-18
3.927,-0.169349,-0.480324,-0.173475,0.000632985,-0.0274616,-0.132239,-1.09774e-17
3.928,-0.169349,-0.480324,-0.173475,0.000632985,-0.0274616,-0.132239,-1.09774e-17
3.929,-0.169264,-0.480305,-0.173394,0.00113595,-0.0274593,-0.131996,1.95152e-17
3.93,-0.169264,-0.480305,-0.173394,0.00113595,-0.0274593,-0.131996,1.95152e-17
3.931,-0.169241,-0.480588,-0.173374,0.00234156,-0.0274621,-0.131443,-5.88761e-18
3.932,-0.169241,-0.480588,-0.173374,0.00234156,-0.0274621,-0.131443,-5.88761e-18
3.933,-0.169029,-0.479951,-0.173167,0.00144705,-0.0274492,-0.131814,5.68443e-18
3.934,-0.169029,-0.479951,-0.173167,0.00144705,-0.0274492,-0.131814,5.68443e-18
3.935,-0.169104,-0.480712,-0.173243,0.00375292,-0.0274599,-0.130775,-1.20716e-17
3.936,-0.169104,-0.480712,-0.173243,0.00375292,-0.0274599,-0.130775,-1.20716e-17
3.937,-0.169104,-0.480712,-0.173243,0.00375292,-0.0274599,-0.130775,-1.20716e-17
3.938,-0.168066,-0.47585,-0.172219,-0.00709117,-0.0273763,-0.135545,-5.26181e-18
3.938,-0.169125,-0.481609,-0.173269,0.00695753,-0.0274707,-0.129314,-1.34054e-17
3.94,-0.169125,-0.481609,-0.173269,0.00695753,-0.0274707,-0.129314,-1.34054e-17
3.941,-0.169205,-0.482407,-0.17335,0.00933954,-0.0274817,-0.128242,2.49894e-17
3.942,-0.169205,-0.482407,-0.17335,0.00933954,-0.0274817,-0.128242,2.49894e-17
3.943,-0.169124,-0.482404,-0.173273,0.00994107,-0.0274795,-0.127949,-7.11521e-18
3.944,-0.169124,-0.482404,-0.173273,0.00994107,-0.0274795,-0.127949,-7.11521e-18
3.945,-0.168136,-0.47777,-0.172297,-0.000357284,-0.0273997,-0.132474,1.99045e-17
3.946,-0.168136,-0.47777,-0.172297,-0.000357284,-0.0273997,-0.132474,1.99045e-17
3.947,-0.168136,-0.47777,-0.172297,-0.000357284,-0.0273997,-0.132474,1.99045e-17
3.948,-0.168089,-0.477924,-0.172253,0.000616095,-0.0274001,-0.132015,-2.32158e-17
3.949,-0.168104,-0.478418,-0.17227,0.00230386,-0.0274056,-0.13125,-3.44323e-18
3.95,-0.168104,-0.478418,-0.17227,0.00230386,-0.0274056,-0.13125,-3.44323e-18
3.951,-0.168848,-0.482687,-0.173008,0.0129308,-0.0274737,-0.126533,5.3696e-18
3.952,-0.168848,-0.482687,-0.173008,0.0129308,-0.0274737,-0.126533,5.3696e-18
3.953,-0.168756,-0.482639,-0.172919,0.0134312,-0.0274703,-0.126284,1.29538e-17
3.954,-0.168756,-0.482639,-0.172919,0.0134312,-0.0274703,-0.126284,1.29538e-17
3.955,-0.168826,-0.483373,-0.17299,0.0157583,-0.0274803,-0.125227,-3.52503e-18
3.956,-0.168826,-0.483373,-0.17299,0.0157583,-0.0274803,-0.125227,-3.52503e-18
3.957,-0.168649,-0.482896,-0.172818,0.0153255,-0.0274698,-0.125384,-9.04769e-18
3.958,-0.168649,-0.482896,-0.172818,0.0153255,-0.0274698,-0.125384,-9.04769e-18
3.959,-0.167834,-0.479093,-0.172013,0.00694645,-0.027404,-0.129058,1.39455e-17
3.96,-0.167834,-0.479093,-0.172013,0.00694645,-0.027404,-0.129058,1.39455e-17
3.961,-0.16768,-0.478726,-0.171863,0.00676785,-0.0273953,-0.129102,3.65891e-18
3.962,-0.16768,-0.478726,-0.171863,0.00676785,-0.0273953,-0.129102,3.65891e-18
3.963,-0.167703,-0.479252,-0.171887,0.00858285,-0.0274011,-0.128275,-2.07153e-17
3.964,-0.167703,-0.479252,-0.171887,0.00858285,-0.0274011,-0.128275,-2.07153e-17
3.965,-0.167625,-0.479288,-0.171811,0.00927712,-0.0273986,-0.127942,-2.814e-17
3.966,-0.167625,-0.479288,-0.171811,0.00927712,-0.0273986,-0.127942,-2.814e-17
3.967,-0.167558,-0.479375,-0.171747,0.0100977,-0.0273969,-0.127551,-1.53643e-18
3.968,-0.167558,-0.479375,-0.171747,0.0100977,-0.0273969,-0.127551,-1.53643e-18
3.969,-0.167555,-0.479774,-0.171745,0.0116412,-0.0274004,-0.126842,1.02973e-17
3.97,-0.167472,-0.479784,-0.171664,0.0122985,-0.0273973,-0.126522,-5.96345e-18
3.971,-0.167472,-0.479784,-0.171664,0.0122985,-0.0273973,-0.126522,-5.96345e-18
3.972,-0.167472,-0.479784,-0.171664,0.0122985,-0.0273973,-0.126522,-5.96345e-18
3.973,-0.167338,-0.479539,-0.171533,0.0123842,-0.0273899,-0.126453,1.57721e-17
3.974,-0.167302,-0.479778,-0.171499,0.0135823,-0.0273907,-0.125893,-5.59628e-18
3.975,-0.167302,-0.479778,-0.171499,0.0135823,-0.0273907,-0.125893,-5.59628e-18
3.976,-0.167234,-0.479859,-0.171433,0.0144209,-0.0273887,-0.125491,1.9074e-17
3.977,-0.167234,-0.479859,-0.171433,0.0144209,-0.0273887,-0.125491,1.9074e-17
3.978,-0.167086,-0.479544,-0.171288,0.0143617,-0.02738,-0.125483,-1.37584e-17
3.979,-0.167086,-0.479544,-0.171288,0.0143617,-0.02738,-0.125483,-1.37584e-17
3.98,-0.167081,-0.479936,-0.171284,0.0159251,-0.0273832,-0.124761,2.30985e-17
3.981,-0.167081,-0.479936,-0.171284,0.0159251,-0.0273832,-0.124761,2.30985e-17
3.982,-0.166903,-0.479471,-0.171109,0.0155301,-0.0273718,-0.124901,1.78634e-18
3.983,-0.166903,-0.479471,-0.171109,0.0155301,-0.0273718,-0.124901,1.78634e-18
3.984,-0.166834,-0.479548,-0.171042,0.0163823,-0.0273695,-0.124491,-9.64497e-18
3.985,-0.166834,-0.479548,-0.171042,0.0163823,-0.0273695,-0.124491,-9.64497e-18
3.986,-0.166795,-0.479778,-0.171005,0.0175869,-0.0273698,-0.123925,-5.8277e-18
3.987,-0.166795,-0.479778,-0.171005,0.0175869,-0.0273698,-0.123925,-5.8277e-18
3.988,-0.166692,-0.479687,-0.170904,0.0180632,-0.0273646,-0.123679,1.39603e-17
3.989,-0.166692,-0.479687,-0.170904,0.0180632,-0.0273646,-0.123679,1.39603e-17
3.99,-0.165737,-0.475175,-0.169958,0.00805623,-0.0272862,-0.128063,-1.00351e-17
3.991,-0.165737,-0.475175,-0.169958,0.00805623,-0.0272862,-0.128063,-1.00351e-17
3.992,-0.166512,-0.47965,-0.170727,0.0193327,-0.0273562,-0.123051,8.99735e-18
3.993,-0.166512,-0.47965,-0.170727,0.0193327,-0.0273562,-0.123051,8.99735e-18
3.994,-0.165525,-0.474991,-0.16975,0.00895709,-0.0272749,-0.1276,-1.59385e-17
3.995,-0.165525,-0.474991,-0.16975,0.00895709,-0.0272749,-0.1276,-1.59385e-17
3.996,-0.165455,-0.475061,-0.169681,0.00982045,-0.0272723,-0.127181,-1.51113e-17
3.997,-0.165455,-0.475061,-0.169681,0.00982045,-0.0272723,-0.127181,-1.51113e-17
3.998,-0.165349,-0.47499,-0.169577,0.010293,-0.0272666,-0.126943,-4.76348e-18
3.999,-0.165349,-0.47499,-0.169577,0.010293,-0.0272666,-0.126943,-4.76348e-18
4,-0.165267,-0.475034,-0.169496,0.0110376,-0.0272628,-0.126584,9.34688e-20
4.001,-0.165267,-0.475034,-0.169496,0.0110376,-0.0272628,-0.126584,9.34688e-20
4.002,-0.164983,-0.474078,-0.169215,0.00948982,-0.027242,-0.127233,1.48404e-17
4.003,-0.164983,-0.474078,-0.169215,0.00948982,-0.027242,-0.127233,1.48404e-17
4.004,-0.165133,-0.475272,-0.169363,0.0128821,-0.0272576,-0.12571,2.5721e-18
4.005,-0.165133,-0.475272,-0.169363,0.0128821,-0.0272576,-0.12571,2.5721e-18
4.006,-0.165071,-0.475426,-0.169302,0.0138783,-0.0272554,-0.125241,-4.33646e-18
4.007,-0.165071,-0.475426,-0.169302,0.0138783,-0.0272554,-0.125241,-4.33646e-18
4.008,-0.164914,-0.4751,-0.169147,0.0137951,-0.0272451,-0.125244,-6.63604e-18
4.009,-0.164914,-0.4751,-0.169147,0.0137951,-0.0272451,-0.125244,-6.63604e-18
4.01,-0.164787,-0.474918,-0.16902,0.0140491,-0.0272373,-0.125098,-1.484e-17
4.011,-0.164787,-0.474918,-0.16902,0.0140491,-0.0272373,-0.125098,-1.484e-17
4.012,-0.164677,-0.474826,-0.168911,0.0145091,-0.0272309,-0.124861,1.33467e-17
4.013,-0.164647,-0.475134,-0.168882,0.0158921,-0.0272312,-0.124219,2.52298e-17
4.014,-0.164647,-0.475134,-0.168882,0.0158921,-0.0272312,-0.124219,2.52298e-17
4.015,-0.164647,-0.475134,-0.168882,0.0158921,-0.0272312,-0.124219,2.52298e-17
4.016,-0.164447,-0.474594,-0.168684,0.0153333,-0.0272171,-0.124429,-1.62172e-17
4.017,-0.164404,-0.474831,-0.16864,0.0165651,-0.0272161,-0.123851,-6.06151e-18
4.018,-0.164404,-0.474831,-0.16864,0.0165651,-0.0272161,-0.123851,-6.06151e-18
4.019,-0.164227,-0.47441,-0.168465,0.0162842,-0.0272039,-0.123939,-1.00989e-17
4.02,-0.164227,-0.47441,-0.168465,0.0162842,-0.0272039,-0.123939,-1.00989e-17
4.021,-0.164143,-0.47445,-0.168381,0.017066,-0.0271995,-0.123559,0
4.022,-0.164143,-0.47445,-0.168381,0.017066,-0.0271995,-0.123559,0
4.023,-0.164107,-0.47461,-0.168347,0.0181069,-0.0272012,-0.123066,2.30961e-18
4.024,-0.164107,-0.47461,-0.168347,0.0181069,-0.0272012,-0.123066,2.30961e-18
4.025,-0.164229,-0.475004,-0.168479,0.0195988,-0.0272265,-0.122385,-6.63187e-18
4.026,-0.164229,-0.475004,-0.168479,0.0195988,-0.0272265,-0.122385,-6.63187e-18
4.027,-0.164252,-0.474861,-0.168513,0.0198575,-0.0272442,-0.122244,-2.21823e-17
4.028,-0.164252,-0.474861,-0.168513,0.0198575,-0.0272442,-0.122244,-2.21823e-17
4.029,-0.163616,-0.471273,-0.167892,0.011858,-0.0272033,-0.125748,1.41669e-18
4.03,-0.163616,-0.471273,-0.167892,0.011858,-0.0272033,-0.125748,1.41669e-18
4.031,-0.163752,-0.471745,-0.168038,0.0135453,-0.0272295,-0.124978,-2.20508e-17
4.032,-0.163752,-0.471745,-0.168038,0.0135453,-0.0272295,-0.124978,-2.20508e-17
4.033,-0.164731,-0.476699,-0.169018,0.025827,-0.0273283,-0.119546,4.36631e-18
4.034,-0.164731,-0.476699,-0.169018,0.025827,-0.0273283,-0.119546,4.36631e-18
4.035,-0.163941,-0.472277,-0.168245,0.0158806,-0.0272755,-0.123906,-4.03528e-18
4.036,-0.163941,-0.472277,-0.168245,0.0158806,-0.0272755,-0.123906,-4.03528e-18
4.037,-0.16488,-0.476999,-0.169187,0.02773,-0.0273711,-0.118653,5.59442e-18
4.038,-0.16488,-0.476999,-0.169187,0.02773,-0.0273711,-0.118653,5.59442e-18
4.039,-0.16488,-0.476999,-0.169187,0.02773,-0.0273711,-0.118653,5.59442e-18
4.04,-0.164882,-0.476753,-0.169199,0.027775,-0.0273867,-0.118604,1.72399e-17
4.041,-0.164882,-0.476753,-0.169199,0.027775,-0.0273867,-0.118604,1.72399e-17
4.042,-0.165036,-0.47733,-0.169362,0.0297663,-0.0274141,-0.117694,-1.53208e-17
4.043,-0.165036,-0.47733,-0.169362,0.0297663,-0.0274141,-0.117694,-1.53208e-17
4.044,-0.165095,-0.477394,-0.169432,0.0305689,-0.027434,-0.117307,-1.56906e-17
4.045,-0.165283,-0.478155,-0.169627,0.0330027,-0.0274638,-0.116202,-1.31341e-17
4.046,-0.165283,-0.478155,-0.169627,0.0330027,-0.0274638,-0.116202,-1.31341e-17
4.047,-0.165412,-0.4786,-0.169765,0.0347164,-0.0274891,-0.115411,-4.52433e-18
4.048,-0.165412,-0.4786,-0.169765,0.0347164,-0.0274891,-0.115411,-4.52433e-18
4.049,-0.165496,-0.478794,-0.169858,0.0358644,-0.0275107,-0.114867,-1.1845e-17
4.05,-0.165496,-0.478794,-0.169858,0.0358644,-0.0275107,-0.114867,-1.1845e-17
4.051,-0.164769,-0.474698,-0.169148,0.0267358,-0.0274622,-0.118857,2.56276e-17
4.052,-0.164769,-0.474698,-0.169148,0.0267358,-0.0274622,-0.118857,2.56276e-17
4.053,-0.164769,-0.474698,-0.169148,0.0267358,-0.0274622,-0.118857,2.56276e-17
4.054,-0.165488,-0.478239,-0.169872,0.035975,-0.0275404,-0.11474,9.24268e-18
4.055,-0.1649,-0.474904,-0.169297,0.0285841,-0.0275025,-0.117969,-2.66196e-17
4.056,-0.1649,-0.474904,-0.169297,0.0285841,-0.0275025,-0.117969,-2.66196e-17
4.057,-0.165704,-0.478934,-0.170105,0.0389363,-0.0275871,-0.113366,9.84114e-18
4.058,-0.165704,-0.478934,-0.170105,0.0389363,-0.0275871,-0.113366,9.84114e-18
4.059,-0.165771,-0.479057,-0.170182,0.0399238,-0.0276073,-0.112893,-1.49212e-17
4.06,-0.165771,-0.479057,-0.170182,0.0399238,-0.0276073,-0.112893,-1.49212e-17
4.061,-0.165826,-0.479104,-0.170246,0.0407761,-0.0276264,-0.112474,-1.40685e-17
4.062,-0.165826,-0.479104,-0.170246,0.0407761,-0.0276264,-0.112474,-1.40685e-17
4.063,-0.165181,-0.475444,-0.169615,0.0326731,-0.0275839,-0.116009,2.61366e-18
4.064,-0.165181,-0.475444,-0.169615,0.0326731,-0.0275839,-0.116009,2.61366e-18
4.065,-0.165236,-0.475492,-0.16968,0.0335356,-0.0276028,-0.115584,-1.17581e-17
4.066,-0.165236,-0.475492,-0.16968,0.0335356,-0.0276028,-0.115584,-1.17581e-17
4.067,-0.165302,-0.475621,-0.169755,0.0345356,-0.0276227,-0.115105,8.56214e-18
4.068,-0.165302,-0.475621,-0.169755,0.0345356,-0.0276227,-0.115105,8.56214e-18
4.069,-0.165399,-0.475919,-0.16986,0.0359347,-0.0276449,-0.114451,-1.46821e-17
4.07,-0.165399,-0.475919,-0.16986,0.0359347,-0.0276449,-0.114451,-1.46821e-17
4.071,-0.165438,-0.475899,-0.169908,0.0366038,-0.0276625,-0.114115,-7.59955e-18
4.072,-0.165438,-0.475899,-0.169908,0.0366038,-0.0276625,-0.114115,-7.59955e-18
4.073,-0.165462,-0.475799,-0.169941,0.0370995,-0.027679,-0.113855,1.2767e-17
4.074,-0.165462,-0.475799,-0.169941,0.0370995,-0.027679,-0.113855,1.2767e-17
4.075,-0.165535,-0.475972,-0.170023,0.0382303,-0.0276991,-0.113316,-1.1258e-17
4.076,-0.165535,-0.475972,-0.170023,0.0382303,-0.0276991,-0.113316,-1.1258e-17
4.077,-0.165545,-0.475798,-0.170042,0.0385641,-0.0277144,-0.113125,6.79529e-18
4.078,-0.165545,-0.475798,-0.170042,0.0385641,-0.0277144,-0.113125,6.79529e-18
4.079,-0.165577,-0.475746,-0.170083,0.0391872,-0.0277312,-0.112807,-1.09019e-17
4.08,-0.165577,-0.475746,-0.170083,0.0391872,-0.0277312,-0.112807,-1.09019e-17
4.081,-0.165614,-0.475724,-0.170128,0.0398831,-0.0277484,-0.112457,2.09703e-17
4.082,-0.165614,-0.475724,-0.170128,0.0398831,-0.0277484,-0.112457,2.09703e-17
4.083,-0.165625,-0.475561,-0.170148,0.0402565,-0.0277635,-0.112247,-1.73498e-17
4.084,-0.165694,-0.475716,-0.170225,0.0413739,-0.0277831,-0.11171,1.22322e-17
4.085,-0.165694,-0.475716,-0.170225,0.0413739,-0.0277831,-0.11171,1.22322e-17
4.086,-0.165705,-0.475556,-0.170244,0.0417656,-0.027798,-0.111491,-8.24561e-18
4.087,-0.165705,-0.475556,-0.170244,0.0417656,-0.027798,-0.111491,-8.24561e-18
4.088,-0.165739,-0.475529,-0.170287,0.0424734,-0.0278148,-0.111133,-1.93166e-17
4.089,-0.165739,-0.475529,-0.170287,0.0424734,-0.0278148,-0.111133,-1.93166e-17
4.09,-0.165739,-0.475529,-0.170287,0.0424734,-0.0278148,-0.111133,-1.93166e-17
4.091,-0.165774,-0.475501,-0.17033,0.0431814,-0.0278315,-0.110774,-1.83696e-18
4.092,-0.165787,-0.47536,-0.170351,0.043633,-0.0278465,-0.110527,1.35319e-17
4.093,-0.165787,-0.47536,-0.170351,0.043633,-0.0278465,-0.110527,1.35319e-17
4.094,-0.165782,-0.475117,-0.170355,0.0438531,-0.02786,-0.110381,3.37935e-18
4.095,-0.165782,-0.475117,-0.170355,0.0438531,-0.02786,-0.110381,3.37935e-18
4.096,-0.16584,-0.475225,-0.17042,0.0448926,-0.0278784,-0.109875,-7.45878e-18
4.097,-0.16584,-0.475225,-0.17042,0.0448926,-0.0278784,-0.109875,-7.45878e-18
4.098,-0.165818,-0.474896,-0.170407,0.0449208,-0.0278905,-0.109812,-4.69338e-19
4.099,-0.165818,-0.474896,-0.170407,0.0449208,-0.0278905,-0.109812,-4.69338e-19
4.1,-0.165078,-0.470699,-0.169681,0.0355833,-0.0278395,-0.113879,-5.29399e-18
4.101,-0.165078,-0.470699,-0.169681,0.0355833,-0.0278395,-0.113879,-5.29399e-18
4.102,-0.165741,-0.474068,-0.170347,0.0445641,-0.0279119,-0.109869,-8.28993e-18
4.103,-0.165741,-0.474068,-0.170347,0.0445641,-0.0279119,-0.109869,-8.28993e-18
4.104,-0.165008,-0.469916,-0.169627,0.0353028,-0.0278614,-0.113906,2.20073e-17
4.105,-0.165008,-0.469916,-0.169627,0.0353028,-0.0278614,-0.113906,2.20073e-17
4.106,-0.165068,-0.470046,-0.169694,0.0363993,-0.0278797,-0.113374,-1.45955e-17
4.107,-0.165068,-0.470046,-0.169694,0.0363993,-0.0278797,-0.113374,-1.45955e-17
4.108,-0.16502,-0.469602,-0.169655,0.0361089,-0.0278896,-0.113456,5.10227e-18
4.109,-0.16502,-0.469602,-0.169655,0.0361089,-0.0278896,-0.113456,5.10227e-18
4.11,-0.165065,-0.469673,-0.169707,0.0370195,-0.0279066,-0.113012,-1.69321e-17
4.111,-0.165065,-0.469673,-0.169707,0.0370195,-0.0279066,-0.113012,-1.69321e-17
4.112,-0.165062,-0.469477,-0.169711,0.0373104,-0.0279198,-0.112839,2.35037e-18
4.113,-0.165062,-0.469477,-0.169711,0.0373104,-0.0279198,-0.112839,2.35037e-18
4.114,-0.165036,-0.46916,-0.169692,0.0373263,-0.0279312,-0.112786,-2.08849e-17
4.115,-0.165036,-0.46916,-0.169692,0.0373263,-0.0279312,-0.112786,-2.08849e-17
4.116,-0.165055,-0.469091,-0.169718,0.0379185,-0.0279461,-0.112481,8.47265e-18
4.117,-0.165055,-0.469091,-0.169718,0.0379185,-0.0279461,-0.112481,8.47265e-18
4.118,-0.165059,-0.468946,-0.169729,0.0383381,-0.0279597,-0.112251,-1.95249e-17
4.119,-0.165092,-0.468959,-0.169768,0.0391277,-0.0279755,-0.111858,-5.31336e-19
4.12,-0.165092,-0.468959,-0.169768,0.0391277,-0.0279755,-0.111858,-5.31336e-19
4.121,-0.165092,-0.468959,-0.169768,0.0391277,-0.0279755,-0.111858,-5.31336e-19
4.122,-0.16507,-0.468661,-0.169754,0.0391974,-0.0279873,-0.11178,6.39697e-18
4.123,-0.165418,-0.469263,-0.170121,0.0412455,-0.0280487,-0.110845,5.57435e-18
4.124,-0.165418,-0.469263,-0.170121,0.0412455,-0.0280487,-0.110845,5.57435e-18
4.125,-0.165751,-0.469777,-0.170474,0.0430925,-0.0281091,-0.109997,-1.03438e-18
4.126,-0.165751,-0.469777,-0.170474,0.0430925,-0.0281091,-0.109997,-1.03438e-18
4.127,-0.166089,-0.470332,-0.170832,0.045049,-0.0281697,-0.1091,8.53506e-18
4.128,-0.166089,-0.470332,-0.170832,0.045049,-0.0281697,-0.1091,8.53506e-18
4.129,-0.166397,-0.470697,-0.171161,0.0465766,-0.0282283,-0.108389,-2.78508e-18
4.13,-0.166397,-0.470697,-0.171161,0.0465766,-0.0282283,-0.108389,-2.78508e-18
4.131,-0.166691,-0.470971,-0.171475,0.0479046,-0.0282858,-0.107765,2.47384e-17
4.132,-0.166691,-0.470971,-0.171475,0.0479046,-0.0282858,-0.107765,2.47384e-17
4.133,-0.167006,-0.47139,-0.17181,0.0495825,-0.0283445,-0.106985,6.97665e-18
4.134,-0.167006,-0.47139,-0.17181,0.0495825,-0.0283445,-0.106985,6.97665e-18
4.135,-0.16656,-0.467622,-0.171391,0.0411167,-0.0283373,-0.110673,3.7906e-18
4.136,-0.16656,-0.467622,-0.171391,0.0411167,-0.0283373,-0.110673,3.7906e-18
4.137,-0.167612,-0.472096,-0.172456,0.0526285,-0.0284603,-0.105563,1.63927e-17
4.138,-0.167612,-0.472096,-0.172456,0.0526285,-0.0284603,-0.105563,1.63927e-17
4.139,-0.167121,-0.468031,-0.171992,0.0434487,-0.0284504,-0.109565,1.05476e-17
4.14,-0.167121,-0.468031,-0.171992,0.0434487,-0.0284504,-0.109565,1.05476e-17
4.141,-0.167121,-0.468031,-0.171992,0.0434487,-0.0284504,-0.109565,1.05476e-17
4.142,-0.167394,-0.468194,-0.172285,0.0445659,-0.0285061,-0.109027,1.49469e-17
4.143,-0.168473,-0.472892,-0.173377,0.0565804,-0.0286307,-0.103701,1.8743e-17
4.144,-0.168473,-0.472892,-0.173377,0.0565804,-0.0286307,-0.103701,1.8743e-17
4.145,-0.168052,-0.469289,-0.172981,0.0484934,-0.0286248,-0.107222,1.01411e-17
4.146,-0.168052,-0.469289,-0.172981,0.0484934,-0.0286248,-0.107222,1.01411e-17
4.147,-0.169043,-0.473422,-0.173986,0.0592906,-0.0287431,-0.102417,1.04744e-17
4.148,-0.169043,-0.473422,-0.173986,0.0592906,-0.0287431,-0.102417,1.04744e-17
4.149,-0.169313,-0.473603,-0.174276,0.0604649,-0.0287983,-0.101853,1.99835e-17
4.15,-0.169313,-0.473603,-0.174276,0.0604649,-0.0287983,-0.101853,1.99835e-17
4.151,-0.169597,-0.473876,-0.174578,0.0618946,-0.0288538,-0.101171,2.07208e-17
4.152,-0.169597,-0.473876,-0.174578,0.0618946,-0.0288538,-0.101171,2.07208e-17
4.153,-0.169597,-0.473876,-0.174578,0.0618946,-0.0288538,-0.101171,2.07208e-17
4.154,-0.169662,-0.47271,-0.174669,0.0599666,-0.028896,-0.101959,5.91942e-18
4.155,-0.169442,-0.470452,-0.174468,0.0550843,-0.0289017,-0.104068,2.01239e-17
4.156,-0.169442,-0.470452,-0.174468,0.0550843,-0.0289017,-0.104068,2.01239e-17
4.157,-0.170373,-0.474242,-0.175413,0.0651441,-0.0290156,-0.0995811,6.51973e-18
4.158,-0.170373,-0.474242,-0.175413,0.0651441,-0.0290156,-0.0995811,6.51973e-18
4.158,-0.17064,-0.474436,-0.175699,0.0663963,-0.0290698,-0.0989769,-2.06299e-17
4.16,-0.17064,-0.474436,-0.175699,0.0663963,-0.0290698,-0.0989769,-2.06299e-17
4.161,-0.170906,-0.474628,-0.175984,0.0676834,-0.0291237,-0.0983527,1.38978e-17
4.162,-0.170906,-0.474628,-0.175984,0.0676834,-0.0291237,-0.0983527,1.38978e-17
4.163,-0.171066,-0.474121,-0.176165,0.0673432,-0.029171,-0.0984397,-1.65961e-17
4.164,-0.171066,-0.474121,-0.176165,0.0673432,-0.029171,-0.0984397,-1.65961e-17
4.165,-0.170661,-0.47064,-0.175783,0.0596144,-0.029165,-0.101791,1.27022e-17
4.166,-0.170661,-0.47064,-0.175783,0.0596144,-0.029165,-0.101791,1.27022e-17
4.167,-0.170858,-0.470387,-0.176,0.0598708,-0.0292143,-0.101616,1.64739e-17
4.168,-0.170858,-0.470387,-0.176,0.0598708,-0.0292143,-0.101616,1.64739e-17
4.169,-0.171099,-0.470428,-0.176259,0.06077,-0.0292666,-0.101166,-1.92598e-17
4.17,-0.171099,-0.470428,-0.176259,0.06077,-0.0292666,-0.101166,-1.92598e-17
4.171,-0.171268,-0.470001,-0.176449,0.0605749,-0.0293144,-0.101194,-4.23866e-18
4.172,-0.171268,-0.470001,-0.176449,0.0605749,-0.0293144,-0.101194,-4.23866e-18
4.173,-0.171516,-0.470106,-0.176715,0.0616326,-0.0293669,-0.100673,-1.00808e-17
4.174,-0.171516,-0.470106,-0.176715,0.0616326,-0.0293669,-0.100673,-1.00808e-17
4.175,-0.171782,-0.470338,-0.176999,0.0629894,-0.0294204,-0.100022,-4.50686e-18
4.176,-0.171782,-0.470338,-0.176999,0.0629894,-0.0294204,-0.100022,-4.50686e-18
4.177,-0.17198,-0.470121,-0.177215,0.0633013,-0.0294696,-0.0998262,-6.53652e-18
4.178,-0.17198,-0.470121,-0.177215,0.0633013,-0.0294696,-0.0998262,-6.53652e-18
4.179,-0.172229,-0.47025,-0.177482,0.0644341,-0.0295219,-0.0992703,-1.45949e-17
4.18,-0.172229,-0.47025,-0.177482,0.0644341,-0.0295219,-0.0992703,-1.45949e-17
4.181,-0.172447,-0.470181,-0.177718,0.0651057,-0.0295721,-0.0989159,2.42179e-18
4.182,-0.172447,-0.470181,-0.177718,0.0651057,-0.0295721,-0.0989159,2.42179e-18
4.183,-0.172649,-0.470016,-0.177939,0.0655618,-0.0296213,-0.0986546,-7.38865e-18
4.184,-0.172865,-0.469942,-0.178172,0.0662342,-0.0296711,-0.0982981,1.42196e-17
4.185,-0.172865,-0.469942,-0.178172,0.0662342,-0.0296711,-0.0982981,1.42196e-17
4.186,-0.172865,-0.469942,-0.178172,0.0662342,-0.0296711,-0.0982981,1.42196e-17
4.187,-0.172988,-0.469256,-0.178315,0.0654795,-0.0297151,-0.098565,-8.28699e-18
4.188,-0.173259,-0.46957,-0.178603,0.0670732,-0.0297681,-0.0978043,5.0439e-18
4.189,-0.173259,-0.46957,-0.178603,0.0670732,-0.0297681,-0.0978043,5.0439e-18
4.19,-0.173441,-0.469289,-0.178803,0.0672717,-0.0298156,-0.0976538,-1.36177e-17
4.191,-0.173441,-0.469289,-0.178803,0.0672717,-0.0298156,-0.0976538,-1.36177e-17
4.192,-0.173678,-0.469387,-0.179057,0.0683675,-0.0298663,-0.09711,-1.33136e-17
4.193,-0.173678,-0.469387,-0.179057,0.0683675,-0.0298663,-0.09711,-1.33136e-17
4.194,-0.17378,-0.468584,-0.179178,0.0673534,-0.0299086,-0.0974881,-2.9628e-18
4.195,-0.17378,-0.468584,-0.179178,0.0673534,-0.0299086,-0.0974881,-2.9628e-18
4.196,-0.173798,-0.467222,-0.179218,0.0650292,-0.0299457,-0.0984385,-2.95636e-18
4.197,-0.173798,-0.467222,-0.179218,0.0650292,-0.0299457,-0.0984385,-2.95636e-18
4.198,-0.173379,-0.463669,-0.17882,0.0571304,-0.0299378,-0.101859,1.19706e-17
4.199,-0.173379,-0.463669,-0.17882,0.0571304,-0.0299378,-0.101859,1.19706e-17
4.2,-0.173754,-0.46471,-0.179207,0.0604252,-0.0299968,-0.100354,-6.85393e-18
4.201,-0.173754,-0.46471,-0.179207,0.0604252,-0.0299968,-0.100354,-6.85393e-18
4.202,-0.174599,-0.468188,-0.180064,0.0698053,-0.030103,-0.0961671,1.30972e-18
4.203,-0.174599,-0.468188,-0.180064,0.0698053,-0.030103,-0.0961671,1.30972e-18
4.204,-0.174799,-0.468076,-0.18028,0.0704026,-0.030151,-0.0958421,-2.03073e-17
4.205,-0.174799,-0.468076,-0.18028,0.0704026,-0.030151,-0.0958421,-2.03073e-17
4.206,-0.174957,-0.467685,-0.180456,0.0703745,-0.0301961,-0.0957863,1.2668e-17
4.207,-0.174957,-0.467685,-0.180456,0.0703745,-0.0301961,-0.0957863,1.2668e-17
4.208,-0.17514,-0.467466,-0.180655,0.070754,-0.0302427,-0.0955521,1.29605e-17
4.209,-0.17514,-0.467466,-0.180655,0.070754,-0.0302427,-0.0955521,1.29605e-17
4.21,-0.175336,-0.467346,-0.180867,0.0713695,-0.03029,-0.0952144,1.44673e-18
4.211,-0.175336,-0.467346,-0.180867,0.0713695,-0.03029,-0.0952144,1.44673e-18
4.212,-0.175486,-0.466919,-0.181034,0.071267,-0.0303343,-0.0951899,-4.72181e-18
4.213,-0.175486,-0.466919,-0.181034,0.071267,-0.0303343,-0.0951899,-4.72181e-18
4.214,-0.175643,-0.466545,-0.181207,0.0712911,-0.030379,-0.0951097,8.6618e-18
4.215,-0.175643,-0.466545,-0.181207,0.0712911,-0.030379,-0.0951097,8.6618e-18
4.216,-0.175103,-0.462189,-0.18069,0.0615158,-0.030363,-0.0993448,-1.3322e-17
4.217,-0.175103,-0.462189,-0.18069,0.0615158,-0.030363,-0.0993448,-1.3322e-17
4.218,-0.17592,-0.465568,-0.181518,0.0707765,-0.030466,-0.0951984,1.14946e-17
4.219,-0.17592,-0.465568,-0.181518,0.0707765,-0.030466,-0.0951984,1.14946e-17
4.22,-0.175433,-0.461569,-0.181052,0.0618078,-0.0304534,-0.0990843,3.47237e-18
4.221,-0.175433,-0.461569,-0.181052,0.0618078,-0.0304534,-0.0990843,3.47237e-18
4.222,-0.175906,-0.461689,-0.181556,0.0629094,-0.0305466,-0.0985371,1.83439e-17
4.223,-0.175906,-0.461689,-0.181556,0.0629094,-0.0305466,-0.0985371,1.83439e-17
4.224,-0.17648,-0.462227,-0.182161,0.0649227,-0.0306511,-0.0975995,1.32147e-17
4.225,-0.17648,-0.462227,-0.182161,0.0649227,-0.0306511,-0.0975995,1.32147e-17
4.226,-0.17648,-0.462227,-0.182161,0.0649227,-0.0306511,-0.0975995,1.32147e-17
4.227,-0.177589,-0.465422,-0.183302,0.0736085,-0.0308107,-0.0937153,-3.55333e-18
4.228,-0.177582,-0.46294,-0.183328,0.0681272,-0.0308582,-0.09608,-1.96432e-17
4.229,-0.177582,-0.46294,-0.183328,0.0681272,-0.0308582,-0.09608,-1.96432e-17
4.23,-0.178174,-0.463733,-0.183949,0.0707972,-0.0309614,-0.0948492,1.66948e-17
4.231,-0.178174,-0.463733,-0.183949,0.0707972,-0.0309614,-0.0948492,1.66948e-17
4.232,-0.178027,-0.459945,-0.183843,0.0622387,-0.0310065,-0.0985565,1.10669e-17
4.233,-0.178027,-0.459945,-0.183843,0.0622387,-0.0310065,-0.0985565,1.10669e-17
4.234,-0.179237,-0.464232,-0.185077,0.0735755,-0.0311653,-0.0935064,6.50002e-18
4.235,-0.179237,-0.464232,-0.185077,0.0735755,-0.0311653,-0.0935064,6.50002e-18
4.236,-0.179785,-0.464623,-0.185656,0.0752567,-0.0312681,-0.092713,2.18892e-17
4.237,-0.179785,-0.464623,-0.185656,0.0752567,-0.0312681,-0.092713,2.18892e-17
4.238,-0.180323,-0.465001,-0.186225,0.0769796,-0.0313691,-0.0918923,-2.24221e-17
4.239,-0.180323,-0.465001,-0.186225,0.0769796,-0.0313691,-0.0918923,-2.24221e-17
4.24,-0.180825,-0.465052,-0.186759,0.0779417,-0.0314692,-0.0914024,2.51948e-17
4.241,-0.180825,-0.465052,-0.186759,0.0779417,-0.0314692,-0.0914024,2.51948e-17
4.242,-0.181355,-0.465394,-0.187319,0.079606,-0.0315692,-0.0906043,1.68673e-17
4.243,-0.181355,-0.465394,-0.187319,0.079606,-0.0315692,-0.0906043,1.68673e-17
4.244,-0.18186,-0.465529,-0.187856,0.0807886,-0.0316685,-0.0900157,2.38108e-17
4.245,-0.18186,-0.465529,-0.187856,0.0807886,-0.0316685,-0.0900157,2.38108e-17
4.246,-0.182287,-0.464939,-0.188318,0.0802673,-0.0317662,-0.0901696,-1.64743e-17
4.247,-0.182287,-0.464939,-0.188318,0.0802673,-0.0317662,-0.0901696,-1.64743e-17
4.248,-0.182203,-0.461831,-0.188269,0.0733563,-0.0318105,-0.0931496,-2.82641e-17
4.249,-0.182203,-0.461831,-0.188269,0.0733563,-0.0318105,-0.0931496,-2.82641e-17
4.25,-0.183322,-0.465549,-0.189413,0.0834759,-0.0319634,-0.0886191,1.50247e-17
4.251,-0.183858,-0.466006,-0.189977,0.0853968,-0.0320629,-0.0877112,9.73609e-18
4.252,-0.183858,-0.466006,-0.189977,0.0853968,-0.0320629,-0.0877112,9.73609e-18
4.253,-0.183858,-0.466006,-0.189977,0.0853968,-0.0320629,-0.0877112,9.73609e-18
4.254,-0.184344,-0.466074,-0.190493,0.0864691,-0.03216,-0.087165,-1.30153e-17
4.255,-0.184344,-0.466074,-0.190493,0.0864691,-0.03216,-0.087165,-1.30153e-17
4.256,-0.184796,-0.465839,-0.190978,0.0868317,-0.0322563,-0.0869274,-8.53844e-18
4.257,-0.185257,-0.465704,-0.191469,0.0874415,-0.0323523,-0.0865809,3.3879e-18
4.258,-0.185257,-0.465704,-0.191469,0.0874415,-0.0323523,-0.0865809,3.3879e-18
4.259,-0.185768,-0.466071,-0.192008,0.0892421,-0.0324487,-0.0857141,-1.8348e-17
4.26,-0.185768,-0.466071,-0.192008,0.0892421,-0.0324487,-0.0857141,-1.8348e-17
4.261,-0.186235,-0.46603,-0.192504,0.0900888,-0.0325441,-0.0852625,-1.22204e-17
4.262,-0.186235,-0.46603,-0.192504,0.0900888,-0.0325441,-0.0852625,-1.22204e-17
4.263,-0.186611,-0.465158,-0.192915,0.088976,-0.0326377,-0.0856647,-1.59837e-17
4.264,-0.186611,-0.465158,-0.192915,0.088976,-0.0326377,-0.0856647,-1.59837e-17
4.265,-0.187057,-0.464962,-0.193391,0.0894636,-0.0327322,-0.0853684,-9.31275e-18
4.266,-0.187057,-0.464962,-0.193391,0.0894636,-0.0327322,-0.0853684,-9.31275e-18
4.267,-0.187562,-0.465348,-0.193923,0.0913314,-0.0328273,-0.08447,8.82897e-18
4.268,-0.187562,-0.465348,-0.193923,0.0913314,-0.0328273,-0.08447,8.82897e-18
4.269,-0.187458,-0.462137,-0.193851,0.0842055,-0.0328695,-0.0875368,-8.56905e-18
4.27,-0.187458,-0.462137,-0.193851,0.0842055,-0.0328695,-0.0875368,-8.56905e-18
4.271,-0.188454,-0.465037,-0.194873,0.0925023,-0.0330153,-0.0837918,6.5956e-18
4.272,-0.188454,-0.465037,-0.194873,0.0925023,-0.0330153,-0.0837918,6.5956e-18
4.273,-0.188897,-0.464873,-0.195345,0.0930639,-0.0331089,-0.0834634,-9.99583e-18
4.274,-0.188897,-0.464873,-0.195345,0.0930639,-0.0331089,-0.0834634,-9.99583e-18
4.275,-0.188775,-0.461523,-0.195256,0.0856203,-0.0331503,-0.0866665,-1.01106e-17
4.276,-0.188775,-0.461523,-0.195256,0.0856203,-0.0331503,-0.0866665,-1.01106e-17
4.277,-0.189211,-0.461337,-0.195721,0.086162,-0.0332429,-0.0863425,2.45787e-18
4.278,-0.189211,-0.461337,-0.195721,0.086162,-0.0332429,-0.0863425,2.45787e-18
4.279,-0.189645,-0.461115,-0.196184,0.0865741,-0.0333362,-0.0860807,1.00643e-17
4.28,-0.189645,-0.461115,-0.196184,0.0865741,-0.0333362,-0.0860807,1.00643e-17
4.281,-0.190051,-0.460638,-0.196619,0.0863867,-0.0334288,-0.0860797,-7.39913e-19
4.282,-0.190051,-0.460638,-0.196619,0.0863867,-0.0334288,-0.0860797,-7.39913e-19
4.283,-0.190494,-0.460538,-0.19709,0.0870937,-0.0335217,-0.0856881,2.86367e-17
4.284,-0.190494,-0.460538,-0.19709,0.0870937,-0.0335217,-0.0856881,2.86367e-17
4.285,-0.190817,-0.459302,-0.197447,0.0851111,-0.0336126,-0.0864693,-8.80988e-18
4.286,-0.190817,-0.459302,-0.197447,0.0851111,-0.0336126,-0.0864693,-8.80988e-18
4.287,-0.190728,-0.456286,-0.197388,0.0784395,-0.0336542,-0.089336,-1.05765e-17
4.288,-0.190728,-0.456286,-0.197388,0.0784395,-0.0336542,-0.089336,-1.05765e-17
4.289,-0.191112,-0.455647,-0.197802,0.0778721,-0.0337457,-0.0894998,-5.95176e-18
4.29,-0.192224,-0.459836,-0.198929,0.0891656,-0.0338917,-0.0844573,4.73843e-18
4.291,-0.192224,-0.459836,-0.198929,0.0891656,-0.0338917,-0.0844573,4.73843e-18
4.292,-0.192662,-0.459751,-0.199393,0.0898959,-0.0339838,-0.0840574,-2.39212e-17
4.293,-0.192662,-0.459751,-0.199393,0.0898959,-0.0339838,-0.0840574,-2.39212e-17
4.294,-0.192662,-0.459751,-0.199393,0.0898959,-0.0339838,-0.0840574,-2.39212e-17
4.295,-0.193046,-0.459198,-0.199806,0.0895553,-0.0340741,-0.0841194,1.83111e-18
4.296,-0.193458,-0.458922,-0.200244,0.0898747,-0.0341646,-0.083893,-3.3146e-18
4.297,-0.193458,-0.458922,-0.200244,0.0898747,-0.0341646,-0.083893,-3.3146e-18
4.298,-0.19388,-0.458758,-0.200692,0.0904601,-0.034255,-0.0835509,-4.45023e-18
4.299,-0.19388,-0.458758,-0.200692,0.0904601,-0.034255,-0.0835509,-4.45023e-18
4.3,-0.19388,-0.458758,-0.200692,0.0904601,-0.034255,-0.0835509,-4.45023e-18
4.301,-0.194185,-0.457491,-0.201028,0.0884332,-0.0343433,-0.0843465,-1.88397e-17
4.302,-0.194185,-0.457491,-0.201028,0.0884332,-0.0343433,-0.0843465,-1.88397e-17
4.303,-0.193985,-0.453466,-0.200863,0.0793811,-0.0343821,-0.0882469,6.9477e-18
4.304,-0.194477,-0.454012,-0.201376,0.0816495,-0.034473,-0.0871708,-1.42606e-17
4.305,-0.194477,-0.454012,-0.201376,0.0816495,-0.034473,-0.0871708,-1.42606e-17
4.306,-0.195486,-0.457437,-0.202402,0.091175,-0.0346143,-0.0828964,-1.81807e-17
4.307,-0.195486,-0.457437,-0.202402,0.091175,-0.0346143,-0.0828964,-1.81807e-17
4.308,-0.195847,-0.45675,-0.20279,0.0905029,-0.0347031,-0.0831038,-5.09782e-18
4.309,-0.195847,-0.45675,-0.20279,0.0905029,-0.0347031,-0.0831038,-5.09782e-18
4.31,-0.195697,-0.453234,-0.202672,0.0826577,-0.0347422,-0.0864768,-5.96003e-18
4.311,-0.195697,-0.453234,-0.202672,0.0826577,-0.0347422,-0.0864768,-5.96003e-18
4.312,-0.196078,-0.452785,-0.203079,0.0825774,-0.0348304,-0.0864227,3.1988e-18
4.313,-0.196078,-0.452785,-0.203079,0.0825774,-0.0348304,-0.0864227,3.1988e-18
4.314,-0.196991,-0.455375,-0.204012,0.0901259,-0.034969,-0.0830102,2.34746e-17
4.315,-0.196991,-0.455375,-0.204012,0.0901259,-0.034969,-0.0830102,2.34746e-17
4.316,-0.197361,-0.454838,-0.204408,0.0898126,-0.0350571,-0.0830607,1.1692e-17
4.317,-0.197361,-0.454838,-0.204408,0.0898126,-0.0350571,-0.0830607,1.1692e-17
4.318,-0.197763,-0.454638,-0.204833,0.0903225,-0.035145,-0.0827497,-2.00348e-17
4.319,-0.197763,-0.454638,-0.204833,0.0903225,-0.035145,-0.0827497,-2.00348e-17
4.32,-0.197763,-0.454638,-0.204833,0.0903225,-0.035145,-0.0827497,-2.00348e-17
4.321,-0.19827,-0.453444,-0.205381,0.0883689,-0.03527,-0.0835189,-1.82381e-17
4.322,-0.198514,-0.451952,-0.205656,0.0852285,-0.0353465,-0.0848486,9.30023e-18
4.323,-0.198514,-0.451952,-0.205656,0.0852285,-0.0353465,-0.0848486,9.30023e-18
4.324,-0.199194,-0.452039,-0.206373,0.0862897,-0.0354812,-0.0843066,-1.85851e-18
4.325,-0.199194,-0.452039,-0.206373,0.0862897,-0.0354812,-0.0843066,-1.85851e-18
4.326,-0.199875,-0.452122,-0.207091,0.0873193,-0.0356166,-0.0837816,-1.17465e-17
4.327,-0.199875,-0.452122,-0.207091,0.0873193,-0.0356166,-0.0837816,-1.17465e-17
4.328,-0.200572,-0.452513,-0.207822,0.089092,-0.0357496,-0.0829317,2.22077e-17
4.329,-0.200572,-0.452513,-0.207822,0.089092,-0.0357496,-0.0829317,2.22077e-17
4.33,-0.200663,-0.448674,-0.207962,0.0803237,-0.0358393,-0.0867155,-1.41514e-17
4.331,-0.200663,-0.448674,-0.207962,0.0803237,-0.0358393,-0.0867155,-1.41514e-17
4.332,-0.201905,-0.452814,-0.209225,0.0915182,-0.0360126,-0.0817165,8.79147e-18
4.333,-0.201905,-0.452814,-0.209225,0.0915182,-0.0360126,-0.0817165,8.79147e-18
4.334,-0.20258,-0.453159,-0.209932,0.0931518,-0.0361428,-0.0809319,-1.67149e-17
4.335,-0.20258,-0.453159,-0.209932,0.0931518,-0.0361428,-0.0809319,-1.67149e-17
4.336,-0.203208,-0.453176,-0.210595,0.0940724,-0.0362698,-0.0804491,3.06848e-18
4.337,-0.203208,-0.453176,-0.210595,0.0940724,-0.0362698,-0.0804491,3.06848e-18
4.338,-0.203836,-0.453363,-0.211254,0.095412,-0.0363937,-0.0797824,-1.5554e-18
4.339,-0.203836,-0.453363,-0.211254,0.095412,-0.0363937,-0.0797824,-1.5554e-18
4.34,-0.204455,-0.453589,-0.211903,0.0968559,-0.0365153,-0.0790695,8.67844e-18
4.341,-0.204455,-0.453589,-0.211903,0.0968559,-0.0365153,-0.0790695,8.67844e-18
4.342,-0.205051,-0.453645,-0.21253,0.0979006,-0.0366358,-0.0785294,1.14545e-17
4.343,-0.205051,-0.453645,-0.21253,0.0979006,-0.0366358,-0.0785294,1.14545e-17
4.344,-0.205628,-0.453562,-0.213138,0.0986248,-0.0367551,-0.0781278,1.36249e-17
4.345,-0.2062,-0.453575,-0.213739,0.09959,-0.0368718,-0.0776202,2.05226e-17
4.346,-0.2062,-0.453575,-0.213739,0.09959,-0.0368718,-0.0776202,2.05226e-17
4.347,-0.206753,-0.453517,-0.21432,0.100393,-0.0369863,-0.0771825,-3.18664e-18
4.348,-0.206753,-0.453517,-0.21432,0.100393,-0.0369863,-0.0771825,-3.18664e-18
4.349,-0.20728,-0.453224,-0.214878,0.10064,-0.0371003,-0.0769862,9.0708e-18
4.35,-0.20728,-0.453224,-0.214878,0.10064,-0.0371003,-0.0769862,9.0708e-18
4.351,-0.207367,-0.450283,-0.215001,0.09407,-0.0371734,-0.079804,-1.45733e-17
4.352,-0.207367,-0.450283,-0.215001,0.09407,-0.0371734,-0.079804,-1.45733e-17
4.353,-0.208336,-0.453044,-0.215988,0.1021,-0.0373215,-0.0761742,-7.52893e-20
4.354,-0.208336,-0.453044,-0.215988,0.1021,-0.0373215,-0.0761742,-7.52893e-20
4.355,-0.208848,-0.452899,-0.216527,0.102696,-0.0374303,-0.0758271,-1.19278e-18
4.356,-0.208848,-0.452899,-0.216527,0.102696,-0.0374303,-0.0758271,-1.19278e-18
4.357,-0.209343,-0.452713,-0.217047,0.103224,-0.0375364,-0.0755063,2.85171e-18
4.358,-0.209343,-0.452713,-0.217047,0.103224,-0.0375364,-0.0755063,2.85171e-18
4.359,-0.209403,-0.449661,-0.217142,0.0963962,-0.0376065,-0.0784346,-1.37972e-17
4.36,-0.209403,-0.449661,-0.217142,0.0963962,-0.0376065,-0.0784346,-1.37972e-17
4.361,-0.210286,-0.452009,-0.218042,0.103476,-0.0377463,-0.0752158,-7.64295e-18
4.362,-0.210286,-0.452009,-0.218042,0.103476,-0.0377463,-0.0752158,-7.64295e-18
4.363,-0.210364,-0.449314,-0.218152,0.097486,-0.0378137,-0.0777813,4.14031e-18
4.364,-0.210364,-0.449314,-0.218152,0.097486,-0.0378137,-0.0777813,4.14031e-18
4.365,-0.211224,-0.451743,-0.219027,0.104772,-0.0379479,-0.0744726,6.15218e-19
4.366,-0.211224,-0.451743,-0.219027,0.104772,-0.0379479,-0.0744726,6.15218e-19
4.367,-0.211294,-0.449057,-0.219127,0.0988057,-0.0380134,-0.0770265,1.90401e-17
4.368,-0.211294,-0.449057,-0.219127,0.0988057,-0.0380134,-0.0770265,1.90401e-17
4.369,-0.211729,-0.448762,-0.219585,0.099098,-0.0381107,-0.0768057,-5.926e-18
4.37,-0.211729,-0.448762,-0.219585,0.099098,-0.0381107,-0.0768057,-5.926e-18
4.371,-0.212169,-0.448555,-0.220047,0.0995642,-0.0382076,-0.0765137,-1.0132e-17
4.372,-0.212169,-0.448555,-0.220047,0.0995642,-0.0382076,-0.0765137,-1.0132e-17
4.373,-0.212598,-0.448301,-0.220496,0.0999208,-0.0383033,-0.0762692,-2.1407e-17
4.374,-0.212598,-0.448301,-0.220496,0.0999208,-0.0383033,-0.0762692,-2.1407e-17
4.375,-0.213021,-0.448116,-0.22094,0.100448,-0.0383968,-0.07595,1.37236e-17
4.376,-0.213021,-0.448116,-0.22094,0.100448,-0.0383968,-0.07595,1.37236e-17
4.377,-0.213425,-0.447754,-0.221364,0.100555,-0.0384897,-0.075813,-6.01292e-19
4.378,-0.213425,-0.447754,-0.221364,0.100555,-0.0384897,-0.075813,-6.01292e-19
4.379,-0.213826,-0.44751,-0.221785,0.10095,-0.0385802,-0.0755505,-5.47259e-18
4.38,-0.213826,-0.44751,-0.221785,0.10095,-0.0385802,-0.0755505,-5.47259e-18
4.381,-0.214197,-0.446907,-0.222177,0.100486,-0.0386714,-0.0756615,-9.66928e-18
4.382,-0.214197,-0.446907,-0.222177,0.100486,-0.0386714,-0.0756615,-9.66928e-18
4.383,-0.214565,-0.4464,-0.222565,0.100255,-0.0387603,-0.0756711,-1.67381e-17
4.384,-0.214958,-0.446429,-0.222973,0.101311,-0.0388446,-0.0751205,-2.43092e-17
4.385,-0.214958,-0.446429,-0.222973,0.101311,-0.0388446,-0.0751205,-2.43092e-17
4.386,-0.215306,-0.445892,-0.223339,0.101009,-0.0389303,-0.0751607,-1.38309e-17
4.387,-0.215306,-0.445892,-0.223339,0.101009,-0.0389303,-0.0751607,-1.38309e-17
4.388,-0.215306,-0.445892,-0.223339,0.101009,-0.0389303,-0.0751607,-1.38309e-17
4.389,-0.215639,-0.442281,-0.223719,0.0938295,-0.0390728,-0.0781475,2.28041e-17
4.389,-0.215639,-0.442281,-0.223719,0.0938295,-0.0390728,-0.0781475,2.28041e-17
4.391,-0.215639,-0.442281,-0.223719,0.0938295,-0.0390728,-0.0781475,2.28041e-17
4.392,-0.215612,-0.438873,-0.223723,0.0861467,-0.039133,-0.0814444,-1.81657e-17
4.393,-0.215612,-0.438873,-0.223723,0.0861467,-0.039133,-0.0814444,-1.81657e-17
4.394,-0.215967,-0.438739,-0.224092,0.0867707,-0.0392135,-0.0810867,-1.21377e-17
4.395,-0.215967,-0.438739,-0.224092,0.0867707,-0.0392135,-0.0810867,-1.21377e-17
4.396,-0.215547,-0.431909,-0.223721,0.0703748,-0.0392542,-0.0882204,-1.23494e-17
4.397,-0.215547,-0.431909,-0.223721,0.0703748,-0.0392542,-0.0882204,-1.23494e-17
4.398,-0.216636,-0.437894,-0.224792,0.0865684,-0.0393775,-0.0810107,4.33951e-18
4.399,-0.217013,-0.438155,-0.22518,0.0880487,-0.039456,-0.0802923,7.37638e-18
4.4,-0.217013,-0.438155,-0.22518,0.0880487,-0.039456,-0.0802923,7.37638e-18
4.401,-0.217673,-0.440454,-0.225841,0.0948811,-0.0395581,-0.0772052,-1.32308e-17
4.402,-0.217673,-0.440454,-0.225841,0.0948811,-0.0395581,-0.0772052,-1.32308e-17
4.403,-0.217659,-0.437518,-0.225853,0.0882883,-0.0396126,-0.080032,-7.7372e-18
4.404,-0.217659,-0.437518,-0.225853,0.0882883,-0.0396126,-0.080032,-7.7372e-18
4.405,-0.217932,-0.436834,-0.22614,0.0876052,-0.0396877,-0.080242,-6.80095e-18
4.406,-0.217932,-0.436834,-0.22614,0.0876052,-0.0396877,-0.080242,-6.80095e-18
4.407,-0.21821,-0.436214,-0.226432,0.0870349,-0.0397627,-0.080408,0
4.408,-0.21821,-0.436214,-0.226432,0.0870349,-0.0397627,-0.080408,0
4.409,-0.21821,-0.436214,-0.226432,0.0870349,-0.0397627,-0.080408,0
4.41,-0.218509,-0.436049,-0.226741,0.0875537,-0.0398338,-0.0801009,1.52849e-18
4.411,-0.218509,-0.436049,-0.226741,0.0875537,-0.0398338,-0.0801009,1.52849e-18
4.412,-0.218411,-0.431979,-0.226676,0.078233,-0.0398927,-0.0841137,-3.82075e-18
4.413,-0.218411,-0.431979,-0.226676,0.078233,-0.0398927,-0.0841137,-3.82075e-18
4.414,-0.218622,-0.430507,-0.226904,0.0756101,-0.03997,-0.0851728,-9.94495e-18
4.415,-0.218622,-0.430507,-0.226904,0.0756101,-0.03997,-0.0851728,-9.94495e-18
4.416,-0.218618,-0.428055,-0.226922,0.0701773,-0.0400183,-0.0874942,2.04669e-17
4.417,-0.219285,-0.429141,-0.227607,0.0736802,-0.0401364,-0.0858833,-1.3777e-17
4.418,-0.219285,-0.429141,-0.227607,0.0736802,-0.0401364,-0.0858833,-1.3777e-17
4.419,-0.220802,-0.435819,-0.229121,0.0914186,-0.0403295,-0.0780113,-1.24496e-17
4.42,-0.220802,-0.435819,-0.229121,0.0914186,-0.0403295,-0.0780113,-1.24496e-17
4.421,-0.221657,-0.436663,-0.230007,0.0942906,-0.0404876,-0.0766763,1.01006e-17
4.422,-0.222461,-0.437297,-0.230842,0.0967721,-0.0406393,-0.0754974,2.4652e-18
4.423,-0.222461,-0.437297,-0.230842,0.0967721,-0.0406393,-0.0754974,2.4652e-18
4.424,-0.222461,-0.437297,-0.230842,0.0967721,-0.0406393,-0.0754974,2.4652e-18
4.425,-0.22326,-0.437385,-0.231676,0.0979694,-0.0407993,-0.0748723,4.16119e-19
4.426,-0.22326,-0.437385,-0.231676,0.0979694,-0.0407993,-0.0748723,4.16119e-19
4.427,-0.224052,-0.437326,-0.232504,0.0988239,-0.0409606,-0.0743947,-1.99157e-17
4.428,-0.224799,-0.437864,-0.233278,0.101122,-0.0411031,-0.0732908,-7.67686e-18
4.429,-0.224799,-0.437864,-0.233278,0.101122,-0.0411031,-0.0732908,-7.67686e-18
4.43,-0.225525,-0.438314,-0.234031,0.103223,-0.0412433,-0.0722712,-9.37365e-18
4.431,-0.225525,-0.438314,-0.234031,0.103223,-0.0412433,-0.0722712,-9.37365e-18
4.432,-0.226234,-0.438697,-0.234766,0.105177,-0.0413814,-0.0713137,-1.70449e-17
4.433,-0.226234,-0.438697,-0.234766,0.105177,-0.0413814,-0.0713137,-1.70449e-17
4.434,-0.226934,-0.438852,-0.235494,0.1066,-0.0415217,-0.0705851,5.4742e-18
4.435,-0.226934,-0.438852,-0.235494,0.1066,-0.0415217,-0.0705851,5.4742e-18
4.436,-0.22761,-0.439109,-0.236195,0.108279,-0.041656,-0.0697444,8.44256e-18
4.437,-0.22761,-0.439109,-0.236195,0.108279,-0.041656,-0.0697444,8.44256e-18
4.438,-0.228278,-0.43914,-0.23689,0.109428,-0.0417925,-0.0691325,9.57849e-18
4.439,-0.228278,-0.43914,-0.23689,0.109428,-0.0417925,-0.0691325,9.57849e-18
4.44,-0.228936,-0.438985,-0.237577,0.110142,-0.0419305,-0.0687077,7.32114e-18
4.441,-0.228936,-0.438985,-0.237577,0.110142,-0.0419305,-0.0687077,7.32114e-18
4.442,-0.229565,-0.439107,-0.238229,0.111526,-0.0420582,-0.0679921,-8.91639e-18
4.443,-0.229565,-0.439107,-0.238229,0.111526,-0.0420582,-0.0679921,-8.91639e-18
4.444,-0.230217,-0.438335,-0.238914,0.11077,-0.0422057,-0.0682027,1.21334e-17
4.445,-0.230217,-0.438335,-0.238914,0.11077,-0.0422057,-0.0682027,1.21334e-17
4.446,-0.23079,-0.438979,-0.239502,0.113422,-0.042314,-0.0669372,-1.02698e-17
4.447,-0.23079,-0.438979,-0.239502,0.113422,-0.042314,-0.0669372,-1.02698e-17
4.448,-0.23079,-0.438979,-0.239502,0.113422,-0.042314,-0.0669372,-1.02698e-17
4.449,-0.231422,-0.437937,-0.240168,0.112028,-0.0424624,-0.0674234,-2.60022e-18
4.45,-0.231949,-0.438937,-0.240704,0.115555,-0.0425559,-0.0657772,1.62668e-17
4.451,-0.231949,-0.438937,-0.240704,0.115555,-0.0425559,-0.0657772,1.62668e-17
4.452,-0.231949,-0.438937,-0.240704,0.115555,-0.0425559,-0.0657772,1.62668e-17
4.453,-0.232526,-0.438392,-0.241307,0.115371,-0.0426856,-0.065738,1.21197e-17
4.454,-0.232526,-0.438392,-0.241307,0.115371,-0.0426856,-0.065738,1.21197e-17
4.455,-0.233075,-0.438156,-0.241877,0.115941,-0.0428046,-0.0653709,-2.62757e-18
4.456,-0.233595,-0.438242,-0.242414,0.11729,-0.0429127,-0.0646668,-2.62841e-17
4.457,-0.233595,-0.438242,-0.242414,0.11729,-0.0429127,-0.0646668,-2.62841e-17
4.458,-0.234109,-0.43803,-0.242947,0.117928,-0.0430248,-0.0642698,0
4.459,-0.234109,-0.43803,-0.242947,0.117928,-0.0430248,-0.0642698,0
4.46,-0.234466,-0.435579,-0.243342,0.112607,-0.0431401,-0.0665127,-1.69032e-17
4.461,-0.234466,-0.435579,-0.243342,0.112607,-0.0431401,-0.0665127,-1.69032e-17
4.462,-0.235084,-0.437919,-0.243952,0.119959,-0.0432335,-0.0631496,2.01754e-17
4.463,-0.235084,-0.437919,-0.243952,0.119959,-0.0432335,-0.0631496,2.01754e-17
4.464,-0.235446,-0.435132,-0.244357,0.113819,-0.043356,-0.0657487,-2.23654e-17
4.465,-0.235446,-0.435132,-0.244357,0.113819,-0.043356,-0.0657487,-2.23654e-17
4.466,-0.235909,-0.434845,-0.244836,0.114301,-0.0434597,-0.0654168,1.26674e-17
4.467,-0.235909,-0.434845,-0.244836,0.114301,-0.0434597,-0.0654168,1.26674e-17
4.468,-0.23637,-0.434597,-0.245312,0.114842,-0.0435628,-0.0650642,-4.60852e-18
4.469,-0.23637,-0.434597,-0.245312,0.114842,-0.0435628,-0.0650642,-4.60852e-18
4.47,-0.236818,-0.43433,-0.245775,0.115343,-0.0436636,-0.0647283,-5.13706e-18
4.471,-0.236818,-0.43433,-0.245775,0.115343,-0.0436636,-0.0647283,-5.13706e-18
4.472,-0.237256,-0.433945,-0.246228,0.115564,-0.0437647,-0.0645136,8.63373e-18
4.473,-0.237256,-0.433945,-0.246228,0.115564,-0.0437647,-0.0645136,8.63373e-18
4.474,-0.237678,-0.433629,-0.246663,0.115953,-0.0438615,-0.0642259,-2.18453e-17
4.475,-0.237678,-0.433629,-0.246663,0.115953,-0.0438615,-0.0642259,-2.18453e-17
4.476,-0.238081,-0.433404,-0.247078,0.116567,-0.0439533,-0.0638405,1.7227e-17
4.477,-0.238473,-0.433126,-0.247481,0.117056,-0.0440439,-0.0635093,-2.44235e-18
4.478,-0.238473,-0.433126,-0.247481,0.117056,-0.0440439,-0.0635093,-2.44235e-18
4.479,-0.238857,-0.432667,-0.247877,0.117114,-0.044136,-0.0633638,8.04475e-18
4.48,-0.238857,-0.432667,-0.247877,0.117114,-0.044136,-0.0633638,8.04475e-18
4.481,-0.238857,-0.432667,-0.247877,0.117114,-0.044136,-0.0633638,8.04475e-18
4.482,-0.239236,-0.432015,-0.248269,0.11671,-0.0442306,-0.0634181,2.4457e-17
4.483,-0.239579,-0.431922,-0.248619,0.117655,-0.0443088,-0.0628888,2.31851e-19
4.484,-0.239579,-0.431922,-0.248619,0.117655,-0.0443088,-0.0628888,2.31851e-19
4.485,-0.239924,-0.431462,-0.248974,0.117715,-0.0443938,-0.0627425,-1.04343e-17
4.486,-0.239924,-0.431462,-0.248974,0.117715,-0.0443938,-0.0627425,-1.04343e-17
4.487,-0.240252,-0.431093,-0.24931,0.118002,-0.0444738,-0.0624981,1.51767e-17
4.488,-0.240252,-0.431093,-0.24931,0.118002,-0.0444738,-0.0624981,1.51767e-17
4.489,-0.240573,-0.430606,-0.249639,0.118003,-0.0445546,-0.0623767,-2.91402e-19
4.49,-0.240573,-0.430606,-0.249639,0.118003,-0.0445546,-0.0623767,-2.91402e-19
4.491,-0.240889,-0.429964,-0.249964,0.117635,-0.044637,-0.0624153,-7.77051e-18
4.492,-0.240889,-0.429964,-0.249964,0.117635,-0.044637,-0.0624153,-7.77051e-18
4.493,-0.241192,-0.429337,-0.250275,0.117303,-0.0447169,-0.0624385,-1.27998e-17
4.494,-0.241192,-0.429337,-0.250275,0.117303,-0.0447169,-0.0624385,-1.27998e-17
4.495,-0.241477,-0.428847,-0.250567,0.1173,-0.0447912,-0.0623196,-1.78908e-17
4.496,-0.241477,-0.428847,-0.250567,0.1173,-0.0447912,-0.0623196,-1.78908e-17
4.497,-0.241752,-0.428346,-0.250848,0.117269,-0.0448636,-0.062213,2.41606e-17
4.498,-0.241752,-0.428346,-0.250848,0.117269,-0.0448636,-0.062213,2.41606e-17
4.499,-0.242029,-0.427558,-0.251132,0.116547,-0.0449412,-0.0624052,1.44484e-17
4.5,-0.242029,-0.427558,-0.251132,0.116547,-0.0449412,-0.0624052,1.44484e-17
4.501,-0.242284,-0.426997,-0.251392,0.11637,-0.045011,-0.0623621,2.18107e-17
4.502,-0.242284,-0.426997,-0.251392,0.11637,-0.045011,-0.0623621,2.18107e-17
4.503,-0.242521,-0.426616,-0.251631,0.116627,-0.0450742,-0.0621318,1.28215e-17
4.504,-0.242521,-0.426616,-0.251631,0.116627,-0.0450742,-0.0621318,1.28215e-17
4.505,-0.242748,-0.426212,-0.251859,0.116826,-0.0451358,-0.0619267,1.47504e-17
4.506,-0.242748,-0.426212,-0.251859,0.116826,-0.0451358,-0.0619267,1.47504e-17
4.507,-0.242977,-0.425511,-0.252092,0.116316,-0.0452029,-0.0620282,4.82164e-18
4.508,-0.242977,-0.425511,-0.252092,0.116316,-0.0452029,-0.0620282,4.82164e-18
4.509,-0.24319,-0.424917,-0.252307,0.11606,-0.0452653,-0.0620197,-5.11449e-18
4.51,-0.24319,-0.424917,-0.252307,0.11606,-0.0452653,-0.0620197,-5.11449e-18
4.511,-0.243408,-0.422031,-0.252557,0.10969,-0.0453624,-0.0647143,1.17539e-17
4.512,-0.243408,-0.422031,-0.252557,0.10969,-0.0453624,-0.0647143,1.17539e-17
4.513,-0.243607,-0.421422,-0.252757,0.109394,-0.0454223,-0.0647235,1.09684e-17
4.514,-0.243607,-0.421422,-0.252757,0.109394,-0.0454223,-0.0647235,1.09684e-17
4.515,-0.243922,-0.421102,-0.253076,0.109744,-0.0454996,-0.064457,-5.85644e-18
4.516,-0.243922,-0.421102,-0.253076,0.109744,-0.0454996,-0.064457,-5.85644e-18
4.517,-0.244572,-0.421343,-0.253743,0.111394,-0.0456313,-0.0636241,-1.14056e-17
4.518,-0.244572,-0.421343,-0.253743,0.111394,-0.0456313,-0.0636241,-1.14056e-17
4.519,-0.245235,-0.421402,-0.254427,0.112607,-0.0457689,-0.0629803,-9.61509e-19
4.52,-0.245235,-0.421402,-0.254427,0.112607,-0.0457689,-0.0629803,-9.61509e-19
4.521,-0.245855,-0.421588,-0.255062,0.114141,-0.0458958,-0.0621968,-2.03888e-17
4.522,-0.245855,-0.421588,-0.255062,0.114141,-0.0458958,-0.0621968,-2.03888e-17
4.523,-0.246456,-0.421746,-0.255678,0.115616,-0.0460198,-0.0614376,9.54573e-18
4.524,-0.246456,-0.421746,-0.255678,0.115616,-0.0460198,-0.0614376,9.54573e-18
4.525,-0.247222,-0.420723,-0.256479,0.114236,-0.0461957,-0.0619105,-1.65905e-17
4.526,-0.247222,-0.420723,-0.256479,0.114236,-0.0461957,-0.0619105,-1.65905e-17
4.527,-0.247635,-0.421773,-0.256889,0.117898,-0.0462683,-0.0602056,-1.11355e-17
4.528,-0.247635,-0.421773,-0.256889,0.117898,-0.0462683,-0.0602056,-1.11355e-17
4.529,-0.248149,-0.422094,-0.257411,0.119785,-0.0463728,-0.0592685,-1.23387e-17
4.53,-0.248149,-0.422094,-0.257411,0.119785,-0.0463728,-0.0592685,-1.23387e-17
4.531,-0.24868,-0.422133,-0.257953,0.121012,-0.0464854,-0.0586138,2.03189e-18
4.532,-0.24868,-0.422133,-0.257953,0.121012,-0.0464854,-0.0586138,2.03189e-18
4.533,-0.249204,-0.422068,-0.258489,0.121999,-0.0465984,-0.0580616,1.08758e-17
4.534,-0.249204,-0.422068,-0.258489,0.121999,-0.0465984,-0.0580616,1.08758e-17
4.535,-0.249723,-0.421898,-0.259021,0.122742,-0.0467122,-0.0576137,5.97569e-18
4.536,-0.250169,-0.422056,-0.259473,0.124288,-0.0468064,-0.0568186,-1.71802e-17
4.537,-0.250169,-0.422056,-0.259473,0.124288,-0.0468064,-0.0568186,-1.71802e-17
4.538,-0.250169,-0.422056,-0.259473,0.124288,-0.0468064,-0.0568186,-1.71802e-17
4.539,-0.250692,-0.421571,-0.260012,0.124284,-0.0469265,-0.0566919,-1.79516e-18
4.54,-0.251086,-0.421796,-0.260408,0.126011,-0.0470096,-0.0558176,1.53545e-17
4.541,-0.251086,-0.421796,-0.260408,0.126011,-0.0470096,-0.0558176,1.53545e-17
4.542,-0.25152,-0.42163,-0.260849,0.126795,-0.0471069,-0.0553499,-8.77134e-18
4.543,-0.25152,-0.42163,-0.260849,0.126795,-0.0471069,-0.0553499,-8.77134e-18
4.544,-0.251941,-0.421413,-0.261277,0.127463,-0.0472028,-0.0549313,-4.39858e-18
4.545,-0.251941,-0.421413,-0.261277,0.127463,-0.0472028,-0.0549313,-4.39858e-18
4.546,-0.252374,-0.421,-0.26172,0.12766,-0.0473043,-0.0547157,-1.52802e-17
4.547,-0.252374,-0.421,-0.26172,0.12766,-0.0473043,-0.0547157,-1.52802e-17
4.548,-0.252374,-0.421,-0.26172,0.12766,-0.0473043,-0.0547157,-1.52802e-17
4.549,-0.252837,-0.420289,-0.262196,0.127139,-0.0474167,-0.0548097,5.25083e-18
4.55,-0.252837,-0.420289,-0.262196,0.127139,-0.0474167,-0.0548097,5.25083e-18
4.551,-0.253258,-0.419744,-0.262627,0.127025,-0.0475183,-0.0547279,1.18004e-17
4.552,-0.253668,-0.418186,-0.263063,0.123841,-0.0476295,-0.0560361,9.21086e-18
4.553,-0.253668,-0.418186,-0.263063,0.123841,-0.0476295,-0.0560361,9.21086e-18
4.554,-0.253668,-0.418186,-0.263063,0.123841,-0.0476295,-0.0560361,9.21086e-18
4.555,-0.254007,-0.418974,-0.263387,0.127559,-0.0476981,-0.0542381,1.28855e-17
4.556,-0.25439,-0.417513,-0.263794,0.124602,-0.0478026,-0.0554496,8.71614e-18
4.557,-0.25439,-0.417513,-0.263794,0.124602,-0.0478026,-0.0554496,8.71614e-18
4.558,-0.254755,-0.417006,-0.264164,0.124571,-0.0478928,-0.0553341,-1.8496e-17
4.559,-0.254755,-0.417006,-0.264164,0.124571,-0.0478928,-0.0553341,-1.8496e-17
4.56,-0.25491,-0.41853,-0.264289,0.130072,-0.0479134,-0.0527698,1.60372e-17
4.561,-0.25491,-0.41853,-0.264289,0.130072,-0.0479134,-0.0527698,1.60372e-17
4.562,-0.25533,-0.416677,-0.264737,0.126166,-0.0480319,-0.0543902,-9.20396e-18
4.563,-0.25533,-0.416677,-0.264737,0.126166,-0.0480319,-0.0543902,-9.20396e-18
4.564,-0.255594,-0.416416,-0.264999,0.126762,-0.0480983,-0.0540014,2.2508e-17
4.565,-0.255594,-0.416416,-0.264999,0.126762,-0.0480983,-0.0540014,2.2508e-17
4.566,-0.25587,-0.416053,-0.265275,0.127089,-0.0481689,-0.053732,8.11133e-18
4.567,-0.25587,-0.416053,-0.265275,0.127089,-0.0481689,-0.053732,8.11133e-18
4.568,-0.25596,-0.417342,-0.265333,0.132049,-0.048181,-0.0513999,1.88729e-17
4.569,-0.25596,-0.417342,-0.265333,0.132049,-0.048181,-0.0513999,1.88729e-17
4.57,-0.256404,-0.415127,-0.265809,0.127271,-0.0483102,-0.0533952,-2.3765e-18
4.571,-0.256404,-0.415127,-0.265809,0.127271,-0.0483102,-0.0533952,-2.3765e-18
4.572,-0.256668,-0.414452,-0.266074,0.126877,-0.0483837,-0.0534325,-1.81572e-17
4.573,-0.256668,-0.414452,-0.266074,0.126877,-0.0483837,-0.0534325,-1.81572e-17
4.574,-0.256888,-0.414043,-0.266291,0.127104,-0.0484443,-0.0532056,-5.05711e-18
4.575,-0.256888,-0.414043,-0.266291,0.127104,-0.0484443,-0.0532056,-5.05711e-18
4.576,-0.257131,-0.413405,-0.266534,0.126772,-0.0485134,-0.0532201,1.14357e-17
4.577,-0.257131,-0.413405,-0.266534,0.126772,-0.0485134,-0.0532201,1.14357e-17
4.578,-0.257351,-0.412817,-0.266752,0.126564,-0.0485771,-0.0531812,-3.78892e-18
4.579,-0.257351,-0.412817,-0.266752,0.126564,-0.0485771,-0.0531812,-3.78892e-18
4.58,-0.257831,-0.410165,-0.267269,0.120719,-0.048721,-0.0556369,1.62358e-17
4.581,-0.257831,-0.410165,-0.267269,0.120719,-0.048721,-0.0556369,1.62358e-17
4.582,-0.257735,-0.41174,-0.267128,0.126385,-0.0486921,-0.0530027,9.95904e-18
4.583,-0.257735,-0.41174,-0.267128,0.126385,-0.0486921,-0.0530027,9.95904e-18
4.584,-0.257894,-0.411382,-0.26728,0.126701,-0.0487402,-0.0527431,-1.9313e-17
4.585,-0.257894,-0.411382,-0.26728,0.126701,-0.0487402,-0.0527431,-1.9313e-17
4.586,-0.258079,-0.410673,-0.267462,0.126197,-0.0487993,-0.0528327,1.43352e-17
4.587,-0.258079,-0.410673,-0.267462,0.126197,-0.0487993,-0.0528327,1.43352e-17
4.588,-0.258216,-0.410174,-0.267592,0.126205,-0.0488454,-0.0527019,1.65463e-17
4.589,-0.258334,-0.409722,-0.267701,0.126328,-0.048887,-0.0525221,3.07928e-18
4.59,-0.258334,-0.409722,-0.267701,0.126328,-0.048887,-0.0525221,3.07928e-18
4.591,-0.258468,-0.409076,-0.267829,0.125977,-0.0489351,-0.0525465,-5.25041e-18
4.592,-0.258468,-0.409076,-0.267829,0.125977,-0.0489351,-0.0525465,-5.25041e-18
4.593,-0.258468,-0.409076,-0.267829,0.125977,-0.0489351,-0.0525465,-5.25041e-18
4.594,-0.258669,-0.407933,-0.26803,0.124414,-0.0490046,-0.0530936,1.65614e-17
4.595,-0.258669,-0.407933,-0.26803,0.124414,-0.0490046,-0.0530936,1.65614e-17
4.596,-0.258707,-0.407731,-0.268054,0.125147,-0.0490265,-0.0526513,-1.34784e-18
4.597,-0.258707,-0.407731,-0.268054,0.125147,-0.0490265,-0.0526513,-1.34784e-18
4.598,-0.258825,-0.40698,-0.268165,0.124531,-0.0490732,-0.0527918,-1.15937e-17
4.599,-0.258896,-0.406429,-0.268226,0.124407,-0.0491074,-0.0527198,-1.07731e-17
4.6,-0.258896,-0.406429,-0.268226,0.124407,-0.0491074,-0.0527198,-1.07731e-17
4.601,-0.258986,-0.405694,-0.268307,0.123831,-0.0491484,-0.0528433,2.48412e-17
4.602,-0.258986,-0.405694,-0.268307,0.123831,-0.0491484,-0.0528433,2.48412e-17
4.603,-0.259052,-0.405032,-0.268363,0.123432,-0.0491835,-0.0528914,5.21535e-18
4.604,-0.259052,-0.405032,-0.268363,0.123432,-0.0491835,-0.0528914,5.21535e-18
4.605,-0.259115,-0.404322,-0.268416,0.12291,-0.049219,-0.0529923,-1.54062e-17
4.606,-0.259115,-0.404322,-0.268416,0.12291,-0.049219,-0.0529923,-1.54062e-17
4.607,-0.259154,-0.4037,-0.268443,0.122602,-0.0492481,-0.0530019,-4.08998e-18
4.608,-0.259154,-0.4037,-0.268443,0.122602,-0.0492481,-0.0530019,-4.08998e-18
4.609,-0.259226,-0.402802,-0.268507,0.121618,-0.0492883,-0.0533034,3.75357e-19
4.61,-0.259226,-0.402802,-0.268507,0.121618,-0.0492883,-0.0533034,3.75357e-19
4.611,-0.259264,-0.402047,-0.268535,0.12098,-0.0493198,-0.0534563,-4.0937e-18
4.612,-0.259264,-0.402047,-0.268535,0.12098,-0.0493198,-0.0534563,-4.0937e-18
4.613,-0.259343,-0.401321,-0.268603,0.120404,-0.0493584,-0.0535819,-2.01977e-17
4.614,-0.259343,-0.401321,-0.268603,0.120404,-0.0493584,-0.0535819,-2.01977e-17
4.615,-0.259879,-0.401151,-0.269147,0.121139,-0.0494763,-0.0531321,-1.25017e-19
4.616,-0.259879,-0.401151,-0.269147,0.121139,-0.0494763,-0.0531321,-1.25017e-19
4.617,-0.260608,-0.399622,-0.269914,0.117968,-0.0496497,-0.0544266,1.69166e-17
4.618,-0.260608,-0.399622,-0.269914,0.117968,-0.0496497,-0.0544266,1.69166e-17
4.619,-0.261136,-0.399381,-0.270449,0.118534,-0.0497672,-0.0540496,4.21658e-18
4.62,-0.261136,-0.399381,-0.270449,0.118534,-0.0497672,-0.0540496,4.21658e-18
4.621,-0.261599,-0.399318,-0.270916,0.119519,-0.0498694,-0.0534951,-1.10302e-18
4.622,-0.261599,-0.399318,-0.270916,0.119519,-0.0498694,-0.0534951,-1.10302e-18
4.623,-0.262319,-0.398387,-0.271658,0.118382,-0.0500364,-0.0538516,-9.29869e-18
4.624,-0.262319,-0.398387,-0.271658,0.118382,-0.0500364,-0.0538516,-9.29869e-18
4.625,-0.262455,-0.399186,-0.271775,0.121488,-0.0500601,-0.0523858,3.17056e-18
4.626,-0.262455,-0.399186,-0.271775,0.121488,-0.0500601,-0.0523858,3.17056e-18
4.627,-0.26283,-0.39919,-0.272149,0.122642,-0.0501441,-0.0517597,-4.2626e-18
4.628,-0.26283,-0.39919,-0.272149,0.122642,-0.0501441,-0.0517597,-4.2626e-18
4.629,-0.263262,-0.398916,-0.272584,0.123137,-0.0502437,-0.0514145,-2.07087e-17
4.63,-0.263262,-0.398916,-0.272584,0.123137,-0.0502437,-0.0514145,-2.07087e-17
4.631,-0.263614,-0.398814,-0.272933,0.124059,-0.0503247,-0.0508855,-1.36349e-17
4.632,-0.263614,-0.398814,-0.272933,0.124059,-0.0503247,-0.0508855,-1.36349e-17
4.633,-0.264003,-0.398522,-0.273323,0.124521,-0.0504164,-0.0505538,2.22112e-18
4.634,-0.264003,-0.398522,-0.273323,0.124521,-0.0504164,-0.0505538,2.22112e-18
4.635,-0.26433,-0.398351,-0.273647,0.125288,-0.0504936,-0.0500912,2.323e-18
4.636,-0.26433,-0.398351,-0.273647,0.125288,-0.0504936,-0.0500912,2.323e-18
4.637,-0.26464,-0.398161,-0.273953,0.126012,-0.0505681,-0.0496469,-1.47337e-17
4.638,-0.26464,-0.398161,-0.273953,0.126012,-0.0505681,-0.0496469,-1.47337e-17
4.639,-0.264982,-0.397802,-0.274294,0.126326,-0.0506515,-0.049378,3.55621e-18
4.64,-0.265251,-0.3976,-0.274557,0.12703,-0.0507181,-0.048942,6.37702e-18
4.641,-0.265251,-0.3976,-0.274557,0.12703,-0.0507181,-0.048942,6.37702e-18
4.642,-0.265251,-0.3976,-0.274557,0.12703,-0.0507181,-0.048942,6.37702e-18
4.643,-0.265616,-0.397026,-0.274923,0.126828,-0.0508095,-0.0488948,-8.13646e-18
4.644,-0.265616,-0.397026,-0.274923,0.126828,-0.0508095,-0.0488948,-8.13646e-18
4.645,-0.265852,-0.396792,-0.275151,0.127463,-0.0508701,-0.0484878,-1.98985e-17
4.646,-0.265852,-0.396792,-0.275151,0.127463,-0.0508701,-0.0484878,-1.98985e-17
4.647,-0.266121,-0.396396,-0.275416,0.1277,-0.05094,-0.0482525,3.60375e-18
4.648,-0.266121,-0.396396,-0.275416,0.1277,-0.05094,-0.0482525,3.60375e-18
4.649,-0.266401,-0.395902,-0.275693,0.127701,-0.0510136,-0.0481182,-1.69674e-17
4.65,-0.266401,-0.395902,-0.275693,0.127701,-0.0510136,-0.0481182,-1.69674e-17
4.651,-0.266656,-0.395425,-0.275943,0.127746,-0.051082,-0.0479652,-4.20655e-18
4.652,-0.266656,-0.395425,-0.275943,0.127746,-0.051082,-0.0479652,-4.20655e-18
4.653,-0.267024,-0.394538,-0.276314,0.126787,-0.0511795,-0.0482431,2.67174e-17
4.654,-0.267024,-0.394538,-0.276314,0.126787,-0.0511795,-0.0482431,2.67174e-17
4.655,-0.267645,-0.392715,-0.276966,0.122923,-0.0513374,-0.0498344,1.77067e-17
4.656,-0.267645,-0.392715,-0.276966,0.122923,-0.0513374,-0.0498344,1.77067e-17
4.657,-0.267645,-0.392715,-0.276966,0.122923,-0.0513374,-0.0498344,1.77067e-17
4.658,-0.269014,-0.388557,-0.278417,0.113331,-0.0516816,-0.0538834,-1.92101e-17
4.659,-0.269161,-0.388184,-0.278563,0.113019,-0.051722,-0.0539511,9.60555e-18
4.66,-0.268105,-0.391733,-0.277393,0.124121,-0.0514757,-0.048928,6.64468e-18
4.661,-0.268105,-0.391733,-0.277393,0.124121,-0.0514757,-0.048928,6.64468e-18
4.662,-0.267832,-0.392771,-0.277069,0.128397,-0.0514204,-0.0469072,1.26947e-17
4.663,-0.267832,-0.392771,-0.277069,0.128397,-0.0514204,-0.0469072,1.26947e-17
4.664,-0.267908,-0.392475,-0.27713,0.128881,-0.0514506,-0.0465693,-2.53644e-17
4.665,-0.267908,-0.392475,-0.27713,0.128881,-0.0514506,-0.0465693,-2.53644e-17
4.666,-0.268024,-0.391971,-0.277234,0.128871,-0.0514922,-0.0464422,7.31654e-18
4.667,-0.268024,-0.391971,-0.277234,0.128871,-0.0514922,-0.0464422,7.31654e-18
4.668,-0.268146,-0.391394,-0.277346,0.128681,-0.0515362,-0.0463921,7.22863e-19
4.669,-0.268146,-0.391394,-0.277346,0.128681,-0.0515362,-0.0463921,7.22863e-19
4.67,-0.268236,-0.390867,-0.277423,0.128614,-0.051573,-0.0462896,4.42722e-18
4.671,-0.268236,-0.390867,-0.277423,0.128614,-0.051573,-0.0462896,4.42722e-18
4.672,-0.268374,-0.39014,-0.277552,0.128058,-0.0516226,-0.0463973,1.90576e-17
4.673,-0.268374,-0.39014,-0.277552,0.128058,-0.0516226,-0.0463973,1.90576e-17
4.674,-0.268557,-0.389229,-0.277728,0.127047,-0.0516841,-0.0467008,-4.32579e-18
4.675,-0.268557,-0.389229,-0.277728,0.127047,-0.0516841,-0.0467008,-4.32579e-18
4.676,-0.268698,-0.388405,-0.277861,0.126243,-0.051736,-0.0469159,-1.32098e-17
4.677,-0.268698,-0.388405,-0.277861,0.126243,-0.051736,-0.0469159,-1.32098e-17
4.678,-0.269182,-0.386695,-0.278367,0.122652,-0.0518653,-0.0483914,7.43692e-18
4.679,-0.269182,-0.386695,-0.278367,0.122652,-0.0518653,-0.0483914,7.43692e-18
4.68,-0.268736,-0.387419,-0.277866,0.126242,-0.0517805,-0.0466614,-1.57925e-18
4.681,-0.268736,-0.387419,-0.277866,0.126242,-0.0517805,-0.0466614,-1.57925e-18
4.682,-0.268736,-0.387419,-0.277866,0.126242,-0.0517805,-0.0466614,-1.57925e-18
4.683,-0.268901,-0.386413,-0.278024,0.124973,-0.0518403,-0.0470789,1.24964e-17
4.684,-0.26936,-0.384711,-0.278505,0.121399,-0.0519647,-0.048548,8.6895e-18
4.685,-0.26936,-0.384711,-0.278505,0.121399,-0.0519647,-0.048548,8.6895e-18
4.686,-0.26884,-0.385469,-0.277926,0.125064,-0.0518645,-0.0467877,-8.5268e-18
4.687,-0.26884,-0.385469,-0.277926,0.125064,-0.0518645,-0.0467877,-8.5268e-18
4.688,-0.268899,-0.384668,-0.277971,0.124292,-0.0518998,-0.0469942,-7.98663e-18
4.689,-0.268899,-0.384668,-0.277971,0.124292,-0.0518998,-0.0469942,-7.98663e-18
4.69,-0.268959,-0.383801,-0.278019,0.123367,-0.0519364,-0.0472658,-2.23545e-17
4.691,-0.268959,-0.383801,-0.278019,0.123367,-0.0519364,-0.0472658,-2.23545e-17
4.692,-0.268978,-0.383027,-0.278023,0.122664,-0.0519633,-0.0474429,-2.33598e-17
4.693,-0.268978,-0.383027,-0.278023,0.122664,-0.0519633,-0.0474429,-2.33598e-17
4.694,-0.269,-0.38221,-0.27803,0.121849,-0.0519915,-0.0476688,7.00242e-18
4.695,-0.269,-0.38221,-0.27803,0.121849,-0.0519915,-0.0476688,7.00242e-18
4.696,-0.269455,-0.380404,-0.278507,0.118005,-0.052117,-0.0492552,-4.35544e-18
4.697,-0.269455,-0.380404,-0.278507,0.118005,-0.052117,-0.0492552,-4.35544e-18
4.698,-0.269424,-0.379699,-0.278458,0.11746,-0.0521329,-0.0493667,2.79272e-18
4.699,-0.269424,-0.379699,-0.278458,0.11746,-0.0521329,-0.0493667,2.79272e-18
4.7,-0.269401,-0.378967,-0.278419,0.116825,-0.0521511,-0.0495198,-2.17578e-17
4.701,-0.269401,-0.378967,-0.278419,0.116825,-0.0521511,-0.0495198,-2.17578e-17
4.702,-0.269367,-0.378237,-0.278367,0.11619,-0.0521669,-0.0496739,-1.57145e-17
4.703,-0.269367,-0.378237,-0.278367,0.11619,-0.0521669,-0.0496739,-1.57145e-17
4.704,-0.269328,-0.377489,-0.278309,0.115505,-0.052182,-0.0498499,1.70611e-17
4.705,-0.269328,-0.377489,-0.278309,0.115505,-0.052182,-0.0498499,1.70611e-17
4.706,-0.269333,-0.376566,-0.2783,0.114387,-0.0522089,-0.0502122,-3.25693e-18
4.707,-0.269333,-0.376566,-0.2783,0.114387,-0.0522089,-0.0502122,-3.25693e-18
4.708,-0.269263,-0.375847,-0.278211,0.113765,-0.0522174,-0.0503629,-5.20656e-18
4.709,-0.269263,-0.375847,-0.278211,0.113765,-0.0522174,-0.0503629,-5.20656e-18
4.71,-0.269237,-0.374964,-0.278168,0.112732,-0.0522374,-0.0506905,7.28934e-19
4.711,-0.269237,-0.374964,-0.278168,0.112732,-0.0522374,-0.0506905,7.28934e-19
4.712,-0.269149,-0.374242,-0.27806,0.112091,-0.0522424,-0.0508515,5.20909e-18
4.713,-0.269149,-0.374242,-0.27806,0.112091,-0.0522424,-0.0508515,5.20909e-18
4.714,-0.269476,-0.374164,-0.278379,0.112939,-0.0523185,-0.0503676,-1.49164e-17
4.715,-0.269758,-0.374237,-0.278652,0.11415,-0.0523834,-0.0497289,-1.61797e-17
4.716,-0.269758,-0.374237,-0.278652,0.11415,-0.0523834,-0.0497289,-1.61797e-17
4.717,-0.270084,-0.374169,-0.27897,0.115019,-0.0524591,-0.049236,7.13865e-18
4.718,-0.270084,-0.374169,-0.27897,0.115019,-0.0524591,-0.049236,7.13865e-18
4.719,-0.270399,-0.374065,-0.279278,0.115807,-0.0525334,-0.048778,7.13314e-18
4.72,-0.270399,-0.374065,-0.279278,0.115807,-0.0525334,-0.048778,7.13314e-18
4.721,-0.270664,-0.373997,-0.279533,0.11669,-0.0525971,-0.0482786,-2.20196e-17
4.722,-0.270664,-0.373997,-0.279533,0.11669,-0.0525971,-0.0482786,-2.20196e-17
4.723,-0.270664,-0.373997,-0.279533,0.11669,-0.0525971,-0.0482786,-2.20196e-17
4.724,-0.271112,-0.373551,-0.279981,0.116638,-0.0527034,-0.048179,4.32383e-18
4.725,-0.271301,-0.373524,-0.280156,0.117636,-0.0527513,-0.0476307,9.41617e-18
4.726,-0.271301,-0.373524,-0.280156,0.117636,-0.0527513,-0.0476307,9.41617e-18
4.727,-0.271503,-0.373423,-0.280346,0.118451,-0.052803,-0.0471611,-4.54956e-18
4.728,-0.271503,-0.373423,-0.280346,0.118451,-0.052803,-0.0471611,-4.54956e-18
4.729,-0.271503,-0.373423,-0.280346,0.118451,-0.052803,-0.0471611,-4.54956e-18
4.73,-0.27189,-0.372939,-0.28073,0.118319,-0.0528978,-0.047096,2.69995e-17
4.731,-0.272137,-0.372662,-0.280968,0.118706,-0.0529615,-0.0468087,3.91822e-18
4.732,-0.272137,-0.372662,-0.280968,0.118706,-0.0529615,-0.0468087,3.91822e-18
4.733,-0.272235,-0.372607,-0.281049,0.119649,-0.0529918,-0.046285,-1.78029e-17
4.734,-0.272235,-0.372607,-0.281049,0.119649,-0.0529918,-0.046285,-1.78029e-17
4.735,-0.272424,-0.372343,-0.281225,0.120075,-0.0530434,-0.0459818,8.69308e-19
4.736,-0.272424,-0.372343,-0.281225,0.120075,-0.0530434,-0.0459818,8.69308e-19
4.737,-0.272623,-0.372011,-0.281414,0.120337,-0.0530985,-0.0457486,-1.11937e-17
4.738,-0.272623,-0.372011,-0.281414,0.120337,-0.0530985,-0.0457486,-1.11937e-17
4.739,-0.273584,-0.370291,-0.282413,0.11659,-0.0533232,-0.0472894,3.91675e-18
4.74,-0.273584,-0.370291,-0.282413,0.11659,-0.0533232,-0.0472894,3.91675e-18
4.741,-0.273775,-0.36991,-0.282592,0.116735,-0.0533773,-0.0471069,-1.76783e-17
4.742,-0.273775,-0.36991,-0.282592,0.116735,-0.0533773,-0.0471069,-1.76783e-17
4.743,-0.273899,-0.369647,-0.282702,0.117151,-0.0534165,-0.0468114,6.64603e-18
4.744,-0.273899,-0.369647,-0.282702,0.117151,-0.0534165,-0.0468114,6.64603e-18
4.745,-0.274032,-0.369331,-0.28282,0.117434,-0.053458,-0.046573,1.95454e-17
4.746,-0.274032,-0.369331,-0.28282,0.117434,-0.053458,-0.046573,1.95454e-17
4.747,-0.274173,-0.368956,-0.282947,0.117575,-0.0535022,-0.0463956,-3.46576e-18
4.748,-0.274173,-0.368956,-0.282947,0.117575,-0.0535022,-0.0463956,-3.46576e-18
4.749,-0.274318,-0.368534,-0.283078,0.1176,-0.053548,-0.0462679,1.57732e-17
4.75,-0.274318,-0.368534,-0.283078,0.1176,-0.053548,-0.0462679,1.57732e-17
4.751,-0.274417,-0.368153,-0.283162,0.11773,-0.053584,-0.0460955,-5.96807e-18
4.752,-0.274417,-0.368153,-0.283162,0.11773,-0.053584,-0.0460955,-5.96807e-18
4.753,-0.274486,-0.367791,-0.283213,0.117907,-0.0536134,-0.0459038,-7.48241e-18
4.754,-0.274486,-0.367791,-0.283213,0.117907,-0.0536134,-0.0459038,-7.48241e-18
4.755,-0.274583,-0.367339,-0.283295,0.117862,-0.0536501,-0.0458075,-1.01341e-17
4.756,-0.274683,-0.366844,-0.28338,0.117711,-0.053688,-0.0457564,-5.12442e-18
4.757,-0.274683,-0.366844,-0.28338,0.117711,-0.053688,-0.0457564,-5.12442e-18
4.758,-0.274683,-0.366844,-0.28338,0.117711,-0.053688,-0.0457564,-5.12442e-18
4.759,-0.274706,-0.366451,-0.283385,0.117812,-0.053709,-0.0455985,-3.03157e-17
4.76,-0.274757,-0.365975,-0.283418,0.117707,-0.0537368,-0.0455288,-1.26301e-17
4.761,-0.274757,-0.365975,-0.283418,0.117707,-0.0537368,-0.0455288,-1.26301e-17
4.762,-0.27483,-0.365422,-0.283476,0.117411,-0.0537703,-0.0455414,-2.02111e-18
4.763,-0.27483,-0.365422,-0.283476,0.117411,-0.0537703,-0.0455414,-2.02111e-18
4.764,-0.27483,-0.365422,-0.283476,0.117411,-0.0537703,-0.0455414,-2.02111e-18
4.765,-0.274892,-0.364857,-0.283522,0.117082,-0.0538019,-0.0455685,2.23307e-17
4.766,-0.274894,-0.364367,-0.283505,0.116941,-0.0538201,-0.0455156,-2.71556e-17
4.767,-0.274894,-0.364367,-0.283505,0.116941,-0.0538201,-0.0455156,-2.71556e-17
4.768,-0.274894,-0.364367,-0.283505,0.116941,-0.0538201,-0.0455156,-2.71556e-17
4.769,-0.274943,-0.363765,-0.283537,0.116516,-0.0538495,-0.0455851,1.40846e-17
4.77,-0.274943,-0.363765,-0.283537,0.116516,-0.0538495,-0.0455851,1.40846e-17
4.771,-0.274949,-0.363205,-0.283524,0.116197,-0.0538698,-0.0456098,-2.12683e-17
4.772,-0.274949,-0.363205,-0.283524,0.116197,-0.0538698,-0.0456098,-2.12683e-17
4.773,-0.274949,-0.363205,-0.283524,0.116197,-0.0538698,-0.0456098,-2.12683e-17
4.774,-0.276554,-0.359753,-0.28519,0.108648,-0.0542579,-0.0487229,3.81972e-18
4.775,-0.276554,-0.359753,-0.28519,0.108648,-0.0542579,-0.0487229,3.81972e-18
4.776,-0.275662,-0.360427,-0.284226,0.111948,-0.0540828,-0.0471482,5.33985e-18
4.777,-0.275662,-0.360427,-0.284226,0.111948,-0.0540828,-0.0471482,5.33985e-18
4.778,-0.275595,-0.359966,-0.284137,0.111822,-0.054087,-0.0470973,1.21851e-17
4.779,-0.275595,-0.359966,-0.284137,0.111822,-0.054087,-0.0470973,1.21851e-17
4.78,-0.274814,-0.360389,-0.283291,0.114452,-0.0539382,-0.0458151,1.17677e-17
4.781,-0.274814,-0.360389,-0.283291,0.114452,-0.0539382,-0.0458151,1.17677e-17
4.782,-0.274709,-0.359877,-0.283163,0.114227,-0.0539354,-0.0458052,2.89366e-18
4.783,-0.274709,-0.359877,-0.283163,0.114227,-0.0539354,-0.0458052,2.89366e-18
4.784,-0.274709,-0.359877,-0.283163,0.114227,-0.0539354,-0.0458052,2.89366e-18
4.785,-0.274905,-0.358785,-0.28335,0.112559,-0.0540023,-0.0464106,1.24355e-17
4.786,-0.274905,-0.358785,-0.28335,0.112559,-0.0540023,-0.0464106,1.24355e-17
4.787,-0.27554,-0.357265,-0.284007,0.109289,-0.0541598,-0.0477541,-1.39998e-17
4.788,-0.27554,-0.357265,-0.284007,0.109289,-0.0541598,-0.0477541,-1.39998e-17
4.789,-0.276852,-0.354525,-0.285373,0.102969,-0.054473,-0.0503997,-1.79771e-17
4.79,-0.277069,-0.353747,-0.285592,0.101549,-0.0545344,-0.0509538,-4.2351e-18
4.791,-0.277069,-0.353747,-0.285592,0.101549,-0.0545344,-0.0509538,-4.2351e-18
4.792,-0.276184,-0.35415,-0.284638,0.104114,-0.0543649,-0.049704,2.03315e-17
4.793,-0.276184,-0.35415,-0.284638,0.104114,-0.0543649,-0.049704,2.03315e-17
4.794,-0.275178,-0.354828,-0.283556,0.107286,-0.0541667,-0.0482053,-1.98576e-18
4.795,-0.275178,-0.354828,-0.283556,0.107286,-0.0541667,-0.0482053,-1.98576e-18
4.796,-0.27507,-0.354217,-0.283426,0.106752,-0.0541653,-0.0483361,2.5824e-17
4.797,-0.27507,-0.354217,-0.283426,0.106752,-0.0541653,-0.0483361,2.5824e-17
4.798,-0.27512,-0.353267,-0.283461,0.105392,-0.0542008,-0.0488181,-6.64629e-19
4.799,-0.27512,-0.353267,-0.283461,0.105392,-0.0542008,-0.0488181,-6.64629e-19
4.8,-0.274768,-0.353017,-0.283075,0.105776,-0.054144,-0.0485562,7.37279e-18
4.801,-0.274768,-0.353017,-0.283075,0.105776,-0.054144,-0.0485562,7.37279e-18
4.802,-0.274641,-0.352348,-0.282925,0.105105,-0.0541393,-0.048746,1.32623e-18
4.803,-0.274641,-0.352348,-0.282925,0.105105,-0.0541393,-0.048746,1.32623e-18
4.804,-0.274506,-0.351664,-0.282767,0.104396,-0.0541334,-0.0489525,-1.94354e-19
4.805,-0.274506,-0.351664,-0.282767,0.104396,-0.0541334,-0.0489525,-1.94354e-19
4.806,-0.274365,-0.350972,-0.282602,0.103662,-0.0541262,-0.0491702,1.66882e-17
4.807,-0.274365,-0.350972,-0.282602,0.103662,-0.0541262,-0.0491702,1.66882e-17
4.808,-0.274225,-0.350258,-0.282439,0.10287,-0.0541197,-0.0494141,-8.68365e-18
4.809,-0.274225,-0.350258,-0.282439,0.10287,-0.0541197,-0.0494141,-8.68365e-18
4.81,-0.274086,-0.349527,-0.282276,0.102027,-0.0541134,-0.0496803,1.46841e-17
4.811,-0.274086,-0.349527,-0.282276,0.102027,-0.0541134,-0.0496803,1.46841e-17
4.812,-0.274311,-0.349234,-0.28249,0.102174,-0.0541732,-0.0495199,-1.11572e-17
4.813,-0.27436,-0.34938,-0.282517,0.1034,-0.05419,-0.0488989,-3.10623e-18
4.814,-0.27436,-0.34938,-0.282517,0.1034,-0.05419,-0.0488989,-3.10623e-18
4.815,-0.27436,-0.34938,-0.282517,0.1034,-0.05419,-0.0488989,-3.10623e-18
4.816,-0.274724,-0.349141,-0.282874,0.103648,-0.0542767,-0.0486945,4.03607e-18
4.817,-0.274959,-0.34901,-0.283096,0.104177,-0.0543355,-0.0483708,-1.65891e-17
4.818,-0.274959,-0.34901,-0.283096,0.104177,-0.0543355,-0.0483708,-1.65891e-17
4.819,-0.276002,-0.347917,-0.284173,0.10181,-0.0545683,-0.049329,9.13608e-18
4.82,-0.276002,-0.347917,-0.284173,0.10181,-0.0545683,-0.049329,9.13608e-18
4.821,-0.27522,-0.348878,-0.283324,0.105571,-0.0544091,-0.0475821,-1.58811e-17
4.822,-0.27522,-0.348878,-0.283324,0.105571,-0.0544091,-0.0475821,-1.58811e-17
4.823,-0.2754,-0.348709,-0.28349,0.106009,-0.0544577,-0.0472984,-1.92925e-17
4.824,-0.2754,-0.348709,-0.28349,0.106009,-0.0544577,-0.0472984,-1.92925e-17
4.825,-0.2754,-0.348709,-0.28349,0.106009,-0.0544577,-0.0472984,-1.92925e-17
4.826,-0.275893,-0.348149,-0.283981,0.105459,-0.0545756,-0.047435,1.63441e-17
4.827,-0.276532,-0.347427,-0.284636,0.104054,-0.0547208,-0.047984,-8.18826e-18
4.828,-0.276532,-0.347427,-0.284636,0.104054,-0.0547208,-0.047984,-8.18826e-18
4.829,-0.276678,-0.347204,-0.284766,0.104369,-0.0547633,-0.047753,-1.01309e-17
4.83,-0.276678,-0.347204,-0.284766,0.104369,-0.0547633,-0.047753,-1.01309e-17
4.831,-0.276804,-0.346987,-0.284876,0.104692,-0.0548017,-0.0475203,4.47894e-18
4.832,-0.276804,-0.346987,-0.284876,0.104692,-0.0548017,-0.0475203,4.47894e-18
4.833,-0.276931,-0.346739,-0.284986,0.104936,-0.0548407,-0.0473217,1.85491e-17
4.834,-0.276931,-0.346739,-0.284986,0.104936,-0.0548407,-0.0473217,1.85491e-17
4.835,-0.276994,-0.346528,-0.285031,0.105279,-0.0548663,-0.0470813,1.0612e-17
4.836,-0.276994,-0.346528,-0.285031,0.105279,-0.0548663,-0.0470813,1.0612e-17
4.837,-0.277077,-0.346265,-0.285096,0.105491,-0.0548967,-0.0468969,-1.01541e-17
4.838,-0.277077,-0.346265,-0.285096,0.105491,-0.0548967,-0.0468969,-1.01541e-17
4.839,-0.277134,-0.345999,-0.285134,0.105698,-0.054922,-0.0467152,1.96861e-17
4.84,-0.277134,-0.345999,-0.285134,0.105698,-0.054922,-0.0467152,1.96861e-17
4.841,-0.277195,-0.345699,-0.285177,0.105821,-0.0549485,-0.0465695,-2.34696e-17
4.842,-0.277195,-0.345699,-0.285177,0.105821,-0.0549485,-0.0465695,-2.34696e-17
4.843,-0.27733,-0.345288,-0.285297,0.105663,-0.0549919,-0.0465442,1.32251e-17
4.844,-0.277249,-0.345087,-0.285191,0.106042,-0.054988,-0.0462903,-1.61918e-17
4.845,-0.277249,-0.345087,-0.285191,0.106042,-0.054988,-0.0462903,-1.61918e-17
4.846,-0.277297,-0.344716,-0.285221,0.105988,-0.055013,-0.0462216,1.24783e-18
4.847,-0.277297,-0.344716,-0.285221,0.105988,-0.055013,-0.0462216,1.24783e-18
4.848,-0.277292,-0.344375,-0.285196,0.106012,-0.055027,-0.0461203,1.49522e-17
4.849,-0.277292,-0.344375,-0.285196,0.106012,-0.055027,-0.0461203,1.49522e-17
4.85,-0.2773,-0.343996,-0.285184,0.105938,-0.0550439,-0.0460612,-4.34905e-18
4.851,-0.2773,-0.343996,-0.285184,0.105938,-0.0550439,-0.0460612,-4.34905e-18
4.852,-0.2773,-0.343996,-0.285184,0.105938,-0.0550439,-0.0460612,-4.34905e-18
4.853,-0.277358,-0.343536,-0.285224,0.105656,-0.0550724,-0.046091,-8.78045e-18
4.854,-0.277358,-0.343536,-0.285224,0.105656,-0.0550724,-0.046091,-8.78045e-18
4.855,-0.27733,-0.343144,-0.285175,0.105551,-0.0550824,-0.0460461,-2.14475e-17
4.856,-0.27733,-0.343144,-0.285175,0.105551,-0.0550824,-0.0460461,-2.14475e-17
4.857,-0.277303,-0.342728,-0.285128,0.105383,-0.055093,-0.0460284,2.61016e-17
4.858,-0.277268,-0.342297,-0.285072,0.105176,-0.0551022,-0.0460282,3.09091e-18
4.859,-0.277268,-0.342297,-0.285072,0.105176,-0.0551022,-0.0460282,3.09091e-18
4.86,-0.277272,-0.341803,-0.285057,0.104805,-0.0551202,-0.0460987,1.01874e-17
4.861,-0.277272,-0.341803,-0.285057,0.104805,-0.0551202,-0.0460987,1.01874e-17
4.862,-0.277172,-0.341401,-0.284934,0.104669,-0.0551158,-0.0460701,2.11459e-17
4.863,-0.277172,-0.341401,-0.284934,0.104669,-0.0551158,-0.0460701,2.11459e-17
4.864,-0.277177,-0.340863,-0.284919,0.104182,-0.0551347,-0.0461912,7.87366e-18
4.865,-0.277177,-0.340863,-0.284919,0.104182,-0.0551347,-0.0461912,7.87366e-18
4.866,-0.277158,-0.34033,-0.28488,0.103706,-0.0551487,-0.0463083,1.85254e-17
4.867,-0.277158,-0.34033,-0.28488,0.103706,-0.0551487,-0.0463083,1.85254e-17
4.868,-0.27806,-0.339057,-0.285808,0.100885,-0.0553568,-0.0474663,2.25235e-17
4.869,-0.27806,-0.339057,-0.285808,0.100885,-0.0553568,-0.0474663,2.25235e-17
4.87,-0.276976,-0.339376,-0.284654,0.103023,-0.0551459,-0.0464319,-4.00866e-18
4.871,-0.276976,-0.339376,-0.284654,0.103023,-0.0551459,-0.0464319,-4.00866e-18
4.872,-0.27685,-0.338914,-0.284504,0.102713,-0.055137,-0.0464821,2.28474e-17
4.873,-0.27685,-0.338914,-0.284504,0.102713,-0.055137,-0.0464821,2.28474e-17
4.874,-0.27685,-0.338914,-0.284504,0.102713,-0.055137,-0.0464821,2.28474e-17
4.875,-0.277003,-0.338117,-0.284644,0.101547,-0.0551902,-0.0468959,7.72135e-18
4.876,-0.27674,-0.337753,-0.284352,0.101495,-0.0551519,-0.0468369,1.91452e-17
4.877,-0.27674,-0.337753,-0.284352,0.101495,-0.0551519,-0.0468369,1.91452e-17
4.878,-0.276538,-0.337314,-0.284124,0.101239,-0.0551272,-0.0468655,-2.02077e-17
4.879,-0.276538,-0.337314,-0.284124,0.101239,-0.0551272,-0.0468655,-2.02077e-17
4.88,-0.276467,-0.33671,-0.284033,0.10056,-0.0551319,-0.0470753,-1.08052e-17
4.881,-0.276467,-0.33671,-0.284033,0.10056,-0.0551319,-0.0470753,-1.08052e-17
4.882,-0.277276,-0.335475,-0.284862,0.0978262,-0.0553207,-0.0481986,-7.29986e-18
4.883,-0.277276,-0.335475,-0.284862,0.0978262,-0.0553207,-0.0481986,-7.29986e-18
4.884,-0.276053,-0.335762,-0.283566,0.0998511,-0.0550815,-0.0472216,-4.77797e-18
4.885,-0.276053,-0.335762,-0.283566,0.0998511,-0.0550815,-0.0472216,-4.77797e-18
4.886,-0.275875,-0.335236,-0.283363,0.0993542,-0.0550631,-0.047357,1.51318e-17
4.887,-0.275875,-0.335236,-0.283363,0.0993542,-0.0550631,-0.047357,1.51318e-17
4.888,-0.275926,-0.334434,-0.283398,0.098151,-0.0550956,-0.0477928,8.34172e-18
4.889,-0.275926,-0.334434,-0.283398,0.098151,-0.0550956,-0.0477928,8.34172e-18
4.89,-0.275634,-0.333995,-0.283077,0.0978765,-0.0550525,-0.0478348,1.51112e-17
4.891,-0.275634,-0.333995,-0.283077,0.0978765,-0.0550525,-0.0478348,1.51112e-17
4.892,-0.275715,-0.333134,-0.283143,0.0965126,-0.0550921,-0.048341,6.47706e-18
4.893,-0.275715,-0.333134,-0.283143,0.0965126,-0.0550921,-0.048341,6.47706e-18
4.894,-0.27534,-0.332762,-0.282736,0.0963971,-0.0550311,-0.0483175,1.60078e-17
4.895,-0.27534,-0.332762,-0.282736,0.0963971,-0.0550311,-0.0483175,1.60078e-17
4.896,-0.27534,-0.332762,-0.282736,0.0963971,-0.0550311,-0.0483175,1.60078e-17
4.897,-0.275308,-0.332002,-0.282685,0.0952789,-0.055046,-0.0487215,-1.52943e-18
4.898,-0.275074,-0.331442,-0.282425,0.0946752,-0.0550167,-0.0489071,-8.9015e-18
4.899,-0.275074,-0.331442,-0.282425,0.0946752,-0.0550167,-0.0489071,-8.9015e-18
4.9,-0.275848,-0.330182,-0.28322,0.0918546,-0.0551993,-0.0500716,1.04959e-17
4.901,-0.275848,-0.330182,-0.28322,0.0918546,-0.0551993,-0.0500716,1.04959e-17
4.902,-0.274751,-0.330153,-0.282056,0.0929986,-0.0549904,-0.0494828,-2.07742e-18
4.903,-0.274751,-0.330153,-0.282056,0.0929986,-0.0549904,-0.0494828,-2.07742e-18
4.904,-0.275436,-0.328988,-0.282757,0.0904079,-0.0551533,-0.0505512,-3.19067e-18
4.905,-0.275436,-0.328988,-0.282757,0.0904079,-0.0551533,-0.0505512,-3.19067e-18
4.906,-0.27522,-0.328379,-0.282516,0.0896519,-0.0551284,-0.0508059,-2.27211e-17
4.907,-0.27522,-0.328379,-0.282516,0.0896519,-0.0551284,-0.0508059,-2.27211e-17
4.908,-0.275009,-0.327768,-0.282279,0.0888722,-0.0551045,-0.051073,-1.65843e-17
4.909,-0.275009,-0.327768,-0.282279,0.0888722,-0.0551045,-0.051073,-1.65843e-17
4.91,-0.274971,-0.327485,-0.282221,0.0888372,-0.0551105,-0.0510222,1.53205e-17
4.911,-0.274971,-0.327485,-0.282221,0.0888372,-0.0551105,-0.0510222,1.53205e-17
4.912,-0.275097,-0.327474,-0.28233,0.0894147,-0.0551454,-0.0507101,-8.26487e-18
4.913,-0.275097,-0.327474,-0.28233,0.0894147,-0.0551454,-0.0507101,-8.26487e-18
4.914,-0.275232,-0.327439,-0.282448,0.0899271,-0.0551824,-0.0504263,2.7801e-17
4.915,-0.275352,-0.327386,-0.282551,0.0903982,-0.0552167,-0.0501603,-1.58817e-17
4.916,-0.275352,-0.327386,-0.282551,0.0903982,-0.0552167,-0.0501603,-1.58817e-17
4.917,-0.275352,-0.327386,-0.282551,0.0903982,-0.0552167,-0.0501603,-1.58817e-17
4.918,-0.276137,-0.326857,-0.283341,0.0896029,-0.0553941,-0.0504317,1.03044e-17
4.919,-0.276137,-0.326857,-0.283341,0.0896029,-0.0553941,-0.0504317,1.03044e-17
4.92,-0.275544,-0.327226,-0.282708,0.091218,-0.0552764,-0.0496813,-1.71373e-17
4.921,-0.275627,-0.327127,-0.282773,0.0915764,-0.0553038,-0.0494651,2.14831e-17
4.922,-0.275627,-0.327127,-0.282773,0.0915764,-0.0553038,-0.0494651,2.14831e-17
4.923,-0.275627,-0.327127,-0.282773,0.0915764,-0.0553038,-0.0494651,2.14831e-17
4.924,-0.275705,-0.326994,-0.282833,0.0918563,-0.0553308,-0.0492817,-1.22732e-18
4.925,-0.275705,-0.326994,-0.282833,0.0918563,-0.0553308,-0.0492817,-1.22732e-18
4.926,-0.275954,-0.326724,-0.28307,0.0917739,-0.0553947,-0.0492524,2.06245e-17
4.927,-0.275791,-0.326705,-0.282881,0.0923699,-0.0553706,-0.0489358,-2.74284e-17
4.928,-0.275791,-0.326705,-0.282881,0.0923699,-0.0553706,-0.0489358,-2.74284e-17
4.929,-0.275835,-0.326524,-0.282906,0.0925334,-0.0553914,-0.0488033,-4.33112e-18
4.93,-0.275835,-0.326524,-0.282906,0.0925334,-0.0553914,-0.0488033,-4.33112e-18
4.931,-0.275871,-0.326324,-0.282924,0.0926509,-0.0554108,-0.0486907,1.99645e-17
4.932,-0.275871,-0.326324,-0.282924,0.0926509,-0.0554108,-0.0486907,1.99645e-17
4.933,-0.275918,-0.326095,-0.282953,0.0926922,-0.055433,-0.048611,8.548e-18
4.934,-0.275918,-0.326095,-0.282953,0.0926922,-0.055433,-0.048611,8.548e-18
4.935,-0.275918,-0.326095,-0.282953,0.0926922,-0.055433,-0.048611,8.548e-18
4.936,-0.276142,-0.325726,-0.283164,0.0923629,-0.0554934,-0.048689,-2.18241e-17
4.937,-0.27604,-0.325554,-0.283039,0.0925643,-0.0554843,-0.0485425,-1.62122e-17
4.938,-0.27604,-0.325554,-0.283039,0.0925643,-0.0554843,-0.0485425,-1.62122e-17
4.939,-0.276029,-0.325304,-0.283008,0.0925543,-0.0554948,-0.0484866,2.1186e-17
4.94,-0.276029,-0.325304,-0.283008,0.0925543,-0.0554948,-0.0484866,2.1186e-17
4.941,-0.276106,-0.324975,-0.283068,0.092334,-0.0555245,-0.0485203,-2.23227e-17
4.942,-0.276106,-0.324975,-0.283068,0.092334,-0.0555245,-0.0485203,-2.23227e-17
4.943,-0.275968,-0.32477,-0.282907,0.0924485,-0.0555085,-0.0484129,9.10026e-18
4.944,-0.275968,-0.32477,-0.282907,0.0924485,-0.0555085,-0.0484129,9.10026e-18
4.945,-0.275995,-0.324437,-0.282915,0.0922188,-0.0555281,-0.048452,7.26343e-18
4.946,-0.275995,-0.324437,-0.282915,0.0922188,-0.0555281,-0.048452,7.26343e-18
4.947,-0.276022,-0.324085,-0.282924,0.0919405,-0.055548,-0.0485125,9.27015e-18
4.948,-0.276022,-0.324085,-0.282924,0.0919405,-0.055548,-0.0485125,9.27015e-18
4.949,-0.275962,-0.323774,-0.282843,0.0917719,-0.0555496,-0.0485272,1.51396e-17
4.95,-0.275962,-0.323774,-0.282843,0.0917719,-0.0555496,-0.0485272,1.51396e-17
4.951,-0.27586,-0.323475,-0.282719,0.0916338,-0.0555423,-0.0485297,-9.46104e-18
4.952,-0.27586,-0.323475,-0.282719,0.0916338,-0.0555423,-0.0485297,-9.46104e-18
4.953,-0.275666,-0.32322,-0.2825,0.0916152,-0.0555155,-0.0484823,-4.81224e-18
4.954,-0.275666,-0.32322,-0.2825,0.0916152,-0.0555155,-0.0484823,-4.81224e-18
4.955,-0.275666,-0.32322,-0.2825,0.0916152,-0.0555155,-0.0484823,-4.81224e-18
4.956,-0.275916,-0.322651,-0.282739,0.0907544,-0.0555845,-0.0487927,-1.384e-17
4.957,-0.275916,-0.322651,-0.282739,0.0907544,-0.0555845,-0.0487927,-1.384e-17
4.958,-0.275745,-0.322344,-0.282544,0.0906001,-0.0555631,-0.048804,-4.20271e-18
4.959,-0.275412,-0.322136,-0.282182,0.0907028,-0.055507,-0.0487077,-1.87142e-17
4.96,-0.275412,-0.322136,-0.282182,0.0907028,-0.055507,-0.0487077,-1.87142e-17
4.961,-0.27529,-0.321772,-0.282038,0.0903854,-0.0554966,-0.0487901,-1.80998e-17
4.962,-0.27529,-0.321772,-0.282038,0.0903854,-0.0554966,-0.0487901,-1.80998e-17
4.963,-0.275274,-0.321319,-0.282004,0.0898338,-0.0555094,-0.0489725,9.10168e-18
4.964,-0.275274,-0.321319,-0.282004,0.0898338,-0.0555094,-0.0489725,9.10168e-18
4.965,-0.275121,-0.320946,-0.281828,0.089491,-0.0554927,-0.0490673,-1.68755e-17
4.966,-0.275121,-0.320946,-0.281828,0.089491,-0.0554927,-0.0490673,-1.68755e-17
4.967,-0.276261,-0.319939,-0.282994,0.0871204,-0.0557466,-0.0500473,-1.6958e-17
4.968,-0.276261,-0.319939,-0.282994,0.0871204,-0.0557466,-0.0500473,-1.6958e-17
4.969,-0.276115,-0.319542,-0.282825,0.0867091,-0.0557317,-0.0501724,1.6335e-17
4.97,-0.276115,-0.319542,-0.282825,0.0867091,-0.0557317,-0.0501724,1.6335e-17
4.971,-0.274861,-0.319637,-0.281506,0.0879191,-0.0554866,-0.0495895,-1.68315e-17
4.972,-0.274861,-0.319637,-0.281506,0.0879191,-0.0554866,-0.0495895,-1.68315e-17
4.973,-0.274701,-0.319226,-0.281323,0.0874564,-0.0554691,-0.0497395,-2.10577e-17
4.974,-0.274701,-0.319226,-0.281323,0.0874564,-0.0554691,-0.0497395,-2.10577e-17
4.975,-0.275659,-0.318317,-0.282301,0.0853414,-0.0556843,-0.0506129,2.23629e-17
4.976,-0.275659,-0.318317,-0.282301,0.0853414,-0.0556843,-0.0506129,2.23629e-17
4.977,-0.275461,-0.317908,-0.282079,0.0848853,-0.0556589,-0.0507608,1.52522e-17
4.978,-0.275461,-0.317908,-0.282079,0.0848853,-0.0556589,-0.0507608,1.52522e-17
4.979,-0.27537,-0.317427,-0.281968,0.0842206,-0.055657,-0.0509992,1.1942e-17
4.98,-0.27537,-0.317427,-0.281968,0.0842206,-0.055657,-0.0509992,1.1942e-17
4.981,-0.275164,-0.317012,-0.281738,0.0837317,-0.05563,-0.0511641,-4.81054e-18
4.982,-0.275164,-0.317012,-0.281738,0.0837317,-0.05563,-0.0511641,-4.81054e-18
4.983,-0.275006,-0.316556,-0.281557,0.0831263,-0.0556136,-0.0513793,-8.38356e-18
4.984,-0.275006,-0.316556,-0.281557,0.0831263,-0.0556136,-0.0513793,-8.38356e-18
4.985,-0.274773,-0.316139,-0.2813,0.0826229,-0.0555813,-0.0515523,-1.86217e-17
4.986,-0.274773,-0.316139,-0.2813,0.0826229,-0.0555813,-0.0515523,-1.86217e-17
4.987,-0.274592,-0.315678,-0.281096,0.081996,-0.0555604,-0.0517786,-3.54072e-18
4.988,-0.274592,-0.315678,-0.281096,0.081996,-0.0555604,-0.0517786,-3.54072e-18
4.989,-0.274394,-0.315219,-0.280874,0.0813706,-0.0555358,-0.0520052,-1.0226e-17
4.99,-0.274394,-0.315219,-0.280874,0.0813706,-0.0555358,-0.0520052,-1.0226e-17
4.991,-0.274173,-0.314766,-0.280629,0.0807572,-0.0555064,-0.0522278,-2.86707e-17
4.992,-0.274173,-0.314766,-0.280629,0.0807572,-0.0555064,-0.0522278,-2.86707e-17
4.993,-0.273963,-0.314297,-0.280396,0.0800964,-0.0554796,-0.0524715,0
4.994,-0.273963,-0.314297,-0.280396,0.0800964,-0.0554796,-0.0524715,0
4.995,-0.273752,-0.31382,-0.280162,0.0794085,-0.0554529,-0.0527276,-8.60604e-18
4.996,-0.273752,-0.31382,-0.280162,0.0794085,-0.0554529,-0.0527276,-8.60604e-18
4.997,-0.273519,-0.313351,-0.279905,0.0787361,-0.0554212,-0.0529783,6.89748e-18
4.998,-0.273519,-0.313351,-0.279905,0.0787361,-0.0554212,-0.0529783,6.89748e-18
4.999,-0.273288,-0.312873,-0.27965,0.0780348,-0.0553901,-0.0532422,4.13652e-18
5,-0.273052,-0.312391,-0.27939,0.0773173,-0.0553581,-0.0535141,-6.05756e-18
5.001,-0.273052,-0.312391,-0.27939,0.0773173,-0.0553581,-0.0535141,-6.05756e-18
5.002,-0.272846,-0.311888,-0.279161,0.0765332,-0.0553326,-0.0538155,6.4467e-19
5.003,-0.272846,-0.311888,-0.279161,0.0765332,-0.0553326,-0.0538155,6.4467e-19
5.004,-0.27255,-0.311439,-0.27884,0.075888,-0.0552878,-0.0540592,9.72645e-18
5.005,-0.27255,-0.311439,-0.27884,0.075888,-0.0552878,-0.0540592,9.72645e-18
5.006,-0.272289,-0.31096,-0.278555,0.0751573,-0.0552506,-0.0543401,-5.84398e-18
5.007,-0.272289,-0.31096,-0.278555,0.0751573,-0.0552506,-0.0543401,-5.84398e-18
5.008,-0.272229,-0.310634,-0.278476,0.0747391,-0.0552522,-0.0544889,-5.40698e-18
5.009,-0.272229,-0.310634,-0.278476,0.0747391,-0.0552522,-0.0544889,-5.40698e-18
5.01,-0.272326,-0.310643,-0.278557,0.0750776,-0.0552807,-0.0543168,-1.70851e-17
5.011,-0.272326,-0.310643,-0.278557,0.0750776,-0.0552807,-0.0543168,-1.70851e-17
5.012,-0.272266,-0.3107,-0.278476,0.0755551,-0.0552761,-0.0540866,1.64308e-17
5.013,-0.272266,-0.3107,-0.278476,0.0755551,-0.0552761,-0.0540866,1.64308e-17
5.014,-0.272322,-0.31069,-0.278515,0.0758497,-0.0552965,-0.0539343,-1.36438e-17
5.015,-0.272322,-0.31069,-0.278515,0.0758497,-0.0552965,-0.0539343,-1.36438e-17
5.016,-0.272322,-0.31069,-0.278515,0.0758497,-0.0552965,-0.0539343,-1.36438e-17
5.017,-0.274074,-0.310002,-0.280307,0.0740177,-0.0556722,-0.0546955,-1.36911e-17
5.018,-0.272409,-0.310624,-0.278567,0.0763231,-0.0553325,-0.05368,-1.11953e-17
5.019,-0.272409,-0.310624,-0.278567,0.0763231,-0.0553325,-0.05368,-1.11953e-17
5.02,-0.272666,-0.310488,-0.278813,0.076258,-0.0553962,-0.0536821,-9.33951e-18
5.021,-0.272666,-0.310488,-0.278813,0.076258,-0.0553962,-0.0536821,-9.33951e-18
5.022,-0.272666,-0.310488,-0.278813,0.076258,-0.0553962,-0.0536821,-9.33951e-18
5.023,-0.272805,-0.310371,-0.278938,0.0762679,-0.0554353,-0.0536523,6.70168e-18
5.024,-0.273809,-0.309941,-0.27996,0.0751942,-0.055653,-0.0540939,-1.3888e-17
5.025,-0.273809,-0.309941,-0.27996,0.0751942,-0.055653,-0.0540939,-1.3888e-17
5.026,-0.273743,-0.309881,-0.279874,0.0753738,-0.0556491,-0.0539934,-6.51683e-18
5.027,-0.273743,-0.309881,-0.279874,0.0753738,-0.0556491,-0.0539934,-6.51683e-18
5.028,-0.273704,-0.309804,-0.279816,0.0754947,-0.055651,-0.0539193,2.01647e-17
5.029,-0.273704,-0.309804,-0.279816,0.0754947,-0.055651,-0.0539193,2.01647e-17
5.03,-0.273649,-0.309716,-0.279742,0.0755897,-0.0556497,-0.0538566,1.58006e-17
5.031,-0.273649,-0.309716,-0.279742,0.0755897,-0.0556497,-0.0538566,1.58006e-17
5.032,-0.273607,-0.309606,-0.279681,0.0756267,-0.0556514,-0.0538191,-8.74372e-18
5.033,-0.273607,-0.309606,-0.279681,0.0756267,-0.0556514,-0.0538191,-8.74372e-18
5.034,-0.273508,-0.309502,-0.279562,0.075686,-0.0556413,-0.0537728,1.63048e-17
5.035,-0.273508,-0.309502,-0.279562,0.075686,-0.0556413,-0.0537728,1.63048e-17
5.036,-0.273476,-0.309357,-0.27951,0.075629,-0.0556455,-0.0537763,1.92269e-18
5.037,-0.273476,-0.309357,-0.27951,0.075629,-0.0556455,-0.0537763,1.92269e-18
5.038,-0.27341,-0.30921,-0.279425,0.0755691,-0.0556428,-0.0537817,-2.27121e-17
5.039,-0.273326,-0.309055,-0.279322,0.0754903,-0.0556366,-0.0537958,2.33515e-17
5.04,-0.273326,-0.309055,-0.279322,0.0754903,-0.0556366,-0.0537958,2.33515e-17
5.041,-0.27317,-0.308916,-0.279144,0.0754575,-0.0556152,-0.0537912,8.29785e-18
5.042,-0.27317,-0.308916,-0.279144,0.0754575,-0.0556152,-0.0537912,8.29785e-18
5.043,-0.273073,-0.308739,-0.279028,0.0753193,-0.0556066,-0.0538318,3.41306e-18
5.044,-0.273073,-0.308739,-0.279028,0.0753193,-0.0556066,-0.0538318,3.41306e-18
5.045,-0.273073,-0.308739,-0.279028,0.0753193,-0.0556066,-0.0538318,3.41306e-18
5.046,-0.273055,-0.308519,-0.278991,0.0750557,-0.0556148,-0.0539262,1.42783e-17
5.047,-0.272913,-0.308332,-0.278829,0.074894,-0.0555971,-0.0539782,3.85497e-18
5.048,-0.272913,-0.308332,-0.278829,0.074894,-0.0555971,-0.0539782,3.85497e-18
5.049,-0.272746,-0.308145,-0.278641,0.0747299,-0.0555742,-0.054032,2.01383e-17
5.05,-0.272746,-0.308145,-0.278641,0.0747299,-0.0555742,-0.054032,2.01383e-17
5.051,-0.272716,-0.307892,-0.278593,0.0743765,-0.0555805,-0.0541667,1.03701e-17
5.052,-0.272716,-0.307892,-0.278593,0.0743765,-0.0555805,-0.0541667,1.03701e-17
5.053,-0.272487,-0.307706,-0.278342,0.0742167,-0.0555448,-0.0542204,9.11939e-19
5.054,-0.272487,-0.307706,-0.278342,0.0742167,-0.0555448,-0.0542204,9.11939e-19
5.055,-0.272313,-0.307488,-0.278146,0.073963,-0.0555207,-0.0543145,-4.34993e-19
5.056,-0.272313,-0.307488,-0.278146,0.073963,-0.0555207,-0.0543145,-4.34993e-19
5.057,-0.272328,-0.307184,-0.278146,0.0734609,-0.0555373,-0.0545145,-2.05856e-17
5.058,-0.272328,-0.307184,-0.278146,0.0734609,-0.0555373,-0.0545145,-2.05856e-17
5.059,-0.272209,-0.306923,-0.278007,0.073083,-0.0555253,-0.0546628,2.33942e-17
5.06,-0.272209,-0.306923,-0.278007,0.073083,-0.0555253,-0.0546628,2.33942e-17
5.061,-0.272054,-0.306666,-0.277831,0.0727171,-0.0555059,-0.054807,1.01787e-17
5.062,-0.272054,-0.306666,-0.277831,0.0727171,-0.0555059,-0.054807,1.01787e-17
5.063,-0.271686,-0.306484,-0.277437,0.0725657,-0.0554412,-0.0548614,-1.3214e-17
5.064,-0.271686,-0.306484,-0.277437,0.0725657,-0.0554412,-0.0548614,-1.3214e-17
5.065,-0.271686,-0.306484,-0.277437,0.0725657,-0.0554412,-0.0548614,-1.3214e-17
5.066,-0.271864,-0.306078,-0.277603,0.0717633,-0.0554928,-0.0551918,-4.11608e-18
5.067,-0.271478,-0.30588,-0.277192,0.0715668,-0.0554248,-0.0552667,1.40928e-17
5.068,-0.271478,-0.30588,-0.277192,0.0715668,-0.0554248,-0.0552667,1.40928e-17
5.069,-0.271243,-0.30562,-0.276934,0.0711825,-0.0553888,-0.0554222,7.54921e-18
5.07,-0.271243,-0.30562,-0.276934,0.0711825,-0.0553888,-0.0554222,7.54921e-18
5.071,-0.271123,-0.305304,-0.276796,0.0706383,-0.0553776,-0.0556462,-4.37149e-18
5.072,-0.271123,-0.305304,-0.276796,0.0706383,-0.0553776,-0.0556462,-4.37149e-18
5.073,-0.272161,-0.304711,-0.277853,0.069106,-0.0556058,-0.0562912,1.02055e-17
5.074,-0.272161,-0.304711,-0.277853,0.069106,-0.0556058,-0.0562912,1.02055e-17
5.075,-0.270628,-0.304755,-0.276257,0.0697729,-0.0553009,-0.056003,-7.51017e-18
5.076,-0.270628,-0.304755,-0.276257,0.0697729,-0.0553009,-0.056003,-7.51017e-18
5.077,-0.270507,-0.304421,-0.276117,0.0691621,-0.0552897,-0.0562583,1.4774e-17
5.078,-0.270507,-0.304421,-0.276117,0.0691621,-0.0552897,-0.0562583,1.4774e-17
5.079,-0.271631,-0.303783,-0.277262,0.0674957,-0.0555365,-0.0569614,-4.09763e-18
5.08,-0.271631,-0.303783,-0.277262,0.0674957,-0.0555365,-0.0569614,-4.09763e-18
5.081,-0.271458,-0.303456,-0.277068,0.0669056,-0.0555143,-0.057209,-7.51729e-18
5.082,-0.271458,-0.303456,-0.277068,0.0669056,-0.0555143,-0.057209,-7.51729e-18
5.083,-0.271352,-0.303104,-0.276944,0.0662267,-0.0555066,-0.057496,1.77404e-17
5.084,-0.271352,-0.303104,-0.276944,0.0662267,-0.0555066,-0.057496,1.77404e-17
5.085,-0.270915,-0.302876,-0.276481,0.0659043,-0.0554283,-0.0576333,4.07725e-18
5.086,-0.270915,-0.302876,-0.276481,0.0659043,-0.0554283,-0.0576333,4.07725e-18
5.087,-0.270904,-0.302475,-0.276454,0.0650772,-0.055441,-0.0579851,-1.62259e-17
5.088,-0.270904,-0.302475,-0.276454,0.0650772,-0.055441,-0.0579851,-1.62259e-17
5.089,-0.270424,-0.302251,-0.275947,0.0647596,-0.0553538,-0.0581223,-2.27455e-17
5.09,-0.270424,-0.302251,-0.275947,0.0647596,-0.0553538,-0.0581223,-2.27455e-17
5.091,-0.270207,-0.301921,-0.27571,0.0641262,-0.0553228,-0.0583941,2.57037e-17
5.092,-0.270207,-0.301921,-0.27571,0.0641262,-0.0553228,-0.0583941,2.57037e-17
5.093,-0.269962,-0.301594,-0.275444,0.0635013,-0.0552859,-0.0586632,2.45197e-19
5.094,-0.269962,-0.301594,-0.275444,0.0635013,-0.0552859,-0.0586632,2.45197e-19
5.095,-0.26965,-0.301289,-0.275109,0.0629354,-0.0552346,-0.0589083,1.21697e-17
5.096,-0.269398,-0.300955,-0.274836,0.0622824,-0.0551962,-0.0591913,-1.7569e-17
5.097,-0.269398,-0.300955,-0.274836,0.0622824,-0.0551962,-0.0591913,-1.7569e-17
5.098,-0.269153,-0.300619,-0.27457,0.0616127,-0.0551594,-0.0594825,-6.77071e-18
5.099,-0.269153,-0.300619,-0.27457,0.0616127,-0.0551594,-0.0594825,-6.77071e-18
5.1,-0.268825,-0.300311,-0.27422,0.0610204,-0.0551051,-0.0597421,6.218e-18
5.101,-0.268825,-0.300311,-0.27422,0.0610204,-0.0551051,-0.0597421,6.218e-18
5.102,-0.268547,-0.29998,-0.273921,0.0603549,-0.0550613,-0.0600336,-4.95546e-18
5.103,-0.268547,-0.29998,-0.273921,0.0603549,-0.0550613,-0.0600336,-4.95546e-18
5.104,-0.268273,-0.299644,-0.273625,0.059669,-0.0550184,-0.0603348,1.85016e-17
5.105,-0.268273,-0.299644,-0.273625,0.059669,-0.0550184,-0.0603348,1.85016e-17
5.106,-0.268043,-0.299417,-0.273375,0.0592219,-0.054983,-0.0605361,-1.46902e-18
5.107,-0.268043,-0.299417,-0.273375,0.0592219,-0.054983,-0.0605361,-1.46902e-18
5.108,-0.268069,-0.29965,-0.273385,0.0597885,-0.0549931,-0.0603103,-4.34357e-19
5.109,-0.268069,-0.29965,-0.273385,0.0597885,-0.0549931,-0.0603103,-4.34357e-19
5.11,-0.268168,-0.299859,-0.27347,0.0602798,-0.0550189,-0.0601169,9.28583e-18
5.111,-0.268168,-0.299859,-0.27347,0.0602798,-0.0550189,-0.0601169,9.28583e-18
5.112,-0.268083,-0.300079,-0.273368,0.0608332,-0.0550065,-0.0598977,3.30659e-18
5.113,-0.268083,-0.300079,-0.273368,0.0608332,-0.0550065,-0.0598977,3.30659e-18
5.114,-0.269872,-0.299896,-0.275189,0.0600274,-0.0553844,-0.0602459,2.31752e-17
5.115,-0.269872,-0.299896,-0.275189,0.0600274,-0.0553844,-0.0602459,2.31752e-17
5.116,-0.268048,-0.30045,-0.2733,0.0617386,-0.0550104,-0.059546,-2.33e-17
5.117,-0.268048,-0.30045,-0.2733,0.0617386,-0.0550104,-0.059546,-2.33e-17
5.118,-0.269578,-0.300296,-0.274857,0.0610488,-0.0553344,-0.059846,-7.48199e-18
5.119,-0.269578,-0.300296,-0.274857,0.0610488,-0.0553344,-0.059846,-7.48199e-18
5.12,-0.2682,-0.300729,-0.273424,0.0623719,-0.0550544,-0.0593112,6.88582e-19
5.121,-0.2682,-0.300729,-0.273424,0.0623719,-0.0550544,-0.0593112,6.88582e-19
5.122,-0.267998,-0.300888,-0.273202,0.0627884,-0.0550186,-0.0591522,-8.00848e-18
5.123,-0.267998,-0.300888,-0.273202,0.0627884,-0.0550186,-0.0591522,-8.00848e-18
5.124,-0.267873,-0.301014,-0.273059,0.063113,-0.0549991,-0.0590321,1.06252e-17
5.125,-0.267873,-0.301014,-0.273059,0.063113,-0.0549991,-0.0590321,1.06252e-17
5.126,-0.269356,-0.300829,-0.274567,0.0623604,-0.0553138,-0.0593589,-1.12492e-17
5.127,-0.269356,-0.300829,-0.274567,0.0623604,-0.0553138,-0.0593589,-1.12492e-17
5.128,-0.267867,-0.301186,-0.273022,0.063508,-0.0550118,-0.058901,-1.62562e-18
5.129,-0.267867,-0.301186,-0.273022,0.063508,-0.0550118,-0.058901,-1.62562e-18
5.13,-0.269308,-0.300997,-0.274487,0.0627483,-0.055318,-0.0592317,-4.97081e-18
5.131,-0.269308,-0.300997,-0.274487,0.0627483,-0.055318,-0.0592317,-4.97081e-18
5.132,-0.26927,-0.301058,-0.274434,0.0628884,-0.0553177,-0.0591912,1.69052e-17
5.133,-0.26927,-0.301058,-0.274434,0.0628884,-0.0553177,-0.0591912,1.69052e-17
5.134,-0.269154,-0.301125,-0.2743,0.0630501,-0.0553009,-0.059143,-2.10245e-17
5.135,-0.269154,-0.301125,-0.2743,0.0630501,-0.0553009,-0.059143,-2.10245e-17
5.136,-0.269112,-0.301167,-0.274243,0.0631329,-0.0553001,-0.0591286,-1.10589e-17
5.137,-0.269112,-0.301167,-0.274243,0.0631329,-0.0553001,-0.0591286,-1.10589e-17
5.138,-0.269016,-0.301204,-0.27413,0.0632122,-0.055288,-0.0591162,1.67442e-17
5.139,-0.269016,-0.301204,-0.27413,0.0632122,-0.055288,-0.0591162,1.67442e-17
5.14,-0.268884,-0.301235,-0.27398,0.0632787,-0.0552684,-0.0591099,1.76839e-17
5.141,-0.268884,-0.301235,-0.27398,0.0632787,-0.0552684,-0.0591099,1.76839e-17
5.142,-0.268828,-0.30124,-0.273908,0.0632673,-0.0552651,-0.059137,1.95314e-17
5.143,-0.268828,-0.30124,-0.273908,0.0632673,-0.0552651,-0.059137,1.95314e-17
5.144,-0.268595,-0.301262,-0.273656,0.0633258,-0.0552248,-0.0591352,-1.69962e-17
5.145,-0.268595,-0.301262,-0.273656,0.0633258,-0.0552248,-0.0591352,-1.69962e-17
5.146,-0.268461,-0.301256,-0.273505,0.0632952,-0.0552054,-0.0591717,-4.88609e-18
5.147,-0.268281,-0.301246,-0.273307,0.0632596,-0.0551765,-0.0592108,-2.72089e-17
5.148,-0.268281,-0.301246,-0.273307,0.0632596,-0.0551765,-0.0592108,-2.72089e-17
5.149,-0.268281,-0.301246,-0.273307,0.0632596,-0.0551765,-0.0592108,-2.72089e-17
5.15,-0.268178,-0.301213,-0.273187,0.0631498,-0.055164,-0.0592819,-1.75527e-17
5.151,-0.268035,-0.301175,-0.273027,0.0630321,-0.0551432,-0.059357,1.23079e-18
5.152,-0.268035,-0.301175,-0.273027,0.0630321,-0.0551432,-0.059357,1.23079e-18
5.153,-0.267893,-0.301128,-0.272867,0.0628875,-0.0551226,-0.0594442,-8.43288e-18
5.154,-0.267893,-0.301128,-0.272867,0.0628875,-0.0551226,-0.0594442,-8.43288e-18
5.155,-0.267803,-0.301063,-0.272762,0.0626844,-0.0551133,-0.0595567,-7.73152e-18
5.156,-0.267803,-0.301063,-0.272762,0.0626844,-0.0551133,-0.0595567,-7.73152e-18
5.157,-0.267611,-0.301005,-0.272552,0.0625139,-0.0550825,-0.0596562,3.29325e-18
5.158,-0.267611,-0.301005,-0.272552,0.0625139,-0.0550825,-0.0596562,3.29325e-18
5.159,-0.267591,-0.30091,-0.272518,0.0622167,-0.0550882,-0.0598099,9.37046e-18
5.16,-0.267591,-0.30091,-0.272518,0.0622167,-0.0550882,-0.0598099,9.37046e-18
5.161,-0.267312,-0.300848,-0.27222,0.0620447,-0.0550395,-0.0599115,-1.54367e-17
5.162,-0.267312,-0.300848,-0.27222,0.0620447,-0.0550395,-0.0599115,-1.54367e-17
5.163,-0.267179,-0.300755,-0.27207,0.0617633,-0.0550215,-0.0600601,-1.46951e-17
5.164,-0.267179,-0.300755,-0.27207,0.0617633,-0.0550215,-0.0600601,-1.46951e-17
5.165,-0.266785,-0.300694,-0.271654,0.0616083,-0.0549488,-0.060156,1.40052e-17
5.166,-0.266785,-0.300694,-0.271654,0.0616083,-0.0549488,-0.060156,1.40052e-17
5.167,-0.266625,-0.300588,-0.271477,0.0612933,-0.0549253,-0.0603202,-1.42568e-17
5.168,-0.266625,-0.300588,-0.271477,0.0612933,-0.0549253,-0.0603202,-1.42568e-17
5.169,-0.26664,-0.300447,-0.27148,0.0608524,-0.054939,-0.0605383,2.12131e-17
5.17,-0.26664,-0.300447,-0.27148,0.0608524,-0.054939,-0.0605383,2.12131e-17
5.171,-0.266313,-0.300353,-0.271133,0.0605885,-0.0548807,-0.0606825,-9.04566e-18
5.172,-0.266313,-0.300353,-0.271133,0.0605885,-0.0548807,-0.0606825,-9.04566e-18
5.173,-0.267412,-0.300105,-0.272248,0.0597142,-0.0551175,-0.0610685,-1.78642e-17
5.174,-0.267412,-0.300105,-0.272248,0.0597142,-0.0551175,-0.0610685,-1.78642e-17
5.175,-0.265841,-0.300117,-0.270625,0.0598915,-0.0548027,-0.061045,-2.35686e-17
5.176,-0.265841,-0.300117,-0.270625,0.0598915,-0.0548027,-0.061045,-2.35686e-17
5.177,-0.26703,-0.299849,-0.271833,0.0589449,-0.0550586,-0.0614625,1.07656e-17
5.178,-0.26703,-0.299849,-0.271833,0.0589449,-0.0550586,-0.0614625,1.07656e-17
5.179,-0.26707,-0.299674,-0.271861,0.0583931,-0.0550779,-0.0617311,1.43455e-17
5.18,-0.26707,-0.299674,-0.271861,0.0583931,-0.0550779,-0.0617311,1.43455e-17
5.181,-0.266616,-0.299574,-0.271384,0.0581119,-0.0549932,-0.0618868,1.80056e-17
5.182,-0.266616,-0.299574,-0.271384,0.0581119,-0.0549932,-0.0618868,1.80056e-17
5.183,-0.266355,-0.299439,-0.271105,0.0577005,-0.0549493,-0.0620984,1.14673e-17
5.184,-0.266355,-0.299439,-0.271105,0.0577005,-0.0549493,-0.0620984,1.14673e-17
5.185,-0.266123,-0.299293,-0.270856,0.0572517,-0.0549116,-0.0623266,0
5.186,-0.266123,-0.299293,-0.270856,0.0572517,-0.0549116,-0.0623266,0
5.187,-0.265778,-0.299159,-0.270491,0.0568497,-0.0548502,-0.0625358,1.89931e-17
5.188,-0.265778,-0.299159,-0.270491,0.0568497,-0.0548502,-0.0625358,1.89931e-17
5.189,-0.265658,-0.298985,-0.270357,0.0562993,-0.0548363,-0.0628085,8.99726e-18
5.19,-0.265658,-0.298985,-0.270357,0.0562993,-0.0548363,-0.0628085,8.99726e-18
5.191,-0.265528,-0.298807,-0.270211,0.0557372,-0.0548201,-0.063087,3.17711e-18
5.192,-0.265528,-0.298807,-0.270211,0.0557372,-0.0548201,-0.063087,3.17711e-18
5.193,-0.265351,-0.298632,-0.270019,0.0551857,-0.0547944,-0.063362,8.52986e-18
5.194,-0.265351,-0.298632,-0.270019,0.0551857,-0.0547944,-0.063362,8.52986e-18
5.195,-0.264689,-0.298531,-0.269331,0.0549002,-0.0546663,-0.0635256,1.01947e-17
5.196,-0.264422,-0.298363,-0.269047,0.0543704,-0.0546216,-0.0637933,2.25661e-17
5.197,-0.264422,-0.298363,-0.269047,0.0543704,-0.0546216,-0.0637933,2.25661e-17
5.198,-0.264115,-0.2982,-0.268722,0.0538536,-0.0545684,-0.0640562,-4.30437e-18
5.199,-0.264115,-0.2982,-0.268722,0.0538536,-0.0545684,-0.0640562,-4.30437e-18
5.2,-0.263803,-0.298034,-0.268392,0.0533243,-0.0545144,-0.0643254,3.71054e-18
5.201,-0.263803,-0.298034,-0.268392,0.0533243,-0.0545144,-0.0643254,3.71054e-18
5.202,-0.263507,-0.297862,-0.268078,0.0527717,-0.0544637,-0.0646052,1.40738e-17
5.203,-0.263507,-0.297862,-0.268078,0.0527717,-0.0544637,-0.0646052,1.40738e-17
5.204,-0.263219,-0.297685,-0.267773,0.0522005,-0.0544147,-0.0648938,-1.44005e-17
5.205,-0.263219,-0.297685,-0.267773,0.0522005,-0.0544147,-0.0648938,-1.44005e-17
5.206,-0.26323,-0.297994,-0.267771,0.0526773,-0.0544204,-0.0647439,3.73605e-18
5.207,-0.26323,-0.297994,-0.267771,0.0526773,-0.0544204,-0.0647439,3.73605e-18
5.208,-0.263175,-0.29831,-0.267702,0.053181,-0.0544124,-0.0645834,1.256e-17
5.209,-0.263175,-0.29831,-0.267702,0.053181,-0.0544124,-0.0645834,1.256e-17
5.21,-0.263051,-0.298611,-0.267564,0.0536595,-0.0543902,-0.0644336,0
5.211,-0.263051,-0.298611,-0.267564,0.0536595,-0.0543902,-0.0644336,0
5.212,-0.263051,-0.298611,-0.267564,0.0536595,-0.0543902,-0.0644336,0
5.213,-0.265403,-0.298788,-0.269955,0.0534388,-0.054882,-0.0645555,7.76523e-18
5.214,-0.26469,-0.299058,-0.269216,0.0539703,-0.0547376,-0.0643833,-7.591e-18
5.215,-0.26469,-0.299058,-0.269216,0.0539703,-0.0547376,-0.0643833,-7.591e-18
5.216,-0.262851,-0.299433,-0.267323,0.0548532,-0.0543605,-0.0640896,-1.59666e-17
5.217,-0.262851,-0.299433,-0.267323,0.0548532,-0.0543605,-0.0640896,-1.59666e-17
5.218,-0.264477,-0.299581,-0.268974,0.0547163,-0.0547015,-0.0641762,1.69633e-17
5.219,-0.264477,-0.299581,-0.268974,0.0547163,-0.0547015,-0.0641762,1.69633e-17
5.22,-0.264257,-0.299815,-0.268738,0.0550494,-0.0546602,-0.0640893,-4.76941e-18
5.221,-0.264257,-0.299815,-0.268738,0.0550494,-0.0546602,-0.0640893,-4.76941e-18
5.222,-0.264127,-0.300041,-0.268594,0.0553373,-0.054638,-0.0640225,2.16961e-17
5.223,-0.264127,-0.300041,-0.268594,0.0553373,-0.054638,-0.0640225,2.16961e-17
5.224,-0.264198,-0.300257,-0.268654,0.0555545,-0.0546576,-0.0639862,-1.57419e-17
5.225,-0.264198,-0.300257,-0.268654,0.0555545,-0.0546576,-0.0639862,-1.57419e-17
5.226,-0.263896,-0.300454,-0.268334,0.0558072,-0.0545996,-0.0639349,1.29212e-17
5.227,-0.263896,-0.300454,-0.268334,0.0558072,-0.0545996,-0.0639349,1.29212e-17
5.228,-0.263762,-0.300642,-0.268187,0.0559967,-0.0545771,-0.0639109,1.26159e-17
5.229,-0.263762,-0.300642,-0.268187,0.0559967,-0.0545771,-0.0639109,1.26159e-17
5.23,-0.263624,-0.300817,-0.268034,0.0561551,-0.0545537,-0.0639004,3.7338e-18
5.231,-0.263624,-0.300817,-0.268034,0.0561551,-0.0545537,-0.0639004,3.7338e-18
5.232,-0.263528,-0.300981,-0.267924,0.0562749,-0.0545392,-0.0639067,4.58855e-18
5.233,-0.263528,-0.300981,-0.267924,0.0562749,-0.0545392,-0.0639067,4.58855e-18
5.234,-0.263344,-0.301133,-0.267726,0.0563805,-0.0545066,-0.0639193,-3.74177e-18
5.235,-0.263344,-0.301133,-0.267726,0.0563805,-0.0545066,-0.0639193,-3.74177e-18
5.236,-0.263171,-0.301273,-0.267539,0.0564546,-0.0544766,-0.0639458,4.94075e-18
5.237,-0.263171,-0.301273,-0.267539,0.0564546,-0.0544766,-0.0639458,4.94075e-18
5.238,-0.263008,-0.301403,-0.267362,0.0564981,-0.0544486,-0.0639856,-4.5022e-18
5.239,-0.262778,-0.301522,-0.267116,0.0565258,-0.0544068,-0.0640326,-1.6722e-17
5.24,-0.262778,-0.301522,-0.267116,0.0565258,-0.0544068,-0.0640326,-1.6722e-17
5.241,-0.262778,-0.301522,-0.267116,0.0565258,-0.0544068,-0.0640326,-1.6722e-17
5.242,-0.262693,-0.301632,-0.267019,0.0564995,-0.0543955,-0.0641029,1.50545e-18
5.243,-0.262423,-0.30173,-0.266733,0.0564801,-0.0543457,-0.0641707,-6.86513e-18
5.244,-0.262423,-0.30173,-0.266733,0.0564801,-0.0543457,-0.0641707,-6.86513e-18
5.245,-0.262195,-0.301819,-0.26649,0.0564278,-0.0543046,-0.064253,-1.97204e-17
5.246,-0.262195,-0.301819,-0.26649,0.0564278,-0.0543046,-0.064253,-1.97204e-17
5.247,-0.262017,-0.3019,-0.266298,0.056341,-0.0542744,-0.0643504,-1.20352e-18
5.248,-0.262017,-0.3019,-0.266298,0.056341,-0.0542744,-0.0643504,-1.20352e-18
5.249,-0.262017,-0.3019,-0.266298,0.056341,-0.0542744,-0.0643504,-1.20352e-18
5.25,-0.262162,-0.301977,-0.266435,0.0561708,-0.0543114,-0.0644838,4.99715e-18
5.251,-0.261732,-0.302037,-0.265986,0.0560798,-0.0542287,-0.0645839,1.92768e-17
5.252,-0.261732,-0.302037,-0.265986,0.0560798,-0.0542287,-0.0645839,1.92768e-17
5.253,-0.261564,-0.302093,-0.265805,0.0559197,-0.0542008,-0.0647141,-1.25528e-17
5.254,-0.261564,-0.302093,-0.265805,0.0559197,-0.0542008,-0.0647141,-1.25528e-17
5.255,-0.261281,-0.30214,-0.265507,0.0557579,-0.0541489,-0.0648455,1.51844e-17
5.256,-0.261281,-0.30214,-0.265507,0.0557579,-0.0541489,-0.0648455,1.51844e-17
5.257,-0.261152,-0.302181,-0.265366,0.0555456,-0.0541295,-0.0649989,5.36002e-18
5.258,-0.261152,-0.302181,-0.265366,0.0555456,-0.0541295,-0.0649989,5.36002e-18
5.259,-0.262421,-0.302216,-0.266652,0.0551881,-0.0543981,-0.0651831,-1.29083e-17
5.26,-0.262421,-0.302216,-0.266652,0.0551881,-0.0543981,-0.0651831,-1.29083e-17
5.261,-0.260578,-0.302239,-0.264761,0.0551143,-0.0540246,-0.0653103,-1.70881e-17
5.262,-0.260578,-0.302239,-0.264761,0.0551143,-0.0540246,-0.0653103,-1.70881e-17
5.263,-0.260343,-0.302258,-0.264512,0.0548579,-0.0539831,-0.0654844,-1.6308e-17
5.264,-0.260343,-0.302258,-0.264512,0.0548579,-0.0539831,-0.0654844,-1.6308e-17
5.265,-0.260015,-0.302269,-0.264168,0.0545991,-0.0539223,-0.0656598,1.97151e-17
5.266,-0.260015,-0.302269,-0.264168,0.0545991,-0.0539223,-0.0656598,1.97151e-17
5.267,-0.261429,-0.302293,-0.265603,0.0541751,-0.0542217,-0.0658735,-2.44431e-17
5.268,-0.261429,-0.302293,-0.265603,0.0541751,-0.0542217,-0.0658735,-2.44431e-17
5.269,-0.261326,-0.302298,-0.265489,0.0538468,-0.054208,-0.0660794,-9.96169e-18
5.27,-0.261326,-0.302298,-0.265489,0.0538468,-0.054208,-0.0660794,-9.96169e-18
5.271,-0.261104,-0.302296,-0.265252,0.0535197,-0.0541695,-0.0662858,3.54198e-17
5.272,-0.261104,-0.302296,-0.265252,0.0535197,-0.0541695,-0.0662858,3.54198e-17
5.273,-0.260854,-0.302288,-0.264989,0.0531794,-0.0541255,-0.0664985,9.44196e-19
5.274,-0.260854,-0.302288,-0.264989,0.0531794,-0.0541255,-0.0664985,9.44196e-19
5.275,-0.260559,-0.302274,-0.264679,0.0528298,-0.0540719,-0.0667157,1.98091e-17
5.276,-0.260559,-0.302274,-0.264679,0.0528298,-0.0540719,-0.0667157,1.98091e-17
5.277,-0.26023,-0.302255,-0.264335,0.0524691,-0.0540114,-0.0669384,1.65395e-17
5.278,-0.26023,-0.302255,-0.264335,0.0524691,-0.0540114,-0.0669384,1.65395e-17
5.279,-0.26023,-0.302255,-0.264335,0.0524691,-0.0540114,-0.0669384,1.65395e-17
5.28,-0.262255,-0.302273,-0.266392,0.0518884,-0.0544388,-0.0672208,2.02354e-18
5.281,-0.259908,-0.302206,-0.263989,0.0516376,-0.0539609,-0.0674325,-1.32056e-17
5.282,-0.259908,-0.302206,-0.263989,0.0516376,-0.0539609,-0.0674325,-1.32056e-17
5.283,-0.25936,-0.302168,-0.263422,0.0512615,-0.0538547,-0.0676638,-1.69155e-17
5.284,-0.25936,-0.302168,-0.263422,0.0512615,-0.0538547,-0.0676638,-1.69155e-17
5.285,-0.259017,-0.302131,-0.263064,0.05084,-0.0537915,-0.067915,-1.16901e-17
5.286,-0.259017,-0.302131,-0.263064,0.05084,-0.0537915,-0.067915,-1.16901e-17
5.287,-0.258811,-0.302091,-0.262846,0.0503788,-0.053757,-0.0681837,-4.52234e-19
5.288,-0.258811,-0.302091,-0.262846,0.0503788,-0.053757,-0.0681837,-4.52234e-19
5.289,-0.258389,-0.302045,-0.262408,0.0499423,-0.0536774,-0.0684426,1.57006e-17
5.29,-0.258389,-0.302045,-0.262408,0.0499423,-0.0536774,-0.0684426,1.57006e-17
5.291,-0.258124,-0.301997,-0.262129,0.049464,-0.0536305,-0.06872,-1.22729e-18
5.292,-0.258124,-0.301997,-0.262129,0.049464,-0.0536305,-0.06872,-1.22729e-18
5.293,-0.257867,-0.301946,-0.261859,0.0489707,-0.0535856,-0.0690045,1.58244e-17
5.294,-0.257867,-0.301946,-0.261859,0.0489707,-0.0535856,-0.0690045,1.58244e-17
5.295,-0.257599,-0.301891,-0.261578,0.0484666,-0.0535383,-0.0692942,5.68912e-18
5.296,-0.25716,-0.301832,-0.261123,0.0479809,-0.0534553,-0.0695769,1.13203e-17
5.297,-0.25716,-0.301832,-0.261123,0.0479809,-0.0534553,-0.0695769,1.13203e-17
5.298,-0.256851,-0.301774,-0.2608,0.0474667,-0.0533994,-0.0698725,7.80394e-19
5.299,-0.256851,-0.301774,-0.2608,0.0474667,-0.0533994,-0.0698725,7.80394e-19
5.3,-0.256517,-0.301714,-0.260452,0.0469454,-0.0533384,-0.0701719,-1.65323e-17
5.301,-0.256517,-0.301714,-0.260452,0.0469454,-0.0533384,-0.0701719,-1.65323e-17
5.302,-0.256196,-0.301651,-0.260118,0.0464107,-0.0532801,-0.0704777,1.29412e-17
5.303,-0.256196,-0.301651,-0.260118,0.0464107,-0.0532801,-0.0704777,1.29412e-17
5.304,-0.256015,-0.301963,-0.259925,0.0467616,-0.0532449,-0.0704044,6.32558e-18
5.305,-0.256015,-0.301963,-0.259925,0.0467616,-0.0532449,-0.0704044,6.32558e-18
5.306,-0.256045,-0.302389,-0.259947,0.0473476,-0.0532519,-0.0702306,1.06377e-17
5.307,-0.256045,-0.302389,-0.259947,0.0473476,-0.0532519,-0.0702306,1.06377e-17
5.308,-0.25581,-0.302762,-0.259699,0.0478566,-0.0532044,-0.07009,1.53002e-17
5.309,-0.25581,-0.302762,-0.259699,0.0478566,-0.0532044,-0.07009,1.53002e-17
5.31,-0.257615,-0.303238,-0.26153,0.0484197,-0.0535785,-0.0698866,1.62256e-17
5.311,-0.257615,-0.303238,-0.26153,0.0484197,-0.0535785,-0.0698866,1.62256e-17
5.312,-0.255687,-0.303518,-0.259557,0.0488284,-0.0531816,-0.0698282,-7.69629e-18
5.313,-0.255687,-0.303518,-0.259557,0.0488284,-0.0531816,-0.0698282,-7.69629e-18
5.314,-0.25547,-0.303852,-0.259328,0.0492377,-0.0531384,-0.0697303,2.47297e-17
5.315,-0.25547,-0.303852,-0.259328,0.0492377,-0.0531384,-0.0697303,2.47297e-17
5.316,-0.255377,-0.304192,-0.259226,0.0496352,-0.0531211,-0.0696372,1.39893e-17
5.317,-0.255377,-0.304192,-0.259226,0.0496352,-0.0531211,-0.0696372,1.39893e-17
5.318,-0.255073,-0.304486,-0.258908,0.0499653,-0.0530601,-0.0695731,-1.01669e-17
5.319,-0.255073,-0.304486,-0.258908,0.0499653,-0.0530601,-0.0695731,-1.01669e-17
5.32,-0.25501,-0.304805,-0.258836,0.0503046,-0.0530492,-0.069505,-1.16083e-17
5.321,-0.25501,-0.304805,-0.258836,0.0503046,-0.0530492,-0.069505,-1.16083e-17
5.322,-0.254858,-0.305098,-0.258674,0.0505986,-0.0530201,-0.0694564,-1.31278e-17
5.323,-0.254858,-0.305098,-0.258674,0.0505986,-0.0530201,-0.0694564,-1.31278e-17
5.324,-0.254827,-0.305397,-0.258634,0.0508827,-0.0530162,-0.0694121,1.12331e-17
5.325,-0.254827,-0.305397,-0.258634,0.0508827,-0.0530162,-0.0694121,1.12331e-17
5.326,-0.254584,-0.305653,-0.25838,0.0511017,-0.0529685,-0.0693958,4.82838e-18
5.327,-0.254584,-0.305653,-0.25838,0.0511017,-0.0529685,-0.0693958,4.82838e-18
5.328,-0.254635,-0.305942,-0.258424,0.0513415,-0.0529819,-0.0693707,5.56869e-18
5.329,-0.254635,-0.305942,-0.258424,0.0513415,-0.0529819,-0.0693707,5.56869e-18
5.33,-0.255947,-0.30628,-0.259754,0.0516683,-0.0532551,-0.0692689,2.58559e-17
5.331,-0.255947,-0.30628,-0.259754,0.0516683,-0.0532551,-0.0692689,2.58559e-17
5.332,-0.255934,-0.306543,-0.259733,0.0518553,-0.0532555,-0.0692667,3.08268e-17
5.333,-0.255934,-0.306543,-0.259733,0.0518553,-0.0532555,-0.0692667,3.08268e-17
5.334,-0.255727,-0.306765,-0.259515,0.0519797,-0.0532158,-0.0692916,-1.30494e-17
5.335,-0.255727,-0.306765,-0.259515,0.0519797,-0.0532158,-0.0692916,-1.30494e-17
5.336,-0.2556,-0.30699,-0.259379,0.0520904,-0.0531929,-0.0693227,-4.15094e-18
5.337,-0.2556,-0.30699,-0.259379,0.0520904,-0.0531929,-0.0693227,-4.15094e-18
5.338,-0.255336,-0.307183,-0.259103,0.052152,-0.0531418,-0.069375,7.33682e-18
5.339,-0.255336,-0.307183,-0.259103,0.052152,-0.0531418,-0.069375,7.33682e-18
5.34,-0.255147,-0.307378,-0.258904,0.0522005,-0.0531062,-0.069433,-3.54293e-18
5.341,-0.255147,-0.307378,-0.258904,0.0522005,-0.0531062,-0.069433,-3.54293e-18
5.342,-0.254972,-0.307566,-0.258719,0.0522268,-0.0530737,-0.0695009,-1.62533e-17
5.343,-0.254972,-0.307566,-0.258719,0.0522268,-0.0530737,-0.0695009,-1.62533e-17
5.344,-0.254728,-0.307735,-0.258464,0.0522173,-0.0530272,-0.0695843,1.74663e-17
5.345,-0.254728,-0.307735,-0.258464,0.0522173,-0.0530272,-0.0695843,1.74663e-17
5.346,-0.254394,-0.307881,-0.258118,0.0521687,-0.052962,-0.0696848,-2.30027e-17
5.347,-0.254213,-0.308042,-0.257927,0.0521231,-0.0529286,-0.0697842,1.42759e-17
5.348,-0.254213,-0.308042,-0.257927,0.0521231,-0.0529286,-0.0697842,1.42759e-17
5.349,-0.254213,-0.308042,-0.257927,0.0521231,-0.0529286,-0.0697842,1.42759e-17
5.35,-0.253976,-0.308187,-0.25768,0.0520467,-0.0528837,-0.0698971,-1.29025e-17
5.351,-0.253976,-0.308187,-0.25768,0.0520467,-0.0528837,-0.0698971,-1.29025e-17
5.352,-0.253724,-0.308321,-0.257417,0.0519449,-0.0528359,-0.0700213,-1.8105e-18
5.353,-0.253724,-0.308321,-0.257417,0.0519449,-0.0528359,-0.0700213,-1.8105e-18
5.354,-0.253469,-0.308447,-0.257151,0.0518214,-0.0527875,-0.070155,6.97844e-18
5.355,-0.253469,-0.308447,-0.257151,0.0518214,-0.0527875,-0.070155,6.97844e-18
5.356,-0.253361,-0.308589,-0.257035,0.0517023,-0.0527697,-0.0702872,2.23286e-17
5.357,-0.253361,-0.308589,-0.257035,0.0517023,-0.0527697,-0.0702872,2.23286e-17
5.358,-0.253034,-0.30869,-0.256697,0.0515256,-0.0527067,-0.0704445,6.94777e-18
5.359,-0.252713,-0.308784,-0.256365,0.0513298,-0.0526449,-0.0706104,-3.40829e-18
5.36,-0.252713,-0.308784,-0.256365,0.0513298,-0.0526449,-0.0706104,-3.40829e-18
5.361,-0.25244,-0.308881,-0.256081,0.0511256,-0.0525931,-0.0707801,2.44231e-17
5.362,-0.25244,-0.308881,-0.256081,0.0511256,-0.0525931,-0.0707801,2.44231e-17
5.363,-0.25244,-0.308881,-0.256081,0.0511256,-0.0525931,-0.0707801,2.44231e-17
5.364,-0.252201,-0.308977,-0.255833,0.0509092,-0.0525486,-0.0709555,4.74959e-18
5.365,-0.251922,-0.30906,-0.255543,0.050665,-0.0524956,-0.0711432,-5.15524e-18
5.366,-0.251922,-0.30906,-0.255543,0.050665,-0.0524956,-0.0711432,-5.15524e-18
5.367,-0.251592,-0.30913,-0.255202,0.0503976,-0.0524324,-0.0713414,1.54701e-17
5.368,-0.251592,-0.30913,-0.255202,0.0503976,-0.0524324,-0.0713414,1.54701e-17
5.369,-0.25135,-0.309208,-0.25495,0.0501283,-0.0523873,-0.0715407,-1.19799e-17
5.37,-0.25135,-0.309208,-0.25495,0.0501283,-0.0523873,-0.0715407,-1.19799e-17
5.371,-0.251316,-0.309313,-0.25491,0.0498787,-0.0523855,-0.0717319,1.85045e-17
5.372,-0.251316,-0.309313,-0.25491,0.0498787,-0.0523855,-0.0717319,1.85045e-17
5.373,-0.250937,-0.30936,-0.25452,0.0495531,-0.0523123,-0.0719563,5.06261e-18
5.374,-0.250937,-0.30936,-0.25452,0.0495531,-0.0523123,-0.0719563,5.06261e-18
5.375,-0.250937,-0.30936,-0.25452,0.0495531,-0.0523123,-0.0719563,5.06261e-18
5.376,-0.250807,-0.30944,-0.254381,0.0492546,-0.0522906,-0.0721695,-1.28914e-17
5.377,-0.252039,-0.309676,-0.25563,0.0493233,-0.0525487,-0.0721822,-1.74158e-18
5.378,-0.252039,-0.309676,-0.25563,0.0493233,-0.0525487,-0.0721822,-1.74158e-18
5.379,-0.250253,-0.309538,-0.253808,0.0485538,-0.0521867,-0.0726419,-2.0184e-17
5.38,-0.250253,-0.309538,-0.253808,0.0485538,-0.0521867,-0.0726419,-2.0184e-17
5.381,-0.249709,-0.30954,-0.253251,0.0481352,-0.0520796,-0.0729082,-2.22416e-17
5.382,-0.249709,-0.30954,-0.253251,0.0481352,-0.0520796,-0.0729082,-2.22416e-17
5.383,-0.249578,-0.309603,-0.253113,0.0477793,-0.0520581,-0.073148,-3.12071e-18
5.384,-0.249578,-0.309603,-0.253113,0.0477793,-0.0520581,-0.073148,-3.12071e-18
5.385,-0.249073,-0.309605,-0.252594,0.0473453,-0.0519589,-0.0734219,6.7432e-19
5.386,-0.249073,-0.309605,-0.252594,0.0473453,-0.0519589,-0.0734219,6.7432e-19
5.387,-0.249174,-0.309696,-0.252692,0.0470039,-0.0519855,-0.0736564,-2.02553e-17
5.388,-0.249174,-0.309696,-0.252692,0.0470039,-0.0519855,-0.0736564,-2.02553e-17
5.389,-0.248515,-0.309668,-0.252018,0.0465175,-0.0518547,-0.073954,-2.67975e-18
5.39,-0.248515,-0.309668,-0.252018,0.0465175,-0.0518547,-0.073954,-2.67975e-18
5.391,-0.248182,-0.309686,-0.251674,0.0460754,-0.0517913,-0.0742329,-1.793e-18
5.392,-0.248182,-0.309686,-0.251674,0.0460754,-0.0517913,-0.0742329,-1.793e-18
5.393,-0.249739,-0.309958,-0.253254,0.0461502,-0.0521173,-0.0742449,-2.67659e-17
5.394,-0.249739,-0.309958,-0.253254,0.0461502,-0.0521173,-0.0742449,-2.67659e-17
5.395,-0.247963,-0.309781,-0.251443,0.0452311,-0.0517578,-0.0747751,1.06177e-17
5.396,-0.247963,-0.309781,-0.251443,0.0452311,-0.0517578,-0.0747751,1.06177e-17
5.397,-0.24916,-0.309992,-0.252656,0.0452265,-0.0520089,-0.0748219,-2.34629e-17
5.398,-0.24916,-0.309992,-0.252656,0.0452265,-0.0520089,-0.0748219,-2.34629e-17
5.399,-0.248804,-0.309997,-0.25229,0.0447412,-0.0519411,-0.0751213,2.82798e-18
5.4,-0.248804,-0.309997,-0.25229,0.0447412,-0.0519411,-0.0751213,2.82798e-18
5.401,-0.248507,-0.310005,-0.251983,0.0442456,-0.0518854,-0.0754258,-1.38459e-17
5.402,-0.248507,-0.310005,-0.251983,0.0442456,-0.0518854,-0.0754258,-1.38459e-17
5.403,-0.248308,-0.310306,-0.251777,0.0445708,-0.0518448,-0.0753616,-3.51378e-19
5.404,-0.248308,-0.310306,-0.251777,0.0445708,-0.0518448,-0.0753616,-3.51378e-19
5.405,-0.248191,-0.310778,-0.251653,0.0453666,-0.0518179,-0.0750864,1.15389e-17
5.406,-0.248191,-0.310778,-0.251653,0.0453666,-0.0518179,-0.0750864,1.15389e-17
5.407,-0.248067,-0.311238,-0.251523,0.0461318,-0.0517899,-0.0748244,2.25389e-17
5.408,-0.248067,-0.311238,-0.251523,0.0461318,-0.0517899,-0.0748244,2.25389e-17
5.409,-0.25013,-0.312047,-0.253615,0.047626,-0.0522116,-0.0741996,1.23298e-17
5.41,-0.25013,-0.312047,-0.253615,0.047626,-0.0522116,-0.0741996,1.23298e-17
5.411,-0.247993,-0.312158,-0.251439,0.047641,-0.05177,-0.074307,-1.19916e-17
5.412,-0.247993,-0.312158,-0.251439,0.047641,-0.05177,-0.074307,-1.19916e-17
5.413,-0.247627,-0.312499,-0.251062,0.0481572,-0.0516929,-0.0741524,7.72223e-19
5.414,-0.247627,-0.312499,-0.251062,0.0481572,-0.0516929,-0.0741524,7.72223e-19
5.415,-0.247425,-0.312874,-0.250853,0.0487313,-0.0516496,-0.0739716,2.06614e-17
5.416,-0.247225,-0.313235,-0.250645,0.0492731,-0.0516069,-0.0738045,5.63002e-18
5.417,-0.247225,-0.313235,-0.250645,0.0492731,-0.0516069,-0.0738045,5.63002e-18
5.418,-0.247093,-0.313597,-0.250507,0.0498105,-0.0515784,-0.0736382,3.49279e-19
5.419,-0.247093,-0.313597,-0.250507,0.0498105,-0.0515784,-0.0736382,3.49279e-19
5.42,-0.247093,-0.313597,-0.250507,0.0498105,-0.0515784,-0.0736382,3.49279e-19
5.421,-0.247049,-0.31397,-0.250458,0.0503619,-0.0515681,-0.0734651,-1.68855e-17
5.422,-0.247049,-0.31397,-0.250458,0.0503619,-0.0515681,-0.0734651,-1.68855e-17
5.423,-0.24678,-0.31427,-0.250181,0.0507665,-0.0515118,-0.0733568,-6.03863e-18
5.424,-0.246617,-0.314586,-0.250012,0.0511945,-0.0514775,-0.0732374,5.96314e-18
5.425,-0.246617,-0.314586,-0.250012,0.0511945,-0.0514775,-0.0732374,5.96314e-18
5.426,-0.246431,-0.31488,-0.249819,0.0515741,-0.0514386,-0.0731387,-3.2494e-18
5.427,-0.246431,-0.31488,-0.249819,0.0515741,-0.0514386,-0.0731387,-3.2494e-18
5.428,-0.246273,-0.315169,-0.249655,0.0519383,-0.0514057,-0.0730462,1.50996e-17
5.429,-0.246273,-0.315169,-0.249655,0.0519383,-0.0514057,-0.0730462,1.50996e-17
5.43,-0.246131,-0.315451,-0.249507,0.0522811,-0.0513762,-0.0729628,1.37663e-17
5.431,-0.246131,-0.315451,-0.249507,0.0522811,-0.0513762,-0.0729628,1.37663e-17
5.432,-0.246117,-0.315756,-0.249489,0.0526628,-0.0513731,-0.0728615,-1.51451e-17
5.433,-0.246117,-0.315756,-0.249489,0.0526628,-0.0513731,-0.0728615,-1.51451e-17
5.434,-0.245636,-0.31592,-0.248998,0.0527659,-0.0512745,-0.0728834,-1.77457e-17
5.434,-0.245636,-0.31592,-0.248998,0.0527659,-0.0512745,-0.0728834,-1.77457e-17
5.436,-0.245428,-0.316148,-0.248783,0.0529868,-0.0512318,-0.0728526,-5.03492e-18
5.437,-0.245428,-0.316148,-0.248783,0.0529868,-0.0512318,-0.0728526,-5.03492e-18
5.438,-0.245255,-0.316376,-0.248604,0.0532006,-0.0511966,-0.0728247,-7.77096e-18
5.439,-0.245255,-0.316376,-0.248604,0.0532006,-0.0511966,-0.0728247,-7.77096e-18
5.44,-0.245048,-0.316584,-0.248391,0.0533692,-0.0511545,-0.0728164,6.83021e-18
5.441,-0.245048,-0.316584,-0.248391,0.0533692,-0.0511545,-0.0728164,6.83021e-18
5.442,-0.244966,-0.316816,-0.248304,0.0535786,-0.0511382,-0.0727897,-1.77995e-17
5.443,-0.244966,-0.316816,-0.248304,0.0535786,-0.0511382,-0.0727897,-1.77995e-17
5.444,-0.244804,-0.317016,-0.248137,0.0537195,-0.0511057,-0.0727931,-1.00455e-17
5.445,-0.244804,-0.317016,-0.248137,0.0537195,-0.0511057,-0.0727931,-1.00455e-17
5.446,-0.244734,-0.317232,-0.248063,0.0538834,-0.051092,-0.0727859,-6.84603e-18
5.447,-0.244734,-0.317232,-0.248063,0.0538834,-0.051092,-0.0727859,-6.84603e-18
5.448,-0.246169,-0.317742,-0.249517,0.0547443,-0.0513868,-0.0724367,-1.05172e-17
5.449,-0.246169,-0.317742,-0.249517,0.0547443,-0.0513868,-0.0724367,-1.05172e-17
5.45,-0.244167,-0.317512,-0.247482,0.0539032,-0.0509777,-0.0729072,8.65911e-18
5.451,-0.244167,-0.317512,-0.247482,0.0539032,-0.0509777,-0.0729072,8.65911e-18
5.452,-0.243709,-0.31759,-0.247015,0.0537821,-0.050885,-0.0730255,8.65452e-18
5.453,-0.243709,-0.31759,-0.247015,0.0537821,-0.050885,-0.0730255,8.65452e-18
5.454,-0.243557,-0.317748,-0.246858,0.0538091,-0.050855,-0.0730783,-2.49919e-17
5.455,-0.243557,-0.317748,-0.246858,0.0538091,-0.050855,-0.0730783,-2.49919e-17
5.456,-0.243155,-0.317828,-0.246448,0.0536809,-0.050774,-0.0731999,-5.39333e-18
5.457,-0.243155,-0.317828,-0.246448,0.0536809,-0.050774,-0.0731999,-5.39333e-18
5.458,-0.244942,-0.318414,-0.248259,0.0546754,-0.0511413,-0.0727909,-1.55227e-17
5.459,-0.244942,-0.318414,-0.248259,0.0546754,-0.0511413,-0.0727909,-1.55227e-17
5.46,-0.244677,-0.318521,-0.247988,0.05459,-0.0510885,-0.0728934,-1.68835e-17
5.461,-0.244677,-0.318521,-0.247988,0.05459,-0.0510885,-0.0728934,-1.68835e-17
5.462,-0.244424,-0.318616,-0.247729,0.0544744,-0.0510383,-0.0730084,-3.18088e-18
5.463,-0.244424,-0.318616,-0.247729,0.0544744,-0.0510383,-0.0730084,-3.18088e-18
5.464,-0.244146,-0.318696,-0.247444,0.0543249,-0.0509831,-0.0731383,-7.26217e-18
5.465,-0.244146,-0.318696,-0.247444,0.0543249,-0.0509831,-0.0731383,-7.26217e-18
5.466,-0.243975,-0.318799,-0.247269,0.0542135,-0.05095,-0.0732514,1.14454e-17
5.467,-0.243975,-0.318799,-0.247269,0.0542135,-0.05095,-0.0732514,1.14454e-17
5.468,-0.24377,-0.318886,-0.247059,0.0540646,-0.05091,-0.073381,-2.10196e-17
5.469,-0.24377,-0.318886,-0.247059,0.0540646,-0.05091,-0.073381,-2.10196e-17
5.47,-0.243603,-0.318976,-0.246887,0.053917,-0.0508779,-0.0735101,1.23284e-17
5.471,-0.243603,-0.318976,-0.246887,0.053917,-0.0508779,-0.0735101,1.23284e-17
5.472,-0.243026,-0.318947,-0.246299,0.0535293,-0.0507615,-0.0737457,2.0881e-17
5.473,-0.243026,-0.318947,-0.246299,0.0535293,-0.0507615,-0.0737457,2.0881e-17
5.474,-0.242951,-0.31905,-0.246222,0.0533943,-0.0507486,-0.0738693,1.28988e-17
5.475,-0.242951,-0.31905,-0.246222,0.0533943,-0.0507486,-0.0738693,1.28988e-17
5.476,-0.24256,-0.319061,-0.245824,0.053074,-0.0506707,-0.0740752,-2.51833e-17
5.477,-0.24256,-0.319061,-0.245824,0.053074,-0.0506707,-0.0740752,-2.51833e-17
5.478,-0.242292,-0.319099,-0.245549,0.0528013,-0.050618,-0.0742601,5.28417e-18
5.479,-0.242292,-0.319099,-0.245549,0.0528013,-0.050618,-0.0742601,5.28417e-18
5.48,-0.242189,-0.319179,-0.245443,0.0526027,-0.0505995,-0.0744122,-2.17669e-17
5.481,-0.242189,-0.319179,-0.245443,0.0526027,-0.0505995,-0.0744122,-2.17669e-17
5.482,-0.24158,-0.319113,-0.244824,0.0521152,-0.0504771,-0.0746927,-1.74375e-17
5.483,-0.24158,-0.319113,-0.244824,0.0521152,-0.0504771,-0.0746927,-1.74375e-17
5.484,-0.241341,-0.319144,-0.24458,0.0518106,-0.0504308,-0.0748921,9.2098e-18
5.485,-0.241341,-0.319144,-0.24458,0.0518106,-0.0504308,-0.0748921,9.2098e-18
5.486,-0.24095,-0.31913,-0.244182,0.0514114,-0.0503532,-0.0751338,-2.97105e-17
5.487,-0.24095,-0.31913,-0.244182,0.0514114,-0.0503532,-0.0751338,-2.97105e-17
5.488,-0.240642,-0.319134,-0.243869,0.0510424,-0.0502928,-0.0753623,1.50901e-17
5.489,-0.240377,-0.319146,-0.243598,0.0506831,-0.0502413,-0.0755867,7.30519e-18
5.49,-0.240377,-0.319146,-0.243598,0.0506831,-0.0502413,-0.0755867,7.30519e-18
5.491,-0.240377,-0.319146,-0.243598,0.0506831,-0.0502413,-0.0755867,7.30519e-18
5.492,-0.240111,-0.319155,-0.243327,0.0503136,-0.0501894,-0.0758161,2.0994e-17
5.493,-0.240111,-0.319155,-0.243327,0.0503136,-0.0501894,-0.0758161,2.0994e-17
5.494,-0.240035,-0.319212,-0.243249,0.0500299,-0.0501768,-0.0760075,-1.90967e-17
5.495,-0.239407,-0.319112,-0.242611,0.0494345,-0.050051,-0.0763374,1.34097e-19
5.496,-0.239407,-0.319112,-0.242611,0.0494345,-0.050051,-0.0763374,1.34097e-19
5.497,-0.239407,-0.319112,-0.242611,0.0494345,-0.050051,-0.0763374,1.34097e-19
5.498,-0.23985,-0.319306,-0.243059,0.0494103,-0.0501449,-0.0764144,-1.95986e-17
5.499,-0.23985,-0.319306,-0.243059,0.0494103,-0.0501449,-0.0764144,-1.95986e-17
5.5,-0.241309,-0.319744,-0.244539,0.0500643,-0.0504459,-0.0761576,-8.78358e-18
5.501,-0.241309,-0.319744,-0.244539,0.0500643,-0.0504459,-0.0761576,-8.78358e-18
5.502,-0.241413,-0.320173,-0.244643,0.0505993,-0.0504653,-0.0760066,1.72632e-17
5.503,-0.241413,-0.320173,-0.244643,0.0505993,-0.0504653,-0.0760066,1.72632e-17
5.504,-0.241503,-0.320778,-0.244734,0.0515381,-0.0504792,-0.0756874,7.14075e-18
5.505,-0.238294,-0.320303,-0.241476,0.050082,-0.0498202,-0.0764524,1.52003e-17
5.506,-0.238294,-0.320303,-0.241476,0.050082,-0.0498202,-0.0764524,1.52003e-17
5.507,-0.238902,-0.321088,-0.242093,0.0513813,-0.0499398,-0.0759757,2.33896e-17
5.508,-0.238902,-0.321088,-0.242093,0.0513813,-0.0499398,-0.0759757,2.33896e-17
5.509,-0.238082,-0.321281,-0.24126,0.0514508,-0.0497691,-0.0760331,2.00739e-18
5.51,-0.238082,-0.321281,-0.24126,0.0514508,-0.0497691,-0.0760331,2.00739e-18
5.511,-0.237861,-0.321702,-0.241034,0.0519893,-0.0497203,-0.0758862,-2.89031e-18
5.512,-0.237861,-0.321702,-0.241034,0.0519893,-0.0497203,-0.0758862,-2.89031e-18
5.513,-0.237741,-0.322152,-0.240913,0.0525842,-0.0496925,-0.0757144,-6.88904e-18
5.514,-0.237741,-0.322152,-0.240913,0.0525842,-0.0496925,-0.0757144,-6.88904e-18
5.515,-0.237665,-0.322606,-0.240835,0.0531825,-0.0496736,-0.0755407,-2.14004e-17
5.516,-0.237665,-0.322606,-0.240835,0.0531825,-0.0496736,-0.0755407,-2.14004e-17
5.517,-0.237665,-0.322606,-0.240835,0.0531825,-0.0496736,-0.0755407,-2.14004e-17
5.518,-0.23865,-0.323478,-0.241833,0.054642,-0.0498704,-0.0749925,-7.20052e-18
5.519,-0.23865,-0.323478,-0.241833,0.054642,-0.0498704,-0.0749925,-7.20052e-18
5.52,-0.239965,-0.324246,-0.243167,0.0560557,-0.0501363,-0.0744212,1.4777e-17
5.521,-0.237641,-0.323967,-0.240808,0.0549517,-0.0496594,-0.075028,1.89662e-17
5.522,-0.237641,-0.323967,-0.240808,0.0549517,-0.0496594,-0.075028,1.89662e-17
5.523,-0.237467,-0.32432,-0.240632,0.0553253,-0.0496215,-0.0749494,1.45693e-17
5.524,-0.237467,-0.32432,-0.240632,0.0553253,-0.0496215,-0.0749494,1.45693e-17
5.525,-0.237104,-0.324587,-0.240263,0.0555181,-0.0495451,-0.0749495,-1.45612e-17
5.526,-0.237104,-0.324587,-0.240263,0.0555181,-0.0495451,-0.0749495,-1.45612e-17
5.527,-0.237094,-0.324987,-0.240253,0.0559815,-0.0495408,-0.0748317,-2.88988e-18
5.528,-0.237094,-0.324987,-0.240253,0.0559815,-0.0495408,-0.0748317,-2.88988e-18
5.529,-0.23664,-0.325194,-0.239793,0.0560408,-0.0494464,-0.0748892,1.41161e-17
5.53,-0.23664,-0.325194,-0.239793,0.0560408,-0.0494464,-0.0748892,1.41161e-17
5.531,-0.238601,-0.326186,-0.241781,0.0579096,-0.0498439,-0.074119,1.6959e-17
5.532,-0.238601,-0.326186,-0.241781,0.0579096,-0.0498439,-0.074119,1.6959e-17
5.533,-0.236531,-0.325896,-0.239682,0.0567431,-0.0494203,-0.0747494,1.99083e-17
5.534,-0.236531,-0.325896,-0.239682,0.0567431,-0.0494203,-0.0747494,1.99083e-17
5.535,-0.238119,-0.32672,-0.241292,0.0582613,-0.0497422,-0.0741309,-2.05068e-17
5.536,-0.238119,-0.32672,-0.241292,0.0582613,-0.0497422,-0.0741309,-2.05068e-17
5.537,-0.238032,-0.327037,-0.241204,0.0585346,-0.0497228,-0.0740945,-1.13072e-17
5.538,-0.238032,-0.327037,-0.241204,0.0585346,-0.0497228,-0.0740945,-1.13072e-17
5.539,-0.237764,-0.327262,-0.240933,0.0586125,-0.049667,-0.0741419,-2.48902e-18
5.54,-0.237764,-0.327262,-0.240933,0.0586125,-0.049667,-0.0741419,-2.48902e-18
5.541,-0.237667,-0.327545,-0.240835,0.0588079,-0.0496461,-0.0741381,-1.26425e-17
5.542,-0.237667,-0.327545,-0.240835,0.0588079,-0.0496461,-0.0741381,-1.26425e-17
5.543,-0.237543,-0.327807,-0.240709,0.0589556,-0.0496196,-0.0741549,-2.36868e-18
5.544,-0.237543,-0.327807,-0.240709,0.0589556,-0.0496196,-0.0741549,-2.36868e-18
5.545,-0.237229,-0.327981,-0.240392,0.0589175,-0.0495548,-0.0742522,-2.1405e-17
5.546,-0.237229,-0.327981,-0.240392,0.0589175,-0.0495548,-0.0742522,-2.1405e-17
5.547,-0.237116,-0.328869,-0.240277,0.0604085,-0.0495218,-0.0737206,-1.07397e-17
5.548,-0.237116,-0.328869,-0.240277,0.0604085,-0.0495218,-0.0737206,-1.07397e-17
5.549,-0.237033,-0.330658,-0.240192,0.0638405,-0.0494822,-0.0723954,-1.7437e-17
5.55,-0.237033,-0.330658,-0.240192,0.0638405,-0.0494822,-0.0723954,-1.7437e-17
5.551,-0.236937,-0.332443,-0.240095,0.0672655,-0.0494401,-0.0710731,2.21266e-17
5.552,-0.236937,-0.332443,-0.240095,0.0672655,-0.0494401,-0.0710731,2.21266e-17
5.553,-0.236956,-0.33427,-0.240113,0.070783,-0.0494213,-0.0697096,-4.84581e-18
5.554,-0.23674,-0.335996,-0.239893,0.0740961,-0.0493546,-0.068434,-4.65343e-18
5.555,-0.23674,-0.335996,-0.239893,0.0740961,-0.0493546,-0.068434,-4.65343e-18
5.556,-0.236656,-0.337766,-0.239807,0.0775093,-0.0493151,-0.0671129,3.40734e-18
5.557,-0.236656,-0.337766,-0.239807,0.0775093,-0.0493151,-0.0671129,3.40734e-18
5.558,-0.236588,-0.339538,-0.239739,0.0809314,-0.0492789,-0.0657869,1.03138e-17
5.559,-0.236588,-0.339538,-0.239739,0.0809314,-0.0492789,-0.0657869,1.03138e-17
5.56,-0.236525,-0.341306,-0.239674,0.0843522,-0.0492436,-0.0644604,3.00568e-18
5.561,-0.236525,-0.341306,-0.239674,0.0843522,-0.0492436,-0.0644604,3.00568e-18
5.562,-0.236547,-0.343105,-0.239696,0.0878405,-0.0492256,-0.0631036,2.21233e-17
5.563,-0.236547,-0.343105,-0.239696,0.0878405,-0.0492256,-0.0631036,2.21233e-17
5.564,-0.236331,-0.344801,-0.239477,0.0911218,-0.0491594,-0.0618357,1.4949e-17
5.565,-0.236331,-0.344801,-0.239477,0.0911218,-0.0491594,-0.0618357,1.4949e-17
5.566,-0.236193,-0.346524,-0.239337,0.094464,-0.049109,-0.0605402,-4.41029e-18
5.567,-0.236193,-0.346524,-0.239337,0.094464,-0.049109,-0.0605402,-4.41029e-18
5.568,-0.236109,-0.348264,-0.239251,0.0978463,-0.0490696,-0.0592262,4.42124e-18
5.569,-0.236109,-0.348264,-0.239251,0.0978463,-0.0490696,-0.0592262,4.42124e-18
5.57,-0.235988,-0.349984,-0.239129,0.101192,-0.0490228,-0.0579271,-1.26188e-17
5.571,-0.235988,-0.349984,-0.239129,0.101192,-0.0490228,-0.0579271,-1.26188e-17
5.572,-0.236002,-0.351753,-0.239142,0.104647,-0.0490033,-0.0565796,1.69229e-17
5.573,-0.236002,-0.351753,-0.239142,0.104647,-0.0490033,-0.0565796,1.69229e-17
5.574,-0.235945,-0.353489,-0.239084,0.108035,-0.0489695,-0.0552596,2.28106e-17
5.575,-0.235945,-0.353489,-0.239084,0.108035,-0.0489695,-0.0552596,2.28106e-17
5.576,-0.235825,-0.355193,-0.238963,0.111366,-0.048923,-0.0539639,-3.36478e-18
5.577,-0.235825,-0.355193,-0.238963,0.111366,-0.048923,-0.0539639,-3.36478e-18
5.578,-0.235598,-0.356848,-0.238732,0.114598,-0.0488547,-0.0527094,1.84391e-17
5.579,-0.235598,-0.356848,-0.238732,0.114598,-0.0488547,-0.0527094,1.84391e-17
5.58,-0.237462,-0.358483,-0.240623,0.1179,-0.0492226,-0.05135,1.78191e-17
5.581,-0.237462,-0.358483,-0.240623,0.1179,-0.0492226,-0.05135,1.78191e-17
5.582,-0.237362,-0.360182,-0.240522,0.121233,-0.0491802,-0.0500505,1.92263e-17
5.583,-0.237362,-0.360182,-0.240522,0.121233,-0.0491802,-0.0500505,1.92263e-17
5.584,-0.237158,-0.361839,-0.240315,0.124485,-0.0491166,-0.0487854,1.96642e-17
5.585,-0.237158,-0.361839,-0.240315,0.124485,-0.0491166,-0.0487854,1.96642e-17
5.586,-0.237111,-0.363555,-0.240268,0.127865,-0.0490851,-0.0474633,2.30779e-17
5.587,-0.237111,-0.363555,-0.240268,0.127865,-0.0490851,-0.0474633,2.30779e-17
5.588,-0.23697,-0.365227,-0.240125,0.131158,-0.0490344,-0.0461781,1.69461e-17
5.589,-0.23697,-0.365227,-0.240125,0.131158,-0.0490344,-0.0461781,1.69461e-17
5.59,-0.236787,-0.366667,-0.23994,0.13412,-0.0489771,-0.045002,-2.15706e-17
5.591,-0.236787,-0.366667,-0.23994,0.13412,-0.0489771,-0.045002,-2.15706e-17
5.592,-0.236602,-0.367972,-0.239752,0.136896,-0.0489204,-0.043885,6.03104e-18
5.593,-0.236602,-0.367972,-0.239752,0.136896,-0.0489204,-0.043885,6.03104e-18
5.594,-0.236545,-0.369331,-0.239695,0.139785,-0.0488899,-0.0427188,2.27944e-17
5.595,-0.236545,-0.369331,-0.239695,0.139785,-0.0488899,-0.0427188,2.27944e-17
5.596,-0.236223,-0.370583,-0.239369,0.142451,-0.0488054,-0.0416498,2.44387e-18
5.597,-0.236223,-0.370583,-0.239369,0.142451,-0.0488054,-0.0416498,2.44387e-18
5.598,-0.236029,-0.371889,-0.239172,0.145229,-0.0487468,-0.0405319,-1.37263e-17
5.599,-0.236029,-0.371889,-0.239172,0.145229,-0.0487468,-0.0405319,-1.37263e-17
5.6,-0.235888,-0.373348,-0.23903,0.148421,-0.0486966,-0.0392303,6.71817e-18
5.601,-0.235888,-0.373348,-0.23903,0.148421,-0.0486966,-0.0392303,6.71817e-18
5.602,-0.235866,-0.375169,-0.239009,0.152592,-0.0486648,-0.0374929,-2.124e-17
5.603,-0.235866,-0.375169,-0.239009,0.152592,-0.0486648,-0.0374929,-2.124e-17
5.604,-0.235911,-0.377026,-0.239055,0.156846,-0.0486464,-0.0357196,-1.60609e-17
5.605,-0.235911,-0.377026,-0.239055,0.156846,-0.0486464,-0.0357196,-1.60609e-17
5.606,-0.238251,-0.379161,-0.241427,0.161679,-0.0491031,-0.033649,2.47772e-17
5.607,-0.235974,-0.380734,-0.239118,0.16534,-0.0486038,-0.0321792,-1.3949e-18
5.608,-0.235974,-0.380734,-0.239118,0.16534,-0.0486038,-0.0321792,-1.3949e-18
5.609,-0.235989,-0.38259,-0.239134,0.16959,-0.048579,-0.0304079,4.11158e-18
5.61,-0.235989,-0.38259,-0.239134,0.16959,-0.048579,-0.0304079,4.11158e-18
5.611,-0.23612,-0.384504,-0.239267,0.173971,-0.0485777,-0.0285796,-2.66237e-18
5.612,-0.23612,-0.384504,-0.239267,0.173971,-0.0485777,-0.0285796,-2.66237e-18
5.613,-0.23612,-0.384504,-0.239267,0.173971,-0.0485777,-0.0285796,-2.66237e-18
5.614,-0.236508,-0.386554,-0.239661,0.17866,-0.048628,-0.0266167,-7.52892e-18
5.615,-0.236147,-0.388218,-0.239296,0.182481,-0.0485278,-0.0250335,1.28408e-17
5.616,-0.236147,-0.388218,-0.239296,0.182481,-0.0485278,-0.0250335,1.28408e-17
5.617,-0.238121,-0.390173,-0.241298,0.186914,-0.0489108,-0.0231383,5.33101e-18
5.618,-0.238121,-0.390173,-0.241298,0.186914,-0.0489108,-0.0231383,5.33101e-18
5.619,-0.23822,-0.39208,-0.241399,0.191282,-0.0489028,-0.0213158,-1.90395e-17
5.62,-0.23822,-0.39208,-0.241399,0.191282,-0.0489028,-0.0213158,-1.90395e-17
5.621,-0.238172,-0.393923,-0.24135,0.195506,-0.0488651,-0.0195572,-2.12709e-17
5.622,-0.238172,-0.393923,-0.24135,0.195506,-0.0488651,-0.0195572,-2.12709e-17
5.623,-0.238233,-0.395826,-0.241412,0.199865,-0.0488492,-0.0177396,-4.68111e-18
5.624,-0.238233,-0.395826,-0.241412,0.199865,-0.0488492,-0.0177396,-4.68111e-18
5.625,-0.238204,-0.397685,-0.241384,0.204125,-0.0488154,-0.0159651,1.76135e-18
5.626,-0.238204,-0.397685,-0.241384,0.204125,-0.0488154,-0.0159651,1.76135e-18
5.627,-0.238085,-0.3995,-0.241263,0.208286,-0.0487632,-0.0142341,2.38286e-18
5.628,-0.238085,-0.3995,-0.241263,0.208286,-0.0487632,-0.0142341,2.38286e-18
5.629,-0.238196,-0.401437,-0.241376,0.212724,-0.0487574,-0.0123824,1.51053e-17
5.63,-0.238196,-0.401437,-0.241376,0.212724,-0.0487574,-0.0123824,1.51053e-17
5.631,-0.237981,-0.403208,-0.241159,0.216785,-0.0486861,-0.0106952,5.17369e-19
5.632,-0.237981,-0.403208,-0.241159,0.216785,-0.0486861,-0.0106952,5.17369e-19
5.633,-0.23607,-0.40504,-0.239221,0.221027,-0.0482593,-0.00897426,1.81359e-17
5.634,-0.23607,-0.40504,-0.239221,0.221027,-0.0482593,-0.00897426,1.81359e-17
5.635,-0.236038,-0.406908,-0.23919,0.225307,-0.0482247,-0.0071915,7.10649e-18
5.636,-0.236038,-0.406908,-0.23919,0.225307,-0.0482247,-0.0071915,7.10649e-18
5.637,-0.237807,-0.40877,-0.240984,0.229538,-0.0485662,-0.00538536,-1.64485e-17
5.638,-0.237807,-0.40877,-0.240984,0.229538,-0.0485662,-0.00538536,-1.64485e-17
5.639,-0.236084,-0.410703,-0.239237,0.234004,-0.0481774,-0.00356618,7.18373e-18
5.64,-0.236084,-0.410703,-0.239237,0.234004,-0.0481774,-0.00356618,7.18373e-18
5.641,-0.235948,-0.412525,-0.2391,0.238181,-0.0481218,-0.00182874,6.08107e-18
5.642,-0.235948,-0.412525,-0.2391,0.238181,-0.0481218,-0.00182874,6.08107e-18
5.643,-0.235838,-0.414357,-0.238989,0.242384,-0.0480712,-7.99015e-05,1.18222e-17
5.644,-0.235838,-0.414357,-0.238989,0.242384,-0.0480712,-7.99015e-05,1.18222e-17
5.645,-0.235823,-0.416242,-0.238974,0.246705,-0.0480399,0.00172025,2.10141e-17
5.646,-0.235823,-0.416242,-0.238974,0.246705,-0.0480399,0.00172025,2.10141e-17
5.647,-0.235467,-0.417952,-0.238614,0.250631,-0.04794,0.00334774,1.7325e-17
5.648,-0.235467,-0.417952,-0.238614,0.250631,-0.04794,0.00334774,1.7325e-17
5.649,-0.237274,-0.419843,-0.240447,0.254929,-0.0482891,0.00518284,4.58624e-18
5.65,-0.237274,-0.419843,-0.240447,0.254929,-0.0482891,0.00518284,4.58624e-18
5.651,-0.23736,-0.421786,-0.240535,0.25938,-0.0482779,0.00703981,-9.45896e-19
5.652,-0.23736,-0.421786,-0.240535,0.25938,-0.0482779,0.00703981,-9.45896e-19
5.653,-0.23737,-0.423696,-0.240546,0.263762,-0.0482514,0.00886685,-2.47883e-18
5.654,-0.23737,-0.423696,-0.240546,0.263762,-0.0482514,0.00886685,-2.47883e-18
5.655,-0.237291,-0.42555,-0.240466,0.26803,-0.0482069,0.0106458,-7.49504e-18
5.656,-0.237291,-0.42555,-0.240466,0.26803,-0.0482069,0.0106458,-7.49504e-18
5.657,-0.237133,-0.427354,-0.240307,0.272195,-0.0481467,0.0123818,-1.56254e-17
5.658,-0.237133,-0.427354,-0.240307,0.272195,-0.0481467,0.0123818,-1.56254e-17
5.659,-0.237015,-0.42917,-0.240188,0.276398,-0.0480947,0.0141359,9.10355e-18
5.66,-0.237015,-0.42917,-0.240188,0.276398,-0.0480947,0.0141359,9.10355e-18
5.661,-0.237015,-0.42917,-0.240188,0.276398,-0.0480947,0.0141359,9.10355e-18
5.662,-0.237201,-0.431135,-0.240377,0.280947,-0.0481037,0.0160434,-1.45808e-17
5.663,-0.239931,-0.43349,-0.243146,0.286322,-0.0486385,0.018354,5.79098e-18
5.664,-0.239931,-0.43349,-0.243146,0.286322,-0.0486385,0.018354,5.79098e-18
5.665,-0.2394,-0.435073,-0.242609,0.29002,-0.0485035,0.0198915,5.76808e-18
5.666,-0.2394,-0.435073,-0.242609,0.29002,-0.0485035,0.0198915,5.76808e-18
5.667,-0.237,-0.436595,-0.240176,0.293674,-0.0479786,0.0213739,-7.03016e-18
5.668,-0.236191,-0.438013,-0.239356,0.297033,-0.0477877,0.022768,-1.59272e-18
5.669,-0.236191,-0.438013,-0.239356,0.297033,-0.0477877,0.022768,-1.59272e-18
5.67,-0.236131,-0.439797,-0.239296,0.301231,-0.0477478,0.0245326,-2.44704e-18
5.671,-0.236131,-0.439797,-0.239296,0.301231,-0.0477478,0.0245326,-2.44704e-18
5.672,-0.236057,-0.441563,-0.239222,0.3054,-0.0477049,0.0262858,-1.47253e-17
5.673,-0.236057,-0.441563,-0.239222,0.3054,-0.0477049,0.0262858,-1.47253e-17
5.674,-0.236251,-0.443461,-0.23942,0.309876,-0.0477163,0.0281752,2.16891e-18
5.675,-0.236251,-0.443461,-0.23942,0.309876,-0.0477163,0.0281752,2.16891e-18
5.676,-0.235696,-0.444958,-0.238858,0.313456,-0.0475769,0.0296747,1.4533e-17
5.677,-0.235696,-0.444958,-0.238858,0.313456,-0.0475769,0.0296747,1.4533e-17
5.678,-0.235524,-0.446644,-0.238684,0.317477,-0.0475147,0.0313689,-1.10115e-17
5.679,-0.235524,-0.446644,-0.238684,0.317477,-0.0475147,0.0313689,-1.10115e-17
5.68,-0.235729,-0.448519,-0.238894,0.321932,-0.0475285,0.0332546,5.66429e-18
5.681,-0.235729,-0.448519,-0.238894,0.321932,-0.0475285,0.0332546,5.66429e-18
5.682,-0.235353,-0.450079,-0.238512,0.325688,-0.0474252,0.0348367,-5.86611e-18
5.683,-0.235353,-0.450079,-0.238512,0.325688,-0.0474252,0.0348367,-5.86611e-18
5.684,-0.235301,-0.4518,-0.238461,0.329816,-0.0473874,0.0365838,-1.11616e-18
5.685,-0.235301,-0.4518,-0.238461,0.329816,-0.0473874,0.0365838,-1.11616e-18
5.686,-0.235194,-0.453481,-0.238353,0.333868,-0.0473385,0.0382989,2.12519e-17
5.687,-0.235194,-0.453481,-0.238353,0.333868,-0.0473385,0.0382989,2.12519e-17
5.688,-0.234731,-0.454967,-0.237885,0.337487,-0.0472181,0.0398266,-2.89618e-18
5.689,-0.234731,-0.454967,-0.237885,0.337487,-0.0472181,0.0398266,-2.89618e-18
5.69,-0.23482,-0.456732,-0.237977,0.341747,-0.047209,0.0416368,-1.31191e-17
5.691,-0.23482,-0.456732,-0.237977,0.341747,-0.047209,0.0416368,-1.31191e-17
5.692,-0.234797,-0.458427,-0.237954,0.345862,-0.0471772,0.0433855,1.32528e-17
5.693,-0.234797,-0.458427,-0.237954,0.345862,-0.0471772,0.0433855,1.32528e-17
5.694,-0.23449,-0.459965,-0.237644,0.34963,-0.0470885,0.0449842,6.08604e-18
5.695,-0.23449,-0.459965,-0.237644,0.34963,-0.0470885,0.0449842,6.08604e-18
5.696,-0.234149,-0.461474,-0.237299,0.353346,-0.0469929,0.0465619,-1.36459e-17
5.697,-0.234149,-0.461474,-0.237299,0.353346,-0.0469929,0.0465619,-1.36459e-17
5.698,-0.234048,-0.463164,-0.237198,0.357498,-0.0469445,0.0483321,-4.34251e-18
5.699,-0.234048,-0.463164,-0.237198,0.357498,-0.0469445,0.0483321,-4.34251e-18
5.7,-0.234028,-0.465318,-0.237178,0.362843,-0.0469051,0.0506224,-1.81459e-17
5.701,-0.234028,-0.465318,-0.237178,0.362843,-0.0469051,0.0506224,-1.81459e-17
5.702,-0.234262,-0.467624,-0.237416,0.368555,-0.0469164,0.053075,8.98363e-18
5.703,-0.234262,-0.467624,-0.237416,0.368555,-0.0469164,0.053075,8.98363e-18
5.704,-0.236665,-0.470242,-0.239854,0.374813,-0.0473768,0.0557877,6.8382e-19
5.705,-0.236665,-0.470242,-0.239854,0.374813,-0.0473768,0.0557877,6.8382e-19
5.706,-0.234205,-0.47187,-0.23736,0.379174,-0.0468344,0.0576366,5.99887e-19
5.707,-0.234205,-0.47187,-0.23736,0.379174,-0.0468344,0.0576366,5.99887e-19
5.708,-0.236075,-0.47414,-0.239257,0.384643,-0.0471889,0.0600072,-1.29423e-17
5.709,-0.236075,-0.47414,-0.239257,0.384643,-0.0471889,0.0600072,-1.29423e-17
5.71,-0.236077,-0.476255,-0.23926,0.389965,-0.0471541,0.0622984,1.34625e-17
5.711,-0.236077,-0.476255,-0.23926,0.389965,-0.0471541,0.0622984,1.34625e-17
5.712,-0.236163,-0.478422,-0.239347,0.395424,-0.047136,0.0646516,-1.76409e-17
5.713,-0.236163,-0.478422,-0.239347,0.395424,-0.047136,0.0646516,-1.76409e-17
5.714,-0.236141,-0.480506,-0.239327,0.400705,-0.0470968,0.0669298,-8.78821e-18
5.715,-0.236141,-0.480506,-0.239327,0.400705,-0.0470968,0.0669298,-8.78821e-18
5.716,-0.236094,-0.482512,-0.239279,0.405831,-0.047053,0.0691456,-4.29411e-18
5.717,-0.236094,-0.482512,-0.239279,0.405831,-0.047053,0.0691456,-4.29411e-18
5.718,-0.236137,-0.484517,-0.239324,0.410977,-0.047028,0.0713758,-9.26097e-18
5.719,-0.236137,-0.484517,-0.239324,0.410977,-0.047028,0.0713758,-9.26097e-18
5.72,-0.23602,-0.486361,-0.239206,0.415771,-0.0469719,0.0734576,-1.32034e-17
5.721,-0.23602,-0.486361,-0.239206,0.415771,-0.0469719,0.0734576,-1.32034e-17
5.722,-0.236006,-0.488212,-0.239193,0.420607,-0.0469371,0.0755627,1.2518e-17
5.723,-0.236006,-0.488212,-0.239193,0.420607,-0.0469371,0.0755627,1.2518e-17
5.724,-0.235906,-0.489952,-0.239093,0.425204,-0.0468858,0.0775689,4.54348e-18
5.725,-0.235906,-0.489952,-0.239093,0.425204,-0.0468858,0.0775689,4.54348e-18
5.726,-0.235809,-0.491637,-0.238996,0.429696,-0.0468359,0.0795347,-1.28053e-17
5.727,-0.235809,-0.491637,-0.238996,0.429696,-0.0468359,0.0795347,-1.28053e-17
5.728,-0.235744,-0.493287,-0.238931,0.434129,-0.0467929,0.0814793,-3.94557e-19
5.729,-0.235632,-0.494853,-0.238818,0.438388,-0.0467413,0.0833524,9.06905e-18
5.73,-0.235632,-0.494853,-0.238818,0.438388,-0.0467413,0.0833524,9.06905e-18
5.731,-0.235471,-0.49631,-0.238656,0.44242,-0.0466809,0.0851338,-9.10402e-18
5.732,-0.235471,-0.49631,-0.238656,0.44242,-0.0466809,0.0851338,-9.10402e-18
5.733,-0.235331,-0.497728,-0.238516,0.446384,-0.0466254,0.0868896,4.1562e-18
5.734,-0.235331,-0.497728,-0.238516,0.446384,-0.0466254,0.0868896,4.1562e-18
5.735,-0.235313,-0.499174,-0.238498,0.450431,-0.0465948,0.0886865,-4.81124e-18
5.736,-0.235313,-0.499174,-0.238498,0.450431,-0.0465948,0.0886865,-4.81124e-18
5.737,-0.235048,-0.500411,-0.23823,0.454009,-0.0465155,0.0902831,1.49797e-18
5.738,-0.235048,-0.500411,-0.23823,0.454009,-0.0465155,0.0902831,1.49797e-18
5.739,-0.234905,-0.501677,-0.238087,0.457675,-0.0464612,0.0919222,8.3681e-18
5.74,-0.234905,-0.501677,-0.238087,0.457675,-0.0464612,0.0919222,8.3681e-18
5.741,-0.234752,-0.502889,-0.237933,0.461232,-0.0464056,0.0935183,-1.24559e-17
5.742,-0.234752,-0.502889,-0.237933,0.461232,-0.0464056,0.0935183,-1.24559e-17
5.743,-0.234585,-0.504043,-0.237764,0.464674,-0.0463475,0.095068,-7.32667e-18
5.744,-0.234585,-0.504043,-0.237764,0.464674,-0.0463475,0.095068,-7.32667e-18
5.745,-0.234415,-0.505149,-0.237594,0.46802,-0.0462897,0.0965804,1.07636e-17
5.746,-0.234415,-0.505149,-0.237594,0.46802,-0.0462897,0.0965804,1.07636e-17
5.747,-0.234844,-0.506595,-0.23803,0.472174,-0.0463514,0.0984491,-3.73053e-18
5.748,-0.234844,-0.506595,-0.23803,0.472174,-0.0463514,0.0984491,-3.73053e-18
5.749,-0.236416,-0.50818,-0.239625,0.476265,-0.0466526,0.100264,1.70592e-17
5.75,-0.236416,-0.50818,-0.239625,0.476265,-0.0466526,0.100264,1.70592e-17
5.751,-0.236175,-0.50912,-0.239381,0.479269,-0.0465819,0.101638,-3.02432e-18
5.752,-0.236175,-0.50912,-0.239381,0.479269,-0.0465819,0.101638,-3.02432e-18
5.753,-0.235893,-0.509988,-0.239097,0.48213,-0.0465037,0.102953,2.58246e-19
5.754,-0.235893,-0.509988,-0.239097,0.48213,-0.0465037,0.102953,2.58246e-19
5.755,-0.23565,-0.510839,-0.238852,0.484964,-0.0464338,0.104261,1.5409e-17
5.756,-0.23565,-0.510839,-0.238852,0.484964,-0.0464338,0.104261,1.5409e-17
5.757,-0.235483,-0.511696,-0.238684,0.487829,-0.0463796,0.105585,-5.19057e-19
5.758,-0.235483,-0.511696,-0.238684,0.487829,-0.0463796,0.105585,-5.19057e-19
5.759,-0.235387,-0.512556,-0.238588,0.490716,-0.0463399,0.106923,-1.27129e-17
5.76,-0.235387,-0.512556,-0.238588,0.490716,-0.0463399,0.106923,-1.27129e-17
5.761,-0.234938,-0.513147,-0.238135,0.492989,-0.0462306,0.107997,1.77429e-18
5.762,-0.234938,-0.513147,-0.238135,0.492989,-0.0462306,0.107997,1.77429e-18
5.763,-0.234687,-0.513822,-0.237881,0.495476,-0.0461611,0.109167,1.18327e-17
5.764,-0.234687,-0.513822,-0.237881,0.495476,-0.0461611,0.109167,1.18327e-17
5.765,-0.23442,-0.514449,-0.237611,0.497862,-0.0460888,0.110297,-3.58427e-18
5.766,-0.23442,-0.514449,-0.237611,0.497862,-0.0460888,0.110297,-3.58427e-18
5.767,-0.234238,-0.515092,-0.237429,0.5003,-0.0460342,0.111453,9.05049e-18
5.768,-0.234238,-0.515092,-0.237429,0.5003,-0.0460342,0.111453,9.05049e-18
5.769,-0.233878,-0.515581,-0.237065,0.502391,-0.0459445,0.112461,-5.42528e-18
5.77,-0.233553,-0.516053,-0.236737,0.504458,-0.0458622,0.113461,5.53206e-18
5.771,-0.233553,-0.516053,-0.236737,0.504458,-0.0458622,0.113461,5.53206e-18
5.772,-0.233214,-0.516467,-0.236394,0.506403,-0.0457776,0.114412,-9.21313e-18
5.773,-0.233214,-0.516467,-0.236394,0.506403,-0.0457776,0.114412,-9.21313e-18
5.774,-0.232936,-0.516885,-0.236114,0.508371,-0.0457058,0.115376,-1.3371e-17
5.775,-0.232936,-0.516885,-0.236114,0.508371,-0.0457058,0.115376,-1.3371e-17
5.776,-0.232665,-0.517272,-0.235841,0.510278,-0.0456358,0.116317,5.03303e-18
5.777,-0.232665,-0.517272,-0.235841,0.510278,-0.0456358,0.116317,5.03303e-18
5.778,-0.232665,-0.517272,-0.235841,0.510278,-0.0456358,0.116317,5.03303e-18
5.779,-0.232697,-0.51782,-0.235875,0.512572,-0.0456264,0.117429,5.7462e-18
5.78,-0.232697,-0.51782,-0.235875,0.512572,-0.0456264,0.117429,5.7462e-18
5.781,-0.232869,-0.518434,-0.23605,0.515029,-0.045645,0.118615,1.74827e-18
5.782,-0.232869,-0.518434,-0.23605,0.515029,-0.045645,0.118615,1.74827e-18
5.783,-0.234238,-0.519553,-0.23744,0.518161,-0.0459097,0.12004,7.78379e-19
5.784,-0.233834,-0.519739,-0.237032,0.519639,-0.0458145,0.120803,-7.5516e-18
5.785,-0.233834,-0.519739,-0.237032,0.519639,-0.0458145,0.120803,-7.5516e-18
5.786,-0.233834,-0.519739,-0.237032,0.519639,-0.0458145,0.120803,-7.5516e-18
5.787,-0.231957,-0.519117,-0.235131,0.519783,-0.0454201,0.121049,-2.55224e-18
5.788,-0.233169,-0.52008,-0.23636,0.522571,-0.0456541,0.122329,1.36838e-17
5.789,-0.233169,-0.52008,-0.23636,0.522571,-0.0456541,0.122329,1.36838e-17
5.79,-0.232679,-0.520107,-0.235865,0.523715,-0.0455431,0.122955,-3.22223e-18
5.791,-0.232679,-0.520107,-0.235865,0.523715,-0.0455431,0.122955,-3.22223e-18
5.792,-0.232208,-0.520103,-0.235389,0.524801,-0.0454364,0.123559,1.19834e-17
5.793,-0.232208,-0.520103,-0.235389,0.524801,-0.0454364,0.123559,1.19834e-17
5.794,-0.231879,-0.520161,-0.235056,0.526041,-0.0453582,0.124233,5.7208e-18
5.795,-0.231879,-0.520161,-0.235056,0.526041,-0.0453582,0.124233,5.7208e-18
5.796,-0.231482,-0.520148,-0.234655,0.527121,-0.0452669,0.12484,1.36285e-17
5.797,-0.231482,-0.520148,-0.234655,0.527121,-0.0452669,0.12484,1.36285e-17
5.798,-0.231456,-0.520764,-0.234631,0.529873,-0.045242,0.126189,-1.01508e-17
5.799,-0.231456,-0.520764,-0.234631,0.529873,-0.045242,0.126189,-1.01508e-17
5.8,-0.231403,-0.521393,-0.234578,0.532689,-0.0452107,0.127569,-1.79283e-18
5.801,-0.231403,-0.521393,-0.234578,0.532689,-0.0452107,0.127569,-1.79283e-18
5.802,-0.231373,-0.521996,-0.23455,0.535461,-0.0451845,0.128934,-2.26679e-18
5.803,-0.231373,-0.521996,-0.23455,0.535461,-0.0451845,0.128934,-2.26679e-18
5.804,-0.231586,-0.522738,-0.234768,0.538584,-0.0452068,0.130457,-1.13339e-17
5.805,-0.231586,-0.522738,-0.234768,0.538584,-0.0452068,0.130457,-1.13339e-17
5.806,-0.231554,-0.52325,-0.234736,0.541176,-0.0451812,0.131751,1.08518e-17
5.807,-0.231266,-0.523524,-0.234446,0.543214,-0.045106,0.132806,-1.96183e-18
5.808,-0.231266,-0.523524,-0.234446,0.543214,-0.045106,0.132806,-1.96183e-18
5.809,-0.231266,-0.523524,-0.234446,0.543214,-0.045106,0.132806,-1.96183e-18
5.81,-0.231189,-0.523901,-0.234369,0.545522,-0.0450728,0.133985,-4.6708e-18
5.811,-0.231145,-0.524276,-0.234326,0.547837,-0.0450465,0.135168,6.6359e-18
5.812,-0.231145,-0.524276,-0.234326,0.547837,-0.0450465,0.135168,6.6359e-18
5.813,-0.231129,-0.524619,-0.234312,0.550096,-0.0450264,0.136332,2.54041e-18
5.814,-0.231129,-0.524619,-0.234312,0.550096,-0.0450264,0.136332,2.54041e-18
5.815,-0.230952,-0.5248,-0.234134,0.551981,-0.044975,0.137336,-7.64769e-18
5.816,-0.230952,-0.5248,-0.234134,0.551981,-0.044975,0.137336,-7.64769e-18
5.817,-0.23086,-0.525007,-0.234042,0.553944,-0.0449408,0.138376,-6.52884e-18
5.818,-0.23086,-0.525007,-0.234042,0.553944,-0.0449408,0.138376,-6.52884e-18
5.819,-0.230861,-0.525246,-0.234045,0.556,-0.0449255,0.139461,-1.04282e-18
5.82,-0.230861,-0.525246,-0.234045,0.556,-0.0449255,0.139461,-1.04282e-18
5.821,-0.230694,-0.525321,-0.233877,0.557675,-0.0448774,0.140382,-1.27357e-17
5.822,-0.230694,-0.525321,-0.233877,0.557675,-0.0448774,0.140382,-1.27357e-17
5.823,-0.230737,-0.525518,-0.233923,0.559656,-0.0448712,0.141441,5.80157e-18
5.824,-0.230737,-0.525518,-0.233923,0.559656,-0.0448712,0.141441,5.80157e-18
5.825,-0.230384,-0.525379,-0.233566,0.560846,-0.0447874,0.142155,-1.28658e-17
5.826,-0.230384,-0.525379,-0.233566,0.560846,-0.0447874,0.142155,-1.28658e-17
5.827,-0.230378,-0.525467,-0.233561,0.562594,-0.0447723,0.143118,-1.04139e-17
5.828,-0.230378,-0.525467,-0.233561,0.562594,-0.0447723,0.143118,-1.04139e-17
5.829,-0.230375,-0.525524,-0.233561,0.564281,-0.0447583,0.144056,-5.16697e-18
5.83,-0.230375,-0.525524,-0.233561,0.564281,-0.0447583,0.144056,-5.16697e-18
5.831,-0.232356,-0.527035,-0.23557,0.568697,-0.0451412,0.146091,1.10765e-19
5.832,-0.232356,-0.527035,-0.23557,0.568697,-0.0451412,0.146091,1.10765e-19
5.833,-0.230438,-0.525575,-0.233627,0.567551,-0.0447448,0.145897,-5.07923e-18
5.834,-0.230438,-0.525575,-0.233627,0.567551,-0.0447448,0.145897,-5.07923e-18
5.835,-0.229624,-0.524908,-0.232804,0.567543,-0.0445727,0.146102,-4.62953e-18
5.836,-0.229624,-0.524908,-0.232804,0.567543,-0.0445727,0.146102,-4.62953e-18
5.837,-0.229541,-0.524771,-0.232722,0.568813,-0.0445445,0.146869,4.38752e-18
5.838,-0.229541,-0.524771,-0.232722,0.568813,-0.0445445,0.146869,4.38752e-18
5.839,-0.229485,-0.524628,-0.232667,0.570075,-0.0445218,0.147634,-1.02108e-17
5.84,-0.229485,-0.524628,-0.232667,0.570075,-0.0445218,0.147634,-1.02108e-17
5.841,-0.231813,-0.526322,-0.235029,0.574965,-0.0449738,0.149883,1.67707e-17
5.842,-0.231813,-0.526322,-0.235029,0.574965,-0.0449738,0.149883,1.67707e-17
5.843,-0.231402,-0.525864,-0.234613,0.575487,-0.0448818,0.150328,7.45812e-18
5.844,-0.231402,-0.525864,-0.234613,0.575487,-0.0448818,0.150328,7.45812e-18
5.845,-0.231249,-0.525545,-0.23446,0.576377,-0.0448412,0.150939,-5.5043e-18
5.846,-0.231249,-0.525545,-0.23446,0.576377,-0.0448412,0.150939,-5.5043e-18
5.847,-0.231022,-0.525145,-0.234232,0.577078,-0.0447865,0.15147,8.73097e-18
5.848,-0.231022,-0.525145,-0.234232,0.577078,-0.0447865,0.15147,8.73097e-18
5.849,-0.230784,-0.524708,-0.233991,0.577698,-0.0447297,0.151968,-6.75547e-18
5.85,-0.230784,-0.524708,-0.233991,0.577698,-0.0447297,0.151968,-6.75547e-18
5.851,-0.230573,-0.524264,-0.233779,0.578313,-0.0446787,0.152466,1.19072e-17
5.852,-0.230573,-0.524264,-0.233779,0.578313,-0.0446787,0.152466,1.19072e-17
5.853,-0.230271,-0.523726,-0.233475,0.578708,-0.0446102,0.152869,-1.20676e-17
5.854,-0.230271,-0.523726,-0.233475,0.578708,-0.0446102,0.152869,-1.20676e-17
5.855,-0.230043,-0.523217,-0.233246,0.579182,-0.0445565,0.153309,-5.54633e-18
5.856,-0.230043,-0.523217,-0.233246,0.579182,-0.0445565,0.153309,-5.54633e-18
5.857,-0.229739,-0.522625,-0.232939,0.579465,-0.044488,0.153666,-1.08812e-17
5.858,-0.229739,-0.522625,-0.232939,0.579465,-0.044488,0.153666,-1.08812e-17
5.859,-0.229462,-0.52203,-0.23266,0.579746,-0.0444253,0.154026,4.20549e-18
5.86,-0.229462,-0.52203,-0.23266,0.579746,-0.0444253,0.154026,4.20549e-18
5.861,-0.229223,-0.521441,-0.23242,0.580047,-0.0443702,0.154395,1.27468e-18
5.862,-0.228911,-0.520772,-0.232105,0.580164,-0.044301,0.154685,-1.24544e-17
5.863,-0.228911,-0.520772,-0.232105,0.580164,-0.044301,0.154685,-1.24544e-17
5.864,-0.228608,-0.520087,-0.2318,0.580246,-0.0442341,0.154962,1.87745e-17
5.865,-0.228608,-0.520087,-0.2318,0.580246,-0.0442341,0.154962,1.87745e-17
5.866,-0.228591,-0.519596,-0.231785,0.580802,-0.0442234,0.155447,3.73426e-18
5.867,-0.228591,-0.519596,-0.231785,0.580802,-0.0442234,0.155447,3.73426e-18
5.868,-0.230576,-0.520848,-0.233799,0.584698,-0.0446097,0.157276,-9.46986e-19
5.869,-0.230576,-0.520848,-0.233799,0.584698,-0.0446097,0.157276,-9.46986e-19
5.87,-0.227943,-0.518068,-0.231132,0.580628,-0.0440826,0.155862,-9.12586e-18
5.871,-0.227943,-0.518068,-0.231132,0.580628,-0.0440826,0.155862,-9.12586e-18
5.872,-0.227755,-0.517369,-0.230943,0.580712,-0.0440392,0.156147,-1.16711e-17
5.873,-0.227755,-0.517369,-0.230943,0.580712,-0.0440392,0.156147,-1.16711e-17
5.874,-0.229655,-0.518526,-0.23287,0.584388,-0.044409,0.157881,-5.84817e-18
5.875,-0.229655,-0.518526,-0.23287,0.584388,-0.044409,0.157881,-5.84817e-18
5.876,-0.229409,-0.517767,-0.232623,0.584324,-0.0443545,0.158102,7.27012e-18
5.877,-0.229409,-0.517767,-0.232623,0.584324,-0.0443545,0.158102,7.27012e-18
5.878,-0.22922,-0.517006,-0.232433,0.584279,-0.0443116,0.158336,1.70448e-18
5.879,-0.22922,-0.517006,-0.232433,0.584279,-0.0443116,0.158336,1.70448e-18
5.88,-0.226508,-0.513992,-0.229686,0.579698,-0.0437712,0.156711,-5.36632e-18
5.881,-0.226508,-0.513992,-0.229686,0.579698,-0.0437712,0.156711,-5.36632e-18
5.882,-0.22836,-0.515061,-0.231565,0.583183,-0.0441319,0.158366,-5.42716e-18
5.883,-0.22836,-0.515061,-0.231565,0.583183,-0.0441319,0.158366,-5.42716e-18
5.884,-0.228113,-0.51423,-0.231317,0.582961,-0.0440782,0.158522,-8.27041e-18
5.885,-0.228113,-0.51423,-0.231317,0.582961,-0.0440782,0.158522,-8.27041e-18
5.886,-0.227884,-0.513369,-0.231086,0.582689,-0.0440283,0.15866,-1.46136e-18
5.887,-0.227884,-0.513369,-0.231086,0.582689,-0.0440283,0.15866,-1.46136e-18
5.888,-0.227415,-0.512309,-0.230613,0.581939,-0.0439315,0.15859,9.79306e-18
5.889,-0.227125,-0.511367,-0.23032,0.581479,-0.04387,0.158648,-6.15134e-18
5.89,-0.227125,-0.511367,-0.23032,0.581479,-0.04387,0.158648,-6.15134e-18
5.891,-0.227125,-0.511367,-0.23032,0.581479,-0.04387,0.158648,-6.15134e-18
5.892,-0.226704,-0.510314,-0.229895,0.580748,-0.0437829,0.158588,-1.00907e-17
5.893,-0.226704,-0.510314,-0.229895,0.580748,-0.0437829,0.158588,-1.00907e-17
5.894,-0.226397,-0.509317,-0.229586,0.580224,-0.0437183,0.158629,-8.61365e-18
5.895,-0.226397,-0.509317,-0.229586,0.580224,-0.0437183,0.158629,-8.61365e-18
5.896,-0.22625,-0.508659,-0.229438,0.580811,-0.0436793,0.159189,-1.18053e-17
5.897,-0.22625,-0.508659,-0.229438,0.580811,-0.0436793,0.159189,-1.18053e-17
5.898,-0.226363,-0.508324,-0.229556,0.582245,-0.0436889,0.160125,5.91645e-18
5.899,-0.226363,-0.508324,-0.229556,0.582245,-0.0436889,0.160125,5.91645e-18
5.9,-0.226363,-0.508324,-0.229556,0.582245,-0.0436889,0.160125,5.91645e-18
5.901,-0.228906,-0.51,-0.232137,0.58864,-0.0441715,0.163242,4.83719e-18
5.902,-0.229636,-0.510369,-0.232878,0.590696,-0.0443075,0.164301,1.39177e-17
5.903,-0.229636,-0.510369,-0.232878,0.590696,-0.0443075,0.164301,1.39177e-17
5.904,-0.227152,-0.507504,-0.230362,0.587125,-0.0438068,0.163208,-5.54465e-18
5.905,-0.227152,-0.507504,-0.230362,0.587125,-0.0438068,0.163208,-5.54465e-18
5.906,-0.226703,-0.50653,-0.229908,0.587107,-0.0437086,0.163527,-1.29342e-17
5.907,-0.226703,-0.50653,-0.229908,0.587107,-0.0437086,0.163527,-1.29342e-17
5.908,-0.226315,-0.505608,-0.229517,0.587204,-0.0436223,0.163894,3.80632e-18
5.909,-0.226315,-0.505608,-0.229517,0.587204,-0.0436223,0.163894,3.80632e-18
5.91,-0.226452,-0.505103,-0.229657,0.588341,-0.0436383,0.164721,-8.94339e-18
5.911,-0.226166,-0.50422,-0.229369,0.58856,-0.0435724,0.165147,6.59509e-18
5.912,-0.226166,-0.50422,-0.229369,0.58856,-0.0435724,0.165147,6.59509e-18
5.913,-0.226259,-0.503622,-0.229466,0.589501,-0.0435805,0.165893,-4.16054e-18
5.914,-0.226259,-0.503622,-0.229466,0.589501,-0.0435805,0.165893,-4.16054e-18
5.915,-0.226161,-0.502835,-0.229368,0.589996,-0.0435516,0.166447,-2.88581e-18
5.916,-0.226161,-0.502835,-0.229368,0.589996,-0.0435516,0.166447,-2.88581e-18
5.917,-0.226116,-0.502066,-0.229324,0.59055,-0.0435334,0.167029,3.9142e-18
5.918,-0.226116,-0.502066,-0.229324,0.59055,-0.0435334,0.167029,3.9142e-18
5.919,-0.226672,-0.501775,-0.229891,0.592301,-0.0436324,0.16814,1.16762e-17
5.92,-0.226672,-0.501775,-0.229891,0.592301,-0.0436324,0.16814,1.16762e-17
5.921,-0.228565,-0.502976,-0.231811,0.596498,-0.0439956,0.170156,8.32147e-18
5.922,-0.228565,-0.502976,-0.231811,0.596498,-0.0439956,0.170156,8.32147e-18
5.923,-0.228519,-0.502132,-0.231766,0.596918,-0.0439778,0.170688,-1.23726e-17
5.924,-0.228519,-0.502132,-0.231766,0.596918,-0.0439778,0.170688,-1.23726e-17
5.925,-0.22838,-0.501158,-0.231627,0.59706,-0.0439425,0.171105,1.18411e-17
5.926,-0.22838,-0.501158,-0.231627,0.59706,-0.0439425,0.171105,1.18411e-17
5.927,-0.228271,-0.500184,-0.231518,0.597217,-0.0439133,0.171532,-8.75609e-18
5.928,-0.228271,-0.500184,-0.231518,0.597217,-0.0439133,0.171532,-8.75609e-18
5.929,-0.22815,-0.499176,-0.231397,0.597307,-0.0438819,0.171931,6.13566e-18
5.93,-0.22815,-0.499176,-0.231397,0.597307,-0.0438819,0.171931,6.13566e-18
5.931,-0.22812,-0.498222,-0.231369,0.597542,-0.0438684,0.172397,4.23885e-19
5.932,-0.22812,-0.498222,-0.231369,0.597542,-0.0438684,0.172397,4.23885e-19
5.933,-0.228066,-0.497226,-0.231316,0.597688,-0.0438505,0.172826,2.65302e-18
5.934,-0.228066,-0.497226,-0.231316,0.597688,-0.0438505,0.172826,2.65302e-18
5.935,-0.228023,-0.496215,-0.231274,0.597814,-0.043835,0.173248,5.7153e-18
5.936,-0.228023,-0.496215,-0.231274,0.597814,-0.043835,0.173248,5.7153e-18
5.937,-0.22805,-0.495241,-0.231303,0.598042,-0.0438331,0.173718,-6.97462e-18
5.938,-0.22805,-0.495241,-0.231303,0.598042,-0.0438331,0.173718,-6.97462e-18
5.939,-0.228135,-0.494293,-0.231391,0.598352,-0.0438428,0.174227,1.22892e-17
5.94,-0.228135,-0.494293,-0.231391,0.598352,-0.0438428,0.174227,1.22892e-17
5.941,-0.227419,-0.492649,-0.230666,0.596958,-0.0436971,0.173989,7.84578e-18
5.942,-0.227419,-0.492649,-0.230666,0.596958,-0.0436971,0.173989,7.84578e-18
5.943,-0.227258,-0.491449,-0.230505,0.596675,-0.0436595,0.174242,-1.29595e-17
5.944,-0.227075,-0.490218,-0.23032,0.596322,-0.0436176,0.174466,-2.31538e-18
5.945,-0.227075,-0.490218,-0.23032,0.596322,-0.0436176,0.174466,-2.31538e-18
5.946,-0.227075,-0.490218,-0.23032,0.596322,-0.0436176,0.174466,-2.31538e-18
5.947,-0.227116,-0.489159,-0.230364,0.596402,-0.0436194,0.174881,3.91537e-18
5.948,-0.227116,-0.489159,-0.230364,0.596402,-0.0436194,0.174881,3.91537e-18
5.949,-0.227035,-0.487979,-0.230283,0.596194,-0.0435977,0.175173,7.64885e-18
5.95,-0.226678,-0.486546,-0.229923,0.595377,-0.0435228,0.175199,-2.27924e-18
5.951,-0.226678,-0.486546,-0.229923,0.595377,-0.0435228,0.175199,-2.27924e-18
5.952,-0.226404,-0.485166,-0.229647,0.594702,-0.043464,0.175288,2.6587e-18
5.953,-0.226404,-0.485166,-0.229647,0.594702,-0.043464,0.175288,2.6587e-18
5.954,-0.226195,-0.483826,-0.229436,0.594133,-0.0434179,0.175426,-1.16916e-17
5.955,-0.226195,-0.483826,-0.229436,0.594133,-0.0434179,0.175426,-1.16916e-17
5.956,-0.226281,-0.482719,-0.229525,0.594148,-0.043429,0.175822,5.92779e-18
5.957,-0.226281,-0.482719,-0.229525,0.594148,-0.043429,0.175822,5.92779e-18
5.958,-0.225804,-0.481121,-0.229043,0.592962,-0.0433313,0.175693,-2.9543e-18
5.959,-0.225804,-0.481121,-0.229043,0.592962,-0.0433313,0.175693,-2.9543e-18
5.96,-0.225655,-0.479784,-0.228893,0.59243,-0.0432974,0.175853,-3.75479e-18
5.961,-0.225655,-0.479784,-0.228893,0.59243,-0.0432974,0.175853,-3.75479e-18
5.962,-0.225655,-0.479784,-0.228893,0.59243,-0.0432974,0.175853,-3.75479e-18
5.963,-0.225992,-0.478841,-0.229236,0.592882,-0.0433576,0.176446,1.23292e-17
5.964,-0.22818,-0.480062,-0.231456,0.597297,-0.0437792,0.178584,-2.89665e-18
5.965,-0.22818,-0.480062,-0.231456,0.597297,-0.0437792,0.178584,-2.89665e-18
5.966,-0.225315,-0.475748,-0.228553,0.590853,-0.0432171,0.176352,-8.86779e-18
5.967,-0.225315,-0.475748,-0.228553,0.590853,-0.0432171,0.176352,-8.86779e-18
5.968,-0.225334,-0.474471,-0.228574,0.590527,-0.0432164,0.176612,9.39697e-18
5.969,-0.225334,-0.474471,-0.228574,0.590527,-0.0432164,0.176612,9.39697e-18
5.97,-0.224751,-0.472693,-0.227984,0.588954,-0.0430989,0.176323,1.22217e-17
5.971,-0.224751,-0.472693,-0.227984,0.588954,-0.0430989,0.176323,1.22217e-17
5.972,-0.22454,-0.471217,-0.227771,0.588133,-0.0430536,0.176365,1.08539e-17
5.973,-0.22454,-0.471217,-0.227771,0.588133,-0.0430536,0.176365,1.08539e-17
5.974,-0.224151,-0.469582,-0.227378,0.586924,-0.0429739,0.176237,-3.85781e-18
5.975,-0.224151,-0.469582,-0.227378,0.586924,-0.0429739,0.176237,-3.85781e-18
5.976,-0.224235,-0.468333,-0.227465,0.586679,-0.042986,0.176534,1.15606e-18
5.977,-0.224235,-0.468333,-0.227465,0.586679,-0.042986,0.176534,1.15606e-18
5.978,-0.226492,-0.469566,-0.229754,0.591159,-0.0434207,0.178707,9.3737e-18
5.979,-0.226492,-0.469566,-0.229754,0.591159,-0.0434207,0.178707,9.3737e-18
5.98,-0.224004,-0.46544,-0.227232,0.585253,-0.0429331,0.176724,-4.05158e-19
5.981,-0.224004,-0.46544,-0.227232,0.585253,-0.0429331,0.176724,-4.05158e-19
5.982,-0.223639,-0.463754,-0.226863,0.583969,-0.0428587,0.176572,5.37471e-18
5.983,-0.223639,-0.463754,-0.226863,0.583969,-0.0428587,0.176572,5.37471e-18
5.984,-0.223405,-0.462187,-0.226628,0.582971,-0.0428097,0.176544,2.32318e-18
5.985,-0.223405,-0.462187,-0.226628,0.582971,-0.0428097,0.176544,2.32318e-18
5.986,-0.223251,-0.460678,-0.226473,0.58212,-0.042776,0.176582,-8.1569e-18
5.987,-0.223251,-0.460678,-0.226473,0.58212,-0.042776,0.176582,-8.1569e-18
5.988,-0.222609,-0.458748,-0.225823,0.580232,-0.042648,0.176165,1.27944e-18
5.989,-0.222609,-0.458748,-0.225823,0.580232,-0.042648,0.176165,1.27944e-18
5.99,-0.222454,-0.457221,-0.225667,0.579347,-0.0426144,0.176189,8.94823e-19
5.991,-0.222454,-0.457221,-0.225667,0.579347,-0.0426144,0.176189,8.94823e-19
5.992,-0.222642,-0.455975,-0.225859,0.579163,-0.042647,0.176522,6.57506e-18
5.993,-0.222642,-0.455975,-0.225859,0.579163,-0.042647,0.176522,6.57506e-18
5.994,-0.222233,-0.454369,-0.225445,0.578166,-0.0425613,0.176505,-3.33654e-18
5.995,-0.222233,-0.454369,-0.225445,0.578166,-0.0425613,0.176505,-3.33654e-18
5.996,-0.222343,-0.453342,-0.225558,0.578683,-0.0425731,0.17716,-3.30857e-18
5.997,-0.222343,-0.453342,-0.225558,0.578683,-0.0425731,0.17716,-3.30857e-18
5.998,-0.222343,-0.453342,-0.225558,0.578683,-0.0425731,0.17716,-3.30857e-18
5.999,-0.226068,-0.456126,-0.229336,0.587226,-0.0432842,0.181139,1.23119e-17
6,-0.225101,-0.454101,-0.228357,0.585259,-0.0430892,0.180703,-4.65354e-18
6.001,-0.225101,-0.454101,-0.228357,0.585259,-0.0430892,0.180703,-4.65354e-18
6.002,-0.225393,-0.453158,-0.228654,0.586056,-0.0431364,0.181492,3.86966e-18
6.003,-0.225393,-0.453158,-0.228654,0.586056,-0.0431364,0.181492,3.86966e-18
6.004,-0.225538,-0.452048,-0.228803,0.586463,-0.0431559,0.182114,1.12543e-17
6.005,-0.225538,-0.452048,-0.228803,0.586463,-0.0431559,0.182114,1.12543e-17
6.006,-0.225599,-0.450835,-0.228865,0.586634,-0.0431593,0.182636,3.27971e-19
6.007,-0.225599,-0.450835,-0.228865,0.586634,-0.0431593,0.182636,3.27971e-19
6.008,-0.225669,-0.449608,-0.228937,0.586788,-0.0431646,0.183152,-6.33045e-18
6.009,-0.225669,-0.449608,-0.228937,0.586788,-0.0431646,0.183152,-6.33045e-18
6.01,-0.225592,-0.448228,-0.22886,0.586572,-0.0431419,0.183509,6.29611e-18
6.011,-0.225592,-0.448228,-0.22886,0.586572,-0.0431419,0.183509,6.29611e-18
6.012,-0.225759,-0.447048,-0.22903,0.586876,-0.0431662,0.184096,-4.94041e-18
6.013,-0.225759,-0.447048,-0.22903,0.586876,-0.0431662,0.184096,-4.94041e-18
6.014,-0.226018,-0.445933,-0.229294,0.587357,-0.0432084,0.184764,2.92124e-19
6.015,-0.226018,-0.445933,-0.229294,0.587357,-0.0432084,0.184764,2.92124e-19
6.016,-0.225954,-0.444507,-0.22923,0.587071,-0.0431887,0.185096,-9.91104e-18
6.017,-0.225954,-0.444507,-0.22923,0.587071,-0.0431887,0.185096,-9.91104e-18
6.018,-0.226161,-0.443301,-0.229441,0.58736,-0.0432211,0.185685,-3.04167e-18
6.019,-0.226161,-0.443301,-0.229441,0.58736,-0.0432211,0.185685,-3.04167e-18
6.02,-0.226254,-0.441977,-0.229536,0.587363,-0.0432318,0.18615,-2.50405e-18
6.021,-0.226254,-0.441977,-0.229536,0.587363,-0.0432318,0.18615,-2.50405e-18
6.022,-0.226009,-0.440328,-0.229288,0.586565,-0.0431778,0.186264,-4.97188e-18
6.023,-0.226009,-0.440328,-0.229288,0.586565,-0.0431778,0.186264,-4.97188e-18
6.024,-0.225947,-0.438825,-0.229226,0.586151,-0.0431591,0.18655,-6.0748e-18
6.025,-0.225947,-0.438825,-0.229226,0.586151,-0.0431591,0.18655,-6.0748e-18
6.026,-0.226273,-0.437659,-0.229558,0.586595,-0.043215,0.187216,6.10305e-18
6.027,-0.226273,-0.437659,-0.229558,0.586595,-0.043215,0.187216,6.10305e-18
6.028,-0.226317,-0.436224,-0.229603,0.586373,-0.0432167,0.18759,1.63212e-18
6.029,-0.225889,-0.434343,-0.22917,0.585046,-0.0431283,0.187479,1.41766e-17
6.03,-0.225889,-0.434343,-0.22917,0.585046,-0.0431283,0.187479,1.41766e-17
6.031,-0.225766,-0.432726,-0.229046,0.584391,-0.0430984,0.187666,5.47224e-18
6.032,-0.225766,-0.432726,-0.229046,0.584391,-0.0430984,0.187666,5.47224e-18
6.033,-0.225766,-0.432726,-0.229046,0.584391,-0.0430984,0.187666,5.47224e-18
6.034,-0.226037,-0.431453,-0.229322,0.584613,-0.043144,0.188241,-5.00156e-18
6.035,-0.228576,-0.432975,-0.231898,0.590168,-0.0436273,0.19093,2.74949e-18
6.036,-0.228576,-0.432975,-0.231898,0.590168,-0.0436273,0.19093,2.74949e-18
6.037,-0.228576,-0.432975,-0.231898,0.590168,-0.0436273,0.19093,2.74949e-18
6.038,-0.226277,-0.428565,-0.229567,0.584256,-0.0431779,0.189047,-7.84476e-18
6.039,-0.226277,-0.428565,-0.229567,0.584256,-0.0431779,0.189047,-7.84476e-18
6.04,-0.226267,-0.426945,-0.229558,0.583689,-0.0431705,0.189287,-5.84517e-18
6.041,-0.228487,-0.428154,-0.231809,0.588481,-0.0435925,0.191643,3.9702e-18
6.042,-0.228487,-0.428154,-0.231809,0.588481,-0.0435925,0.191643,3.9702e-18
6.043,-0.225791,-0.423318,-0.229075,0.58155,-0.0430678,0.18932,8.43011e-19
6.044,-0.225791,-0.423318,-0.229075,0.58155,-0.0430678,0.18932,8.43011e-19
6.045,-0.225809,-0.421712,-0.229095,0.581025,-0.0430658,0.189579,2.64064e-18
6.046,-0.225809,-0.421712,-0.229095,0.581025,-0.0430658,0.189579,2.64064e-18
6.047,-0.225758,-0.420053,-0.229043,0.580356,-0.0430503,0.189773,1.56395e-18
6.048,-0.225758,-0.420053,-0.229043,0.580356,-0.0430503,0.189773,1.56395e-18
6.049,-0.2279,-0.42117,-0.231216,0.584939,-0.0434573,0.19204,3.55107e-18
6.05,-0.2279,-0.42117,-0.231216,0.584939,-0.0434573,0.19204,3.55107e-18
6.051,-0.225379,-0.416432,-0.22866,0.578301,-0.0429668,0.189854,1.00716e-17
6.052,-0.225379,-0.416432,-0.22866,0.578301,-0.0429668,0.189854,1.00716e-17
6.053,-0.225133,-0.414546,-0.22841,0.577105,-0.0429145,0.189822,-1.30302e-17
6.054,-0.225133,-0.414546,-0.22841,0.577105,-0.0429145,0.189822,-1.30302e-17
6.055,-0.225133,-0.414546,-0.22841,0.577105,-0.0429145,0.189822,-1.30302e-17
6.056,-0.22573,-0.413432,-0.229016,0.577845,-0.0430232,0.190643,1.48009e-18
6.057,-0.22541,-0.41148,-0.228693,0.576479,-0.0429567,0.190536,-1.45033e-18
6.058,-0.22541,-0.41148,-0.228693,0.576479,-0.0429567,0.190536,-1.45033e-18
6.059,-0.22541,-0.41148,-0.228693,0.576479,-0.0429567,0.190536,-1.45033e-18
6.06,-0.22532,-0.40972,-0.228602,0.575613,-0.0429342,0.190652,1.2707e-17
6.061,-0.227646,-0.410971,-0.230961,0.580567,-0.0433761,0.193088,3.59011e-18
6.062,-0.227646,-0.410971,-0.230961,0.580567,-0.0433761,0.193088,3.59011e-18
6.063,-0.227363,-0.409019,-0.230674,0.579233,-0.0433167,0.192999,-1.27936e-17
6.064,-0.227363,-0.409019,-0.230674,0.579233,-0.0433167,0.192999,-1.27936e-17
6.065,-0.225033,-0.404305,-0.228312,0.572785,-0.0428644,0.190916,-6.4785e-18
6.066,-0.225033,-0.404305,-0.228312,0.572785,-0.0428644,0.190916,-6.4785e-18
6.067,-0.225033,-0.404305,-0.228312,0.572785,-0.0428644,0.190916,-6.4785e-18
6.068,-0.225199,-0.40272,-0.22848,0.572413,-0.042891,0.191257,8.61272e-18
6.069,-0.225199,-0.40272,-0.22848,0.572413,-0.042891,0.191257,8.61272e-18
6.07,-0.224987,-0.400803,-0.228265,0.571193,-0.0428456,0.191223,1.1718e-17
6.071,-0.224802,-0.398897,-0.228078,0.570014,-0.0428053,0.191209,0
6.072,-0.224802,-0.398897,-0.228078,0.570014,-0.0428053,0.191209,0
6.073,-0.224802,-0.398897,-0.228078,0.570014,-0.0428053,0.191209,0
6.074,-0.224568,-0.396948,-0.227841,0.568725,-0.0427557,0.191147,-1.01682e-17
6.075,-0.224603,-0.395228,-0.227876,0.568027,-0.0427573,0.191346,-1.06863e-18
6.076,-0.224603,-0.395228,-0.227876,0.568027,-0.0427573,0.191346,-1.06863e-18
6.077,-0.224192,-0.393107,-0.22746,0.566314,-0.042674,0.191098,-3.67959e-18
6.078,-0.224192,-0.393107,-0.22746,0.566314,-0.042674,0.191098,-3.67959e-18
6.079,-0.224192,-0.393107,-0.22746,0.566314,-0.042674,0.191098,-3.67959e-18
6.08,-0.224212,-0.391367,-0.22748,0.565572,-0.0426728,0.19128,-7.64123e-18
6.081,-0.223742,-0.389176,-0.227003,0.563699,-0.0425782,0.190963,6.13155e-18
6.082,-0.223742,-0.389176,-0.227003,0.563699,-0.0425782,0.190963,6.13155e-18
6.083,-0.223623,-0.387302,-0.226883,0.562626,-0.0425506,0.191,-8.81472e-18
6.084,-0.223623,-0.387302,-0.226883,0.562626,-0.0425506,0.191,-8.81472e-18
6.085,-0.223262,-0.385206,-0.226517,0.560997,-0.0424769,0.190791,2.57212e-18
6.086,-0.223262,-0.385206,-0.226517,0.560997,-0.0424769,0.190791,2.57212e-18
6.087,-0.223106,-0.38329,-0.226358,0.559828,-0.0424421,0.190786,8.58721e-18
6.088,-0.223106,-0.38329,-0.226358,0.559828,-0.0424421,0.190786,8.58721e-18
6.089,-0.223235,-0.381628,-0.22649,0.559305,-0.0424618,0.191067,-2.42088e-18
6.09,-0.223235,-0.381628,-0.22649,0.559305,-0.0424618,0.191067,-2.42088e-18
6.091,-0.222882,-0.379524,-0.226132,0.557671,-0.0423897,0.190858,-7.28306e-18
6.092,-0.222882,-0.379524,-0.226132,0.557671,-0.0423897,0.190858,-7.28306e-18
6.093,-0.223892,-0.378846,-0.227155,0.559701,-0.0425732,0.19227,2.29726e-18
6.094,-0.223892,-0.378846,-0.227155,0.559701,-0.0425732,0.19227,2.29726e-18
6.095,-0.223323,-0.376923,-0.226579,0.558632,-0.0424529,0.192316,5.33804e-18
6.096,-0.223323,-0.376923,-0.226579,0.558632,-0.0424529,0.192316,5.33804e-18
6.097,-0.2232,-0.375418,-0.226454,0.558648,-0.0424168,0.192845,-3.77293e-18
6.098,-0.2232,-0.375418,-0.226454,0.558648,-0.0424168,0.192845,-3.77293e-18
6.099,-0.224129,-0.374932,-0.227396,0.56128,-0.0425797,0.19453,5.00198e-18
6.1,-0.224129,-0.374932,-0.227396,0.56128,-0.0425797,0.19453,5.00198e-18
6.101,-0.224152,-0.373531,-0.22742,0.561597,-0.0425716,0.195198,-1.24197e-17
6.102,-0.224152,-0.373531,-0.22742,0.561597,-0.0425716,0.195198,-1.24197e-17
6.103,-0.224067,-0.371995,-0.227334,0.5616,-0.0425434,0.195729,0
6.104,-0.224067,-0.371995,-0.227334,0.5616,-0.0425434,0.195729,0
6.105,-0.224267,-0.370721,-0.227537,0.562285,-0.042569,0.196565,-7.76352e-18
6.106,-0.224267,-0.370721,-0.227537,0.562285,-0.042569,0.196565,-7.76352e-18
6.107,-0.226967,-0.372627,-0.230275,0.569139,-0.0430724,0.199861,-2.51397e-18
6.108,-0.226967,-0.372627,-0.230275,0.569139,-0.0430724,0.199861,-2.51397e-18
6.109,-0.227334,-0.371486,-0.230647,0.570198,-0.0431298,0.200866,-4.0701e-18
6.11,-0.227334,-0.371486,-0.230647,0.570198,-0.0431298,0.200866,-4.0701e-18
6.111,-0.227466,-0.370048,-0.230781,0.570565,-0.0431432,0.201576,9.52225e-18
6.112,-0.227466,-0.370048,-0.230781,0.570565,-0.0431432,0.201576,9.52225e-18
6.113,-0.227607,-0.368594,-0.230924,0.570918,-0.0431587,0.202282,2.25659e-18
6.114,-0.227607,-0.368594,-0.230924,0.570918,-0.0431587,0.202282,2.25659e-18
6.115,-0.227638,-0.367013,-0.230955,0.570962,-0.0431534,0.202855,3.2817e-18
6.116,-0.227936,-0.365673,-0.231257,0.571645,-0.0431986,0.203713,-1.39353e-18
6.117,-0.227936,-0.365673,-0.231257,0.571645,-0.0431986,0.203713,-1.39353e-18
6.118,-0.227856,-0.363944,-0.231175,0.571349,-0.0431727,0.204141,8.39207e-19
6.119,-0.227856,-0.363944,-0.231175,0.571349,-0.0431727,0.204141,8.39207e-19
6.12,-0.227856,-0.363944,-0.231175,0.571349,-0.0431727,0.204141,8.39207e-19
6.121,-0.228045,-0.362461,-0.231367,0.571702,-0.0431977,0.204858,3.50867e-18
6.122,-0.228045,-0.362461,-0.231367,0.571702,-0.0431977,0.204858,3.50867e-18
6.123,-0.228122,-0.360851,-0.231444,0.571746,-0.0432015,0.205441,-5.28735e-18
6.124,-0.228219,-0.359244,-0.231543,0.571814,-0.0432095,0.206037,-3.86989e-18
6.125,-0.228219,-0.359244,-0.231543,0.571814,-0.0432095,0.206037,-3.86989e-18
6.126,-0.228407,-0.357708,-0.231733,0.572085,-0.0432346,0.206725,5.30769e-18
6.127,-0.228407,-0.357708,-0.231733,0.572085,-0.0432346,0.206725,5.30769e-18
6.128,-0.228433,-0.355996,-0.231759,0.571921,-0.0432293,0.207224,3.12507e-19
6.129,-0.228433,-0.355996,-0.231759,0.571921,-0.0432293,0.207224,3.12507e-19
6.13,-0.228369,-0.354179,-0.231694,0.571505,-0.0432071,0.207613,7.58104e-19
6.131,-0.228369,-0.354179,-0.231694,0.571505,-0.0432071,0.207613,7.58104e-19
6.132,-0.228511,-0.35255,-0.231837,0.571586,-0.0432238,0.208224,-3.6623e-18
6.133,-0.228511,-0.35255,-0.231837,0.571586,-0.0432238,0.208224,-3.6623e-18
6.134,-0.228436,-0.350694,-0.231761,0.571099,-0.0431997,0.208586,-2.05229e-19
6.135,-0.228436,-0.350694,-0.231761,0.571099,-0.0431997,0.208586,-2.05229e-19
6.136,-0.228828,-0.349281,-0.232157,0.571764,-0.0432635,0.209459,6.99124e-18
6.137,-0.228828,-0.349281,-0.232157,0.571764,-0.0432635,0.209459,6.99124e-18
6.138,-0.228561,-0.347205,-0.231886,0.570747,-0.0432035,0.209591,-3.09497e-18
6.139,-0.228561,-0.347205,-0.231886,0.570747,-0.0432035,0.209591,-3.09497e-18
6.14,-0.228416,-0.345236,-0.231739,0.570018,-0.0431667,0.209853,2.47971e-18
6.141,-0.228416,-0.345236,-0.231739,0.570018,-0.0431667,0.209853,2.47971e-18
6.142,-0.228574,-0.343554,-0.231898,0.570034,-0.0431867,0.210445,-2.37239e-18
6.143,-0.228574,-0.343554,-0.231898,0.570034,-0.0431867,0.210445,-2.37239e-18
6.144,-0.229112,-0.342231,-0.232443,0.57099,-0.0432782,0.211455,9.06606e-18
6.145,-0.229112,-0.342231,-0.232443,0.57099,-0.0432782,0.211455,9.06606e-18
6.146,-0.231677,-0.343814,-0.235044,0.577238,-0.0437554,0.214513,-1.1561e-17
6.147,-0.231677,-0.343814,-0.235044,0.577238,-0.0437554,0.214513,-1.1561e-17
6.148,-0.23148,-0.341741,-0.234844,0.576301,-0.0437089,0.21469,-2.37339e-18
6.149,-0.23148,-0.341741,-0.234844,0.576301,-0.0437089,0.21469,-2.37339e-18
6.15,-0.231497,-0.339817,-0.23486,0.575812,-0.0437031,0.215075,5.42301e-19
6.151,-0.231497,-0.339817,-0.23486,0.575812,-0.0437031,0.215075,5.42301e-19
6.152,-0.23156,-0.337929,-0.234923,0.575426,-0.0437059,0.215507,-6.21202e-19
6.153,-0.23156,-0.337929,-0.234923,0.575426,-0.0437059,0.215507,-6.21202e-19
6.154,-0.231385,-0.335797,-0.234745,0.574425,-0.0436641,0.215668,1.15487e-17
6.155,-0.231385,-0.335797,-0.234745,0.574425,-0.0436641,0.215668,1.15487e-17
6.156,-0.231158,-0.333601,-0.234513,0.573275,-0.0436127,0.215765,-5.10326e-18
6.157,-0.231158,-0.333601,-0.234513,0.573275,-0.0436127,0.215765,-5.10326e-18
6.158,-0.231394,-0.331852,-0.234752,0.573281,-0.0436481,0.216375,-5.48177e-18
6.159,-0.231394,-0.331852,-0.234752,0.573281,-0.0436481,0.216375,-5.48177e-18
6.16,-0.231215,-0.329689,-0.23457,0.572234,-0.0436057,0.21652,-2.32645e-18
6.161,-0.231215,-0.329689,-0.23457,0.572234,-0.0436057,0.21652,-2.32645e-18
6.162,-0.231018,-0.327495,-0.234368,0.571119,-0.04356,0.216637,-2.31765e-18
6.163,-0.230914,-0.325384,-0.234262,0.570231,-0.0435318,0.216855,-6.91009e-18
6.164,-0.230914,-0.325384,-0.234262,0.570231,-0.0435318,0.216855,-6.91009e-18
6.165,-0.230817,-0.323279,-0.234163,0.569362,-0.0435049,0.217082,2.10408e-18
6.166,-0.230817,-0.323279,-0.234163,0.569362,-0.0435049,0.217082,2.10408e-18
6.167,-0.230777,-0.321222,-0.234121,0.568624,-0.0434887,0.217369,1.22167e-17
6.168,-0.230777,-0.321222,-0.234121,0.568624,-0.0434887,0.217369,1.22167e-17
6.169,-0.230525,-0.318948,-0.233864,0.567341,-0.0434327,0.217416,-3.36931e-18
6.17,-0.230525,-0.318948,-0.233864,0.567341,-0.0434327,0.217416,-3.36931e-18
6.171,-0.230479,-0.316869,-0.233816,0.566568,-0.0434153,0.21769,-5.65604e-18
6.172,-0.230479,-0.316869,-0.233816,0.566568,-0.0434153,0.21769,-5.65604e-18
6.173,-0.230334,-0.314688,-0.233669,0.565541,-0.0433795,0.217852,6.80597e-18
6.174,-0.230334,-0.314688,-0.233669,0.565541,-0.0433795,0.217852,6.80597e-18
6.175,-0.230192,-0.312502,-0.233523,0.56451,-0.0433442,0.218013,1.05141e-17
6.176,-0.230192,-0.312502,-0.233523,0.56451,-0.0433442,0.218013,1.05141e-17
6.177,-0.230228,-0.310484,-0.233558,0.56392,-0.0433422,0.218371,-7.71352e-18
6.178,-0.230228,-0.310484,-0.233558,0.56392,-0.0433422,0.218371,-7.71352e-18
6.179,-0.230228,-0.308424,-0.233557,0.563231,-0.0433335,0.218687,2.24603e-18
6.18,-0.230228,-0.308424,-0.233557,0.563231,-0.0433335,0.218687,2.24603e-18
6.181,-0.22973,-0.305867,-0.233051,0.561274,-0.0432317,0.218442,1.14789e-17
6.182,-0.22973,-0.305867,-0.233051,0.561274,-0.0432317,0.218442,1.14789e-17
6.183,-0.229714,-0.303778,-0.233033,0.560531,-0.0432201,0.218735,-1.3707e-17
6.184,-0.229714,-0.303778,-0.233033,0.560531,-0.0432201,0.218735,-1.3707e-17
6.185,-0.229881,-0.301865,-0.233201,0.560245,-0.0432425,0.219232,-5.5276e-18
6.186,-0.229881,-0.301865,-0.233201,0.560245,-0.0432425,0.219232,-5.5276e-18
6.187,-0.232449,-0.303334,-0.235805,0.566373,-0.0437182,0.222258,-2.93865e-18
6.188,-0.232449,-0.303334,-0.235805,0.566373,-0.0437182,0.222258,-2.93865e-18
6.189,-0.232449,-0.303334,-0.235805,0.566373,-0.0437182,0.222258,-2.93865e-18
6.19,-0.232371,-0.301166,-0.235724,0.565451,-0.0436948,0.222475,-6.55463e-18
6.191,-0.232371,-0.301166,-0.235724,0.565451,-0.0436948,0.222475,-6.55463e-18
6.192,-0.239792,-0.308412,-0.243251,0.584267,-0.045081,0.230822,-6.71178e-18
6.193,-0.237964,-0.304454,-0.241395,0.578964,-0.0447298,0.22913,-1.5897e-17
6.194,-0.237964,-0.304454,-0.241395,0.578964,-0.0447298,0.22913,-1.5897e-17
6.195,-0.232848,-0.295021,-0.236204,0.564484,-0.0437567,0.224038,1.16399e-17
6.196,-0.232848,-0.295021,-0.236204,0.564484,-0.0437567,0.224038,1.16399e-17
6.197,-0.23274,-0.292604,-0.236092,0.563389,-0.0437279,0.224241,-1.38421e-18
6.198,-0.23274,-0.292604,-0.236092,0.563389,-0.0437279,0.224241,-1.38421e-18
6.199,-0.233,-0.290638,-0.236354,0.563375,-0.0437667,0.22491,5.18564e-18
6.2,-0.233,-0.290638,-0.236354,0.563375,-0.0437667,0.22491,5.18564e-18
6.201,-0.233151,-0.288562,-0.236505,0.56308,-0.0437853,0.225455,3.19623e-18
6.202,-0.233151,-0.288562,-0.236505,0.56308,-0.0437853,0.225455,3.19623e-18
6.203,-0.233402,-0.286571,-0.236759,0.563026,-0.0438225,0.22611,-1.37026e-18
6.204,-0.233402,-0.286571,-0.236759,0.563026,-0.0438225,0.22611,-1.37026e-18
6.205,-0.233726,-0.284638,-0.237085,0.563143,-0.0438732,0.226843,-3.93181e-18
6.206,-0.233726,-0.284638,-0.237085,0.563143,-0.0438732,0.226843,-3.93181e-18
6.207,-0.233935,-0.282582,-0.237296,0.562955,-0.0439028,0.227442,7.12221e-18
6.208,-0.233935,-0.282582,-0.237296,0.562955,-0.0439028,0.227442,7.12221e-18
6.209,-0.233695,-0.280075,-0.23705,0.561596,-0.0438485,0.227523,-4.5981e-18
6.21,-0.233695,-0.280075,-0.23705,0.561596,-0.0438485,0.227523,-4.5981e-18
6.211,-0.23423,-0.27831,-0.237591,0.56221,-0.0439387,0.228484,-6.3607e-18
6.212,-0.23423,-0.27831,-0.237591,0.56221,-0.0439387,0.228484,-6.3607e-18
6.213,-0.234119,-0.275914,-0.237476,0.56117,-0.0439086,0.228709,-5.4699e-18
6.214,-0.23376,-0.273261,-0.237111,0.559474,-0.0438324,0.228645,-5.97093e-18
6.215,-0.23376,-0.273261,-0.237111,0.559474,-0.0438324,0.228645,-5.97093e-18
6.216,-0.23376,-0.273261,-0.237111,0.559474,-0.0438324,0.228645,-5.97093e-18
6.217,-0.234224,-0.271409,-0.237579,0.559892,-0.0439091,0.229522,1.14877e-17
6.218,-0.233974,-0.268856,-0.237323,0.558474,-0.0438532,0.229583,8.30376e-18
6.219,-0.233974,-0.268856,-0.237323,0.558474,-0.0438532,0.229583,8.30376e-18
6.22,-0.234126,-0.266684,-0.237475,0.558077,-0.0438719,0.230101,1.01446e-17
6.221,-0.234126,-0.266684,-0.237475,0.558077,-0.0438719,0.230101,1.01446e-17
6.222,-0.234356,-0.264584,-0.237707,0.557879,-0.0439052,0.230708,-5.47144e-19
6.223,-0.234356,-0.264584,-0.237707,0.557879,-0.0439052,0.230708,-5.47144e-19
6.224,-0.234647,-0.262532,-0.238,0.557824,-0.0439497,0.231382,-2.06097e-18
6.225,-0.234647,-0.262532,-0.238,0.557824,-0.0439497,0.231382,-2.06097e-18
6.226,-0.234597,-0.260137,-0.237947,0.556884,-0.0439309,0.231663,-1.15395e-17
6.227,-0.234597,-0.260137,-0.237947,0.556884,-0.0439309,0.231663,-1.15395e-17
6.228,-0.23718,-0.261467,-0.240565,0.563092,-0.0444057,0.23478,-4.25802e-18
6.229,-0.23718,-0.261467,-0.240565,0.563092,-0.0444057,0.23478,-4.25802e-18
6.23,-0.234409,-0.255215,-0.237751,0.554718,-0.0438771,0.232106,-3.36769e-18
6.231,-0.234409,-0.255215,-0.237751,0.554718,-0.0438771,0.232106,-3.36769e-18
6.232,-0.234472,-0.252887,-0.237814,0.554018,-0.0438797,0.232502,-2.09712e-18
6.233,-0.234472,-0.252887,-0.237814,0.554018,-0.0438797,0.232502,-2.09712e-18
6.234,-0.237347,-0.254491,-0.240728,0.560973,-0.0444081,0.235954,7.75421e-18
6.235,-0.237347,-0.254491,-0.240728,0.560973,-0.0444081,0.235954,7.75421e-18
6.236,-0.237437,-0.252207,-0.240817,0.560376,-0.044415,0.236394,4.05154e-19
6.237,-0.237437,-0.252207,-0.240817,0.560376,-0.044415,0.236394,4.05154e-19
6.238,-0.237573,-0.249904,-0.240953,0.559809,-0.0444311,0.236857,-9.76777e-18
6.239,-0.237573,-0.249904,-0.240953,0.559809,-0.0444311,0.236857,-9.76777e-18
6.24,-0.237666,-0.247552,-0.241044,0.559124,-0.044439,0.23727,-2.1146e-18
6.241,-0.237666,-0.247552,-0.241044,0.559124,-0.044439,0.23727,-2.1146e-18
6.242,-0.237518,-0.244958,-0.240892,0.557816,-0.0444023,0.237406,-7.87285e-18
6.243,-0.237518,-0.244958,-0.240892,0.557816,-0.0444023,0.237406,-7.87285e-18
6.244,-0.237471,-0.242456,-0.240841,0.556762,-0.0443842,0.237657,1.38627e-17
6.245,-0.237471,-0.242456,-0.240841,0.556762,-0.0443842,0.237657,1.38627e-17
6.246,-0.237529,-0.240054,-0.240898,0.555981,-0.0443856,0.23803,0
6.247,-0.237529,-0.240054,-0.240898,0.555981,-0.0443856,0.23803,0
6.248,-0.237443,-0.237509,-0.240808,0.554831,-0.0443603,0.23824,2.14436e-18
6.249,-0.237443,-0.237509,-0.240808,0.554831,-0.0443603,0.23824,2.14436e-18
6.25,-0.237353,-0.234953,-0.240713,0.553665,-0.044334,0.238444,-4.90219e-18
6.251,-0.237188,-0.232324,-0.240543,0.55231,-0.044294,0.238565,9.94247e-18
6.252,-0.237188,-0.232324,-0.240543,0.55231,-0.044294,0.238565,9.94247e-18
6.253,-0.237054,-0.229729,-0.240405,0.55105,-0.0442597,0.238728,1.08899e-17
6.254,-0.237054,-0.229729,-0.240405,0.55105,-0.0442597,0.238728,1.08899e-17
6.255,-0.237,-0.22721,-0.240347,0.549996,-0.0442399,0.238983,1.00539e-18
6.256,-0.237,-0.22721,-0.240347,0.549996,-0.0442399,0.238983,1.00539e-18
6.257,-0.237,-0.22721,-0.240347,0.549996,-0.0442399,0.238983,1.00539e-18
6.258,-0.237236,-0.224969,-0.240584,0.549691,-0.0442738,0.239573,-6.96509e-18
6.259,-0.240239,-0.226639,-0.243628,0.556945,-0.044824,0.243173,-8.10117e-18
6.26,-0.240239,-0.226639,-0.243628,0.556945,-0.044824,0.243173,-8.10117e-18
6.261,-0.236874,-0.21963,-0.240212,0.54688,-0.0441877,0.239781,-5.04036e-18
6.262,-0.236874,-0.21963,-0.240212,0.54688,-0.0441877,0.239781,-5.04036e-18
6.263,-0.236616,-0.216869,-0.239947,0.545261,-0.0441304,0.239793,0
6.264,-0.236616,-0.216869,-0.239947,0.545261,-0.0441304,0.239793,0
6.265,-0.236616,-0.216869,-0.239947,0.545261,-0.0441304,0.239793,0
6.266,-0.236782,-0.214551,-0.240113,0.544786,-0.0441512,0.240311,-2.16068e-18
6.267,-0.236756,-0.212041,-0.240083,0.543811,-0.0441363,0.240607,-4.62977e-18
6.268,-0.236756,-0.212041,-0.240083,0.543811,-0.0441363,0.240607,-4.62977e-18
6.269,-0.236412,-0.209222,-0.239731,0.542025,-0.0440627,0.240541,-5.98424e-18
6.27,-0.236412,-0.209222,-0.239731,0.542025,-0.0440627,0.240541,-5.98424e-18
6.271,-0.236214,-0.206546,-0.239528,0.540623,-0.0440162,0.240648,5.87409e-18
6.272,-0.236214,-0.206546,-0.239528,0.540623,-0.0440162,0.240648,5.87409e-18
6.273,-0.236069,-0.203921,-0.239377,0.539361,-0.0439791,0.240817,4.20882e-18
6.274,-0.236069,-0.203921,-0.239377,0.539361,-0.0439791,0.240817,4.20882e-18
6.275,-0.235761,-0.20114,-0.239063,0.53769,-0.0439121,0.240804,-2.33223e-18
6.276,-0.235761,-0.20114,-0.239063,0.53769,-0.0439121,0.240804,-2.33223e-18
6.277,-0.235749,-0.198645,-0.239047,0.536785,-0.0438996,0.241134,8.21227e-18
6.278,-0.235749,-0.198645,-0.239047,0.536785,-0.0438996,0.241134,8.21227e-18
6.279,-0.23876,-0.200312,-0.242099,0.544088,-0.0444492,0.244761,6.25786e-18
6.28,-0.23876,-0.200312,-0.242099,0.544088,-0.0444492,0.244761,6.25786e-18
6.281,-0.238469,-0.197545,-0.2418,0.542472,-0.0443849,0.244775,8.52377e-19
6.282,-0.238469,-0.197545,-0.2418,0.542472,-0.0443849,0.244775,8.52377e-19
6.283,-0.238469,-0.197545,-0.2418,0.542472,-0.0443849,0.244775,8.52377e-19
6.284,-0.236308,-0.191637,-0.239604,0.535493,-0.0439718,0.242776,-3.35742e-18
6.285,-0.235827,-0.188619,-0.239113,0.533302,-0.0438731,0.242544,-7.28687e-18
6.286,-0.235827,-0.188619,-0.239113,0.533302,-0.0438731,0.242544,-7.28687e-18
6.287,-0.235711,-0.186006,-0.238993,0.532137,-0.0438412,0.242763,-3.57725e-19
6.288,-0.235711,-0.186006,-0.238993,0.532137,-0.0438412,0.242763,-3.57725e-19
6.289,-0.235185,-0.183001,-0.238456,0.529928,-0.0437338,0.242515,-4.19035e-18
6.29,-0.235185,-0.183001,-0.238456,0.529928,-0.0437338,0.242515,-4.19035e-18
6.291,-0.23531,-0.180763,-0.238579,0.529943,-0.0437422,0.24328,-5.00351e-18
6.292,-0.23531,-0.180763,-0.238579,0.529943,-0.0437422,0.24328,-5.00351e-18
6.293,-0.241274,-0.186657,-0.244627,0.545833,-0.0448354,0.250398,-5.13187e-18
6.294,-0.241274,-0.186657,-0.244627,0.545833,-0.0448354,0.250398,-5.13187e-18
6.295,-0.235518,-0.176188,-0.238783,0.529839,-0.0437515,0.244766,-8.49689e-18
6.296,-0.235518,-0.176188,-0.238783,0.529839,-0.0437515,0.244766,-8.49689e-18
6.297,-0.238832,-0.178211,-0.242143,0.538427,-0.0443518,0.249006,5.07333e-18
6.298,-0.238832,-0.178211,-0.242143,0.538427,-0.0443518,0.249006,5.07333e-18
6.299,-0.239046,-0.176054,-0.242357,0.538728,-0.0443761,0.249907,3.44811e-19
6.3,-0.239046,-0.176054,-0.242357,0.538728,-0.0443761,0.249907,3.44811e-19
6.301,-0.23925,-0.173801,-0.24256,0.538873,-0.0443991,0.250751,8.76884e-18
6.302,-0.23925,-0.173801,-0.24256,0.538873,-0.0443991,0.250751,8.76884e-18
6.303,-0.23919,-0.171226,-0.242495,0.538174,-0.0443745,0.25122,2.55866e-18
6.304,-0.23919,-0.171226,-0.242495,0.538174,-0.0443745,0.25122,2.55866e-18
6.305,-0.239255,-0.168708,-0.242558,0.537656,-0.044374,0.251774,-1.13371e-18
6.306,-0.239255,-0.168708,-0.242558,0.537656,-0.044374,0.251774,-1.13371e-18
6.307,-0.23929,-0.166115,-0.242589,0.536951,-0.0443684,0.252247,-1.11041e-18
6.308,-0.23929,-0.166115,-0.242589,0.536951,-0.0443684,0.252247,-1.11041e-18
6.309,-0.239453,-0.163601,-0.242751,0.536474,-0.044387,0.252824,-9.38451e-18
6.31,-0.239453,-0.163601,-0.242751,0.536474,-0.044387,0.252824,-9.38451e-18
6.311,-0.239549,-0.160975,-0.242844,0.535713,-0.0443937,0.253276,2.65786e-18
6.312,-0.239549,-0.160975,-0.242844,0.535713,-0.0443937,0.253276,2.65786e-18
6.313,-0.239785,-0.158438,-0.24308,0.535211,-0.0444269,0.253847,1.20718e-17
6.314,-0.239785,-0.158438,-0.24308,0.535211,-0.0444269,0.253847,1.20718e-17
6.315,-0.239553,-0.155396,-0.242841,0.533358,-0.0443749,0.253815,-4.95497e-18
6.316,-0.239553,-0.155396,-0.242841,0.533358,-0.0443749,0.253815,-4.95497e-18
6.317,-0.239448,-0.152429,-0.24273,0.531728,-0.0443468,0.253884,1.09678e-17
6.318,-0.239448,-0.152429,-0.24273,0.531728,-0.0443468,0.253884,1.09678e-17
6.319,-0.239392,-0.149499,-0.242669,0.530199,-0.0443277,0.254,-2.60894e-18
6.32,-0.239397,-0.14661,-0.24267,0.528788,-0.0443199,0.254169,-6.78725e-18
6.321,-0.239397,-0.14661,-0.24267,0.528788,-0.0443199,0.254169,-6.78725e-18
6.322,-0.239188,-0.143486,-0.242454,0.526739,-0.0442735,0.254051,-5.74186e-18
6.323,-0.239188,-0.143486,-0.242454,0.526739,-0.0442735,0.254051,-5.74186e-18
6.324,-0.239109,-0.140473,-0.24237,0.524998,-0.0442507,0.254072,-8.65405e-18
6.325,-0.239109,-0.140473,-0.24237,0.524998,-0.0442507,0.254072,-8.65405e-18
6.326,-0.239025,-0.137445,-0.24228,0.523216,-0.044227,0.254075,4.62852e-18
6.327,-0.239025,-0.137445,-0.24228,0.523216,-0.044227,0.254075,4.62852e-18
6.328,-0.238917,-0.13438,-0.242166,0.521334,-0.044199,0.254032,-3.39878e-18
6.329,-0.238917,-0.13438,-0.242166,0.521334,-0.044199,0.254032,-3.39878e-18
6.33,-0.238839,-0.131334,-0.242082,0.519497,-0.0441766,0.254009,7.96698e-18
6.331,-0.238839,-0.131334,-0.242082,0.519497,-0.0441766,0.254009,7.96698e-18
6.332,-0.238735,-0.128254,-0.241972,0.517558,-0.0441495,0.253938,-5.15128e-18
6.333,-0.238735,-0.128254,-0.241972,0.517558,-0.0441495,0.253938,-5.15128e-18
6.334,-0.238543,-0.125079,-0.241773,0.515351,-0.0441065,0.253746,2.87604e-18
6.335,-0.238543,-0.125079,-0.241773,0.515351,-0.0441065,0.253746,2.87604e-18
6.336,-0.238835,-0.122377,-0.242065,0.514419,-0.0441515,0.254124,1.77284e-18
6.337,-0.238835,-0.122377,-0.242065,0.514419,-0.0441515,0.254124,1.77284e-18
6.338,-0.238762,-0.1193,-0.241986,0.51246,-0.0441301,0.25404,-4.10829e-18
6.339,-0.238762,-0.1193,-0.241986,0.51246,-0.0441301,0.25404,-4.10829e-18
6.34,-0.23877,-0.116284,-0.24199,0.510662,-0.0441239,0.254027,-8.56568e-18
6.341,-0.23877,-0.116284,-0.24199,0.510662,-0.0441239,0.254027,-8.56568e-18
6.342,-0.241315,-0.117269,-0.244568,0.516537,-0.0445824,0.257062,4.62702e-18
6.343,-0.241315,-0.117269,-0.244568,0.516537,-0.0445824,0.257062,4.62702e-18
6.344,-0.241214,-0.114133,-0.24446,0.514399,-0.044556,0.256894,-1.21938e-17
6.345,-0.241214,-0.114133,-0.24446,0.514399,-0.044556,0.256894,-1.21938e-17
6.346,-0.240848,-0.11054,-0.244085,0.511087,-0.0444844,0.256211,1.03433e-17
6.347,-0.240848,-0.11054,-0.244085,0.511087,-0.0444844,0.256211,1.03433e-17
6.348,-0.240527,-0.10699,-0.243754,0.50788,-0.0444208,0.255571,5.13021e-18
6.349,-0.240527,-0.10699,-0.243754,0.50788,-0.0444208,0.255571,5.13021e-18
6.35,-0.240346,-0.103608,-0.243565,0.505107,-0.0443818,0.255124,-2.37046e-18
6.351,-0.240346,-0.103608,-0.243565,0.505107,-0.0443818,0.255124,-2.37046e-18
6.352,-0.23989,-0.0999884,-0.243098,0.501661,-0.0442926,0.25437,3.33351e-18
6.353,-0.23989,-0.0999884,-0.243098,0.501661,-0.0442926,0.25437,3.33351e-18
6.354,-0.23967,-0.0966178,-0.24287,0.498875,-0.0442456,0.253909,3.6515e-18
6.355,-0.23967,-0.0966178,-0.24287,0.498875,-0.0442456,0.253909,3.6515e-18
6.356,-0.239345,-0.0931812,-0.242535,0.495882,-0.0441789,0.253351,-4.74767e-18
6.357,-0.239345,-0.0931812,-0.242535,0.495882,-0.0441789,0.253351,-4.74767e-18
6.358,-0.238963,-0.0897091,-0.242142,0.492772,-0.0441014,0.252737,8.12414e-18
6.359,-0.238963,-0.0897091,-0.242142,0.492772,-0.0441014,0.252737,8.12414e-18
6.36,-0.238699,-0.0863789,-0.24187,0.490025,-0.044045,0.252283,1.042e-17
6.361,-0.238324,-0.0829702,-0.241485,0.48704,-0.043968,0.251718,-8.52078e-18
6.362,-0.238324,-0.0829702,-0.241485,0.48704,-0.043968,0.251718,-8.52078e-18
6.363,-0.237943,-0.0795945,-0.241094,0.484105,-0.0438892,0.251169,3.23465e-18
6.364,-0.237943,-0.0795945,-0.241094,0.484105,-0.0438892,0.251169,3.23465e-18
6.365,-0.237635,-0.0763167,-0.240776,0.481413,-0.043823,0.250726,1.98121e-18
6.366,-0.237635,-0.0763167,-0.240776,0.481413,-0.043823,0.250726,1.98121e-18
6.367,-0.237635,-0.0763167,-0.240776,0.481413,-0.043823,0.250726,1.98121e-18
6.368,-0.237472,-0.0732048,-0.240606,0.479151,-0.0437828,0.250473,-9.45839e-18
6.369,-0.237179,-0.0699694,-0.240304,0.476549,-0.0437188,0.250065,3.49717e-18
6.37,-0.237179,-0.0699694,-0.240304,0.476549,-0.0437188,0.250065,3.49717e-18
6.371,-0.236785,-0.0666577,-0.239899,0.473703,-0.0436361,0.249543,-7.25132e-18
6.372,-0.236785,-0.0666577,-0.239899,0.473703,-0.0436361,0.249543,-7.25132e-18
6.373,-0.23639,-0.0633673,-0.239494,0.470893,-0.0435529,0.249034,-3.0739e-18
6.374,-0.23639,-0.0633673,-0.239494,0.470893,-0.0435529,0.249034,-3.0739e-18
6.375,-0.23606,-0.0601654,-0.239154,0.468301,-0.043481,0.248618,-1.63699e-18
6.376,-0.23606,-0.0601654,-0.239154,0.468301,-0.043481,0.248618,-1.63699e-18
6.377,-0.235586,-0.0568453,-0.238669,0.465362,-0.0433828,0.248044,-1.76795e-18
6.378,-0.235586,-0.0568453,-0.238669,0.465362,-0.0433828,0.248044,-1.76795e-18
6.379,-0.235317,-0.0537501,-0.238392,0.463015,-0.0433213,0.247731,4.25555e-19
6.38,-0.235317,-0.0537501,-0.238392,0.463015,-0.0433213,0.247731,4.25555e-19
6.381,-0.238464,-0.0554167,-0.24158,0.470629,-0.0438818,0.251526,6.77387e-18
6.382,-0.238464,-0.0554167,-0.24158,0.470629,-0.0438818,0.251526,6.77387e-18
6.383,-0.238128,-0.0522828,-0.241234,0.468146,-0.0438073,0.251147,4.62533e-18
6.384,-0.238128,-0.0522828,-0.241234,0.468146,-0.0438073,0.251147,4.62533e-18
6.385,-0.237667,-0.0487881,-0.240761,0.464759,-0.0437138,0.250375,2.7248e-18
6.386,-0.237667,-0.0487881,-0.240761,0.464759,-0.0437138,0.250375,2.7248e-18
6.387,-0.237475,-0.0455715,-0.240561,0.462114,-0.0436683,0.249933,3.54383e-18
6.388,-0.237475,-0.0455715,-0.240561,0.462114,-0.0436683,0.249933,3.54383e-18
6.389,-0.237435,-0.0425318,-0.240516,0.460078,-0.0436486,0.249778,1.19928e-17
6.39,-0.237435,-0.0425318,-0.240516,0.460078,-0.0436486,0.249778,1.19928e-17
6.391,-0.237435,-0.0425318,-0.240516,0.460078,-0.0436486,0.249778,1.19928e-17
6.392,-0.238937,-0.0410106,-0.242034,0.462293,-0.0439051,0.251546,-8.87936e-18
6.393,-0.236955,-0.0360999,-0.240018,0.455091,-0.0435354,0.249061,5.67344e-18
6.394,-0.236955,-0.0360999,-0.240018,0.455091,-0.0435354,0.249061,5.67344e-18
6.395,-0.236885,-0.0329898,-0.239942,0.452906,-0.04351,0.248843,-8.85633e-18
6.396,-0.236885,-0.0329898,-0.239942,0.452906,-0.04351,0.248843,-8.85633e-18
6.397,-0.236839,-0.0299967,-0.239891,0.450978,-0.0434874,0.248732,1.49117e-17
6.398,-0.236839,-0.0299967,-0.239891,0.450978,-0.0434874,0.248732,1.49117e-17
6.399,-0.236674,-0.0268968,-0.239718,0.448735,-0.0434433,0.248474,8.76228e-18
6.4,-0.236674,-0.0268968,-0.239718,0.448735,-0.0434433,0.248474,8.76228e-18
6.401,-0.236517,-0.0238058,-0.239554,0.446499,-0.0434004,0.248218,3.08361e-18
6.402,-0.236517,-0.0238058,-0.239554,0.446499,-0.0434004,0.248218,3.08361e-18
6.403,-0.236426,-0.0207901,-0.239457,0.444453,-0.0433691,0.248044,2.42181e-18
6.404,-0.236426,-0.0207901,-0.239457,0.444453,-0.0433691,0.248044,2.42181e-18
6.405,-0.236208,-0.0176608,-0.239229,0.44207,-0.0433145,0.247715,1.65274e-18
6.406,-0.236208,-0.0176608,-0.239229,0.44207,-0.0433145,0.247715,1.65274e-18
6.407,-0.236279,-0.0148202,-0.239297,0.440471,-0.0433118,0.247737,1.35301e-18
6.408,-0.235829,-0.0114878,-0.238835,0.437482,-0.0432153,0.247127,7.83023e-19
6.409,-0.235829,-0.0114878,-0.238835,0.437482,-0.0432153,0.247127,7.83023e-19
6.41,-0.235683,-0.00846692,-0.238682,0.435324,-0.0431731,0.246888,4.38722e-18
6.411,-0.235683,-0.00846692,-0.238682,0.435324,-0.0431731,0.246888,4.38722e-18
6.412,-0.235465,-0.00539714,-0.238456,0.433005,-0.0431173,0.246572,1.71243e-18
6.413,-0.235465,-0.00539714,-0.238456,0.433005,-0.0431173,0.246572,1.71243e-18
6.414,-0.235361,-0.00245184,-0.238345,0.43101,-0.0430818,0.246399,-1.8494e-18
6.415,-0.235361,-0.00245184,-0.238345,0.43101,-0.0430818,0.246399,-1.8494e-18
6.416,-0.23881,-0.00437944,-0.24184,0.43948,-0.0436886,0.250588,-8.2016e-19
6.417,-0.23881,-0.00437944,-0.24184,0.43948,-0.0436886,0.250588,-8.2016e-19
6.418,-0.238685,-0.00142863,-0.241709,0.437441,-0.0436487,0.25039,6.95544e-18
6.419,-0.238685,-0.00142863,-0.241709,0.437441,-0.0436487,0.25039,6.95544e-18
6.42,-0.238255,0.00208048,-0.241267,0.433955,-0.0435578,0.249554,4.80891e-18
6.421,-0.238255,0.00208048,-0.241267,0.433955,-0.0435578,0.249554,4.80891e-18
6.422,-0.238089,0.00532709,-0.241092,0.431181,-0.0435138,0.249036,1.38859e-17
6.423,-0.238089,0.00532709,-0.241092,0.431181,-0.0435138,0.249036,1.38859e-17
6.424,-0.237903,0.00854422,-0.240899,0.428452,-0.0434655,0.248532,3.23969e-18
6.425,-0.237903,0.00854422,-0.240899,0.428452,-0.0434655,0.248532,3.23969e-18
6.426,-0.237359,0.0120795,-0.240342,0.424807,-0.0433528,0.24761,1.02624e-18
6.427,-0.237359,0.0120795,-0.240342,0.424807,-0.0433528,0.24761,1.02624e-18
6.428,-0.237054,0.015355,-0.240028,0.421857,-0.043282,0.246998,4.97562e-18
6.429,-0.237054,0.015355,-0.240028,0.421857,-0.043282,0.246998,4.97562e-18
6.43,-0.236708,0.0186159,-0.239672,0.418908,-0.0432031,0.24638,-5.91016e-18
6.431,-0.236708,0.0186159,-0.239672,0.418908,-0.0432031,0.24638,-5.91016e-18
6.432,-0.236396,0.0218085,-0.23935,0.416117,-0.0431295,0.245829,-7.46806e-18
6.433,-0.236396,0.0218085,-0.23935,0.416117,-0.0431295,0.245829,-7.46806e-18
6.434,-0.236147,0.0249045,-0.239092,0.413563,-0.0430664,0.245379,6.76154e-18
6.435,-0.236147,0.0249045,-0.239092,0.413563,-0.0430664,0.245379,6.76154e-18
6.436,-0.235764,0.0280975,-0.238698,0.410708,-0.042979,0.244788,-3.21989e-18
6.437,-0.235764,0.0280975,-0.238698,0.410708,-0.042979,0.244788,-3.21989e-18
6.438,-0.235415,0.0312305,-0.23834,0.407991,-0.0428973,0.244256,-1.39661e-18
6.439,-0.235415,0.0312305,-0.23834,0.407991,-0.0428973,0.244256,-1.39661e-18
6.44,-0.235075,0.0343209,-0.23799,0.40536,-0.0428165,0.243757,-8.34791e-18
6.441,-0.235075,0.0343209,-0.23799,0.40536,-0.0428165,0.243757,-8.34791e-18
6.442,-0.234784,0.0373324,-0.23769,0.402919,-0.0427437,0.243339,-1.61252e-17
6.443,-0.234266,0.0405339,-0.237159,0.399915,-0.0426302,0.242662,5.96806e-18
6.444,-0.234266,0.0405339,-0.237159,0.399915,-0.0426302,0.242662,5.96806e-18
6.445,-0.233904,0.0435365,-0.236788,0.397418,-0.0425438,0.242207,-8.87008e-19
6.446,-0.233904,0.0435365,-0.236788,0.397418,-0.0425438,0.242207,-8.87008e-19
6.447,-0.233587,0.0464609,-0.236462,0.395107,-0.0424648,0.241831,-4.71312e-18
6.448,-0.233587,0.0464609,-0.236462,0.395107,-0.0424648,0.241831,-4.71312e-18
6.449,-0.233248,0.0493827,-0.236113,0.392774,-0.0423813,0.241441,-2.85026e-18
6.45,-0.233248,0.0493827,-0.236113,0.392774,-0.0423813,0.241441,-2.85026e-18
6.451,-0.233342,0.0518619,-0.236204,0.391653,-0.042374,0.241594,-7.73356e-18
6.452,-0.233342,0.0518619,-0.236204,0.391653,-0.042374,0.241594,-7.73356e-18
6.453,-0.232578,0.0551625,-0.235425,0.388208,-0.0422151,0.240693,-6.09624e-18
6.454,-0.232578,0.0551625,-0.235425,0.388208,-0.0422151,0.240693,-6.09624e-18
6.455,-0.232208,0.0580607,-0.235044,0.385863,-0.0421252,0.240285,7.31031e-18
6.456,-0.232208,0.0580607,-0.235044,0.385863,-0.0421252,0.240285,7.31031e-18
6.457,-0.231886,0.0608717,-0.234713,0.383726,-0.0420432,0.239966,8.44971e-18
6.458,-0.231886,0.0608717,-0.234713,0.383726,-0.0420432,0.239966,8.44971e-18
6.459,-0.231489,0.063732,-0.234306,0.381422,-0.0419477,0.239566,-3.45889e-18
6.46,-0.231489,0.063732,-0.234306,0.381422,-0.0419477,0.239566,-3.45889e-18
6.461,-0.231213,0.0664525,-0.234022,0.379481,-0.0418732,0.239327,-4.00102e-18
6.462,-0.231213,0.0664525,-0.234022,0.379481,-0.0418732,0.239327,-4.00102e-18
6.463,-0.23107,0.0690254,-0.233873,0.377928,-0.0418215,0.239259,1.74214e-18
6.464,-0.23107,0.0690254,-0.233873,0.377928,-0.0418215,0.239259,1.74214e-18
6.465,-0.231054,0.0714656,-0.233852,0.376725,-0.041792,0.239345,-7.40218e-18
6.466,-0.231054,0.0714656,-0.233852,0.376725,-0.041792,0.239345,-7.40218e-18
6.467,-0.230456,0.0744661,-0.233241,0.373928,-0.0416602,0.238707,-3.54611e-18
6.468,-0.230456,0.0744661,-0.233241,0.373928,-0.0416602,0.238707,-3.54611e-18
6.469,-0.229807,0.0774967,-0.232579,0.371019,-0.0415194,0.238014,-5.58088e-18
6.47,-0.229807,0.0774967,-0.232579,0.371019,-0.0415194,0.238014,-5.58088e-18
6.471,-0.232962,0.0756542,-0.235776,0.379001,-0.0420583,0.241938,6.05004e-18
6.472,-0.232962,0.0756542,-0.235776,0.379001,-0.0420583,0.241938,6.05004e-18
6.473,-0.232652,0.0782964,-0.235457,0.377129,-0.0419753,0.241706,-7.31818e-19
6.474,-0.232652,0.0782964,-0.235457,0.377129,-0.0419753,0.241706,-7.31818e-19
6.475,-0.228821,0.085848,-0.231565,0.364362,-0.0412674,0.236868,-2.33289e-18
6.476,-0.228821,0.085848,-0.231565,0.364362,-0.0412674,0.236868,-2.33289e-18
6.477,-0.228829,0.0882599,-0.231569,0.363131,-0.0412415,0.236924,1.15306e-17
6.478,-0.228829,0.0882599,-0.231569,0.363131,-0.0412415,0.236924,1.15306e-17
6.479,-0.231038,0.0872715,-0.233806,0.368655,-0.0416124,0.239726,8.68731e-18
6.48,-0.231038,0.0872715,-0.233806,0.368655,-0.0416124,0.239726,8.68731e-18
6.481,-0.230749,0.089819,-0.23351,0.366941,-0.0415321,0.239549,-3.8161e-18
6.482,-0.230749,0.089819,-0.23351,0.366941,-0.0415321,0.239549,-3.8161e-18
6.483,-0.23026,0.0927294,-0.233009,0.364275,-0.0414192,0.23895,-5.52691e-18
6.484,-0.23026,0.0927294,-0.233009,0.364275,-0.0414192,0.23895,-5.52691e-18
6.485,-0.22986,0.095543,-0.2326,0.361859,-0.0413216,0.23846,1.04764e-17
6.486,-0.22986,0.095543,-0.2326,0.361859,-0.0413216,0.23846,1.04764e-17
6.487,-0.229435,0.0983568,-0.232164,0.359481,-0.0412188,0.237991,-2.19101e-18
6.488,-0.229435,0.0983568,-0.232164,0.359481,-0.0412188,0.237991,-2.19101e-18
6.489,-0.232832,0.0963063,-0.235606,0.368149,-0.0417947,0.242232,-6.20556e-18
6.49,-0.232832,0.0963063,-0.235606,0.368149,-0.0417947,0.242232,-6.20556e-18
6.491,-0.229371,0.103166,-0.232091,0.357103,-0.0411477,0.238133,7.95647e-18
6.492,-0.229371,0.103166,-0.232091,0.357103,-0.0411477,0.238133,7.95647e-18
6.493,-0.229032,0.106108,-0.231742,0.354489,-0.0410621,0.237571,-1.18896e-18
6.494,-0.229032,0.106108,-0.231742,0.354489,-0.0410621,0.237571,-1.18896e-18
6.495,-0.228818,0.108677,-0.231521,0.352778,-0.0409946,0.237397,-1.18395e-17
6.496,-0.228545,0.111264,-0.23124,0.35098,-0.0409162,0.237177,-3.77557e-18
6.497,-0.228545,0.111264,-0.23124,0.35098,-0.0409162,0.237177,-3.77557e-18
6.498,-0.228161,0.113936,-0.230847,0.348901,-0.0408184,0.236825,-8.91365e-18
6.499,-0.228161,0.113936,-0.230847,0.348901,-0.0408184,0.236825,-8.91365e-18
6.5,-0.227973,0.1164,-0.230651,0.34738,-0.0407539,0.236721,9.31463e-18
6.501,-0.227973,0.1164,-0.230651,0.34738,-0.0407539,0.236721,9.31463e-18
6.502,-0.227973,0.1164,-0.230651,0.34738,-0.0407539,0.236721,9.31463e-18
6.503,-0.227997,0.118646,-0.230672,0.346458,-0.040726,0.236884,5.09405e-18
6.504,-0.227695,0.121196,-0.230362,0.344653,-0.0406415,0.236645,1.3689e-18
6.505,-0.227695,0.121196,-0.230362,0.344653,-0.0406415,0.236645,1.3689e-18
6.506,-0.2274,0.12374,-0.230059,0.342839,-0.0405581,0.236397,6.75295e-18
6.507,-0.2274,0.12374,-0.230059,0.342839,-0.0405581,0.236397,6.75295e-18
6.508,-0.227218,0.126157,-0.22987,0.341355,-0.0404938,0.236294,5.22554e-18
6.509,-0.227218,0.126157,-0.22987,0.341355,-0.0404938,0.236294,5.22554e-18
6.51,-0.226821,0.128765,-0.229463,0.339301,-0.0403923,0.235928,7.45137e-18
6.511,-0.226821,0.128765,-0.229463,0.339301,-0.0403923,0.235928,7.45137e-18
6.512,-0.226736,0.131058,-0.229374,0.338118,-0.0403443,0.235954,7.87246e-18
6.513,-0.226736,0.131058,-0.229374,0.338118,-0.0403443,0.235954,7.87246e-18
6.514,-0.226309,0.133662,-0.228937,0.336018,-0.0402371,0.235559,-5.121e-18
6.515,-0.226309,0.133662,-0.228937,0.336018,-0.0402371,0.235559,-5.121e-18
6.516,-0.225858,0.136274,-0.228476,0.333868,-0.0401257,0.235137,9.18308e-18
6.517,-0.225858,0.136274,-0.228476,0.333868,-0.0401257,0.235137,9.18308e-18
6.518,-0.225571,0.138702,-0.22818,0.33221,-0.0400418,0.234933,-1.16037e-17
6.519,-0.225571,0.138702,-0.22818,0.33221,-0.0400418,0.234933,-1.16037e-17
6.52,-0.225725,0.140687,-0.228333,0.331788,-0.0400332,0.235286,2.15198e-18
6.521,-0.225725,0.140687,-0.228333,0.331788,-0.0400332,0.235286,2.15198e-18
6.522,-0.22536,0.143165,-0.227959,0.329935,-0.0399357,0.234986,-1.28736e-18
6.523,-0.22536,0.143165,-0.227959,0.329935,-0.0399357,0.234986,-1.28736e-18
6.524,-0.224818,0.145809,-0.227406,0.327586,-0.0398078,0.234457,-6.54661e-18
6.525,-0.224818,0.145809,-0.227406,0.327586,-0.0398078,0.234457,-6.54661e-18
6.526,-0.224758,0.147965,-0.227342,0.326598,-0.0397618,0.234541,4.02945e-18
6.527,-0.224758,0.147965,-0.227342,0.326598,-0.0397618,0.234541,4.02945e-18
6.528,-0.224571,0.150224,-0.227149,0.325287,-0.0396939,0.234473,1.28662e-18
6.529,-0.224571,0.150224,-0.227149,0.325287,-0.0396939,0.234473,1.28662e-18
6.53,-0.224571,0.150224,-0.227149,0.325287,-0.0396939,0.234473,1.28662e-18
6.531,-0.225175,0.151728,-0.227758,0.326117,-0.0397607,0.235376,3.83416e-18
6.532,-0.225175,0.151728,-0.227758,0.326117,-0.0397607,0.235376,3.83416e-18
6.533,-0.224351,0.154582,-0.226918,0.323065,-0.0395836,0.234511,-6.35831e-18
6.534,-0.227238,0.152906,-0.229845,0.330447,-0.0400576,0.238127,-9.18012e-18
6.535,-0.227238,0.152906,-0.229845,0.330447,-0.0400576,0.238127,-9.18012e-18
6.536,-0.226776,0.155439,-0.229373,0.328299,-0.0399422,0.237671,-6.65785e-18
6.537,-0.226776,0.155439,-0.229373,0.328299,-0.0399422,0.237671,-6.65785e-18
6.538,-0.226539,0.15795,-0.229128,0.326298,-0.0398677,0.237291,6.53327e-18
6.539,-0.226539,0.15795,-0.229128,0.326298,-0.0398677,0.237291,6.53327e-18
6.54,-0.22592,0.160792,-0.228497,0.323312,-0.0397278,0.236458,1.49082e-18
6.541,-0.22592,0.160792,-0.228497,0.323312,-0.0397278,0.236458,1.49082e-18
6.542,-0.221686,0.168116,-0.224196,0.309958,-0.0389563,0.231164,1.32149e-18
6.543,-0.221686,0.168116,-0.224196,0.309958,-0.0389563,0.231164,1.32149e-18
6.544,-0.22109,0.170684,-0.223589,0.307567,-0.0388175,0.230574,-1.01725e-17
6.545,-0.22109,0.170684,-0.223589,0.307567,-0.0388175,0.230574,-1.01725e-17
6.546,-0.221055,0.172532,-0.22355,0.307115,-0.0387708,0.230849,6.42195e-18
6.547,-0.221055,0.172532,-0.22355,0.307115,-0.0387708,0.230849,6.42195e-18
6.548,-0.220603,0.174758,-0.223089,0.305549,-0.0386536,0.230614,1.28683e-17
6.549,-0.220603,0.174758,-0.223089,0.305549,-0.0386536,0.230614,1.28683e-17
6.55,-0.223851,0.172586,-0.226382,0.314211,-0.0391821,0.234789,2.69254e-18
6.551,-0.223851,0.172586,-0.226382,0.314211,-0.0391821,0.234789,2.69254e-18
6.552,-0.223728,0.174487,-0.226254,0.313542,-0.0391195,0.234956,5.09779e-18
6.553,-0.223728,0.174487,-0.226254,0.313542,-0.0391195,0.234956,5.09779e-18
6.554,-0.223766,0.176487,-0.22629,0.312718,-0.0390877,0.235068,-5.52522e-18
6.555,-0.223766,0.176487,-0.22629,0.312718,-0.0390877,0.235068,-5.52522e-18
6.556,-0.226366,0.175051,-0.228926,0.319313,-0.0395068,0.238308,-3.71809e-18
6.557,-0.226366,0.175051,-0.228926,0.319313,-0.0395068,0.238308,-3.71809e-18
6.558,-0.222203,0.182053,-0.224698,0.306509,-0.0387477,0.233209,6.58544e-18
6.559,-0.222203,0.182053,-0.224698,0.306509,-0.0387477,0.233209,6.58544e-18
6.56,-0.22162,0.184845,-0.224103,0.303467,-0.0386139,0.232318,-5.08819e-18
6.561,-0.22162,0.184845,-0.224103,0.303467,-0.0386139,0.232318,-5.08819e-18
6.562,-0.22126,0.187106,-0.223734,0.301749,-0.0385131,0.232001,9.21647e-18
6.563,-0.22126,0.187106,-0.223734,0.301749,-0.0385131,0.232001,9.21647e-18
6.564,-0.22077,0.189425,-0.223234,0.299807,-0.0383897,0.231576,9.10017e-18
6.565,-0.22077,0.189425,-0.223234,0.299807,-0.0383897,0.231576,9.10017e-18
6.566,-0.220431,0.191575,-0.222887,0.298318,-0.0382912,0.231351,4.1413e-18
6.567,-0.220431,0.191575,-0.222887,0.298318,-0.0382912,0.231351,4.1413e-18
6.568,-0.219943,0.193832,-0.22239,0.29648,-0.0381674,0.230961,-1.14886e-17
6.569,-0.219943,0.193832,-0.22239,0.29648,-0.0381674,0.230961,-1.14886e-17
6.57,-0.219397,0.196124,-0.221833,0.294511,-0.0380335,0.230508,-4.29054e-18
6.571,-0.219397,0.196124,-0.221833,0.294511,-0.0380335,0.230508,-4.29054e-18
6.572,-0.218927,0.198313,-0.221353,0.292802,-0.0379121,0.230167,-1.16784e-17
6.573,-0.218927,0.198313,-0.221353,0.292802,-0.0379121,0.230167,-1.16784e-17
6.574,-0.218321,0.200594,-0.220736,0.290784,-0.0377677,0.22968,1.56444e-18
6.575,-0.217773,0.202794,-0.220178,0.288968,-0.0376325,0.229279,-2.80775e-18
6.576,-0.217773,0.202794,-0.220178,0.288968,-0.0376325,0.229279,-2.80775e-18
6.577,-0.217327,0.204846,-0.219723,0.287518,-0.0375138,0.229037,5.75176e-18
6.578,-0.217327,0.204846,-0.219723,0.287518,-0.0375138,0.229037,5.75176e-18
6.579,-0.216817,0.206933,-0.219202,0.285933,-0.0373841,0.228729,4.89496e-18
6.58,-0.216817,0.206933,-0.219202,0.285933,-0.0373841,0.228729,4.89496e-18
6.581,-0.216356,0.208948,-0.218733,0.284521,-0.0372624,0.228494,2.02959e-18
6.582,-0.216356,0.208948,-0.218733,0.284521,-0.0372624,0.228494,2.02959e-18
6.583,-0.215948,0.210888,-0.218317,0.283289,-0.0371492,0.228335,1.15141e-17
6.584,-0.215948,0.210888,-0.218317,0.283289,-0.0371492,0.228335,1.15141e-17
6.585,-0.215344,0.213003,-0.217701,0.281539,-0.0370033,0.227939,1.68072e-18
6.586,-0.215344,0.213003,-0.217701,0.281539,-0.0370033,0.227939,1.68072e-18
6.587,-0.215387,0.214511,-0.217742,0.281569,-0.0369644,0.228354,3.29876e-18
6.588,-0.215387,0.214511,-0.217742,0.281569,-0.0369644,0.228354,3.29876e-18
6.589,-0.215158,0.216267,-0.217507,0.280854,-0.0368803,0.228426,1.2766e-18
6.59,-0.215158,0.216267,-0.217507,0.280854,-0.0368803,0.228426,1.2766e-18
6.591,-0.215013,0.217952,-0.217358,0.280331,-0.0368103,0.228582,3.1402e-18
6.592,-0.215013,0.217952,-0.217358,0.280331,-0.0368103,0.228582,3.1402e-18
6.593,-0.214739,0.219757,-0.217078,0.279436,-0.0367189,0.228567,1.16369e-17
6.594,-0.214739,0.219757,-0.217078,0.279436,-0.0367189,0.228567,1.16369e-17
6.595,-0.214636,0.221398,-0.216971,0.278995,-0.0366557,0.228754,-6.58328e-18
6.596,-0.214636,0.221398,-0.216971,0.278995,-0.0366557,0.228754,-6.58328e-18
6.597,-0.214198,0.22335,-0.216525,0.277628,-0.0365373,0.228515,-6.0735e-18
6.598,-0.214198,0.22335,-0.216525,0.277628,-0.0365373,0.228515,-6.0735e-18
6.599,-0.213925,0.225139,-0.216245,0.276711,-0.0364459,0.228478,-8.21743e-18
6.6,-0.213925,0.225139,-0.216245,0.276711,-0.0364459,0.228478,-8.21743e-18
6.601,-0.213925,0.225139,-0.216245,0.276711,-0.0364459,0.228478,-8.21743e-18
6.602,-0.214591,0.226034,-0.216919,0.278366,-0.0365084,0.229608,1.16712e-17
6.603,-0.217557,0.224019,-0.219929,0.286365,-0.0369713,0.233438,-2.85693e-18
6.604,-0.217557,0.224019,-0.219929,0.286365,-0.0369713,0.233438,-2.85693e-18
6.605,-0.213658,0.230103,-0.215968,0.27509,-0.0362637,0.228872,-4.24008e-18
6.606,-0.213658,0.230103,-0.215968,0.27509,-0.0362637,0.228872,-4.24008e-18
6.607,-0.216763,0.228106,-0.219119,0.283113,-0.0367501,0.232721,-4.04735e-18
6.608,-0.216763,0.228106,-0.219119,0.283113,-0.0367501,0.232721,-4.04735e-18
6.609,-0.21636,0.229998,-0.218708,0.281796,-0.0366364,0.232486,-8.92454e-19
6.61,-0.21636,0.229998,-0.218708,0.281796,-0.0366364,0.232486,-8.92454e-19
6.611,-0.215942,0.232134,-0.218281,0.279896,-0.0365233,0.232,6.1963e-18
6.612,-0.215942,0.232134,-0.218281,0.279896,-0.0365233,0.232,6.1963e-18
6.613,-0.215508,0.234265,-0.217838,0.27798,-0.0364074,0.231502,-9.93476e-18
6.614,-0.215508,0.234265,-0.217838,0.27798,-0.0364074,0.231502,-9.93476e-18
6.615,-0.2114,0.240607,-0.213664,0.265832,-0.0356704,0.226519,-1.61472e-18
6.616,-0.2114,0.240607,-0.213664,0.265832,-0.0356704,0.226519,-1.61472e-18
6.617,-0.211687,0.241826,-0.213954,0.266375,-0.0356692,0.227114,-3.21455e-18
6.617,-0.211687,0.241826,-0.213954,0.266375,-0.0356692,0.227114,-3.21455e-18
6.619,-0.210979,0.243827,-0.213233,0.264521,-0.0355044,0.226603,-5.30082e-18
6.62,-0.210979,0.243827,-0.213233,0.264521,-0.0355044,0.226603,-5.30082e-18
6.621,-0.210553,0.245558,-0.212799,0.263432,-0.0353855,0.226437,-2.58153e-18
6.622,-0.210553,0.245558,-0.212799,0.263432,-0.0353855,0.226437,-2.58153e-18
6.623,-0.213835,0.243157,-0.21613,0.272424,-0.0358917,0.230697,-4.78486e-18
6.624,-0.213835,0.243157,-0.21613,0.272424,-0.0358917,0.230697,-4.78486e-18
6.625,-0.213804,0.244482,-0.216097,0.272471,-0.0358354,0.23104,-2.34026e-19
6.626,-0.213804,0.244482,-0.216097,0.272471,-0.0358354,0.23104,-2.34026e-19
6.627,-0.213372,0.246435,-0.215657,0.270825,-0.0357178,0.23063,4.55532e-18
6.628,-0.213372,0.246435,-0.215657,0.270825,-0.0357178,0.23063,4.55532e-18
6.629,-0.212951,0.248395,-0.215227,0.269151,-0.0356021,0.230204,-7.67712e-18
6.63,-0.212951,0.248395,-0.215227,0.269151,-0.0356021,0.230204,-7.67712e-18
6.631,-0.212455,0.250389,-0.214722,0.267335,-0.035474,0.229708,-7.72026e-18
6.632,-0.212455,0.250389,-0.214722,0.267335,-0.035474,0.229708,-7.72026e-18
6.633,-0.212089,0.252228,-0.214348,0.265933,-0.0353663,0.229395,-5.24231e-18
6.634,-0.212089,0.252228,-0.214348,0.265933,-0.0353663,0.229395,-5.24231e-18
6.635,-0.212089,0.252228,-0.214348,0.265933,-0.0353663,0.229395,-5.24231e-18
6.636,-0.212089,0.252228,-0.214348,0.265933,-0.0353663,0.229395,-5.24231e-18
6.637,-0.212089,0.252228,-0.214348,0.265933,-0.0353663,0.229395,-5.24231e-18
6.638,-0.212089,0.252228,-0.214348,0.265933,-0.0353663,0.229395,-5.24231e-18
6.639,-0.212089,0.252228,-0.214348,0.265933,-0.0353663,0.229395,-5.24231e-18
6.64,-0.212089,0.252228,-0.214348,0.265933,-0.0353663,0.229395,-5.24231e-18
6.641,-0.212089,0.252228,-0.214348,0.265933,-0.0353663,0.229395,-5.24231e-18
6.642,-0.212089,0.252228,-0.214348,0.265933,-0.0353663,0.229395,-5.24231e-18
6.643,-0.212089,0.252228,-0.214348,0.265933,-0.0353663,0.229395,-5.24231e-18
6.644,-0.212089,0.252228,-0.214348,0.265933,-0.0353663,0.229395,-5.24231e-18
6.645,-0.212089,0.252228,-0.214348,0.265933,-0.0353663,0.229395,-5.24231e-18
6.646,-0.212089,0.252228,-0.214348,0.265933,-0.0353663,0.229395,-5.24231e-18
6.647,-0.212089,0.252228,-0.214348,0.265933,-0.0353663,0.229395,-5.24231e-18
6.648,-0.212089,0.252228,-0.214348,0.265933,-0.0353663,0.229395,-5.24231e-18
6.649,-0.212089,0.252228,-0.214348,0.265933,-0.0353663,0.229395,-5.24231e-18
6.65,-0.212089,0.252228,-0.214348,0.265933,-0.0353663,0.229395,-5.24231e-18
6.651,-0.212089,0.252228,-0.214348,0.265933,-0.0353663,0.229395,-5.24231e-18
6.652,-0.212089,0.252228,-0.214348,0.265933,-0.0353663,0.229395,-5.24231e-18
6.653,-0.212089,0.252228,-0.214348,0.265933,-0.0353663,0.229395,-5.24231e-18
6.654,-0.212089,0.252228,-0.214348,0.265933,-0.0353663,0.229395,-5.24231e-18
6.655,-0.212089,0.252228,-0.214348,0.265933,-0.0353663,0.229395,-5.24231e-18
6.656,-0.212089,0.252228,-0.214348,0.265933,-0.0353663,0.229395,-5.24231e-18
6.657,-0.212089,0.252228,-0.214348,0.265933,-0.0353663,0.229395,-5.24231e-18
6.658,-0.212089,0.252228,-0.214348,0.265933,-0.0353663,0.229395,-5.24231e-18
6.659,-0.212089,0.252228,-0.214348,0.265933,-0.0353663,0.229395,-5.24231e-18
6.66,-0.212089,0.252228,-0.214348,0.265933,-0.0353663,0.229395,-5.24231e-18
6.661,-0.212089,0.252228,-0.214348,0.265933,-0.0353663,0.229395,-5.24231e-18
6.662,-0.212089,0.252228,-0.214348,0.265933,-0.0353663,0.229395,-5.24231e-18
6.663,-0.212089,0.252228,-0.214348,0.265933,-0.0353663,0.229395,-5.24231e-18
6.664,-0.212089,0.252228,-0.214348,0.265933,-0.0353663,0.229395,-5.24231e-18
6.665,-0.212089,0.252228,-0.214348,0.265933,-0.0353663,0.229395,-5.24231e-18
6.666,-0.212089,0.252228,-0.214348,0.265933,-0.0353663,0.229395,-5.24231e-18
6.667,-0.212089,0.252228,-0.214348,0.265933,-0.0353663,0.229395,-5.24231e-18
6.668,-0.212089,0.252228,-0.214348,0.265933,-0.0353663,0.229395,-5.24231e-18
6.669,-0.212089,0.252228,-0.214348,0.265933,-0.0353663,0.229395,-5.24231e-18
6.67,-0.212089,0.252228,-0.214348,0.265933,-0.0353663,0.229395,-5.24231e-18
6.671,-0.212089,0.252228,-0.214348,0.265933,-0.0353663,0.229395,-5.24231e-18
6.672,-0.212089,0.252228,-0.214348,0.265933,-0.0353663,0.229395,-5.24231e-18
6.673,-0.212089,0.252228,-0.214348,0.265933,-0.0353663,0.229395,-5.24231e-18
6.674,-0.212089,0.252228,-0.214348,0.265933,-0.0353663,0.229395,-5.24231e-18
6.675,-0.212089,0.252228,-0.214348,0.265933,-0.0353663,0.229395,-5.24231e-18
6.676,-0.212089,0.252228,-0.214348,0.265933,-0.0353663,0.229395,-5.24231e-18
6.677,-0.212089,0.252228,-0.214348,0.265933,-0.0353663,0.229395,-5.24231e-18
6.678,-0.212089,0.252228,-0.214348,0.265933,-0.0353663,0.229395,-5.24231e-18
6.679,-0.212089,0.252228,-0.214348,0.265933,-0.0353663,0.229395,-5.24231e-18
6.68,-0.212089,0.252228,-0.214348,0.265933,-0.0353663,0.229395,-5.24231e-18
6.681,-0.212089,0.252228,-0.214348,0.265933,-0.0353663,0.229395,-5.24231e-18
6.682,-0.212089,0.252228,-0.214348,0.265933,-0.0353663,0.229395,-5.24231e-18
6.683,-0.212089,0.252228,-0.214348,0.265933,-0.0353663,0.229395,-5.24231e-18
6.684,-0.212089,0.252228,-0.214348,0.265933,-0.0353663,0.229395,-5.24231e-18
6.685,-0.212089,0.252228,-0.214348,0.265933,-0.0353663,0.229395,-5.24231e-18
6.686,-0.212089,0.252228,-0.214348,0.265933,-0.0353663,0.229395,-5.24231e-18
6.687,-0.212089,0.252228,-0.214348,0.265933,-0.0353663,0.229395,-5.24231e-18
6.688,-0.212089,0.252228,-0.214348,0.265933,-0.0353663,0.229395,-5.24231e-18
6.689,-0.212089,0.252228,-0.214348,0.265933,-0.0353663,0.229395,-5.24231e-18
6.69,-0.212089,0.252228,-0.214348,0.265933,-0.0353663,0.229395,-5.24231e-18
6.691,-0.212089,0.252228,-0.214348,0.265933,-0.0353663,0.229395,-5.24231e-18
6.692,-0.212089,0.252228,-0.214348,0.265933,-0.0353663,0.229395,-5.24231e-18
6.693,-0.212089,0.252228,-0.214348,0.265933,-0.0353663,0.229395,-5.24231e-18
6.694,-0.212089,0.252228,-0.214348,0.265933,-0.0353663,0.229395,-5.24231e-18
6.695,-0.212089,0.252228,-0.214348,0.265933,-0.0353663,0.229395,-5.24231e-18
6.696,-0.212089,0.252228,-0.214348,0.265933,-0.0353663,0.229395,-5.24231e-18
6.697,-0.212089,0.252228,-0.214348,0.265933,-0.0353663,0.229395,-5.24231e-18
6.698,-0.212089,0.252228,-0.214348,0.265933,-0.0353663,0.229395,-5.24231e-18
6.699,-0.212089,0.252228,-0.214348,0.265933,-0.0353663,0.229395,-5.24231e-18
6.7,-0.212089,0.252228,-0.214348,0.265933,-0.0353663,0.229395,-5.24231e-18
6.701,-0.212089,0.252228,-0.214348,0.265933,-0.0353663,0.229395,-5.24231e-18
6.702,-0.212089,0.252228,-0.214348,0.265933,-0.0353663,0.229395,-5.24231e-18
6.703,-0.212089,0.252228,-0.214348,0.265933,-0.0353663,0.229395,-5.24231e-18
6.704,-0.212089,0.252228,-0.214348,0.265933,-0.0353663,0.229395,-5.24231e-18
6.705,-0.212089,0.252228,-0.214348,0.265933,-0.0353663,0.229395,-5.24231e-18
6.706,-0.212089,0.252228,-0.214348,0.265933,-0.0353663,0.229395,-5.24231e-18
6.707,-0.212089,0.252228,-0.214348,0.265933,-0.0353663,0.229395,-5.24231e-18
6.708,-0.212089,0.252228,-0.214348,0.265933,-0.0353663,0.229395,-5.24231e-18
6.709,-0.212089,0.252228,-0.214348,0.265933,-0.0353663,0.229395,-5.24231e-18
6.71,-0.212089,0.252228,-0.214348,0.265933,-0.0353663,0.229395,-5.24231e-18
6.711,-0.212089,0.252228,-0.214348,0.265933,-0.0353663,0.229395,-5.24231e-18
6.712,-0.212089,0.252228,-0.214348,0.265933,-0.0353663,0.229395,-5.24231e-18
6.713,-0.212089,0.252228,-0.214348,0.265933,-0.0353663,0.229395,-5.24231e-18
6.714,-0.212089,0.252228,-0.214348,0.265933,-0.0353663,0.229395,-5.24231e-18
6.715,-0.212089,0.252228,-0.214348,0.265933,-0.0353663,0.229395,-5.24231e-18
6.716,-0.212089,0.252228,-0.214348,0.265933,-0.0353663,0.229395,-5.24231e-18
6.717,-0.212089,0.252228,-0.214348,0.265933,-0.0353663,0.229395,-5.24231e-18
6.718,-0.212089,0.252228,-0.214348,0.265933,-0.0353663,0.229395,-5.24231e-18
6.719,-0.212089,0.252228,-0.214348,0.265933,-0.0353663,0.229395,-5.24231e-18
6.72,-0.212089,0.252228,-0.214348,0.265933,-0.0353663,0.229395,-5.24231e-18
6.721,-0.212089,0.252228,-0.214348,0.265933,-0.0353663,0.229395,-5.24231e-18
6.722,-0.212089,0.252228,-0.214348,0.265933,-0.0353663,0.229395,-5.24231e-18
6.723,-0.212089,0.252228,-0.214348,0.265933,-0.0353663,0.229395,-5.24231e-18
6.724,-0.212089,0.252228,-0.214348,0.265933,-0.0353663,0.229395,-5.24231e-18
6.725,-0.212089,0.252228,-0.214348,0.265933,-0.0353663,0.229395,-5.24231e-18
6.726,-0.212089,0.252228,-0.214348,0.265933,-0.0353663,0.229395,-5.24231e-18
6.727,-0.212089,0.252228,-0.214348,0.265933,-0.0353663,0.229395,-5.24231e-18
6.728,-0.212089,0.252228,-0.214348,0.265933,-0.0353663,0.229395,-5.24231e-18
6.729,-0.212089,0.252228,-0.214348,0.265933,-0.0353663,0.229395,-5.24231e-18
6.73,-0.212089,0.252228,-0.214348,0.265933,-0.0353663,0.229395,-5.24231e-18
6.731,-0.212089,0.252228,-0.214348,0.265933,-0.0353663,0.229395,-5.24231e-18
6.732,-0.212089,0.252228,-0.214348,0.265933,-0.0353663,0.229395,-5.24231e-18
6.733,-0.212089,0.252228,-0.214348,0.265933,-0.0353663,0.229395,-5.24231e-18
6.734,-0.212089,0.252228,-0.214348,0.265933,-0.0353663,0.229395,-5.24231e-18
6.735,-0.212089,0.252228,-0.214348,0.265933,-0.0353663,0.229395,-5.24231e-18
6.736,-0.212089,0.252228,-0.214348,0.265933,-0.0353663,0.229395,-5.24231e-18
6.737,-0.212089,0.252228,-0.214348,0.265933,-0.0353663,0.229395,-5.24231e-18
6.738,-0.212089,0.252228,-0.214348,0.265933,-0.0353663,0.229395,-5.24231e-18
6.739,-0.212089,0.252228,-0.214348,0.265933,-0.0353663,0.229395,-5.24231e-18
6.74,-0.212089,0.252228,-0.214348,0.265933,-0.0353663,0.229395,-5.24231e-18
6.741,-0.212089,0.252228,-0.214348,0.265933,-0.0353663,0.229395,-5.24231e-18
6.742,-0.212089,0.252228,-0.214348,0.265933,-0.0353663,0.229395,-5.24231e-18
6.743,-0.212089,0.252228,-0.214348,0.265933,-0.0353663,0.229395,-5.24231e-18
6.744,-0.212089,0.252228,-0.214348,0.265933,-0.0353663,0.229395,-5.24231e-18
6.745,-0.212089,0.252228,-0.214348,0.265933,-0.0353663,0.229395,-5.24231e-18
6.746,-0.212089,0.252228,-0.214348,0.265933,-0.0353663,0.229395,-5.24231e-18
6.747,-0.212089,0.252228,-0.214348,0.265933,-0.0353663,0.229395,-5.24231e-18
6.748,-0.212089,0.252228,-0.214348,0.265933,-0.0353663,0.229395,-5.24231e-18
6.749,-0.212089,0.252228,-0.214348,0.265933,-0.0353663,0.229395,-5.24231e-18
6.75,-0.212089,0.252228,-0.214348,0.265933,-0.0353663,0.229395,-5.24231e-18
6.751,-0.212089,0.252228,-0.214348,0.265933,-0.0353663,0.229395,-5.24231e-18
6.752,-0.212089,0.252228,-0.214348,0.265933,-0.0353663,0.229395,-5.24231e-18
6.753,-0.212089,0.252228,-0.214348,0.265933,-0.0353663,0.229395,-5.24231e-18
6.754,-0.212089,0.252228,-0.214348,0.265933,-0.0353663,0.229395,-5.24231e-18
6.755,-0.212089,0.252228,-0.214348,0.265933,-0.0353663,0.229395,-5.24231e-18
6.756,-0.212089,0.252228,-0.214348,0.265933,-0.0353663,0.229395,-5.24231e-18
6.757,-0.212089,0.252228,-0.214348,0.265933,-0.0353663,0.229395,-5.24231e-18
6.758,-0.212089,0.252228,-0.214348,0.265933,-0.0353663,0.229395,-5.24231e-18
6.759,-0.212089,0.252228,-0.214348,0.265933,-0.0353663,0.229395,-5.24231e-18
6.76,-0.212089,0.252228,-0.214348,0.265933,-0.0353663,0.229395,-5.24231e-18
6.761,-0.212089,0.252228,-0.214348,0.265933,-0.0353663,0.229395,-5.24231e-18
6.762,-0.212089,0.252228,-0.214348,0.265933,-0.0353663,0.229395,-5.24231e-18
6.763,-0.212089,0.252228,-0.214348,0.265933,-0.0353663,0.229395,-5.24231e-18
6.764,-0.212089,0.252228,-0.214348,0.265933,-0.0353663,0.229395,-5.24231e-18
6.765,-0.212089,0.252228,-0.214348,0.265933,-0.0353663,0.229395,-5.24231e-18
6.766,-0.212089,0.252228,-0.214348,0.265933,-0.0353663,0.229395,-5.24231e-18
6.767,-0.212089,0.252228,-0.214348,0.265933,-0.0353663,0.229395,-5.24231e-18
6.768,-0.212089,0.252228,-0.214348,0.265933,-0.0353663,0.229395,-5.24231e-18
6.769,-0.212089,0.252228,-0.214348,0.265933,-0.0353663,0.229395,-5.24231e-18
6.77,-0.212089,0.252228,-0.214348,0.265933,-0.0353663,0.229395,-5.24231e-18
6.771,-0.212089,0.252228,-0.214348,0.265933,-0.0353663,0.229395,-5.24231e-18
6.772,-0.212089,0.252228,-0.214348,0.265933,-0.0353663,0.229395,-5.24231e-18
6.773,-0.212089,0.252228,-0.214348,0.265933,-0.0353663,0.229395,-5.24231e-18
6.774,-0.212089,0.252228,-0.214348,0.265933,-0.0353663,0.229395,-5.24231e-18
6.775,-0.212089,0.252228,-0.214348,0.265933,-0.0353663,0.229395,-5.24231e-18
6.776,-0.212089,0.252228,-0.214348,0.265933,-0.0353663,0.229395,-5.24231e-18
6.777,-0.212089,0.252228,-0.214348,0.265933,-0.0353663,0.229395,-5.24231e-18
6.778,-0.212089,0.252228,-0.214348,0.265933,-0.0353663,0.229395,-5.24231e-18
6.779,-0.212089,0.252228,-0.214348,0.265933,-0.0353663,0.229395,-5.24231e-18
6.78,-0.212089,0.252228,-0.214348,0.265933,-0.0353663,0.229395,-5.24231e-18
6.781,-0.212089,0.252228,-0.214348,0.265933,-0.0353663,0.229395,-5.24231e-18
6.782,-0.212089,0.252228,-0.214348,0.265933,-0.0353663,0.229395,-5.24231e-18
6.783,-0.212089,0.252228,-0.214348,0.265933,-0.0353663,0.229395,-5.24231e-18
6.784,-0.212089,0.252228,-0.214348,0.265933,-0.0353663,0.229395,-5.24231e-18
6.785,-0.212089,0.252228,-0.214348,0.265933,-0.0353663,0.229395,-5.24231e-18
6.786,-0.212089,0.252228,-0.214348,0.265933,-0.0353663,0.229395,-5.24231e-18
6.787,-0.212089,0.252228,-0.214348,0.265933,-0.0353663,0.229395,-5.24231e-18
6.788,-0.212089,0.252228,-0.214348,0.265933,-0.0353663,0.229395,-5.24231e-18
6.789,-0.212089,0.252228,-0.214348,0.265933,-0.0353663,0.229395,-5.24231e-18
6.79,-0.212089,0.252228,-0.214348,0.265933,-0.0353663,0.229395,-5.24231e-18
6.791,-0.212089,0.252228,-0.214348,0.265933,-0.0353663,0.229395,-5.24231e-18
6.792,-0.212089,0.252228,-0.214348,0.265933,-0.0353663,0.229395,-5.24231e-18
6.793,-0.212089,0.252228,-0.214348,0.265933,-0.0353663,0.229395,-5.24231e-18
6.794,-0.212089,0.252228,-0.214348,0.265933,-0.0353663,0.229395,-5.24231e-18
6.795,-0.212089,0.252228,-0.214348,0.265933,-0.0353663,0.229395,-5.24231e-18
6.796,-0.212089,0.252228,-0.214348,0.265933,-0.0353663,0.229395,-5.24231e-18
6.797,-0.212089,0.252228,-0.214348,0.265933,-0.0353663,0.229395,-5.24231e-18
6.798,-0.212089,0.252228,-0.214348,0.265933,-0.0353663,0.229395,-5.24231e-18
6.799,-0.212089,0.252228,-0.214348,0.265933,-0.0353663,0.229395,-5.24231e-18
6.8,-0.212089,0.252228,-0.214348,0.265933,-0.0353663,0.229395,-5.24231e-18
6.801,-0.212089,0.252228,-0.214348,0.265933,-0.0353663,0.229395,-5.24231e-18
6.802,-0.212089,0.252228,-0.214348,0.265933,-0.0353663,0.229395,-5.24231e-18
6.803,-0.212089,0.252228,-0.214348,0.265933,-0.0353663,0.229395,-5.24231e-18
6.804,-0.212089,0.252228,-0.214348,0.265933,-0.0353663,0.229395,-5.24231e-18
6.805,-0.212089,0.252228,-0.214348,0.265933,-0.0353663,0.229395,-5.24231e-18
6.806,-0.212089,0.252228,-0.214348,0.265933,-0.0353663,0.229395,-5.24231e-18
6.807,-0.212089,0.252228,-0.214348,0.265933,-0.0353663,0.229395,-5.24231e-18
6.808,-0.212089,0.252228,-0.214348,0.265933,-0.0353663,0.229395,-5.24231e-18
6.809,-0.212089,0.252228,-0.214348,0.265933,-0.0353663,0.229395,-5.24231e-18
6.81,-0.212089,0.252228,-0.214348,0.265933,-0.0353663,0.229395,-5.24231e-18
6.811,-0.212089,0.252228,-0.214348,0.265933,-0.0353663,0.229395,-5.24231e-18
6.812,-0.212089,0.252228,-0.214348,0.265933,-0.0353663,0.229395,-5.24231e-18
6.813,-0.212089,0.252228,-0.214348,0.265933,-0.0353663,0.229395,-5.24231e-18
6.814,-0.212089,0.252228,-0.214348,0.265933,-0.0353663,0.229395,-5.24231e-18
6.815,-0.212089,0.252228,-0.214348,0.265933,-0.0353663,0.229395,-5.24231e-18
6.816,-0.212089,0.252228,-0.214348,0.265933,-0.0353663,0.229395,-5.24231e-18
6.817,-0.212089,0.252228,-0.214348,0.265933,-0.0353663,0.229395,-5.24231e-18
6.818,-0.212089,0.252228,-0.214348,0.265933,-0.0353663,0.229395,-5.24231e-18
6.819,-0.212089,0.252228,-0.214348,0.265933,-0.0353663,0.229395,-5.24231e-18
6.82,-0.212089,0.252228,-0.214348,0.265933,-0.0353663,0.229395,-5.24231e-18
6.821,-0.212089,0.252228,-0.214348,0.265933,-0.0353663,0.229395,-5.24231e-18
6.822,-0.212089,0.252228,-0.214348,0.265933,-0.0353663,0.229395,-5.24231e-18
6.823,-0.212089,0.252228,-0.214348,0.265933,-0.0353663,0.229395,-5.24231e-18
6.824,-0.212089,0.252228,-0.214348,0.265933,-0.0353663,0.229395,-5.24231e-18
6.825,-0.212089,0.252228,-0.214348,0.265933,-0.0353663,0.229395,-5.24231e-18
6.826,-0.212089,0.252228,-0.214348,0.265933,-0.0353663,0.229395,-5.24231e-18
6.827,-0.212089,0.252228,-0.214348,0.265933,-0.0353663,0.229395,-5.24231e-18
6.828,-0.212089,0.252228,-0.214348,0.265933,-0.0353663,0.229395,-5.24231e-18
6.829,-0.212089,0.252228,-0.214348,0.265933,-0.0353663,0.229395,-5.24231e-18
6.83,-0.212089,0.252228,-0.214348,0.265933,-0.0353663,0.229395,-5.24231e-18
6.831,-0.212089,0.252228,-0.214348,0.265933,-0.0353663,0.229395,-5.24231e-18
6.832,-0.212089,0.252228,-0.214348,0.265933,-0.0353663,0.229395,-5.24231e-18
6.833,-0.212089,0.252228,-0.214348,0.265933,-0.0353663,0.229395,-5.24231e-18
6.834,-0.212089,0.252228,-0.214348,0.265933,-0.0353663,0.229395,-5.24231e-18
6.835,-0.212089,0.252228,-0.214348,0.265933,-0.0353663,0.229395,-5.24231e-18
6.836,-0.212089,0.252228,-0.214348,0.265933,-0.0353663,0.229395,-5.24231e-18
6.837,-0.212089,0.252228,-0.214348,0.265933,-0.0353663,0.229395,-5.24231e-18
6.838,-0.212089,0.252228,-0.214348,0.265933,-0.0353663,0.229395,-5.24231e-18
6.839,-0.212089,0.252228,-0.214348,0.265933,-0.0353663,0.229395,-5.24231e-18
6.84,-0.212089,0.252228,-0.214348,0.265933,-0.0353663,0.229395,-5.24231e-18
6.841,-0.212089,0.252228,-0.214348,0.265933,-0.0353663,0.229395,-5.24231e-18
6.842,-0.212089,0.252228,-0.214348,0.265933,-0.0353663,0.229395,-5.24231e-18
6.843,-0.212089,0.252228,-0.214348,0.265933,-0.0353663,0.229395,-5.24231e-18
6.844,-0.212089,0.252228,-0.214348,0.265933,-0.0353663,0.229395,-5.24231e-18
6.845,-0.212089,0.252228,-0.214348,0.265933,-0.0353663,0.229395,-5.24231e-18
6.846,-0.212089,0.252228,-0.214348,0.265933,-0.0353663,0.229395,-5.24231e-18
6.847,-0.212089,0.252228,-0.214348,0.265933,-0.0353663,0.229395,-5.24231e-18
6.848,-0.212089,0.252228,-0.214348,0.265933,-0.0353663,0.229395,-5.24231e-18
6.849,-0.212089,0.252228,-0.214348,0.265933,-0.0353663,0.229395,-5.24231e-18
6.85,-0.212089,0.252228,-0.214348,0.265933,-0.0353663,0.229395,-5.24231e-18
6.851,-0.212089,0.252228,-0.214348,0.265933,-0.0353663,0.229395,-5.24231e-18
6.852,-0.212089,0.252228,-0.214348,0.265933,-0.0353663,0.229395,-5.24231e-18
6.853,-0.212089,0.252228,-0.214348,0.265933,-0.0353663,0.229395,-5.24231e-18
6.854,-0.212089,0.252228,-0.214348,0.265933,-0.0353663,0.229395,-5.24231e-18
6.855,-0.212089,0.252228,-0.214348,0.265933,-0.0353663,0.229395,-5.24231e-18
6.856,-0.212089,0.252228,-0.214348,0.265933,-0.0353663,0.229395,-5.24231e-18
6.857,-0.212089,0.252228,-0.214348,0.265933,-0.0353663,0.229395,-5.24231e-18
6.858,-0.212089,0.252228,-0.214348,0.265933,-0.0353663,0.229395,-5.24231e-18
6.859,-0.212089,0.252228,-0.214348,0.265933,-0.0353663,0.229395,-5.24231e-18
6.86,-0.212089,0.252228,-0.214348,0.265933,-0.0353663,0.229395,-5.24231e-18
6.861,-0.212089,0.252228,-0.214348,0.265933,-0.0353663,0.229395,-5.24231e-18
6.862,-0.212089,0.252228,-0.214348,0.265933,-0.0353663,0.229395,-5.24231e-18
6.863,-0.212089,0.252228,-0.214348,0.265933,-0.0353663,0.229395,-5.24231e-18
6.864,-0.212089,0.252228,-0.214348,0.265933,-0.0353663,0.229395,-5.24231e-18
6.865,-0.212089,0.252228,-0.214348,0.265933,-0.0353663,0.229395,-5.24231e-18
6.866,-0.212089,0.252228,-0.214348,0.265933,-0.0353663,0.229395,-5.24231e-18
6.867,-0.212089,0.252228,-0.214348,0.265933,-0.0353663,0.229395,-5.24231e-18
6.868,-0.212089,0.252228,-0.214348,0.265933,-0.0353663,0.229395,-5.24231e-18
6.869,-0.212089,0.252228,-0.214348,0.265933,-0.0353663,0.229395,-5.24231e-18
6.87,-0.212089,0.252228,-0.214348,0.265933,-0.0353663,0.229395,-5.24231e-18
6.871,-0.212089,0.252228,-0.214348,0.265933,-0.0353663,0.229395,-5.24231e-18
6.872,-0.212089,0.252228,-0.214348,0.265933,-0.0353663,0.229395,-5.24231e-18
6.873,-0.212089,0.252228,-0.214348,0.265933,-0.0353663,0.229395,-5.24231e-18
6.874,-0.212089,0.252228,-0.214348,0.265933,-0.0353663,0.229395,-5.24231e-18
6.875,-0.212089,0.252228,-0.214348,0.265933,-0.0353663,0.229395,-5.24231e-18
6.876,-0.212089,0.252228,-0.214348,0.265933,-0.0353663,0.229395,-5.24231e-18
6.877,-0.212089,0.252228,-0.214348,0.265933,-0.0353663,0.229395,-5.24231e-18
6.878,-0.212089,0.252228,-0.214348,0.265933,-0.0353663,0.229395,-5.24231e-18
6.879,-0.212089,0.252228,-0.214348,0.265933,-0.0353663,0.229395,-5.24231e-18
6.88,-0.212089,0.252228,-0.214348,0.265933,-0.0353663,0.229395,-5.24231e-18
6.881,-0.212089,0.252228,-0.214348,0.265933,-0.0353663,0.229395,-5.24231e-18
6.882,-0.212089,0.252228,-0.214348,0.265933,-0.0353663,0.229395,-5.24231e-18
6.883,-0.212089,0.252228,-0.214348,0.265933,-0.0353663,0.229395,-5.24231e-18
6.884,-0.212089,0.252228,-0.214348,0.265933,-0.0353663,0.229395,-5.24231e-18
6.885,-0.212089,0.252228,-0.214348,0.265933,-0.0353663,0.229395,-5.24231e-18
6.886,-0.212089,0.252228,-0.214348,0.265933,-0.0353663,0.229395,-5.24231e-18
6.887,-0.212089,0.252228,-0.214348,0.265933,-0.0353663,0.229395,-5.24231e-18
6.888,-0.212089,0.252228,-0.214348,0.265933,-0.0353663,0.229395,-5.24231e-18
6.889,-0.212089,0.252228,-0.214348,0.265933,-0.0353663,0.229395,-5.24231e-18
6.89,-0.212089,0.252228,-0.214348,0.265933,-0.0353663,0.229395,-5.24231e-18
6.891,-0.212089,0.252228,-0.214348,0.265933,-0.0353663,0.229395,-5.24231e-18
6.892,-0.212089,0.252228,-0.214348,0.265933,-0.0353663,0.229395,-5.24231e-18
6.893,-0.212089,0.252228,-0.214348,0.265933,-0.0353663,0.229395,-5.24231e-18
6.894,-0.212089,0.252228,-0.214348,0.265933,-0.0353663,0.229395,-5.24231e-18
6.895,-0.212089,0.252228,-0.214348,0.265933,-0.0353663,0.229395,-5.24231e-18
6.896,-0.212089,0.252228,-0.214348,0.265933,-0.0353663,0.229395,-5.24231e-18
6.897,-0.212089,0.252228,-0.214348,0.265933,-0.0353663,0.229395,-5.24231e-18
6.898,-0.212089,0.252228,-0.214348,0.265933,-0.0353663,0.229395,-5.24231e-18
6.899,-0.212089,0.252228,-0.214348,0.265933,-0.0353663,0.229395,-5.24231e-18
6.9,-0.212089,0.252228,-0.214348,0.265933,-0.0353663,0.229395,-5.24231e-18
6.901,-0.212089,0.252228,-0.214348,0.265933,-0.0353663,0.229395,-5.24231e-18
6.902,-0.212089,0.252228,-0.214348,0.265933,-0.0353663,0.229395,-5.24231e-18
6.903,-0.212089,0.252228,-0.214348,0.265933,-0.0353663,0.229395,-5.24231e-18
6.904,-0.212089,0.252228,-0.214348,0.265933,-0.0353663,0.229395,-5.24231e-18
6.905,-0.212089,0.252228,-0.214348,0.265933,-0.0353663,0.229395,-5.24231e-18
6.906,-0.212089,0.252228,-0.214348,0.265933,-0.0353663,0.229395,-5.24231e-18
6.907,-0.212089,0.252228,-0.214348,0.265933,-0.0353663,0.229395,-5.24231e-18
6.908,-0.212089,0.252228,-0.214348,0.265933,-0.0353663,0.229395,-5.24231e-18
6.909,-0.212089,0.252228,-0.214348,0.265933,-0.0353663,0.229395,-5.24231e-18
6.91,-0.212089,0.252228,-0.214348,0.265933,-0.0353663,0.229395,-5.24231e-18
6.911,-0.212089,0.252228,-0.214348,0.265933,-0.0353663,0.229395,-5.24231e-18
6.912,-0.212089,0.252228,-0.214348,0.265933,-0.0353663,0.229395,-5.24231e-18
6.913,-0.212089,0.252228,-0.214348,0.265933,-0.0353663,0.229395,-5.24231e-18
6.914,-0.212089,0.252228,-0.214348,0.265933,-0.0353663,0.229395,-5.24231e-18
6.915,-0.212089,0.252228,-0.214348,0.265933,-0.0353663,0.229395,-5.24231e-18
6.916,-0.212089,0.252228,-0.214348,0.265933,-0.0353663,0.229395,-5.24231e-18
6.917,-0.212089,0.252228,-0.214348,0.265933,-0.0353663,0.229395,-5.24231e-18
6.918,-0.212089,0.252228,-0.214348,0.265933,-0.0353663,0.229395,-5.24231e-18
6.919,-0.212089,0.252228,-0.214348,0.265933,-0.0353663,0.229395,-5.24231e-18
6.92,-0.212089,0.252228,-0.214348,0.265933,-0.0353663,0.229395,-5.24231e-18
6.921,-0.212089,0.252228,-0.214348,0.265933,-0.0353663,0.229395,-5.24231e-18
6.922,-0.212089,0.252228,-0.214348,0.265933,-0.0353663,0.229395,-5.24231e-18
6.923,-0.212089,0.252228,-0.214348,0.265933,-0.0353663,0.229395,-5.24231e-18
6.924,-0.212089,0.252228,-0.214348,0.265933,-0.0353663,0.229395,-5.24231e-18
6.925,-0.212089,0.252228,-0.214348,0.265933,-0.0353663,0.229395,-5.24231e-18
6.926,-0.212089,0.252228,-0.214348,0.265933,-0.0353663,0.229395,-5.24231e-18
6.927,-0.212089,0.252228,-0.214348,0.265933,-0.0353663,0.229395,-5.24231e-18
6.928,-0.212089,0.252228,-0.214348,0.265933,-0.0353663,0.229395,-5.24231e-18
6.929,-0.212089,0.252228,-0.214348,0.265933,-0.0353663,0.229395,-5.24231e-18
6.93,-0.212089,0.252228,-0.214348,0.265933,-0.0353663,0.229395,-5.24231e-18
6.931,-0.212089,0.252228,-0.214348,0.265933,-0.0353663,0.229395,-5.24231e-18
6.932,-0.212089,0.252228,-0.214348,0.265933,-0.0353663,0.229395,-5.24231e-18
6.933,-0.212089,0.252228,-0.214348,0.265933,-0.0353663,0.229395,-5.24231e-18
6.934,-0.212089,0.252228,-0.214348,0.265933,-0.0353663,0.229395,-5.24231e-18
6.935,-0.212089,0.252228,-0.214348,0.265933,-0.0353663,0.229395,-5.24231e-18
6.936,-0.212089,0.252228,-0.214348,0.265933,-0.0353663,0.229395,-5.24231e-18
6.937,-0.212089,0.252228,-0.214348,0.265933,-0.0353663,0.229395,-5.24231e-18
6.938,-0.212089,0.252228,-0.214348,0.265933,-0.0353663,0.229395,-5.24231e-18
6.939,-0.212089,0.252228,-0.214348,0.265933,-0.0353663,0.229395,-5.24231e-18
6.94,-0.212089,0.252228,-0.214348,0.265933,-0.0353663,0.229395,-5.24231e-18
6.941,-0.212089,0.252228,-0.214348,0.265933,-0.0353663,0.229395,-5.24231e-18
6.942,-0.212089,0.252228,-0.214348,0.265933,-0.0353663,0.229395,-5.24231e-18
6.943,-0.212089,0.252228,-0.214348,0.265933,-0.0353663,0.229395,-5.24231e-18
6.944,-0.212089,0.252228,-0.214348,0.265933,-0.0353663,0.229395,-5.24231e-18
6.945,-0.212089,0.252228,-0.214348,0.265933,-0.0353663,0.229395,-5.24231e-18
6.946,-0.212089,0.252228,-0.214348,0.265933,-0.0353663,0.229395,-5.24231e-18
6.947,-0.212089,0.252228,-0.214348,0.265933,-0.0353663,0.229395,-5.24231e-18
6.948,-0.212089,0.252228,-0.214348,0.265933,-0.0353663,0.229395,-5.24231e-18
6.949,-0.212089,0.252228,-0.214348,0.265933,-0.0353663,0.229395,-5.24231e-18
6.95,-0.212089,0.252228,-0.214348,0.265933,-0.0353663,0.229395,-5.24231e-18
6.951,-0.212089,0.252228,-0.214348,0.265933,-0.0353663,0.229395,-5.24231e-18
6.952,-0.212089,0.252228,-0.214348,0.265933,-0.0353663,0.229395,-5.24231e-18
6.953,-0.212089,0.252228,-0.214348,0.265933,-0.0353663,0.229395,-5.24231e-18
6.954,-0.212089,0.252228,-0.214348,0.265933,-0.0353663,0.229395,-5.24231e-18
6.955,-0.212089,0.252228,-0.214348,0.265933,-0.0353663,0.229395,-5.24231e-18
6.956,-0.212089,0.252228,-0.214348,0.265933,-0.0353663,0.229395,-5.24231e-18
6.957,-0.212089,0.252228,-0.214348,0.265933,-0.0353663,0.229395,-5.24231e-18
6.958,-0.212089,0.252228,-0.214348,0.265933,-0.0353663,0.229395,-5.24231e-18
6.959,-0.212089,0.252228,-0.214348,0.265933,-0.0353663,0.229395,-5.24231e-18
6.96,-0.212089,0.252228,-0.214348,0.265933,-0.0353663,0.229395,-5.24231e-18
6.961,-0.212089,0.252228,-0.214348,0.265933,-0.0353663,0.229395,-5.24231e-18
6.962,-0.212089,0.252228,-0.214348,0.265933,-0.0353663,0.229395,-5.24231e-18
6.963,-0.212089,0.252228,-0.214348,0.265933,-0.0353663,0.229395,-5.24231e-18
6.964,-0.212089,0.252228,-0.214348,0.265933,-0.0353663,0.229395,-5.24231e-18
6.965,-0.212089,0.252228,-0.214348,0.265933,-0.0353663,0.229395,-5.24231e-18
6.966,-0.212089,0.252228,-0.214348,0.265933,-0.0353663,0.229395,-5.24231e-18
6.967,-0.212089,0.252228,-0.214348,0.265933,-0.0353663,0.229395,-5.24231e-18
6.968,-0.212089,0.252228,-0.214348,0.265933,-0.0353663,0.229395,-5.24231e-18
6.969,-0.212089,0.252228,-0.214348,0.265933,-0.0353663,0.229395,-5.24231e-18
6.97,-0.212089,0.252228,-0.214348,0.265933,-0.0353663,0.229395,-5.24231e-18
6.971,-0.212089,0.252228,-0.214348,0.265933,-0.0353663,0.229395,-5.24231e-18
6.972,-0.212089,0.252228,-0.214348,0.265933,-0.0353663,0.229395,-5.24231e-18
6.973,-0.212089,0.252228,-0.214348,0.265933,-0.0353663,0.229395,-5.24231e-18
6.974,-0.212089,0.252228,-0.214348,0.265933,-0.0353663,0.229395,-5.24231e-18
6.975,-0.212089,0.252228,-0.214348,0.265933,-0.0353663,0.229395,-5.24231e-18
6.976,-0.212089,0.252228,-0.214348,0.265933,-0.0353663,0.229395,-5.24231e-18
6.977,-0.212089,0.252228,-0.214348,0.265933,-0.0353663,0.229395,-5.24231e-18
6.978,-0.212089,0.252228,-0.214348,0.265933,-0.0353663,0.229395,-5.24231e-18
6.979,-0.212089,0.252228,-0.214348,0.265933,-0.0353663,0.229395,-5.24231e-18
6.98,-0.212089,0.252228,-0.214348,0.265933,-0.0353663,0.229395,-5.24231e-18
6.981,-0.212089,0.252228,-0.214348,0.265933,-0.0353663,0.229395,-5.24231e-18
6.982,-0.212089,0.252228,-0.214348,0.265933,-0.0353663,0.229395,-5.24231e-18
6.983,-0.212089,0.252228,-0.214348,0.265933,-0.0353663,0.229395,-5.24231e-18
6.984,-0.212089,0.252228,-0.214348,0.265933,-0.0353663,0.229395,-5.24231e-18
6.985,-0.212089,0.252228,-0.214348,0.265933,-0.0353663,0.229395,-5.24231e-18
6.986,-0.212089,0.252228,-0.214348,0.265933,-0.0353663,0.229395,-5.24231e-18
6.986,-0.212089,0.252228,-0.214348,0.265933,-0.0353663,0.229395,-5.24231e-18
6.988,-0.212089,0.252228,-0.214348,0.265933,-0.0353663,0.229395,-5.24231e-18
6.989,-0.212089,0.252228,-0.214348,0.265933,-0.0353663,0.229395,-5.24231e-18
6.99,-0.212089,0.252228,-0.214348,0.265933,-0.0353663,0.229395,-5.24231e-18
6.991,-0.212089,0.252228,-0.214348,0.265933,-0.0353663,0.229395,-5.24231e-18
6.992,-0.212089,0.252228,-0.214348,0.265933,-0.0353663,0.229395,-5.24231e-18
6.993,-0.212089,0.252228,-0.214348,0.265933,-0.0353663,0.229395,-5.24231e-18
6.994,-0.212089,0.252228,-0.214348,0.265933,-0.0353663,0.229395,-5.24231e-18
6.995,-0.212089,0.252228,-0.214348,0.265933,-0.0353663,0.229395,-5.24231e-18
6.996,-0.212089,0.252228,-0.214348,0.265933,-0.0353663,0.229395,-5.24231e-18
6.997,-0.212089,0.252228,-0.214348,0.265933,-0.0353663,0.229395,-5.24231e-18
6.998,-0.212089,0.252228,-0.214348,0.265933,-0.0353663,0.229395,-5.24231e-18
6.999,-0.212089,0.252228,-0.214348,0.265933,-0.0353663,0.229395,-5.24231e-18
7,-0.212089,0.252228,-0.214348,0.265933,-0.0353663,0.229395,-5.24231e-18
7.001,-0.212089,0.252228,-0.214348,0.265933,-0.0353663,0.229395,-5.24231e-18
7.002,-0.212089,0.252228,-0.214348,0.265933,-0.0353663,0.229395,-5.24231e-18
7.003,-0.212089,0.252228,-0.214348,0.265933,-0.0353663,0.229395,-5.24231e-18
7.004,-0.212089,0.252228,-0.214348,0.265933,-0.0353663,0.229395,-5.24231e-18
7.005,-0.212089,0.252228,-0.214348,0.265933,-0.0353663,0.229395,-5.24231e-18
7.006,-0.212089,0.252228,-0.214348,0.265933,-0.0353663,0.229395,-5.24231e-18
7.007,-0.212089,0.252228,-0.214348,0.265933,-0.0353663,0.229395,-5.24231e-18
7.008,-0.212089,0.252228,-0.214348,0.265933,-0.0353663,0.229395,-5.24231e-18
7.009,-0.212089,0.252228,-0.214348,0.265933,-0.0353663,0.229395,-5.24231e-18
7.01,-0.212089,0.252228,-0.214348,0.265933,-0.0353663,0.229395,-5.24231e-18
7.011,-0.212089,0.252228,-0.214348,0.265933,-0.0353663,0.229395,-5.24231e-18
7.012,-0.212089,0.252228,-0.214348,0.265933,-0.0353663,0.229395,-5.24231e-18
7.013,-0.212089,0.252228,-0.214348,0.265933,-0.0353663,0.229395,-5.24231e-18
7.014,-0.212089,0.252228,-0.214348,0.265933,-0.0353663,0.229395,-5.24231e-18
7.015,-0.212089,0.252228,-0.214348,0.265933,-0.0353663,0.229395,-5.24231e-18
7.016,-0.212089,0.252228,-0.214348,0.265933,-0.0353663,0.229395,-5.24231e-18
7.017,-0.212089,0.252228,-0.214348,0.265933,-0.0353663,0.229395,-5.24231e-18
7.018,-0.212089,0.252228,-0.214348,0.265933,-0.0353663,0.229395,-5.24231e-18
7.019,-0.212089,0.252228,-0.214348,0.265933,-0.0353663,0.229395,-5.24231e-18
7.02,-0.212089,0.252228,-0.214348,0.265933,-0.0353663,0.229395,-5.24231e-18
7.021,-0.212089,0.252228,-0.214348,0.265933,-0.0353663,0.229395,-5.24231e-18
7.022,-0.212089,0.252228,-0.214348,0.265933,-0.0353663,0.229395,-5.24231e-18
7.023,-0.212089,0.252228,-0.214348,0.265933,-0.0353663,0.229395,-5.24231e-18
7.024,-0.212089,0.252228,-0.214348,0.265933,-0.0353663,0.229395,-5.24231e-18
7.025,-0.212089,0.252228,-0.214348,0.265933,-0.0353663,0.229395,-5.24231e-18
7.026,-0.212089,0.252228,-0.214348,0.265933,-0.0353663,0.229395,-5.24231e-18
7.027,-0.212089,0.252228,-0.214348,0.265933,-0.0353663,0.229395,-5.24231e-18
7.028,-0.212089,0.252228,-0.214348,0.265933,-0.0353663,0.229395,-5.24231e-18
7.029,-0.212089,0.252228,-0.214348,0.265933,-0.0353663,0.229395,-5.24231e-18
7.03,-0.212089,0.252228,-0.214348,0.265933,-0.0353663,0.229395,-5.24231e-18
7.031,-0.212089,0.252228,-0.214348,0.265933,-0.0353663,0.229395,-5.24231e-18
7.032,-0.212089,0.252228,-0.214348,0.265933,-0.0353663,0.229395,-5.24231e-18
7.033,-0.212089,0.252228,-0.214348,0.265933,-0.0353663,0.229395,-5.24231e-18
7.034,-0.212089,0.252228,-0.214348,0.265933,-0.0353663,0.229395,-5.24231e-18
7.035,-0.212089,0.252228,-0.214348,0.265933,-0.0353663,0.229395,-5.24231e-18
7.036,-0.212089,0.252228,-0.214348,0.265933,-0.0353663,0.229395,-5.24231e-18
7.037,-0.212089,0.252228,-0.214348,0.265933,-0.0353663,0.229395,-5.24231e-18
7.038,-0.212089,0.252228,-0.214348,0.265933,-0.0353663,0.229395,-5.24231e-18
7.039,-0.212089,0.252228,-0.214348,0.265933,-0.0353663,0.229395,-5.24231e-18
7.04,-0.212089,0.252228,-0.214348,0.265933,-0.0353663,0.229395,-5.24231e-18
7.041,-0.212089,0.252228,-0.214348,0.265933,-0.0353663,0.229395,-5.24231e-18
7.042,-0.212089,0.252228,-0.214348,0.265933,-0.0353663,0.229395,-5.24231e-18
7.043,-0.212089,0.252228,-0.214348,0.265933,-0.0353663,0.229395,-5.24231e-18
7.044,-0.212089,0.252228,-0.214348,0.265933,-0.0353663,0.229395,-5.24231e-18
7.045,-0.212089,0.252228,-0.214348,0.265933,-0.0353663,0.229395,-5.24231e-18
7.046,-0.212089,0.252228,-0.214348,0.265933,-0.0353663,0.229395,-5.24231e-18
7.047,-0.212089,0.252228,-0.214348,0.265933,-0.0353663,0.229395,-5.24231e-18
7.048,-0.212089,0.252228,-0.214348,0.265933,-0.0353663,0.229395,-5.24231e-18
7.049,-0.212089,0.252228,-0.214348,0.265933,-0.0353663,0.229395,-5.24231e-18
7.05,-0.212089,0.252228,-0.214348,0.265933,-0.0353663,0.229395,-5.24231e-18
7.051,-0.212089,0.252228,-0.214348,0.265933,-0.0353663,0.229395,-5.24231e-18
7.052,-0.212089,0.252228,-0.214348,0.265933,-0.0353663,0.229395,-5.24231e-18
7.053,-0.212089,0.252228,-0.214348,0.265933,-0.0353663,0.229395,-5.24231e-18
7.054,-0.212089,0.252228,-0.214348,0.265933,-0.0353663,0.229395,-5.24231e-18
7.055,-0.212089,0.252228,-0.214348,0.265933,-0.0353663,0.229395,-5.24231e-18
7.056,-0.212089,0.252228,-0.214348,0.265933,-0.0353663,0.229395,-5.24231e-18
7.057,-0.212089,0.252228,-0.214348,0.265933,-0.0353663,0.229395,-5.24231e-18
7.058,-0.212089,0.252228,-0.214348,0.265933,-0.0353663,0.229395,-5.24231e-18
7.059,-0.212089,0.252228,-0.214348,0.265933,-0.0353663,0.229395,-5.24231e-18
7.06,-0.212089,0.252228,-0.214348,0.265933,-0.0353663,0.229395,-5.24231e-18
7.061,-0.212089,0.252228,-0.214348,0.265933,-0.0353663,0.229395,-5.24231e-18
7.062,-0.212089,0.252228,-0.214348,0.265933,-0.0353663,0.229395,-5.24231e-18
7.063,-0.212089,0.252228,-0.214348,0.265933,-0.0353663,0.229395,-5.24231e-18
7.064,-0.212089,0.252228,-0.214348,0.265933,-0.0353663,0.229395,-5.24231e-18
7.065,-0.212089,0.252228,-0.214348,0.265933,-0.0353663,0.229395,-5.24231e-18
7.066,-0.212089,0.252228,-0.214348,0.265933,-0.0353663,0.229395,-5.24231e-18
7.067,-0.212089,0.252228,-0.214348,0.265933,-0.0353663,0.229395,-5.24231e-18
7.068,-0.212089,0.252228,-0.214348,0.265933,-0.0353663,0.229395,-5.24231e-18
7.069,-0.212089,0.252228,-0.214348,0.265933,-0.0353663,0.229395,-5.24231e-18
7.07,-0.212089,0.252228,-0.214348,0.265933,-0.0353663,0.229395,-5.24231e-18
7.071,-0.212089,0.252228,-0.214348,0.265933,-0.0353663,0.229395,-5.24231e-18
7.072,-0.212089,0.252228,-0.214348,0.265933,-0.0353663,0.229395,-5.24231e-18
7.073,-0.212089,0.252228,-0.214348,0.265933,-0.0353663,0.229395,-5.24231e-18
7.074,-0.212089,0.252228,-0.214348,0.265933,-0.0353663,0.229395,-5.24231e-18
7.075,-0.212089,0.252228,-0.214348,0.265933,-0.0353663,0.229395,-5.24231e-18
7.076,-0.212089,0.252228,-0.214348,0.265933,-0.0353663,0.229395,-5.24231e-18
7.077,-0.212089,0.252228,-0.214348,0.265933,-0.0353663,0.229395,-5.24231e-18
7.078,-0.212089,0.252228,-0.214348,0.265933,-0.0353663,0.229395,-5.24231e-18
7.079,-0.212089,0.252228,-0.214348,0.265933,-0.0353663,0.229395,-5.24231e-18
7.08,-0.212089,0.252228,-0.214348,0.265933,-0.0353663,0.229395,-5.24231e-18
7.081,-0.212089,0.252228,-0.214348,0.265933,-0.0353663,0.229395,-5.24231e-18
7.082,-0.212089,0.252228,-0.214348,0.265933,-0.0353663,0.229395,-5.24231e-18
7.083,-0.212089,0.252228,-0.214348,0.265933,-0.0353663,0.229395,-5.24231e-18
7.084,-0.212089,0.252228,-0.214348,0.265933,-0.0353663,0.229395,-5.24231e-18
7.085,-0.212089,0.252228,-0.214348,0.265933,-0.0353663,0.229395,-5.24231e-18
7.086,-0.212089,0.252228,-0.214348,0.265933,-0.0353663,0.229395,-5.24231e-18
7.087,-0.212089,0.252228,-0.214348,0.265933,-0.0353663,0.229395,-5.24231e-18
7.088,-0.212089,0.252228,-0.214348,0.265933,-0.0353663,0.229395,-5.24231e-18
7.089,-0.212089,0.252228,-0.214348,0.265933,-0.0353663,0.229395,-5.24231e-18
7.09,-0.212089,0.252228,-0.214348,0.265933,-0.0353663,0.229395,-5.24231e-18
7.091,-0.212089,0.252228,-0.214348,0.265933,-0.0353663,0.229395,-5.24231e-18
7.092,-0.212089,0.252228,-0.214348,0.265933,-0.0353663,0.229395,-5.24231e-18
7.093,-0.212089,0.252228,-0.214348,0.265933,-0.0353663,0.229395,-5.24231e-18
7.094,-0.212089,0.252228,-0.214348,0.265933,-0.0353663,0.229395,-5.24231e-18
7.095,-0.212089,0.252228,-0.214348,0.265933,-0.0353663,0.229395,-5.24231e-18
7.096,-0.212089,0.252228,-0.214348,0.265933,-0.0353663,0.229395,-5.24231e-18
7.097,-0.212089,0.252228,-0.214348,0.265933,-0.0353663,0.229395,-5.24231e-18
7.098,-0.212089,0.252228,-0.214348,0.265933,-0.0353663,0.229395,-5.24231e-18
7.099,-0.212089,0.252228,-0.214348,0.265933,-0.0353663,0.229395,-5.24231e-18
7.1,-0.212089,0.252228,-0.214348,0.265933,-0.0353663,0.229395,-5.24231e-18
7.101,-0.212089,0.252228,-0.214348,0.265933,-0.0353663,0.229395,-5.24231e-18
7.102,-0.212089,0.252228,-0.214348,0.265933,-0.0353663,0.229395,-5.24231e-18
7.103,-0.212089,0.252228,-0.214348,0.265933,-0.0353663,0.229395,-5.24231e-18
7.104,-0.212089,0.252228,-0.214348,0.265933,-0.0353663,0.229395,-5.24231e-18
7.105,-0.212089,0.252228,-0.214348,0.265933,-0.0353663,0.229395,-5.24231e-18
7.106,-0.212089,0.252228,-0.214348,0.265933,-0.0353663,0.229395,-5.24231e-18
7.107,-0.212089,0.252228,-0.214348,0.265933,-0.0353663,0.229395,-5.24231e-18
7.108,-0.212089,0.252228,-0.214348,0.265933,-0.0353663,0.229395,-5.24231e-18
7.109,-0.212089,0.252228,-0.214348,0.265933,-0.0353663,0.229395,-5.24231e-18
7.11,-0.212089,0.252228,-0.214348,0.265933,-0.0353663,0.229395,-5.24231e-18
7.111,-0.212089,0.252228,-0.214348,0.265933,-0.0353663,0.229395,-5.24231e-18
7.112,-0.212089,0.252228,-0.214348,0.265933,-0.0353663,0.229395,-5.24231e-18
7.113,-0.212089,0.252228,-0.214348,0.265933,-0.0353663,0.229395,-5.24231e-18
7.114,-0.212089,0.252228,-0.214348,0.265933,-0.0353663,0.229395,-5.24231e-18
7.115,-0.212089,0.252228,-0.214348,0.265933,-0.0353663,0.229395,-5.24231e-18
7.116,-0.212089,0.252228,-0.214348,0.265933,-0.0353663,0.229395,-5.24231e-18
7.117,-0.212089,0.252228,-0.214348,0.265933,-0.0353663,0.229395,-5.24231e-18
7.118,-0.212089,0.252228,-0.214348,0.265933,-0.0353663,0.229395,-5.24231e-18
7.119,-0.212089,0.252228,-0.214348,0.265933,-0.0353663,0.229395,-5.24231e-18
7.12,-0.212089,0.252228,-0.214348,0.265933,-0.0353663,0.229395,-5.24231e-18
7.121,-0.212089,0.252228,-0.214348,0.265933,-0.0353663,0.229395,-5.24231e-18
7.122,-0.212089,0.252228,-0.214348,0.265933,-0.0353663,0.229395,-5.24231e-18
7.123,-0.212089,0.252228,-0.214348,0.265933,-0.0353663,0.229395,-5.24231e-18
7.124,-0.212089,0.252228,-0.214348,0.265933,-0.0353663,0.229395,-5.24231e-18
7.125,-0.212089,0.252228,-0.214348,0.265933,-0.0353663,0.229395,-5.24231e-18
7.126,-0.212089,0.252228,-0.214348,0.265933,-0.0353663,0.229395,-5.24231e-18
7.127,-0.212089,0.252228,-0.214348,0.265933,-0.0353663,0.229395,-5.24231e-18
7.128,-0.212089,0.252228,-0.214348,0.265933,-0.0353663,0.229395,-5.24231e-18
7.129,-0.212089,0.252228,-0.214348,0.265933,-0.0353663,0.229395,-5.24231e-18
7.13,-0.212089,0.252228,-0.214348,0.265933,-0.0353663,0.229395,-5.24231e-18
7.131,-0.212089,0.252228,-0.214348,0.265933,-0.0353663,0.229395,-5.24231e-18
7.132,-0.212089,0.252228,-0.214348,0.265933,-0.0353663,0.229395,-5.24231e-18
7.133,-0.212089,0.252228,-0.214348,0.265933,-0.0353663,0.229395,-5.24231e-18
7.134,-0.212089,0.252228,-0.214348,0.265933,-0.0353663,0.229395,-5.24231e-18
7.135,-0.212089,0.252228,-0.214348,0.265933,-0.0353663,0.229395,-5.24231e-18
7.136,-0.212089,0.252228,-0.214348,0.265933,-0.0353663,0.229395,-5.24231e-18
7.137,-0.212089,0.252228,-0.214348,0.265933,-0.0353663,0.229395,-5.24231e-18
7.138,-0.212089,0.252228,-0.214348,0.265933,-0.0353663,0.229395,-5.24231e-18
7.139,-0.212089,0.252228,-0.214348,0.265933,-0.0353663,0.229395,-5.24231e-18
7.14,-0.212089,0.252228,-0.214348,0.265933,-0.0353663,0.229395,-5.24231e-18
7.141,-0.212089,0.252228,-0.214348,0.265933,-0.0353663,0.229395,-5.24231e-18
7.142,-0.212089,0.252228,-0.214348,0.265933,-0.0353663,0.229395,-5.24231e-18
7.143,-0.212089,0.252228,-0.214348,0.265933,-0.0353663,0.229395,-5.24231e-18
7.144,-0.212089,0.252228,-0.214348,0.265933,-0.0353663,0.229395,-5.24231e-18
7.145,-0.212089,0.252228,-0.214348,0.265933,-0.0353663,0.229395,-5.24231e-18
7.146,-0.212089,0.252228,-0.214348,0.265933,-0.0353663,0.229395,-5.24231e-18
7.147,-0.212089,0.252228,-0.214348,0.265933,-0.0353663,0.229395,-5.24231e-18
7.148,-0.212089,0.252228,-0.214348,0.265933,-0.0353663,0.229395,-5.24231e-18
7.149,-0.212089,0.252228,-0.214348,0.265933,-0.0353663,0.229395,-5.24231e-18
7.15,-0.212089,0.252228,-0.214348,0.265933,-0.0353663,0.229395,-5.24231e-18
7.151,-0.212089,0.252228,-0.214348,0.265933,-0.0353663,0.229395,-5.24231e-18
7.152,-0.212089,0.252228,-0.214348,0.265933,-0.0353663,0.229395,-5.24231e-18
7.153,-0.212089,0.252228,-0.214348,0.265933,-0.0353663,0.229395,-5.24231e-18
7.154,-0.212089,0.252228,-0.214348,0.265933,-0.0353663,0.229395,-5.24231e-18
7.155,-0.212089,0.252228,-0.214348,0.265933,-0.0353663,0.229395,-5.24231e-18
7.156,-0.212089,0.252228,-0.214348,0.265933,-0.0353663,0.229395,-5.24231e-18
7.157,-0.212089,0.252228,-0.214348,0.265933,-0.0353663,0.229395,-5.24231e-18
7.158,-0.212089,0.252228,-0.214348,0.265933,-0.0353663,0.229395,-5.24231e-18
7.159,-0.212089,0.252228,-0.214348,0.265933,-0.0353663,0.229395,-5.24231e-18
7.16,-0.212089,0.252228,-0.214348,0.265933,-0.0353663,0.229395,-5.24231e-18
7.161,-0.212089,0.252228,-0.214348,0.265933,-0.0353663,0.229395,-5.24231e-18
7.162,-0.212089,0.252228,-0.214348,0.265933,-0.0353663,0.229395,-5.24231e-18
7.163,-0.212089,0.252228,-0.214348,0.265933,-0.0353663,0.229395,-5.24231e-18
7.164,-0.212089,0.252228,-0.214348,0.265933,-0.0353663,0.229395,-5.24231e-18
7.165,-0.212089,0.252228,-0.214348,0.265933,-0.0353663,0.229395,-5.24231e-18
7.166,-0.212089,0.252228,-0.214348,0.265933,-0.0353663,0.229395,-5.24231e-18
7.167,-0.212089,0.252228,-0.214348,0.265933,-0.0353663,0.229395,-5.24231e-18
7.168,-0.212089,0.252228,-0.214348,0.265933,-0.0353663,0.229395,-5.24231e-18
7.169,-0.212089,0.252228,-0.214348,0.265933,-0.0353663,0.229395,-5.24231e-18
7.17,-0.212089,0.252228,-0.214348,0.265933,-0.0353663,0.229395,-5.24231e-18
7.171,-0.212089,0.252228,-0.214348,0.265933,-0.0353663,0.229395,-5.24231e-18
7.172,-0.212089,0.252228,-0.214348,0.265933,-0.0353663,0.229395,-5.24231e-18
7.173,-0.212089,0.252228,-0.214348,0.265933,-0.0353663,0.229395,-5.24231e-18
7.174,-0.212089,0.252228,-0.214348,0.265933,-0.0353663,0.229395,-5.24231e-18
7.175,-0.212089,0.252228,-0.214348,0.265933,-0.0353663,0.229395,-5.24231e-18
7.176,-0.212089,0.252228,-0.214348,0.265933,-0.0353663,0.229395,-5.24231e-18
7.177,-0.212089,0.252228,-0.214348,0.265933,-0.0353663,0.229395,-5.24231e-18
7.178,-0.212089,0.252228,-0.214348,0.265933,-0.0353663,0.229395,-5.24231e-18
7.179,-0.212089,0.252228,-0.214348,0.265933,-0.0353663,0.229395,-5.24231e-18
7.18,-0.212089,0.252228,-0.214348,0.265933,-0.0353663,0.229395,-5.24231e-18
7.181,-0.212089,0.252228,-0.214348,0.265933,-0.0353663,0.229395,-5.24231e-18
7.182,-0.212089,0.252228,-0.214348,0.265933,-0.0353663,0.229395,-5.24231e-18
7.183,-0.212089,0.252228,-0.214348,0.265933,-0.0353663,0.229395,-5.24231e-18
7.184,-0.212089,0.252228,-0.214348,0.265933,-0.0353663,0.229395,-5.24231e-18
7.185,-0.212089,0.252228,-0.214348,0.265933,-0.0353663,0.229395,-5.24231e-18
7.186,-0.212089,0.252228,-0.214348,0.265933,-0.0353663,0.229395,-5.24231e-18
7.187,-0.212089,0.252228,-0.214348,0.265933,-0.0353663,0.229395,-5.24231e-18
7.188,-0.212089,0.252228,-0.214348,0.265933,-0.0353663,0.229395,-5.24231e-18
7.189,-0.212089,0.252228,-0.214348,0.265933,-0.0353663,0.229395,-5.24231e-18
7.19,-0.212089,0.252228,-0.214348,0.265933,-0.0353663,0.229395,-5.24231e-18
7.191,-0.212089,0.252228,-0.214348,0.265933,-0.0353663,0.229395,-5.24231e-18
7.192,-0.212089,0.252228,-0.214348,0.265933,-0.0353663,0.229395,-5.24231e-18
7.193,-0.212089,0.252228,-0.214348,0.265933,-0.0353663,0.229395,-5.24231e-18
7.194,-0.212089,0.252228,-0.214348,0.265933,-0.0353663,0.229395,-5.24231e-18
7.195,-0.212089,0.252228,-0.214348,0.265933,-0.0353663,0.229395,-5.24231e-18
7.196,-0.212089,0.252228,-0.214348,0.265933,-0.0353663,0.229395,-5.24231e-18
7.197,-0.212089,0.252228,-0.214348,0.265933,-0.0353663,0.229395,-5.24231e-18
7.198,-0.212089,0.252228,-0.214348,0.265933,-0.0353663,0.229395,-5.24231e-18
7.199,-0.212089,0.252228,-0.214348,0.265933,-0.0353663,0.229395,-5.24231e-18
7.2,-0.212089,0.252228,-0.214348,0.265933,-0.0353663,0.229395,-5.24231e-18
7.201,-0.212089,0.252228,-0.214348,0.265933,-0.0353663,0.229395,-5.24231e-18
7.202,-0.212089,0.252228,-0.214348,0.265933,-0.0353663,0.229395,-5.24231e-18
7.203,-0.212089,0.252228,-0.214348,0.265933,-0.0353663,0.229395,-5.24231e-18
7.204,-0.212089,0.252228,-0.214348,0.265933,-0.0353663,0.229395,-5.24231e-18
7.205,-0.212089,0.252228,-0.214348,0.265933,-0.0353663,0.229395,-5.24231e-18
7.206,-0.212089,0.252228,-0.214348,0.265933,-0.0353663,0.229395,-5.24231e-18
7.207,-0.212089,0.252228,-0.214348,0.265933,-0.0353663,0.229395,-5.24231e-18
7.208,-0.212089,0.252228,-0.214348,0.265933,-0.0353663,0.229395,-5.24231e-18
7.209,-0.212089,0.252228,-0.214348,0.265933,-0.0353663,0.229395,-5.24231e-18
7.21,-0.212089,0.252228,-0.214348,0.265933,-0.0353663,0.229395,-5.24231e-18
7.211,-0.212089,0.252228,-0.214348,0.265933,-0.0353663,0.229395,-5.24231e-18
7.212,-0.212089,0.252228,-0.214348,0.265933,-0.0353663,0.229395,-5.24231e-18
7.213,-0.212089,0.252228,-0.214348,0.265933,-0.0353663,0.229395,-5.24231e-18
7.214,-0.212089,0.252228,-0.214348,0.265933,-0.0353663,0.229395,-5.24231e-18
7.215,-0.212089,0.252228,-0.214348,0.265933,-0.0353663,0.229395,-5.24231e-18
7.216,-0.212089,0.252228,-0.214348,0.265933,-0.0353663,0.229395,-5.24231e-18
7.217,-0.212089,0.252228,-0.214348,0.265933,-0.0353663,0.229395,-5.24231e-18
7.218,-0.212089,0.252228,-0.214348,0.265933,-0.0353663,0.229395,-5.24231e-18
7.219,-0.212089,0.252228,-0.214348,0.265933,-0.0353663,0.229395,-5.24231e-18
7.22,-0.212089,0.252228,-0.214348,0.265933,-0.0353663,0.229395,-5.24231e-18
7.221,-0.212089,0.252228,-0.214348,0.265933,-0.0353663,0.229395,-5.24231e-18
7.222,-0.212089,0.252228,-0.214348,0.265933,-0.0353663,0.229395,-5.24231e-18
7.223,-0.212089,0.252228,-0.214348,0.265933,-0.0353663,0.229395,-5.24231e-18
7.224,-0.212089,0.252228,-0.214348,0.265933,-0.0353663,0.229395,-5.24231e-18
7.225,-0.212089,0.252228,-0.214348,0.265933,-0.0353663,0.229395,-5.24231e-18
7.226,-0.212089,0.252228,-0.214348,0.265933,-0.0353663,0.229395,-5.24231e-18
7.227,-0.212089,0.252228,-0.214348,0.265933,-0.0353663,0.229395,-5.24231e-18
7.228,-0.212089,0.252228,-0.214348,0.265933,-0.0353663,0.229395,-5.24231e-18
7.229,-0.212089,0.252228,-0.214348,0.265933,-0.0353663,0.229395,-5.24231e-18
7.23,-0.212089,0.252228,-0.214348,0.265933,-0.0353663,0.229395,-5.24231e-18
7.231,-0.212089,0.252228,-0.214348,0.265933,-0.0353663,0.229395,-5.24231e-18
7.232,-0.212089,0.252228,-0.214348,0.265933,-0.0353663,0.229395,-5.24231e-18
7.233,-0.212089,0.252228,-0.214348,0.265933,-0.0353663,0.229395,-5.24231e-18
7.234,-0.212089,0.252228,-0.214348,0.265933,-0.0353663,0.229395,-5.24231e-18
7.235,-0.212089,0.252228,-0.214348,0.265933,-0.0353663,0.229395,-5.24231e-18
7.236,-0.212089,0.252228,-0.214348,0.265933,-0.0353663,0.229395,-5.24231e-18
7.237,-0.212089,0.252228,-0.214348,0.265933,-0.0353663,0.229395,-5.24231e-18
7.238,-0.212089,0.252228,-0.214348,0.265933,-0.0353663,0.229395,-5.24231e-18
7.239,-0.212089,0.252228,-0.214348,0.265933,-0.0353663,0.229395,-5.24231e-18
7.24,-0.212089,0.252228,-0.214348,0.265933,-0.0353663,0.229395,-5.24231e-18
7.241,-0.212089,0.252228,-0.214348,0.265933,-0.0353663,0.229395,-5.24231e-18
7.242,-0.212089,0.252228,-0.214348,0.265933,-0.0353663,0.229395,-5.24231e-18
7.243,-0.212089,0.252228,-0.214348,0.265933,-0.0353663,0.229395,-5.24231e-18
7.244,-0.212089,0.252228,-0.214348,0.265933,-0.0353663,0.229395,-5.24231e-18
7.245,-0.212089,0.252228,-0.214348,0.265933,-0.0353663,0.229395,-5.24231e-18
7.246,-0.212089,0.252228,-0.214348,0.265933,-0.0353663,0.229395,-5.24231e-18
7.247,-0.212089,0.252228,-0.214348,0.265933,-0.0353663,0.229395,-5.24231e-18
7.248,-0.212089,0.252228,-0.214348,0.265933,-0.0353663,0.229395,-5.24231e-18
7.249,-0.212089,0.252228,-0.214348,0.265933,-0.0353663,0.229395,-5.24231e-18
7.25,-0.212089,0.252228,-0.214348,0.265933,-0.0353663,0.229395,-5.24231e-18
7.251,-0.212089,0.252228,-0.214348,0.265933,-0.0353663,0.229395,-5.24231e-18
7.252,-0.212089,0.252228,-0.214348,0.265933,-0.0353663,0.229395,-5.24231e-18
7.253,-0.212089,0.252228,-0.214348,0.265933,-0.0353663,0.229395,-5.24231e-18
7.254,-0.212089,0.252228,-0.214348,0.265933,-0.0353663,0.229395,-5.24231e-18
7.255,-0.212089,0.252228,-0.214348,0.265933,-0.0353663,0.229395,-5.24231e-18
7.256,-0.212089,0.252228,-0.214348,0.265933,-0.0353663,0.229395,-5.24231e-18
7.257,-0.212089,0.252228,-0.214348,0.265933,-0.0353663,0.229395,-5.24231e-18
7.258,-0.212089,0.252228,-0.214348,0.265933,-0.0353663,0.229395,-5.24231e-18
7.259,-0.212089,0.252228,-0.214348,0.265933,-0.0353663,0.229395,-5.24231e-18
7.26,-0.212089,0.252228,-0.214348,0.265933,-0.0353663,0.229395,-5.24231e-18
7.261,-0.212089,0.252228,-0.214348,0.265933,-0.0353663,0.229395,-5.24231e-18
7.262,-0.212089,0.252228,-0.214348,0.265933,-0.0353663,0.229395,-5.24231e-18
7.263,-0.212089,0.252228,-0.214348,0.265933,-0.0353663,0.229395,-5.24231e-18
7.264,-0.212089,0.252228,-0.214348,0.265933,-0.0353663,0.229395,-5.24231e-18
7.265,-0.212089,0.252228,-0.214348,0.265933,-0.0353663,0.229395,-5.24231e-18
7.266,-0.212089,0.252228,-0.214348,0.265933,-0.0353663,0.229395,-5.24231e-18
7.267,-0.212089,0.252228,-0.214348,0.265933,-0.0353663,0.229395,-5.24231e-18
7.268,-0.212089,0.252228,-0.214348,0.265933,-0.0353663,0.229395,-5.24231e-18
7.269,-0.212089,0.252228,-0.214348,0.265933,-0.0353663,0.229395,-5.24231e-18
7.27,-0.212089,0.252228,-0.214348,0.265933,-0.0353663,0.229395,-5.24231e-18
7.271,-0.212089,0.252228,-0.214348,0.265933,-0.0353663,0.229395,-5.24231e-18
7.272,-0.212089,0.252228,-0.214348,0.265933,-0.0353663,0.229395,-5.24231e-18
7.273,-0.212089,0.252228,-0.214348,0.265933,-0.0353663,0.229395,-5.24231e-18
7.274,-0.212089,0.252228,-0.214348,0.265933,-0.0353663,0.229395,-5.24231e-18
7.275,-0.212089,0.252228,-0.214348,0.265933,-0.0353663,0.229395,-5.24231e-18
7.276,-0.212089,0.252228,-0.214348,0.265933,-0.0353663,0.229395,-5.24231e-18
7.277,-0.212089,0.252228,-0.214348,0.265933,-0.0353663,0.229395,-5.24231e-18
7.278,-0.212089,0.252228,-0.214348,0.265933,-0.0353663,0.229395,-5.24231e-18
7.279,-0.212089,0.252228,-0.214348,0.265933,-0.0353663,0.229395,-5.24231e-18
7.28,-0.212089,0.252228,-0.214348,0.265933,-0.0353663,0.229395,-5.24231e-18
7.281,-0.212089,0.252228,-0.214348,0.265933,-0.0353663,0.229395,-5.24231e-18
7.282,-0.212089,0.252228,-0.214348,0.265933,-0.0353663,0.229395,-5.24231e-18
7.283,-0.212089,0.252228,-0.214348,0.265933,-0.0353663,0.229395,-5.24231e-18
7.284,-0.212089,0.252228,-0.214348,0.265933,-0.0353663,0.229395,-5.24231e-18
7.285,-0.212089,0.252228,-0.214348,0.265933,-0.0353663,0.229395,-5.24231e-18
7.286,-0.212089,0.252228,-0.214348,0.265933,-0.0353663,0.229395,-5.24231e-18
7.287,-0.212089,0.252228,-0.214348,0.265933,-0.0353663,0.229395,-5.24231e-18
7.288,-0.212089,0.252228,-0.214348,0.265933,-0.0353663,0.229395,-5.24231e-18
7.289,-0.212089,0.252228,-0.214348,0.265933,-0.0353663,0.229395,-5.24231e-18
7.29,-0.212089,0.252228,-0.214348,0.265933,-0.0353663,0.229395,-5.24231e-18
7.291,-0.212089,0.252228,-0.214348,0.265933,-0.0353663,0.229395,-5.24231e-18
7.292,-0.212089,0.252228,-0.214348,0.265933,-0.0353663,0.229395,-5.24231e-18
7.293,-0.212089,0.252228,-0.214348,0.265933,-0.0353663,0.229395,-5.24231e-18
7.294,-0.212089,0.252228,-0.214348,0.265933,-0.0353663,0.229395,-5.24231e-18
7.295,-0.212089,0.252228,-0.214348,0.265933,-0.0353663,0.229395,-5.24231e-18
7.296,-0.212089,0.252228,-0.214348,0.265933,-0.0353663,0.229395,-5.24231e-18
7.297,-0.212089,0.252228,-0.214348,0.265933,-0.0353663,0.229395,-5.24231e-18
7.298,-0.212089,0.252228,-0.214348,0.265933,-0.0353663,0.229395,-5.24231e-18
7.299,-0.212089,0.252228,-0.214348,0.265933,-0.0353663,0.229395,-5.24231e-18
7.3,-0.212089,0.252228,-0.214348,0.265933,-0.0353663,0.229395,-5.24231e-18
7.301,-0.212089,0.252228,-0.214348,0.265933,-0.0353663,0.229395,-5.24231e-18
7.302,-0.212089,0.252228,-0.214348,0.265933,-0.0353663,0.229395,-5.24231e-18
7.303,-0.212089,0.252228,-0.214348,0.265933,-0.0353663,0.229395,-5.24231e-18
7.304,-0.212089,0.252228,-0.214348,0.265933,-0.0353663,0.229395,-5.24231e-18
7.305,-0.212089,0.252228,-0.214348,0.265933,-0.0353663,0.229395,-5.24231e-18
7.306,-0.212089,0.252228,-0.214348,0.265933,-0.0353663,0.229395,-5.24231e-18
7.307,-0.212089,0.252228,-0.214348,0.265933,-0.0353663,0.229395,-5.24231e-18
7.308,-0.212089,0.252228,-0.214348,0.265933,-0.0353663,0.229395,-5.24231e-18
7.309,-0.212089,0.252228,-0.214348,0.265933,-0.0353663,0.229395,-5.24231e-18
7.309,-0.212089,0.252228,-0.214348,0.265933,-0.0353663,0.229395,-5.24231e-18
7.311,-0.212089,0.252228,-0.214348,0.265933,-0.0353663,0.229395,-5.24231e-18
7.312,-0.212089,0.252228,-0.214348,0.265933,-0.0353663,0.229395,-5.24231e-18
7.313,-0.212089,0.252228,-0.214348,0.265933,-0.0353663,0.229395,-5.24231e-18
7.314,-0.212089,0.252228,-0.214348,0.265933,-0.0353663,0.229395,-5.24231e-18
7.315,-0.212089,0.252228,-0.214348,0.265933,-0.0353663,0.229395,-5.24231e-18
7.316,-0.212089,0.252228,-0.214348,0.265933,-0.0353663,0.229395,-5.24231e-18
7.317,-0.212089,0.252228,-0.214348,0.265933,-0.0353663,0.229395,-5.24231e-18
7.318,-0.212089,0.252228,-0.214348,0.265933,-0.0353663,0.229395,-5.24231e-18
7.319,-0.212089,0.252228,-0.214348,0.265933,-0.0353663,0.229395,-5.24231e-18
7.32,-0.212089,0.252228,-0.214348,0.265933,-0.0353663,0.229395,-5.24231e-18
7.321,-0.212089,0.252228,-0.214348,0.265933,-0.0353663,0.229395,-5.24231e-18
7.322,-0.212089,0.252228,-0.214348,0.265933,-0.0353663,0.229395,-5.24231e-18
7.323,-0.212089,0.252228,-0.214348,0.265933,-0.0353663,0.229395,-5.24231e-18
7.324,-0.212089,0.252228,-0.214348,0.265933,-0.0353663,0.229395,-5.24231e-18
7.325,-0.212089,0.252228,-0.214348,0.265933,-0.0353663,0.229395,-5.24231e-18
7.326,-0.212089,0.252228,-0.214348,0.265933,-0.0353663,0.229395,-5.24231e-18
7.327,-0.212089,0.252228,-0.214348,0.265933,-0.0353663,0.229395,-5.24231e-18
7.328,-0.212089,0.252228,-0.214348,0.265933,-0.0353663,0.229395,-5.24231e-18
7.329,-0.212089,0.252228,-0.214348,0.265933,-0.0353663,0.229395,-5.24231e-18
7.33,-0.212089,0.252228,-0.214348,0.265933,-0.0353663,0.229395,-5.24231e-18
7.331,-0.212089,0.252228,-0.214348,0.265933,-0.0353663,0.229395,-5.24231e-18
7.332,-0.212089,0.252228,-0.214348,0.265933,-0.0353663,0.229395,-5.24231e-18
7.333,-0.212089,0.252228,-0.214348,0.265933,-0.0353663,0.229395,-5.24231e-18
7.334,-0.212089,0.252228,-0.214348,0.265933,-0.0353663,0.229395,-5.24231e-18
7.335,-0.212089,0.252228,-0.214348,0.265933,-0.0353663,0.229395,-5.24231e-18
7.336,-0.212089,0.252228,-0.214348,0.265933,-0.0353663,0.229395,-5.24231e-18
7.337,-0.212089,0.252228,-0.214348,0.265933,-0.0353663,0.229395,-5.24231e-18
7.338,-0.212089,0.252228,-0.214348,0.265933,-0.0353663,0.229395,-5.24231e-18
7.339,-0.212089,0.252228,-0.214348,0.265933,-0.0353663,0.229395,-5.24231e-18
7.34,-0.212089,0.252228,-0.214348,0.265933,-0.0353663,0.229395,-5.24231e-18
7.341,-0.212089,0.252228,-0.214348,0.265933,-0.0353663,0.229395,-5.24231e-18
7.342,-0.212089,0.252228,-0.214348,0.265933,-0.0353663,0.229395,-5.24231e-18
7.343,-0.212089,0.252228,-0.214348,0.265933,-0.0353663,0.229395,-5.24231e-18
7.344,-0.212089,0.252228,-0.214348,0.265933,-0.0353663,0.229395,-5.24231e-18
7.345,-0.212089,0.252228,-0.214348,0.265933,-0.0353663,0.229395,-5.24231e-18
7.346,-0.212089,0.252228,-0.214348,0.265933,-0.0353663,0.229395,-5.24231e-18
7.347,-0.212089,0.252228,-0.214348,0.265933,-0.0353663,0.229395,-5.24231e-18
7.348,-0.212089,0.252228,-0.214348,0.265933,-0.0353663,0.229395,-5.24231e-18
7.349,-0.212089,0.252228,-0.214348,0.265933,-0.0353663,0.229395,-5.24231e-18
7.35,-0.212089,0.252228,-0.214348,0.265933,-0.0353663,0.229395,-5.24231e-18
7.351,-0.212089,0.252228,-0.214348,0.265933,-0.0353663,0.229395,-5.24231e-18
7.352,-0.212089,0.252228,-0.214348,0.265933,-0.0353663,0.229395,-5.24231e-18
7.353,-0.212089,0.252228,-0.214348,0.265933,-0.0353663,0.229395,-5.24231e-18
7.354,-0.212089,0.252228,-0.214348,0.265933,-0.0353663,0.229395,-5.24231e-18
7.355,-0.212089,0.252228,-0.214348,0.265933,-0.0353663,0.229395,-5.24231e-18
7.356,-0.212089,0.252228,-0.214348,0.265933,-0.0353663,0.229395,-5.24231e-18
7.357,-0.212089,0.252228,-0.214348,0.265933,-0.0353663,0.229395,-5.24231e-18
7.358,-0.212089,0.252228,-0.214348,0.265933,-0.0353663,0.229395,-5.24231e-18
7.359,-0.212089,0.252228,-0.214348,0.265933,-0.0353663,0.229395,-5.24231e-18
7.36,-0.212089,0.252228,-0.214348,0.265933,-0.0353663,0.229395,-5.24231e-18
7.36,-0.212089,0.252228,-0.214348,0.265933,-0.0353663,0.229395,-5.24231e-18
7.362,-0.212089,0.252228,-0.214348,0.265933,-0.0353663,0.229395,-5.24231e-18
7.363,-0.212089,0.252228,-0.214348,0.265933,-0.0353663,0.229395,-5.24231e-18
7.364,-0.212089,0.252228,-0.214348,0.265933,-0.0353663,0.229395,-5.24231e-18
7.365,-0.212089,0.252228,-0.214348,0.265933,-0.0353663,0.229395,-5.24231e-18
7.366,-0.212089,0.252228,-0.214348,0.265933,-0.0353663,0.229395,-5.24231e-18
7.367,-0.212089,0.252228,-0.214348,0.265933,-0.0353663,0.229395,-5.24231e-18
7.368,-0.212089,0.252228,-0.214348,0.265933,-0.0353663,0.229395,-5.24231e-18
7.369,-0.212089,0.252228,-0.214348,0.265933,-0.0353663,0.229395,-5.24231e-18
7.37,-0.212089,0.252228,-0.214348,0.265933,-0.0353663,0.229395,-5.24231e-18
7.371,-0.212089,0.252228,-0.214348,0.265933,-0.0353663,0.229395,-5.24231e-18
7.372,-0.212089,0.252228,-0.214348,0.265933,-0.0353663,0.229395,-5.24231e-18
7.373,-0.212089,0.252228,-0.214348,0.265933,-0.0353663,0.229395,-5.24231e-18
7.374,-0.212089,0.252228,-0.214348,0.265933,-0.0353663,0.229395,-5.24231e-18
7.375,-0.212089,0.252228,-0.214348,0.265933,-0.0353663,0.229395,-5.24231e-18
7.376,-0.212089,0.252228,-0.214348,0.265933,-0.0353663,0.229395,-5.24231e-18
7.377,-0.212089,0.252228,-0.214348,0.265933,-0.0353663,0.229395,-5.24231e-18
7.378,-0.212089,0.252228,-0.214348,0.265933,-0.0353663,0.229395,-5.24231e-18
7.379,-0.212089,0.252228,-0.214348,0.265933,-0.0353663,0.229395,-5.24231e-18
7.38,-0.212089,0.252228,-0.214348,0.265933,-0.0353663,0.229395,-5.24231e-18
7.381,-0.212089,0.252228,-0.214348,0.265933,-0.0353663,0.229395,-5.24231e-18
7.382,-0.212089,0.252228,-0.214348,0.265933,-0.0353663,0.229395,-5.24231e-18
7.383,-0.212089,0.252228,-0.214348,0.265933,-0.0353663,0.229395,-5.24231e-18
7.384,-0.212089,0.252228,-0.214348,0.265933,-0.0353663,0.229395,-5.24231e-18
7.385,-0.212089,0.252228,-0.214348,0.265933,-0.0353663,0.229395,-5.24231e-18
7.386,-0.212089,0.252228,-0.214348,0.265933,-0.0353663,0.229395,-5.24231e-18
7.387,-0.212089,0.252228,-0.214348,0.265933,-0.0353663,0.229395,-5.24231e-18
7.388,-0.212089,0.252228,-0.214348,0.265933,-0.0353663,0.229395,-5.24231e-18
7.389,-0.212089,0.252228,-0.214348,0.265933,-0.0353663,0.229395,-5.24231e-18
7.39,-0.212089,0.252228,-0.214348,0.265933,-0.0353663,0.229395,-5.24231e-18
7.391,-0.212089,0.252228,-0.214348,0.265933,-0.0353663,0.229395,-5.24231e-18
7.392,-0.212089,0.252228,-0.214348,0.265933,-0.0353663,0.229395,-5.24231e-18
7.393,-0.212089,0.252228,-0.214348,0.265933,-0.0353663,0.229395,-5.24231e-18
7.394,-0.212089,0.252228,-0.214348,0.265933,-0.0353663,0.229395,-5.24231e-18
7.395,-0.212089,0.252228,-0.214348,0.265933,-0.0353663,0.229395,-5.24231e-18
7.396,-0.212089,0.252228,-0.214348,0.265933,-0.0353663,0.229395,-5.24231e-18
7.397,-0.212089,0.252228,-0.214348,0.265933,-0.0353663,0.229395,-5.24231e-18
7.398,-0.212089,0.252228,-0.214348,0.265933,-0.0353663,0.229395,-5.24231e-18
7.399,-0.212089,0.252228,-0.214348,0.265933,-0.0353663,0.229395,-5.24231e-18
7.4,-0.212089,0.252228,-0.214348,0.265933,-0.0353663,0.229395,-5.24231e-18
7.401,-0.212089,0.252228,-0.214348,0.265933,-0.0353663,0.229395,-5.24231e-18
7.402,-0.212089,0.252228,-0.214348,0.265933,-0.0353663,0.229395,-5.24231e-18
7.403,-0.212089,0.252228,-0.214348,0.265933,-0.0353663,0.229395,-5.24231e-18
7.404,-0.212089,0.252228,-0.214348,0.265933,-0.0353663,0.229395,-5.24231e-18
7.405,-0.212089,0.252228,-0.214348,0.265933,-0.0353663,0.229395,-5.24231e-18
7.406,-0.212089,0.252228,-0.214348,0.265933,-0.0353663,0.229395,-5.24231e-18
7.407,-0.212089,0.252228,-0.214348,0.265933,-0.0353663,0.229395,-5.24231e-18
7.408,-0.212089,0.252228,-0.214348,0.265933,-0.0353663,0.229395,-5.24231e-18
7.409,-0.212089,0.252228,-0.214348,0.265933,-0.0353663,0.229395,-5.24231e-18
7.41,-0.212089,0.252228,-0.214348,0.265933,-0.0353663,0.229395,-5.24231e-18
7.411,-0.212089,0.252228,-0.214348,0.265933,-0.0353663,0.229395,-5.24231e-18
7.412,-0.212089,0.252228,-0.214348,0.265933,-0.0353663,0.229395,-5.24231e-18
7.413,-0.212089,0.252228,-0.214348,0.265933,-0.0353663,0.229395,-5.24231e-18
7.414,-0.212089,0.252228,-0.214348,0.265933,-0.0353663,0.229395,-5.24231e-18
7.415,-0.212089,0.252228,-0.214348,0.265933,-0.0353663,0.229395,-5.24231e-18
7.416,-0.212089,0.252228,-0.214348,0.265933,-0.0353663,0.229395,-5.24231e-18
7.417,-0.212089,0.252228,-0.214348,0.265933,-0.0353663,0.229395,-5.24231e-18
7.418,-0.212089,0.252228,-0.214348,0.265933,-0.0353663,0.229395,-5.24231e-18
7.419,-0.212089,0.252228,-0.214348,0.265933,-0.0353663,0.229395,-5.24231e-18
7.42,-0.212089,0.252228,-0.214348,0.265933,-0.0353663,0.229395,-5.24231e-18
7.421,-0.212089,0.252228,-0.214348,0.265933,-0.0353663,0.229395,-5.24231e-18
7.422,-0.212089,0.252228,-0.214348,0.265933,-0.0353663,0.229395,-5.24231e-18
7.423,-0.212089,0.252228,-0.214348,0.265933,-0.0353663,0.229395,-5.24231e-18
7.424,-0.212089,0.252228,-0.214348,0.265933,-0.0353663,0.229395,-5.24231e-18
7.425,-0.212089,0.252228,-0.214348,0.265933,-0.0353663,0.229395,-5.24231e-18
7.426,-0.212089,0.252228,-0.214348,0.265933,-0.0353663,0.229395,-5.24231e-18
7.427,-0.212089,0.252228,-0.214348,0.265933,-0.0353663,0.229395,-5.24231e-18
7.428,-0.212089,0.252228,-0.214348,0.265933,-0.0353663,0.229395,-5.24231e-18
7.429,-0.212089,0.252228,-0.214348,0.265933,-0.0353663,0.229395,-5.24231e-18
7.43,-0.212089,0.252228,-0.214348,0.265933,-0.0353663,0.229395,-5.24231e-18
7.431,-0.212089,0.252228,-0.214348,0.265933,-0.0353663,0.229395,-5.24231e-18
7.432,-0.212089,0.252228,-0.214348,0.265933,-0.0353663,0.229395,-5.24231e-18
7.433,-0.212089,0.252228,-0.214348,0.265933,-0.0353663,0.229395,-5.24231e-18
7.434,-0.212089,0.252228,-0.214348,0.265933,-0.0353663,0.229395,-5.24231e-18
7.435,-0.212089,0.252228,-0.214348,0.265933,-0.0353663,0.229395,-5.24231e-18
7.436,-0.212089,0.252228,-0.214348,0.265933,-0.0353663,0.229395,-5.24231e-18
7.437,-0.212089,0.252228,-0.214348,0.265933,-0.0353663,0.229395,-5.24231e-18
7.438,-0.212089,0.252228,-0.214348,0.265933,-0.0353663,0.229395,-5.24231e-18
7.439,-0.212089,0.252228,-0.214348,0.265933,-0.0353663,0.229395,-5.24231e-18
7.44,-0.212089,0.252228,-0.214348,0.265933,-0.0353663,0.229395,-5.24231e-18
7.441,-0.212089,0.252228,-0.214348,0.265933,-0.0353663,0.229395,-5.24231e-18
7.442,-0.212089,0.252228,-0.214348,0.265933,-0.0353663,0.229395,-5.24231e-18
7.443,-0.212089,0.252228,-0.214348,0.265933,-0.0353663,0.229395,-5.24231e-18
7.444,-0.212089,0.252228,-0.214348,0.265933,-0.0353663,0.229395,-5.24231e-18
7.445,-0.212089,0.252228,-0.214348,0.265933,-0.0353663,0.229395,-5.24231e-18
7.446,-0.212089,0.252228,-0.214348,0.265933,-0.0353663,0.229395,-5.24231e-18
7.447,-0.212089,0.252228,-0.214348,0.265933,-0.0353663,0.229395,-5.24231e-18
7.448,-0.212089,0.252228,-0.214348,0.265933,-0.0353663,0.229395,-5.24231e-18
7.449,-0.212089,0.252228,-0.214348,0.265933,-0.0353663,0.229395,-5.24231e-18
7.45,-0.212089,0.252228,-0.214348,0.265933,-0.0353663,0.229395,-5.24231e-18
7.451,-0.212089,0.252228,-0.214348,0.265933,-0.0353663,0.229395,-5.24231e-18
7.452,-0.212089,0.252228,-0.214348,0.265933,-0.0353663,0.229395,-5.24231e-18
7.453,-0.212089,0.252228,-0.214348,0.265933,-0.0353663,0.229395,-5.24231e-18
7.454,-0.212089,0.252228,-0.214348,0.265933,-0.0353663,0.229395,-5.24231e-18
7.455,-0.212089,0.252228,-0.214348,0.265933,-0.0353663,0.229395,-5.24231e-18
7.456,-0.212089,0.252228,-0.214348,0.265933,-0.0353663,0.229395,-5.24231e-18
7.457,-0.212089,0.252228,-0.214348,0.265933,-0.0353663,0.229395,-5.24231e-18
7.458,-0.212089,0.252228,-0.214348,0.265933,-0.0353663,0.229395,-5.24231e-18
7.459,-0.212089,0.252228,-0.214348,0.265933,-0.0353663,0.229395,-5.24231e-18
7.46,-0.212089,0.252228,-0.214348,0.265933,-0.0353663,0.229395,-5.24231e-18
7.461,-0.212089,0.252228,-0.214348,0.265933,-0.0353663,0.229395,-5.24231e-18
7.462,-0.212089,0.252228,-0.214348,0.265933,-0.0353663,0.229395,-5.24231e-18
7.463,-0.212089,0.252228,-0.214348,0.265933,-0.0353663,0.229395,-5.24231e-18
7.464,-0.212089,0.252228,-0.214348,0.265933,-0.0353663,0.229395,-5.24231e-18
7.465,-0.212089,0.252228,-0.214348,0.265933,-0.0353663,0.229395,-5.24231e-18
7.466,-0.212089,0.252228,-0.214348,0.265933,-0.0353663,0.229395,-5.24231e-18
7.467,-0.212089,0.252228,-0.214348,0.265933,-0.0353663,0.229395,-5.24231e-18
7.468,-0.212089,0.252228,-0.214348,0.265933,-0.0353663,0.229395,-5.24231e-18
7.469,-0.212089,0.252228,-0.214348,0.265933,-0.0353663,0.229395,-5.24231e-18
7.47,-0.212089,0.252228,-0.214348,0.265933,-0.0353663,0.229395,-5.24231e-18
7.471,-0.212089,0.252228,-0.214348,0.265933,-0.0353663,0.229395,-5.24231e-18
7.472,-0.212089,0.252228,-0.214348,0.265933,-0.0353663,0.229395,-5.24231e-18
7.473,-0.212089,0.252228,-0.214348,0.265933,-0.0353663,0.229395,-5.24231e-18
7.474,-0.212089,0.252228,-0.214348,0.265933,-0.0353663,0.229395,-5.24231e-18
7.475,-0.212089,0.252228,-0.214348,0.265933,-0.0353663,0.229395,-5.24231e-18
7.476,-0.212089,0.252228,-0.214348,0.265933,-0.0353663,0.229395,-5.24231e-18
7.477,-0.212089,0.252228,-0.214348,0.265933,-0.0353663,0.229395,-5.24231e-18
7.478,-0.212089,0.252228,-0.214348,0.265933,-0.0353663,0.229395,-5.24231e-18
7.479,-0.212089,0.252228,-0.214348,0.265933,-0.0353663,0.229395,-5.24231e-18
7.48,-0.212089,0.252228,-0.214348,0.265933,-0.0353663,0.229395,-5.24231e-18
7.481,-0.212089,0.252228,-0.214348,0.265933,-0.0353663,0.229395,-5.24231e-18
7.482,-0.212089,0.252228,-0.214348,0.265933,-0.0353663,0.229395,-5.24231e-18
7.483,-0.212089,0.252228,-0.214348,0.265933,-0.0353663,0.229395,-5.24231e-18
7.484,-0.212089,0.252228,-0.214348,0.265933,-0.0353663,0.229395,-5.24231e-18
7.485,-0.212089,0.252228,-0.214348,0.265933,-0.0353663,0.229395,-5.24231e-18
7.486,-0.212089,0.252228,-0.214348,0.265933,-0.0353663,0.229395,-5.24231e-18
7.487,-0.212089,0.252228,-0.214348,0.265933,-0.0353663,0.229395,-5.24231e-18
7.488,-0.212089,0.252228,-0.214348,0.265933,-0.0353663,0.229395,-5.24231e-18
7.489,-0.212089,0.252228,-0.214348,0.265933,-0.0353663,0.229395,-5.24231e-18
7.49,-0.212089,0.252228,-0.214348,0.265933,-0.0353663,0.229395,-5.24231e-18
7.491,-0.212089,0.252228,-0.214348,0.265933,-0.0353663,0.229395,-5.24231e-18
7.492,-0.212089,0.252228,-0.214348,0.265933,-0.0353663,0.229395,-5.24231e-18
7.493,-0.212089,0.252228,-0.214348,0.265933,-0.0353663,0.229395,-5.24231e-18
7.494,-0.212089,0.252228,-0.214348,0.265933,-0.0353663,0.229395,-5.24231e-18
7.495,-0.212089,0.252228,-0.214348,0.265933,-0.0353663,0.229395,-5.24231e-18
7.496,-0.212089,0.252228,-0.214348,0.265933,-0.0353663,0.229395,-5.24231e-18
7.497,-0.212089,0.252228,-0.214348,0.265933,-0.0353663,0.229395,-5.24231e-18
7.498,-0.212089,0.252228,-0.214348,0.265933,-0.0353663,0.229395,-5.24231e-18
7.499,-0.212089,0.252228,-0.214348,0.265933,-0.0353663,0.229395,-5.24231e-18
7.5,-0.212089,0.252228,-0.214348,0.265933,-0.0353663,0.229395,-5.24231e-18
7.501,-0.212089,0.252228,-0.214348,0.265933,-0.0353663,0.229395,-5.24231e-18
7.502,-0.212089,0.252228,-0.214348,0.265933,-0.0353663,0.229395,-5.24231e-18
7.503,-0.212089,0.252228,-0.214348,0.265933,-0.0353663,0.229395,-5.24231e-18
7.504,-0.212089,0.252228,-0.214348,0.265933,-0.0353663,0.229395,-5.24231e-18
7.505,-0.212089,0.252228,-0.214348,0.265933,-0.0353663,0.229395,-5.24231e-18
7.506,-0.212089,0.252228,-0.214348,0.265933,-0.0353663,0.229395,-5.24231e-18
7.507,-0.212089,0.252228,-0.214348,0.265933,-0.0353663,0.229395,-5.24231e-18
7.508,-0.212089,0.252228,-0.214348,0.265933,-0.0353663,0.229395,-5.24231e-18
7.509,-0.212089,0.252228,-0.214348,0.265933,-0.0353663,0.229395,-5.24231e-18
7.51,-0.212089,0.252228,-0.214348,0.265933,-0.0353663,0.229395,-5.24231e-18
7.511,-0.212089,0.252228,-0.214348,0.265933,-0.0353663,0.229395,-5.24231e-18
7.512,-0.212089,0.252228,-0.214348,0.265933,-0.0353663,0.229395,-5.24231e-18
7.513,-0.212089,0.252228,-0.214348,0.265933,-0.0353663,0.229395,-5.24231e-18
7.514,-0.212089,0.252228,-0.214348,0.265933,-0.0353663,0.229395,-5.24231e-18
7.515,-0.212089,0.252228,-0.214348,0.265933,-0.0353663,0.229395,-5.24231e-18
7.516,-0.212089,0.252228,-0.214348,0.265933,-0.0353663,0.229395,-5.24231e-18
7.517,-0.212089,0.252228,-0.214348,0.265933,-0.0353663,0.229395,-5.24231e-18
7.518,-0.212089,0.252228,-0.214348,0.265933,-0.0353663,0.229395,-5.24231e-18
7.519,-0.212089,0.252228,-0.214348,0.265933,-0.0353663,0.229395,-5.24231e-18
7.52,-0.212089,0.252228,-0.214348,0.265933,-0.0353663,0.229395,-5.24231e-18
7.521,-0.212089,0.252228,-0.214348,0.265933,-0.0353663,0.229395,-5.24231e-18
7.522,-0.212089,0.252228,-0.214348,0.265933,-0.0353663,0.229395,-5.24231e-18
7.523,-0.212089,0.252228,-0.214348,0.265933,-0.0353663,0.229395,-5.24231e-18
7.524,-0.212089,0.252228,-0.214348,0.265933,-0.0353663,0.229395,-5.24231e-18
7.525,-0.212089,0.252228,-0.214348,0.265933,-0.0353663,0.229395,-5.24231e-18
7.526,-0.212089,0.252228,-0.214348,0.265933,-0.0353663,0.229395,-5.24231e-18
7.527,-0.212089,0.252228,-0.214348,0.265933,-0.0353663,0.229395,-5.24231e-18
7.528,-0.212089,0.252228,-0.214348,0.265933,-0.0353663,0.229395,-5.24231e-18
7.529,-0.212089,0.252228,-0.214348,0.265933,-0.0353663,0.229395,-5.24231e-18
7.53,-0.212089,0.252228,-0.214348,0.265933,-0.0353663,0.229395,-5.24231e-18
7.531,-0.212089,0.252228,-0.214348,0.265933,-0.0353663,0.229395,-5.24231e-18
7.532,-0.212089,0.252228,-0.214348,0.265933,-0.0353663,0.229395,-5.24231e-18
7.533,-0.212089,0.252228,-0.214348,0.265933,-0.0353663,0.229395,-5.24231e-18
7.534,-0.212089,0.252228,-0.214348,0.265933,-0.0353663,0.229395,-5.24231e-18
7.535,-0.212089,0.252228,-0.214348,0.265933,-0.0353663,0.229395,-5.24231e-18
7.536,-0.212089,0.252228,-0.214348,0.265933,-0.0353663,0.229395,-5.24231e-18
7.537,-0.212089,0.252228,-0.214348,0.265933,-0.0353663,0.229395,-5.24231e-18
7.538,-0.212089,0.252228,-0.214348,0.265933,-0.0353663,0.229395,-5.24231e-18
7.539,-0.212089,0.252228,-0.214348,0.265933,-0.0353663,0.229395,-5.24231e-18
7.54,-0.212089,0.252228,-0.214348,0.265933,-0.0353663,0.229395,-5.24231e-18
7.541,-0.212089,0.252228,-0.214348,0.265933,-0.0353663,0.229395,-5.24231e-18
7.542,-0.212089,0.252228,-0.214348,0.265933,-0.0353663,0.229395,-5.24231e-18
7.543,-0.212089,0.252228,-0.214348,0.265933,-0.0353663,0.229395,-5.24231e-18
7.544,-0.212089,0.252228,-0.214348,0.265933,-0.0353663,0.229395,-5.24231e-18
7.545,-0.212089,0.252228,-0.214348,0.265933,-0.0353663,0.229395,-5.24231e-18
7.546,-0.212089,0.252228,-0.214348,0.265933,-0.0353663,0.229395,-5.24231e-18
7.547,-0.212089,0.252228,-0.214348,0.265933,-0.0353663,0.229395,-5.24231e-18
7.548,-0.212089,0.252228,-0.214348,0.265933,-0.0353663,0.229395,-5.24231e-18
7.549,-0.212089,0.252228,-0.214348,0.265933,-0.0353663,0.229395,-5.24231e-18
7.55,-0.212089,0.252228,-0.214348,0.265933,-0.0353663,0.229395,-5.24231e-18
7.551,-0.212089,0.252228,-0.214348,0.265933,-0.0353663,0.229395,-5.24231e-18
7.552,-0.212089,0.252228,-0.214348,0.265933,-0.0353663,0.229395,-5.24231e-18
7.553,-0.212089,0.252228,-0.214348,0.265933,-0.0353663,0.229395,-5.24231e-18
7.554,-0.212089,0.252228,-0.214348,0.265933,-0.0353663,0.229395,-5.24231e-18
7.555,-0.212089,0.252228,-0.214348,0.265933,-0.0353663,0.229395,-5.24231e-18
7.556,-0.212089,0.252228,-0.214348,0.265933,-0.0353663,0.229395,-5.24231e-18
7.557,-0.212089,0.252228,-0.214348,0.265933,-0.0353663,0.229395,-5.24231e-18
7.558,-0.212089,0.252228,-0.214348,0.265933,-0.0353663,0.229395,-5.24231e-18
7.559,-0.212089,0.252228,-0.214348,0.265933,-0.0353663,0.229395,-5.24231e-18
7.56,-0.212089,0.252228,-0.214348,0.265933,-0.0353663,0.229395,-5.24231e-18
7.561,-0.212089,0.252228,-0.214348,0.265933,-0.0353663,0.229395,-5.24231e-18
7.562,-0.212089,0.252228,-0.214348,0.265933,-0.0353663,0.229395,-5.24231e-18
7.563,-0.212089,0.252228,-0.214348,0.265933,-0.0353663,0.229395,-5.24231e-18
7.564,-0.212089,0.252228,-0.214348,0.265933,-0.0353663,0.229395,-5.24231e-18
7.565,-0.212089,0.252228,-0.214348,0.265933,-0.0353663,0.229395,-5.24231e-18
7.566,-0.212089,0.252228,-0.214348,0.265933,-0.0353663,0.229395,-5.24231e-18
7.567,-0.212089,0.252228,-0.214348,0.265933,-0.0353663,0.229395,-5.24231e-18
7.568,-0.212089,0.252228,-0.214348,0.265933,-0.0353663,0.229395,-5.24231e-18
7.569,-0.212089,0.252228,-0.214348,0.265933,-0.0353663,0.229395,-5.24231e-18
7.57,-0.212089,0.252228,-0.214348,0.265933,-0.0353663,0.229395,-5.24231e-18
7.571,-0.212089,0.252228,-0.214348,0.265933,-0.0353663,0.229395,-5.24231e-18
7.572,-0.212089,0.252228,-0.214348,0.265933,-0.0353663,0.229395,-5.24231e-18
7.573,-0.212089,0.252228,-0.214348,0.265933,-0.0353663,0.229395,-5.24231e-18
7.574,-0.212089,0.252228,-0.214348,0.265933,-0.0353663,0.229395,-5.24231e-18
7.575,-0.212089,0.252228,-0.214348,0.265933,-0.0353663,0.229395,-5.24231e-18
7.576,-0.212089,0.252228,-0.214348,0.265933,-0.0353663,0.229395,-5.24231e-18
7.577,-0.212089,0.252228,-0.214348,0.265933,-0.0353663,0.229395,-5.24231e-18
7.578,-0.212089,0.252228,-0.214348,0.265933,-0.0353663,0.229395,-5.24231e-18
7.579,-0.212089,0.252228,-0.214348,0.265933,-0.0353663,0.229395,-5.24231e-18
7.58,-0.212089,0.252228,-0.214348,0.265933,-0.0353663,0.229395,-5.24231e-18
7.581,-0.212089,0.252228,-0.214348,0.265933,-0.0353663,0.229395,-5.24231e-18
7.582,-0.212089,0.252228,-0.214348,0.265933,-0.0353663,0.229395,-5.24231e-18
7.583,-0.212089,0.252228,-0.214348,0.265933,-0.0353663,0.229395,-5.24231e-18
7.584,-0.212089,0.252228,-0.214348,0.265933,-0.0353663,0.229395,-5.24231e-18
7.585,-0.212089,0.252228,-0.214348,0.265933,-0.0353663,0.229395,-5.24231e-18
7.586,-0.212089,0.252228,-0.214348,0.265933,-0.0353663,0.229395,-5.24231e-18
7.587,-0.212089,0.252228,-0.214348,0.265933,-0.0353663,0.229395,-5.24231e-18
7.588,-0.212089,0.252228,-0.214348,0.265933,-0.0353663,0.229395,-5.24231e-18
7.589,-0.212089,0.252228,-0.214348,0.265933,-0.0353663,0.229395,-5.24231e-18
7.59,-0.212089,0.252228,-0.214348,0.265933,-0.0353663,0.229395,-5.24231e-18
7.591,-0.212089,0.252228,-0.214348,0.265933,-0.0353663,0.229395,-5.24231e-18
7.592,-0.212089,0.252228,-0.214348,0.265933,-0.0353663,0.229395,-5.24231e-18
7.593,-0.212089,0.252228,-0.214348,0.265933,-0.0353663,0.229395,-5.24231e-18
7.594,-0.212089,0.252228,-0.214348,0.265933,-0.0353663,0.229395,-5.24231e-18
7.595,-0.212089,0.252228,-0.214348,0.265933,-0.0353663,0.229395,-5.24231e-18
7.596,-0.212089,0.252228,-0.214348,0.265933,-0.0353663,0.229395,-5.24231e-18
7.597,-0.212089,0.252228,-0.214348,0.265933,-0.0353663,0.229395,-5.24231e-18
7.598,-0.212089,0.252228,-0.214348,0.265933,-0.0353663,0.229395,-5.24231e-18
7.599,-0.212089,0.252228,-0.214348,0.265933,-0.0353663,0.229395,-5.24231e-18
7.6,-0.212089,0.252228,-0.214348,0.265933,-0.0353663,0.229395,-5.24231e-18
7.601,-0.212089,0.252228,-0.214348,0.265933,-0.0353663,0.229395,-5.24231e-18
7.602,-0.212089,0.252228,-0.214348,0.265933,-0.0353663,0.229395,-5.24231e-18
7.603,-0.212089,0.252228,-0.214348,0.265933,-0.0353663,0.229395,-5.24231e-18
7.604,-0.212089,0.252228,-0.214348,0.265933,-0.0353663,0.229395,-5.24231e-18
7.605,-0.212089,0.252228,-0.214348,0.265933,-0.0353663,0.229395,-5.24231e-18
7.606,-0.212089,0.252228,-0.214348,0.265933,-0.0353663,0.229395,-5.24231e-18
7.607,-0.212089,0.252228,-0.214348,0.265933,-0.0353663,0.229395,-5.24231e-18
7.608,-0.212089,0.252228,-0.214348,0.265933,-0.0353663,0.229395,-5.24231e-18
7.609,-0.212089,0.252228,-0.214348,0.265933,-0.0353663,0.229395,-5.24231e-18
7.61,-0.212089,0.252228,-0.214348,0.265933,-0.0353663,0.229395,-5.24231e-18
7.611,-0.212089,0.252228,-0.214348,0.265933,-0.0353663,0.229395,-5.24231e-18
7.612,-0.212089,0.252228,-0.214348,0.265933,-0.0353663,0.229395,-5.24231e-18
7.613,-0.212089,0.252228,-0.214348,0.265933,-0.0353663,0.229395,-5.24231e-18
7.614,-0.212089,0.252228,-0.214348,0.265933,-0.0353663,0.229395,-5.24231e-18
7.615,-0.212089,0.252228,-0.214348,0.265933,-0.0353663,0.229395,-5.24231e-18
7.616,-0.212089,0.252228,-0.214348,0.265933,-0.0353663,0.229395,-5.24231e-18
7.617,-0.212089,0.252228,-0.214348,0.265933,-0.0353663,0.229395,-5.24231e-18
7.618,-0.212089,0.252228,-0.214348,0.265933,-0.0353663,0.229395,-5.24231e-18
7.619,-0.212089,0.252228,-0.214348,0.265933,-0.0353663,0.229395,-5.24231e-18
7.62,-0.212089,0.252228,-0.214348,0.265933,-0.0353663,0.229395,-5.24231e-18
7.621,-0.212089,0.252228,-0.214348,0.265933,-0.0353663,0.229395,-5.24231e-18
7.622,-0.212089,0.252228,-0.214348,0.265933,-0.0353663,0.229395,-5.24231e-18
7.623,-0.212089,0.252228,-0.214348,0.265933,-0.0353663,0.229395,-5.24231e-18
7.624,-0.212089,0.252228,-0.214348,0.265933,-0.0353663,0.229395,-5.24231e-18
7.625,-0.212089,0.252228,-0.214348,0.265933,-0.0353663,0.229395,-5.24231e-18
7.626,-0.212089,0.252228,-0.214348,0.265933,-0.0353663,0.229395,-5.24231e-18
7.627,-0.212089,0.252228,-0.214348,0.265933,-0.0353663,0.229395,-5.24231e-18
7.628,-0.212089,0.252228,-0.214348,0.265933,-0.0353663,0.229395,-5.24231e-18
7.629,-0.212089,0.252228,-0.214348,0.265933,-0.0353663,0.229395,-5.24231e-18
7.63,-0.212089,0.252228,-0.214348,0.265933,-0.0353663,0.229395,-5.24231e-18
7.631,-0.212089,0.252228,-0.214348,0.265933,-0.0353663,0.229395,-5.24231e-18
7.632,-0.212089,0.252228,-0.214348,0.265933,-0.0353663,0.229395,-5.24231e-18
