time,q1,q2,q3,q4,q5,q6,q7
0.000000,0.528533,0.499679,-0.046026,-1.599228,-0.094890,2.107891,0.635442
0.002000,0.528471,0.499705,-0.045934,-1.599179,-0.095261,2.107935,0.643897
0.004000,0.528467,0.499698,-0.045935,-1.599189,-0.095267,2.107933,0.643018
0.006000,0.528387,0.499728,-0.045816,-1.599128,-0.095709,2.107971,0.653648
0.008000,0.528333,0.499756,-0.045725,-1.599070,-0.096010,2.107976,0.663330
0.010000,0.528311,0.499768,-0.045686,-1.599045,-0.096121,2.107976,0.667991
0.012000,0.528280,0.499790,-0.045620,-1.599001,-0.096266,2.107976,0.676959
0.014000,0.528264,0.499808,-0.045572,-1.598965,-0.096310,2.107976,0.685454
0.016000,0.528259,0.499822,-0.045536,-1.598938,-0.096301,2.107976,0.693502
0.018000,0.528259,0.499832,-0.045503,-1.598918,-0.096264,2.107976,0.701116
0.020000,0.528259,0.499839,-0.045469,-1.598905,-0.096202,2.107976,0.708301
0.022000,0.528259,0.499842,-0.045432,-1.598899,-0.096119,2.107976,0.715059
0.024000,0.528259,0.499842,-0.045394,-1.598898,-0.096016,2.107976,0.721393
0.026000,0.528259,0.499842,-0.045354,-1.598898,-0.095894,2.107976,0.727311
0.028000,0.528259,0.499842,-0.045312,-1.598899,-0.095757,2.107976,0.732816
0.030000,0.528259,0.499842,-0.045290,-1.598899,-0.095682,2.107976,0.735414
0.032000,0.528259,0.499842,-0.045223,-1.598900,-0.095437,2.107976,0.742592
0.034000,0.528259,0.499842,-0.045176,-1.598902,-0.095256,2.107976,0.746866
0.036000,0.528259,0.499842,-0.045128,-1.598903,-0.095061,2.107976,0.750733
0.038000,0.528259,0.499842,-0.045078,-1.598905,-0.094856,2.107976,0.754195
0.040000,0.528259,0.499842,-0.045026,-1.598906,-0.094640,2.107976,0.757253
0.042000,0.528259,0.499842,-0.045000,-1.598907,-0.094529,2.107976,0.758631
0.044000,0.528259,0.499842,-0.044919,-1.598910,-0.094182,2.107976,0.762164
0.046000,0.528259,0.499842,-0.044864,-1.598912,-0.093941,2.107976,0.764021
0.048000,0.528259,0.499842,-0.044835,-1.598914,-0.093818,2.107976,0.764800
0.050000,0.528259,0.499842,-0.044778,-1.598916,-0.093567,2.107976,0.766060
0.052000,0.528259,0.499842,-0.044720,-1.598918,-0.093310,2.107976,0.766925
0.054000,0.528259,0.499842,-0.044660,-1.598921,-0.093049,2.107976,0.767396
0.056000,0.528259,0.499842,-0.044599,-1.598923,-0.092783,2.107976,0.767485
0.058000,0.528259,0.499842,-0.044537,-1.598925,-0.092523,2.107976,0.767485
0.060000,0.528259,0.499843,-0.044473,-1.598925,-0.092274,2.107976,0.767485
0.062000,0.528259,0.499843,-0.044408,-1.598925,-0.092034,2.107976,0.767485
0.064000,0.528259,0.499843,-0.044375,-1.598925,-0.091918,2.107976,0.767485
0.066000,0.528259,0.499843,-0.044274,-1.598925,-0.091585,2.107976,0.767485
0.068000,0.528259,0.499843,-0.044204,-1.598925,-0.091375,2.107976,0.767485
0.070000,0.528259,0.499843,-0.044133,-1.598925,-0.091176,2.107976,0.767485
0.072000,0.528259,0.499843,-0.044061,-1.598925,-0.090986,2.107976,0.767485
0.074000,0.528259,0.499843,-0.043987,-1.598925,-0.090807,2.107976,0.767485
0.076000,0.528259,0.499843,-0.043912,-1.598925,-0.090638,2.107976,0.767485
0.078000,0.528259,0.499843,-0.043835,-1.598925,-0.090479,2.107976,0.767485
0.080000,0.528259,0.499843,-0.043757,-1.598925,-0.090330,2.107976,0.767485
0.082000,0.528259,0.499843,-0.043678,-1.598925,-0.090192,2.107976,0.767485
0.084000,0.528259,0.499843,-0.043597,-1.598925,-0.090065,2.107976,0.767485
0.086000,0.528259,0.499843,-0.043515,-1.598925,-0.089948,2.107976,0.767485
0.088000,0.528259,0.499843,-0.043431,-1.598925,-0.089841,2.107976,0.767485
0.090000,0.528259,0.499843,-0.043346,-1.598925,-0.089745,2.107976,0.767485
0.092000,0.528259,0.499843,-0.043259,-1.598925,-0.089659,2.107976,0.767485
0.094000,0.528259,0.499843,-0.043172,-1.598925,-0.089584,2.107976,0.767485
0.096000,0.528259,0.499843,-0.043082,-1.598925,-0.089519,2.107976,0.767485
0.098000,0.528259,0.499843,-0.042992,-1.598925,-0.089465,2.107976,0.767485
0.100000,0.528259,0.499843,-0.042900,-1.598925,-0.089422,2.107976,0.767485
0.102000,0.528259,0.499843,-0.042807,-1.598925,-0.089389,2.107976,0.767485
0.104000,0.528259,0.499843,-0.042712,-1.598925,-0.089366,2.107976,0.767485
0.106000,0.528259,0.499843,-0.042616,-1.598925,-0.089355,2.107976,0.767485
0.108000,0.528259,0.499843,-0.042518,-1.598925,-0.089353,2.107976,0.767485
0.110000,0.528259,0.499843,-0.042420,-1.598925,-0.089353,2.107976,0.767485
0.112000,0.528259,0.499843,-0.042370,-1.598925,-0.089353,2.107976,0.767485
0.114000,0.528259,0.499843,-0.042218,-1.598925,-0.089353,2.107976,0.767485
0.116000,0.528259,0.499843,-0.042167,-1.598925,-0.089353,2.107976,0.767485
0.118000,0.528259,0.499843,-0.042065,-1.598925,-0.089353,2.107976,0.767485
0.120000,0.528259,0.499843,-0.041960,-1.598925,-0.089353,2.107976,0.767485
0.122000,0.528259,0.499843,-0.041855,-1.598925,-0.089353,2.107976,0.767485
0.124000,0.528259,0.499843,-0.041749,-1.598925,-0.089353,2.107976,0.767485
0.126000,0.528259,0.499843,-0.041642,-1.598925,-0.089353,2.107976,0.767485
0.128000,0.528259,0.499843,-0.041534,-1.598925,-0.089353,2.107976,0.767485
0.130000,0.528259,0.499843,-0.041425,-1.598925,-0.089353,2.107976,0.767485
0.132000,0.528259,0.499843,-0.041315,-1.598925,-0.089353,2.107976,0.767485
0.134000,0.528259,0.499843,-0.041204,-1.598925,-0.089353,2.107976,0.767485
0.136000,0.528259,0.499843,-0.041092,-1.598925,-0.089353,2.107976,0.767485
0.138000,0.528259,0.499843,-0.040980,-1.598925,-0.089353,2.107976,0.767485
0.140000,0.528259,0.499843,-0.040867,-1.598925,-0.089353,2.107976,0.767485
0.142000,0.528259,0.499843,-0.040753,-1.598925,-0.089353,2.107976,0.767485
0.144000,0.528259,0.499843,-0.040638,-1.598925,-0.089353,2.107976,0.767485
0.146000,0.528259,0.499843,-0.040523,-1.598925,-0.089353,2.107976,0.767485
0.148000,0.528259,0.499843,-0.040407,-1.598925,-0.089353,2.107976,0.767485
0.150000,0.528259,0.499843,-0.040291,-1.598925,-0.089353,2.107976,0.767485
0.152000,0.528259,0.499843,-0.040174,-1.598925,-0.089353,2.107976,0.767485
0.154000,0.528259,0.499843,-0.040056,-1.598925,-0.089353,2.107976,0.767485
0.156000,0.528259,0.499843,-0.039938,-1.598925,-0.089353,2.107976,0.767485
0.158000,0.528259,0.499843,-0.039819,-1.598925,-0.089353,2.107976,0.767485
0.160000,0.528259,0.499843,-0.039700,-1.598925,-0.089353,2.107976,0.767485
0.162000,0.528259,0.499843,-0.039580,-1.598925,-0.089353,2.107976,0.767485
0.164000,0.528259,0.499843,-0.039521,-1.598925,-0.089353,2.107976,0.767485
0.166000,0.528259,0.499843,-0.039340,-1.598925,-0.089353,2.107976,0.767485
0.168000,0.528259,0.499843,-0.039219,-1.598925,-0.089353,2.107976,0.767485
0.170000,0.528259,0.499843,-0.039098,-1.598925,-0.089353,2.107976,0.767485
0.172000,0.528259,0.499843,-0.038977,-1.598925,-0.089353,2.107976,0.767485
0.174000,0.528259,0.499843,-0.038855,-1.598925,-0.089353,2.107976,0.767485
0.176000,0.528259,0.499843,-0.038733,-1.598925,-0.089353,2.107976,0.767485
0.178000,0.528259,0.499843,-0.038672,-1.598925,-0.089353,2.107976,0.767485
0.180000,0.528259,0.499843,-0.038549,-1.598925,-0.089353,2.107976,0.767485
0.182000,0.528259,0.499843,-0.038427,-1.598925,-0.089353,2.107976,0.767485
0.184000,0.528259,0.499843,-0.038304,-1.598925,-0.089353,2.107976,0.767485
0.186000,0.528259,0.499843,-0.038181,-1.598925,-0.089353,2.107976,0.767485
0.188000,0.528259,0.499843,-0.038058,-1.598925,-0.089353,2.107976,0.767485
0.190000,0.528260,0.499843,-0.037936,-1.598925,-0.089353,2.107976,0.767485
0.192000,0.528261,0.499843,-0.037813,-1.598925,-0.089353,2.107976,0.767485
0.194000,0.528262,0.499843,-0.037691,-1.598925,-0.089353,2.107976,0.767485
0.196000,0.528263,0.499843,-0.037568,-1.598925,-0.089353,2.107976,0.767485
0.198000,0.528265,0.499843,-0.037447,-1.598925,-0.089353,2.107976,0.767485
0.200000,0.528267,0.499843,-0.037325,-1.598925,-0.089353,2.107976,0.767485
0.202000,0.528269,0.499843,-0.037204,-1.598925,-0.089353,2.107976,0.767485
0.204000,0.528272,0.499843,-0.037084,-1.598925,-0.089353,2.107976,0.767485
0.206000,0.528276,0.499843,-0.036964,-1.598925,-0.089353,2.107976,0.767485
0.208000,0.528279,0.499843,-0.036845,-1.598925,-0.089353,2.107976,0.767485
0.210000,0.528284,0.499843,-0.036727,-1.598925,-0.089353,2.107976,0.767485
0.212000,0.528289,0.499843,-0.036609,-1.598925,-0.089353,2.107976,0.767485
0.214000,0.528295,0.499843,-0.036492,-1.598925,-0.089353,2.107976,0.767485
0.216000,0.528301,0.499843,-0.036376,-1.598925,-0.089353,2.107976,0.767485
0.218000,0.528308,0.499843,-0.036261,-1.598925,-0.089353,2.107976,0.767485
0.220000,0.528315,0.499843,-0.036147,-1.598925,-0.089353,2.107976,0.767485
0.222000,0.528323,0.499843,-0.036034,-1.598925,-0.089353,2.107976,0.767485
0.224000,0.528332,0.499843,-0.035922,-1.598925,-0.089353,2.107976,0.767485
0.226000,0.528342,0.499843,-0.035811,-1.598925,-0.089353,2.107976,0.767485
0.228000,0.528353,0.499843,-0.035701,-1.598925,-0.089353,2.107976,0.767485
0.230000,0.528358,0.499843,-0.035646,-1.598925,-0.089353,2.107976,0.767485
0.232000,0.528370,0.499843,-0.035538,-1.598925,-0.089353,2.107976,0.767485
0.234000,0.528382,0.499843,-0.035431,-1.598925,-0.089353,2.107976,0.767485
0.236000,0.528395,0.499843,-0.035325,-1.598925,-0.089353,2.107976,0.767485
0.238000,0.528410,0.499843,-0.035220,-1.598925,-0.089353,2.107976,0.767485
0.240000,0.528425,0.499843,-0.035117,-1.598925,-0.089353,2.107976,0.767485
0.242000,0.528440,0.499843,-0.035015,-1.598925,-0.089353,2.107976,0.767485
0.244000,0.528457,0.499843,-0.034914,-1.598925,-0.089353,2.107976,0.767485
0.246000,0.528475,0.499843,-0.034815,-1.598925,-0.089353,2.107976,0.767485
0.248000,0.528493,0.499843,-0.034717,-1.598925,-0.089353,2.107976,0.767485
0.250000,0.528513,0.499843,-0.034620,-1.598925,-0.089353,2.107976,0.767485
0.252000,0.528534,0.499843,-0.034525,-1.598925,-0.089353,2.107976,0.767485
0.254000,0.528555,0.499843,-0.034431,-1.598925,-0.089353,2.107976,0.767485
0.256000,0.528578,0.499843,-0.034339,-1.598925,-0.089353,2.107976,0.767485
0.258000,0.528601,0.499843,-0.034249,-1.598925,-0.089353,2.107976,0.767485
0.260000,0.528626,0.499843,-0.034160,-1.598925,-0.089353,2.107976,0.767485
0.262000,0.528651,0.499843,-0.034073,-1.598925,-0.089353,2.107976,0.767485
0.264000,0.528678,0.499843,-0.033987,-1.598925,-0.089353,2.107976,0.767485
0.266000,0.528705,0.499843,-0.033903,-1.598925,-0.089353,2.107976,0.767485
0.268000,0.528734,0.499843,-0.033820,-1.598925,-0.089353,2.107976,0.767485
0.270000,0.528764,0.499843,-0.033740,-1.598925,-0.089353,2.107976,0.767485
0.272000,0.528795,0.499843,-0.033660,-1.598925,-0.089353,2.107976,0.767485
0.274000,0.528827,0.499843,-0.033583,-1.598925,-0.089353,2.107976,0.767485
0.276000,0.528860,0.499843,-0.033507,-1.598925,-0.089353,2.107976,0.767485
0.278000,0.528894,0.499843,-0.033433,-1.598925,-0.089353,2.107976,0.767485
0.280000,0.528930,0.499843,-0.033361,-1.598925,-0.089353,2.107976,0.767485
0.282000,0.528966,0.499843,-0.033291,-1.598925,-0.089353,2.107976,0.767485
0.284000,0.529004,0.499843,-0.033222,-1.598925,-0.089353,2.107976,0.767485
0.286000,0.529043,0.499843,-0.033155,-1.598925,-0.089353,2.107976,0.767485
0.288000,0.529083,0.499843,-0.033090,-1.598925,-0.089353,2.107976,0.767485
0.290000,0.529124,0.499843,-0.033027,-1.598925,-0.089353,2.107976,0.767485
0.292000,0.529166,0.499843,-0.032966,-1.598925,-0.089353,2.107976,0.767485
0.294000,0.529210,0.499843,-0.032906,-1.598925,-0.089353,2.107976,0.767485
0.296000,0.529254,0.499843,-0.032848,-1.598925,-0.089353,2.107976,0.767485
0.298000,0.529300,0.499843,-0.032792,-1.598925,-0.089353,2.107976,0.767485
0.300000,0.529347,0.499843,-0.032738,-1.598925,-0.089353,2.107976,0.767485
0.302000,0.529395,0.499843,-0.032686,-1.598925,-0.089353,2.107976,0.767485
0.304000,0.529444,0.499843,-0.032636,-1.598925,-0.089353,2.107976,0.767485
0.306000,0.529495,0.499843,-0.032587,-1.598925,-0.089353,2.107976,0.767485
0.308000,0.529547,0.499843,-0.032541,-1.598925,-0.089353,2.107976,0.767485
0.310000,0.529600,0.499843,-0.032496,-1.598925,-0.089353,2.107976,0.767485
0.312000,0.529654,0.499843,-0.032453,-1.598925,-0.089353,2.107976,0.767485
0.314000,0.529709,0.499843,-0.032412,-1.598925,-0.089353,2.107976,0.767485
0.316000,0.529766,0.499843,-0.032373,-1.598925,-0.089353,2.107976,0.767485
0.318000,0.529794,0.499843,-0.032354,-1.598925,-0.089353,2.107976,0.767485
0.320000,0.529853,0.499843,-0.032318,-1.598926,-0.089353,2.107976,0.767485
0.322000,0.529912,0.499843,-0.032283,-1.598926,-0.089353,2.107976,0.767485
0.324000,0.529973,0.499843,-0.032251,-1.598926,-0.089353,2.107976,0.767485
0.326000,0.530035,0.499843,-0.032220,-1.598927,-0.089353,2.107976,0.767485
0.328000,0.530098,0.499843,-0.032191,-1.598927,-0.089353,2.107976,0.767485
0.330000,0.530163,0.499843,-0.032165,-1.598928,-0.089353,2.107976,0.767485
0.332000,0.530228,0.499843,-0.032140,-1.598928,-0.089353,2.107976,0.767485
0.334000,0.530295,0.499843,-0.032116,-1.598929,-0.089353,2.107976,0.767485
0.336000,0.530363,0.499843,-0.032095,-1.598930,-0.089353,2.107976,0.767485
0.338000,0.530432,0.499843,-0.032076,-1.598931,-0.089353,2.107976,0.767485
0.340000,0.530502,0.499843,-0.032058,-1.598932,-0.089353,2.107976,0.767485
0.342000,0.530574,0.499843,-0.032043,-1.598933,-0.089353,2.107976,0.767485
0.344000,0.530647,0.499843,-0.032029,-1.598935,-0.089353,2.107976,0.767485
0.346000,0.530721,0.499843,-0.032017,-1.598936,-0.089353,2.107976,0.767485
0.348000,0.530796,0.499843,-0.032007,-1.598938,-0.089353,2.107976,0.767485
0.350000,0.530872,0.499843,-0.031999,-1.598939,-0.089353,2.107976,0.767485
0.352000,0.530950,0.499843,-0.031992,-1.598941,-0.089353,2.107976,0.767485
0.354000,0.531028,0.499843,-0.031988,-1.598944,-0.089353,2.107976,0.767485
0.356000,0.531108,0.499843,-0.031985,-1.598946,-0.089353,2.107976,0.767485
0.358000,0.531189,0.499843,-0.031985,-1.598948,-0.089353,2.107976,0.767485
0.360000,0.531271,0.499843,-0.031985,-1.598951,-0.089353,2.107976,0.767485
0.362000,0.531352,0.499843,-0.031985,-1.598954,-0.089353,2.107976,0.767485
0.364000,0.531433,0.499843,-0.031985,-1.598957,-0.089353,2.107976,0.767485
0.366000,0.531514,0.499843,-0.031985,-1.598960,-0.089353,2.107976,0.767485
0.368000,0.531595,0.499843,-0.031985,-1.598963,-0.089353,2.107976,0.767485
0.370000,0.531675,0.499843,-0.031985,-1.598966,-0.089353,2.107976,0.767485
0.372000,0.531756,0.499843,-0.031985,-1.598970,-0.089353,2.107976,0.767485
0.374000,0.531836,0.499843,-0.031985,-1.598974,-0.089353,2.107976,0.767485
0.376000,0.531916,0.499843,-0.031985,-1.598978,-0.089353,2.107976,0.767485
0.378000,0.531995,0.499843,-0.031985,-1.598982,-0.089353,2.107976,0.767485
0.380000,0.532075,0.499843,-0.031985,-1.598986,-0.089353,2.107976,0.767485
0.382000,0.532154,0.499843,-0.031985,-1.598991,-0.089353,2.107976,0.767485
0.384000,0.532233,0.499843,-0.031985,-1.598996,-0.089353,2.107976,0.767485
0.386000,0.532312,0.499843,-0.031985,-1.599001,-0.089353,2.107976,0.767485
0.388000,0.532351,0.499843,-0.031985,-1.599003,-0.089353,2.107976,0.767485
0.390000,0.532430,0.499843,-0.031985,-1.599009,-0.089353,2.107976,0.767485
0.392000,0.532508,0.499843,-0.031985,-1.599014,-0.089353,2.107976,0.767485
0.394000,0.532586,0.499843,-0.031985,-1.599020,-0.089353,2.107976,0.767485
0.396000,0.532664,0.499843,-0.031985,-1.599026,-0.089353,2.107976,0.767485
0.398000,0.532741,0.499843,-0.031985,-1.599032,-0.089353,2.107976,0.767485
0.400000,0.532819,0.499843,-0.031985,-1.599039,-0.089353,2.107976,0.767485
0.402000,0.532896,0.499843,-0.031985,-1.599045,-0.089353,2.107976,0.767485
0.404000,0.532973,0.499843,-0.031985,-1.599052,-0.089353,2.107976,0.767485
0.406000,0.533049,0.499843,-0.031985,-1.599059,-0.089353,2.107976,0.767485
0.408000,0.533126,0.499843,-0.031985,-1.599067,-0.089353,2.107976,0.767485
0.410000,0.533202,0.499843,-0.031985,-1.599075,-0.089353,2.107976,0.767485
0.412000,0.533278,0.499843,-0.031985,-1.599082,-0.089353,2.107976,0.767485
0.414000,0.533353,0.499843,-0.031985,-1.599091,-0.089353,2.107976,0.767485
0.416000,0.533429,0.499843,-0.031985,-1.599099,-0.089353,2.107976,0.767485
0.418000,0.533504,0.499843,-0.031985,-1.599108,-0.089353,2.107976,0.767485
0.420000,0.533579,0.499843,-0.031985,-1.599117,-0.089353,2.107976,0.767485
0.422000,0.533654,0.499843,-0.031985,-1.599126,-0.089353,2.107975,0.767485
0.424000,0.533728,0.499843,-0.031985,-1.599135,-0.089353,2.107974,0.767485
0.426000,0.533802,0.499843,-0.031985,-1.599144,-0.089353,2.107973,0.767485
0.428000,0.533876,0.499843,-0.031985,-1.599154,-0.089353,2.107971,0.767485
0.430000,0.533913,0.499843,-0.031985,-1.599159,-0.089353,2.107969,0.767485
0.432000,0.534023,0.499843,-0.031985,-1.599174,-0.089353,2.107963,0.767485
0.434000,0.534096,0.499843,-0.031985,-1.599184,-0.089353,2.107958,0.767485
0.436000,0.534169,0.499843,-0.031985,-1.599194,-0.089353,2.107952,0.767485
0.438000,0.534242,0.499843,-0.031985,-1.599204,-0.089353,2.107944,0.767485
0.440000,0.534314,0.499843,-0.031985,-1.599214,-0.089353,2.107935,0.767485
0.442000,0.534386,0.499843,-0.031985,-1.599225,-0.089353,2.107924,0.767485
0.444000,0.534458,0.499843,-0.031985,-1.599235,-0.089353,2.107911,0.767485
0.446000,0.534494,0.499843,-0.031985,-1.599240,-0.089353,2.107905,0.767485
0.448000,0.534566,0.499843,-0.031985,-1.599251,-0.089353,2.107890,0.767485
0.450000,0.534637,0.499843,-0.031985,-1.599261,-0.089353,2.107873,0.767485
0.452000,0.534708,0.499843,-0.031985,-1.599271,-0.089353,2.107854,0.767485
0.454000,0.534779,0.499843,-0.031985,-1.599282,-0.089353,2.107834,0.767485
0.456000,0.534849,0.499843,-0.031985,-1.599292,-0.089353,2.107811,0.767485
0.458000,0.534920,0.499843,-0.031985,-1.599302,-0.089353,2.107787,0.767485
0.460000,0.534990,0.499843,-0.031985,-1.599312,-0.089353,2.107760,0.767485
0.462000,0.535059,0.499843,-0.031985,-1.599322,-0.089353,2.107731,0.767485
0.464000,0.535129,0.499843,-0.031985,-1.599332,-0.089353,2.107700,0.767485
0.466000,0.535198,0.499843,-0.031985,-1.599342,-0.089353,2.107667,0.767485
0.468000,0.535267,0.499843,-0.031985,-1.599352,-0.089353,2.107632,0.767485
0.470000,0.535336,0.499843,-0.031985,-1.599362,-0.089353,2.107595,0.767485
0.472000,0.535404,0.499843,-0.031985,-1.599371,-0.089353,2.107556,0.767485
0.474000,0.535472,0.499843,-0.031985,-1.599381,-0.089353,2.107514,0.767485
0.476000,0.535540,0.499843,-0.031985,-1.599390,-0.089353,2.107471,0.767485
0.478000,0.535608,0.499843,-0.031985,-1.599400,-0.089353,2.107425,0.767485
0.480000,0.535676,0.499843,-0.031985,-1.599409,-0.089353,2.107377,0.767485
0.482000,0.535743,0.499843,-0.031985,-1.599418,-0.089353,2.107326,0.767485
0.484000,0.535810,0.499843,-0.031985,-1.599426,-0.089353,2.107274,0.767485
0.486000,0.535876,0.499843,-0.031985,-1.599435,-0.089353,2.107219,0.767485
0.488000,0.535943,0.499843,-0.031985,-1.599443,-0.089353,2.107163,0.767485
0.490000,0.536009,0.499843,-0.031985,-1.599452,-0.089353,2.107104,0.767485
0.492000,0.536075,0.499843,-0.031985,-1.599460,-0.089353,2.107042,0.767485
0.494000,0.536140,0.499843,-0.031985,-1.599468,-0.089353,2.106979,0.767485
0.496000,0.536206,0.499843,-0.031985,-1.599475,-0.089353,2.106914,0.767485
0.498000,0.536271,0.499843,-0.031985,-1.599483,-0.089353,2.106846,0.767485
0.500000,0.536336,0.499843,-0.031985,-1.599490,-0.089353,2.106776,0.767485
0.502000,0.536400,0.499843,-0.031985,-1.599497,-0.089353,2.106704,0.767485
0.504000,0.536465,0.499843,-0.031985,-1.599504,-0.089353,2.106630,0.767485
0.506000,0.536529,0.499843,-0.031985,-1.599510,-0.089353,2.106554,0.767485
0.508000,0.536593,0.499843,-0.031985,-1.599517,-0.089353,2.106475,0.767485
0.510000,0.536656,0.499843,-0.031985,-1.599523,-0.089353,2.106395,0.767485
0.512000,0.536720,0.499843,-0.031985,-1.599529,-0.089353,2.106312,0.767485
0.514000,0.536783,0.499843,-0.031985,-1.599534,-0.089353,2.106227,0.767485
0.516000,0.536846,0.499843,-0.031985,-1.599540,-0.089353,2.106140,0.767485
0.518000,0.536908,0.499843,-0.031985,-1.599545,-0.089353,2.106051,0.767485
0.520000,0.536970,0.499843,-0.031985,-1.599550,-0.089353,2.105960,0.767485
0.522000,0.537032,0.499843,-0.031985,-1.599554,-0.089353,2.105867,0.767485
0.524000,0.537094,0.499843,-0.031985,-1.599558,-0.089353,2.105772,0.767485
0.526000,0.537156,0.499843,-0.031985,-1.599562,-0.089353,2.105674,0.767485
0.528000,0.537217,0.499843,-0.031985,-1.599566,-0.089353,2.105575,0.767485
0.530000,0.537248,0.499843,-0.031985,-1.599567,-0.089353,2.105524,0.767485
0.532000,0.537339,0.499843,-0.031985,-1.599572,-0.089353,2.105370,0.767485
0.534000,0.537400,0.499843,-0.031985,-1.599575,-0.089353,2.105264,0.767485
0.536000,0.537430,0.499843,-0.031985,-1.599576,-0.089353,2.105211,0.767485
0.538000,0.537520,0.499843,-0.031985,-1.599579,-0.089353,2.105047,0.767485
0.540000,0.537550,0.499843,-0.031985,-1.599580,-0.089353,2.104991,0.767485
0.542000,0.537610,0.499843,-0.031985,-1.599581,-0.089353,2.104878,0.767485
0.544000,0.537669,0.499843,-0.031985,-1.599582,-0.089353,2.104763,0.767485
0.546000,0.537729,0.499843,-0.031985,-1.599583,-0.089353,2.104646,0.767485
0.548000,0.537788,0.499843,-0.031985,-1.599583,-0.089353,2.104527,0.767485
0.550000,0.537847,0.499843,-0.031985,-1.599584,-0.089353,2.104406,0.767485
0.552000,0.537905,0.499843,-0.031985,-1.599584,-0.089353,2.104283,0.767485
0.554000,0.537963,0.499842,-0.031985,-1.599584,-0.089353,2.104160,0.767485
0.556000,0.538022,0.499842,-0.031985,-1.599584,-0.089353,2.104035,0.767485
0.558000,0.538079,0.499842,-0.031985,-1.599584,-0.089353,2.103909,0.767485
0.560000,0.538137,0.499841,-0.031985,-1.599584,-0.089353,2.103782,0.767485
0.562000,0.538194,0.499841,-0.031985,-1.599584,-0.089353,2.103654,0.767485
0.564000,0.538252,0.499840,-0.031985,-1.599584,-0.089353,2.103524,0.767485
0.566000,0.538309,0.499839,-0.031985,-1.599584,-0.089353,2.103393,0.767485
0.568000,0.538365,0.499838,-0.031985,-1.599584,-0.089353,2.103261,0.767485
0.570000,0.538422,0.499837,-0.031985,-1.599584,-0.089353,2.103127,0.767485
0.572000,0.538478,0.499835,-0.031985,-1.599584,-0.089353,2.102992,0.767485
0.574000,0.538534,0.499834,-0.031985,-1.599584,-0.089353,2.102855,0.767485
0.576000,0.538590,0.499832,-0.031985,-1.599584,-0.089353,2.102716,0.767485
0.578000,0.538646,0.499830,-0.031985,-1.599584,-0.089353,2.102576,0.767485
0.580000,0.538701,0.499828,-0.031985,-1.599584,-0.089353,2.102434,0.767485
0.582000,0.538756,0.499826,-0.031985,-1.599584,-0.089353,2.102290,0.767485
0.584000,0.538811,0.499823,-0.031985,-1.599584,-0.089353,2.102145,0.767485
0.586000,0.538839,0.499822,-0.031985,-1.599584,-0.089353,2.102071,0.767485
0.588000,0.538893,0.499819,-0.031985,-1.599584,-0.089353,2.101923,0.767485
0.590000,0.538948,0.499816,-0.031985,-1.599584,-0.089353,2.101772,0.767485
0.592000,0.539002,0.499813,-0.031985,-1.599584,-0.089353,2.101619,0.767485
0.594000,0.539056,0.499810,-0.031985,-1.599584,-0.089353,2.101465,0.767485
0.596000,0.539110,0.499806,-0.031985,-1.599584,-0.089353,2.101308,0.767485
0.598000,0.539164,0.499802,-0.031985,-1.599584,-0.089353,2.101149,0.767485
0.600000,0.539217,0.499798,-0.031985,-1.599584,-0.089353,2.100988,0.767485
0.602000,0.539270,0.499794,-0.031985,-1.599584,-0.089353,2.100825,0.767485
0.604000,0.539323,0.499789,-0.031985,-1.599584,-0.089353,2.100660,0.767485
0.606000,0.539376,0.499784,-0.031985,-1.599584,-0.089353,2.100493,0.767485
0.608000,0.539429,0.499779,-0.031985,-1.599584,-0.089353,2.100323,0.767485
0.610000,0.539481,0.499774,-0.031985,-1.599584,-0.089353,2.100152,0.767485
0.612000,0.539534,0.499768,-0.031985,-1.599584,-0.089353,2.099978,0.767485
0.614000,0.539586,0.499762,-0.031985,-1.599584,-0.089353,2.099803,0.767485
0.616000,0.539637,0.499756,-0.031985,-1.599584,-0.089353,2.099625,0.767485
0.618000,0.539689,0.499749,-0.031985,-1.599584,-0.089353,2.099446,0.767485
0.620000,0.539741,0.499743,-0.031985,-1.599584,-0.089353,2.099264,0.767485
0.622000,0.539792,0.499736,-0.031985,-1.599584,-0.089353,2.099080,0.767485
0.624000,0.539843,0.499728,-0.031985,-1.599584,-0.089353,2.098895,0.767485
0.626000,0.539894,0.499721,-0.031985,-1.599584,-0.089353,2.098707,0.767485
0.628000,0.539945,0.499713,-0.031985,-1.599584,-0.089353,2.098517,0.767485
0.630000,0.539970,0.499709,-0.031985,-1.599584,-0.089353,2.098422,0.767485
0.632000,0.540021,0.499701,-0.031985,-1.599584,-0.089353,2.098229,0.767485
0.634000,0.540071,0.499692,-0.031985,-1.599584,-0.089353,2.098034,0.767485
0.636000,0.540121,0.499683,-0.031985,-1.599584,-0.089353,2.097837,0.767485
0.638000,0.540171,0.499674,-0.031985,-1.599584,-0.089353,2.097639,0.767485
0.640000,0.540221,0.499665,-0.031985,-1.599584,-0.089353,2.097438,0.767485
0.642000,0.540270,0.499655,-0.031985,-1.599584,-0.089353,2.097235,0.767485
0.644000,0.540320,0.499645,-0.031985,-1.599584,-0.089353,2.097030,0.767485
0.646000,0.540369,0.499634,-0.031985,-1.599584,-0.089353,2.096823,0.767485
0.648000,0.540418,0.499624,-0.031985,-1.599584,-0.089353,2.096614,0.767485
0.650000,0.540467,0.499612,-0.031985,-1.599584,-0.089353,2.096404,0.767485
0.652000,0.540516,0.499601,-0.031985,-1.599584,-0.089353,2.096191,0.767485
0.654000,0.540565,0.499589,-0.031985,-1.599584,-0.089353,2.095977,0.767485
0.656000,0.540613,0.499577,-0.031985,-1.599584,-0.089353,2.095761,0.767485
0.658000,0.540661,0.499565,-0.031985,-1.599584,-0.089353,2.095543,0.767485
0.660000,0.540710,0.499552,-0.031985,-1.599584,-0.089353,2.095323,0.767485
0.662000,0.540758,0.499539,-0.031985,-1.599584,-0.089353,2.095101,0.767485
0.664000,0.540805,0.499526,-0.031985,-1.599584,-0.089353,2.094878,0.767485
0.666000,0.540853,0.499512,-0.031985,-1.599584,-0.089353,2.094653,0.767485
0.668000,0.540901,0.499498,-0.031985,-1.599584,-0.089353,2.094426,0.767485
0.670000,0.540948,0.499484,-0.031985,-1.599584,-0.089353,2.094197,0.767485
0.672000,0.540995,0.499469,-0.031985,-1.599584,-0.089353,2.093967,0.767485
0.674000,0.541042,0.499454,-0.031985,-1.599584,-0.089353,2.093735,0.767485
0.676000,0.541089,0.499438,-0.031985,-1.599584,-0.089353,2.093502,0.767485
0.678000,0.541136,0.499422,-0.031985,-1.599584,-0.089353,2.093267,0.767485
0.680000,0.541183,0.499406,-0.031985,-1.599584,-0.089353,2.093030,0.767485
0.682000,0.541229,0.499390,-0.031985,-1.599584,-0.089353,2.092791,0.767485
0.684000,0.541276,0.499373,-0.031985,-1.599584,-0.089353,2.092552,0.767485
0.686000,0.541299,0.499364,-0.031985,-1.599584,-0.089353,2.092431,0.767485
0.688000,0.541345,0.499347,-0.031985,-1.599584,-0.089353,2.092189,0.767485
0.690000,0.541391,0.499329,-0.031985,-1.599584,-0.089353,2.091945,0.767485
0.692000,0.541437,0.499311,-0.031985,-1.599584,-0.089353,2.091699,0.767485
0.694000,0.541483,0.499292,-0.031985,-1.599584,-0.089353,2.091452,0.767485
0.696000,0.541529,0.499274,-0.031985,-1.599584,-0.089353,2.091203,0.767485
0.698000,0.541574,0.499254,-0.031985,-1.599584,-0.089353,2.090953,0.767485
0.700000,0.541620,0.499235,-0.031985,-1.599584,-0.089353,2.090701,0.767485
0.702000,0.541665,0.499215,-0.031985,-1.599584,-0.089353,2.090447,0.767485
0.704000,0.541710,0.499194,-0.031985,-1.599584,-0.089353,2.090192,0.767485
0.706000,0.541755,0.499173,-0.031985,-1.599584,-0.089353,2.089935,0.767485
0.708000,0.541800,0.499152,-0.031985,-1.599584,-0.089353,2.089677,0.767485
0.710000,0.541845,0.499130,-0.031985,-1.599584,-0.089353,2.089416,0.767485
0.712000,0.541890,0.499108,-0.031985,-1.599584,-0.089353,2.089154,0.767485
0.714000,0.541935,0.499086,-0.031985,-1.599584,-0.089353,2.088890,0.767485
0.716000,0.541979,0.499063,-0.031985,-1.599584,-0.089353,2.088624,0.767485
0.718000,0.542024,0.499040,-0.031985,-1.599584,-0.089353,2.088355,0.767485
0.720000,0.542068,0.499016,-0.031985,-1.599584,-0.089353,2.088084,0.767485
0.722000,0.542112,0.498992,-0.031985,-1.599584,-0.089353,2.087812,0.767485
0.724000,0.542156,0.498967,-0.031985,-1.599584,-0.089353,2.087536,0.767485
0.726000,0.542200,0.498942,-0.031985,-1.599584,-0.089353,2.087259,0.767485
0.728000,0.542244,0.498917,-0.031985,-1.599584,-0.089353,2.086979,0.767485
0.730000,0.542266,0.498904,-0.031985,-1.599584,-0.089353,2.086838,0.767485
0.732000,0.542332,0.498865,-0.031985,-1.599584,-0.089353,2.086412,0.767485
0.734000,0.542376,0.498838,-0.031985,-1.599584,-0.089353,2.086124,0.767485
0.736000,0.542419,0.498811,-0.031985,-1.599584,-0.089353,2.085835,0.767485
0.738000,0.542463,0.498783,-0.031985,-1.599584,-0.089353,2.085542,0.767485
0.740000,0.542506,0.498755,-0.031985,-1.599584,-0.089353,2.085248,0.767485
0.742000,0.542549,0.498726,-0.031985,-1.599584,-0.089353,2.084950,0.767485
0.744000,0.542592,0.498697,-0.031985,-1.599584,-0.089353,2.084651,0.767485
0.746000,0.542635,0.498667,-0.031985,-1.599584,-0.089353,2.084348,0.767485
0.748000,0.542678,0.498637,-0.031985,-1.599584,-0.089353,2.084044,0.767485
0.750000,0.542721,0.498607,-0.031985,-1.599584,-0.089353,2.083736,0.767485
0.752000,0.542764,0.498576,-0.031985,-1.599584,-0.089353,2.083427,0.767485
0.754000,0.542807,0.498545,-0.031985,-1.599584,-0.089353,2.083114,0.767485
0.756000,0.542850,0.498513,-0.031985,-1.599584,-0.089353,2.082800,0.767485
0.758000,0.542892,0.498481,-0.031985,-1.599584,-0.089353,2.082482,0.767485
0.760000,0.542935,0.498448,-0.031985,-1.599584,-0.089353,2.082163,0.767485
0.762000,0.542977,0.498414,-0.031985,-1.599584,-0.089353,2.081840,0.767485
0.764000,0.543019,0.498381,-0.031985,-1.599584,-0.089353,2.081516,0.767485
0.766000,0.543062,0.498347,-0.031985,-1.599584,-0.089353,2.081189,0.767485
0.768000,0.543104,0.498312,-0.031985,-1.599584,-0.089353,2.080859,0.767485
0.770000,0.543146,0.498277,-0.031985,-1.599584,-0.089353,2.080527,0.767485
0.772000,0.543188,0.498241,-0.031985,-1.599584,-0.089353,2.080193,0.767485
0.774000,0.543230,0.498205,-0.031985,-1.599584,-0.089353,2.079856,0.767485
0.776000,0.543272,0.498169,-0.031985,-1.599584,-0.089353,2.079517,0.767485
0.778000,0.543313,0.498132,-0.031985,-1.599584,-0.089353,2.079176,0.767485
0.780000,0.543334,0.498113,-0.031985,-1.599584,-0.089353,2.079004,0.767485
0.782000,0.543397,0.498056,-0.031985,-1.599584,-0.089353,2.078486,0.767485
0.784000,0.543438,0.498018,-0.031985,-1.599584,-0.089353,2.078138,0.767485
0.786000,0.543480,0.497979,-0.031985,-1.599584,-0.089353,2.077787,0.767485
0.788000,0.543521,0.497940,-0.031985,-1.599584,-0.089353,2.077434,0.767485
0.790000,0.543542,0.497920,-0.031985,-1.599584,-0.089353,2.077256,0.767485
0.792000,0.543583,0.497880,-0.031985,-1.599584,-0.089353,2.076900,0.767485
0.794000,0.543624,0.497839,-0.031985,-1.599584,-0.089353,2.076541,0.767485
0.796000,0.543666,0.497798,-0.031985,-1.599584,-0.089353,2.076180,0.767485
0.798000,0.543707,0.497757,-0.031985,-1.599584,-0.089353,2.075816,0.767485
0.800000,0.543748,0.497715,-0.031985,-1.599584,-0.089353,2.075450,0.767485
0.802000,0.543789,0.497673,-0.031985,-1.599584,-0.089353,2.075082,0.767485
0.804000,0.543830,0.497630,-0.031985,-1.599584,-0.089353,2.074712,0.767485
0.806000,0.543871,0.497587,-0.031985,-1.599584,-0.089353,2.074339,0.767485
0.808000,0.543911,0.497543,-0.031985,-1.599584,-0.089353,2.073964,0.767485
0.810000,0.543952,0.497499,-0.031985,-1.599584,-0.089353,2.073587,0.767485
0.812000,0.543993,0.497454,-0.031985,-1.599584,-0.089353,2.073208,0.767485
0.814000,0.544034,0.497409,-0.031985,-1.599584,-0.089353,2.072827,0.767485
0.816000,0.544074,0.497363,-0.031985,-1.599584,-0.089353,2.072443,0.767485
0.818000,0.544115,0.497317,-0.031985,-1.599584,-0.089353,2.072058,0.767485
0.820000,0.544155,0.497271,-0.031985,-1.599584,-0.089353,2.071671,0.767485
0.822000,0.544196,0.497224,-0.031985,-1.599584,-0.089353,2.071281,0.767485
0.824000,0.544236,0.497176,-0.031985,-1.599584,-0.089353,2.070890,0.767485
0.826000,0.544277,0.497128,-0.031985,-1.599584,-0.089353,2.070497,0.767485
0.828000,0.544317,0.497080,-0.031985,-1.599584,-0.089353,2.070101,0.767485
0.830000,0.544337,0.497056,-0.031985,-1.599584,-0.089353,2.069903,0.767485
0.832000,0.544397,0.496982,-0.031985,-1.599584,-0.089353,2.069305,0.767485
0.834000,0.544438,0.496932,-0.031985,-1.599584,-0.089353,2.068904,0.767485
0.836000,0.544478,0.496882,-0.031985,-1.599584,-0.089353,2.068502,0.767485
0.838000,0.544518,0.496831,-0.031985,-1.599584,-0.089353,2.068097,0.767485
0.840000,0.544558,0.496780,-0.031985,-1.599584,-0.089353,2.067691,0.767485
0.842000,0.544598,0.496729,-0.031985,-1.599584,-0.089353,2.067283,0.767485
0.844000,0.544638,0.496677,-0.031985,-1.599584,-0.089353,2.066873,0.767485
0.846000,0.544678,0.496625,-0.031985,-1.599584,-0.089353,2.066461,0.767485
0.848000,0.544718,0.496572,-0.031985,-1.599584,-0.089353,2.066048,0.767485
0.850000,0.544758,0.496519,-0.031985,-1.599584,-0.089353,2.065632,0.767485
0.852000,0.544798,0.496465,-0.031985,-1.599584,-0.089353,2.065214,0.767485
0.854000,0.544837,0.496411,-0.031985,-1.599584,-0.089353,2.064793,0.767485
0.856000,0.544877,0.496356,-0.031985,-1.599584,-0.089353,2.064370,0.767485
0.858000,0.544917,0.496301,-0.031985,-1.599584,-0.089353,2.063945,0.767485
0.860000,0.544957,0.496245,-0.031985,-1.599584,-0.089353,2.063516,0.767485
0.862000,0.544996,0.496189,-0.031985,-1.599584,-0.089353,2.063085,0.767485
0.864000,0.545016,0.496161,-0.031985,-1.599584,-0.089353,2.062869,0.767485
0.866000,0.545076,0.496076,-0.031985,-1.599584,-0.089353,2.062215,0.767485
0.868000,0.545115,0.496018,-0.031985,-1.599584,-0.089353,2.061776,0.767485
0.870000,0.545135,0.495990,-0.031985,-1.599584,-0.089353,2.061555,0.767485
0.872000,0.545175,0.495931,-0.031985,-1.599584,-0.089353,2.061111,0.767485
0.874000,0.545214,0.495873,-0.031985,-1.599584,-0.089353,2.060664,0.767485
0.876000,0.545254,0.495814,-0.031985,-1.599584,-0.089353,2.060213,0.767485
0.878000,0.545293,0.495754,-0.031985,-1.599584,-0.089353,2.059760,0.767485
0.880000,0.545333,0.495694,-0.031985,-1.599584,-0.089353,2.059303,0.767485
0.882000,0.545372,0.495633,-0.031985,-1.599584,-0.089353,2.058843,0.767485
0.884000,0.545412,0.495572,-0.031985,-1.599584,-0.089353,2.058379,0.767485
0.886000,0.545451,0.495511,-0.031985,-1.599584,-0.089353,2.057913,0.767485
0.888000,0.545490,0.495449,-0.031985,-1.599584,-0.089353,2.057443,0.767485
0.890000,0.545530,0.495386,-0.031985,-1.599584,-0.089353,2.056970,0.767485
0.892000,0.545569,0.495323,-0.031985,-1.599584,-0.089353,2.056494,0.767485
0.894000,0.545608,0.495260,-0.031985,-1.599584,-0.089353,2.056015,0.767485
0.896000,0.545648,0.495196,-0.031985,-1.599584,-0.089353,2.055533,0.767485
0.898000,0.545687,0.495132,-0.031985,-1.599584,-0.089353,2.055047,0.767485
0.900000,0.545726,0.495067,-0.031985,-1.599584,-0.089353,2.054559,0.767485
0.902000,0.545765,0.495002,-0.031985,-1.599584,-0.089353,2.054067,0.767485
0.904000,0.545804,0.494937,-0.031985,-1.599584,-0.089353,2.053573,0.767485
0.906000,0.545824,0.494904,-0.031985,-1.599584,-0.089353,2.053324,0.767485
0.908000,0.545863,0.494837,-0.031985,-1.599584,-0.089353,2.052825,0.767485
0.910000,0.545902,0.494771,-0.031985,-1.599584,-0.089353,2.052323,0.767485
0.912000,0.545941,0.494704,-0.031985,-1.599584,-0.089353,2.051817,0.767485
0.914000,0.545980,0.494636,-0.031985,-1.599584,-0.089353,2.051309,0.767485
0.916000,0.546019,0.494568,-0.031985,-1.599584,-0.089353,2.050797,0.767485
0.918000,0.546058,0.494500,-0.031985,-1.599584,-0.089353,2.050282,0.767485
0.920000,0.546097,0.494431,-0.031985,-1.599584,-0.089353,2.049764,0.767485
0.922000,0.546136,0.494361,-0.031985,-1.599584,-0.089353,2.049243,0.767485
0.924000,0.546175,0.494292,-0.031985,-1.599584,-0.089353,2.048719,0.767485
0.926000,0.546214,0.494222,-0.031985,-1.599584,-0.089353,2.048192,0.767485
0.928000,0.546253,0.494151,-0.031985,-1.599584,-0.089353,2.047663,0.767485
0.930000,0.546292,0.494080,-0.031985,-1.599584,-0.089353,2.047130,0.767485
0.932000,0.546331,0.494009,-0.031985,-1.599584,-0.089353,2.046595,0.767485
0.934000,0.546370,0.493937,-0.031985,-1.599584,-0.089353,2.046057,0.767485
0.936000,0.546408,0.493865,-0.031985,-1.599584,-0.089353,2.045517,0.767485
0.938000,0.546447,0.493793,-0.031985,-1.599584,-0.089353,2.044973,0.767485
0.940000,0.546486,0.493720,-0.031985,-1.599584,-0.089353,2.044428,0.767485
0.942000,0.546525,0.493647,-0.031985,-1.599584,-0.089353,2.043879,0.767485
0.944000,0.546563,0.493573,-0.031985,-1.599584,-0.089353,2.043328,0.767485
0.946000,0.546602,0.493499,-0.031985,-1.599584,-0.089353,2.042775,0.767485
0.948000,0.546641,0.493425,-0.031985,-1.599584,-0.089353,2.042219,0.767485
0.950000,0.546679,0.493350,-0.031985,-1.599584,-0.089353,2.041661,0.767485
0.952000,0.546699,0.493313,-0.031985,-1.599584,-0.089353,2.041381,0.767485
0.954000,0.546737,0.493238,-0.031985,-1.599584,-0.089353,2.040819,0.767485
0.956000,0.546776,0.493162,-0.031985,-1.599584,-0.089353,2.040255,0.767485
0.958000,0.546814,0.493086,-0.031985,-1.599584,-0.089353,2.039688,0.767485
0.960000,0.546853,0.493010,-0.031985,-1.599584,-0.089353,2.039119,0.767485
0.962000,0.546892,0.492933,-0.031985,-1.599584,-0.089353,2.038547,0.767485
0.964000,0.546930,0.492856,-0.031985,-1.599584,-0.089353,2.037972,0.767485
0.966000,0.546969,0.492779,-0.031985,-1.599584,-0.089353,2.037395,0.767485
0.968000,0.547007,0.492702,-0.031985,-1.599584,-0.089353,2.036816,0.767485
0.970000,0.547045,0.492624,-0.031985,-1.599584,-0.089353,2.036235,0.767485
0.972000,0.547084,0.492546,-0.031985,-1.599584,-0.089353,2.035651,0.767485
0.974000,0.547122,0.492467,-0.031985,-1.599584,-0.089353,2.035066,0.767485
0.976000,0.547161,0.492388,-0.031985,-1.599584,-0.089353,2.034478,0.767485
0.978000,0.547199,0.492309,-0.031985,-1.599584,-0.089353,2.033888,0.767485
0.980000,0.547238,0.492230,-0.031985,-1.599584,-0.089353,2.033296,0.767485
0.982000,0.547276,0.492150,-0.031985,-1.599584,-0.089353,2.032701,0.767485
0.984000,0.547314,0.492070,-0.031985,-1.599584,-0.089353,2.032105,0.767485
0.986000,0.547353,0.491990,-0.031985,-1.599584,-0.089353,2.031507,0.767485
0.988000,0.547391,0.491909,-0.031985,-1.599584,-0.089353,2.030907,0.767485
0.990000,0.547429,0.491828,-0.031985,-1.599584,-0.089353,2.030304,0.767485
0.992000,0.547468,0.491747,-0.031985,-1.599584,-0.089353,2.029698,0.767485
0.994000,0.547487,0.491706,-0.031985,-1.599584,-0.089353,2.029394,0.767485
0.996000,0.547525,0.491625,-0.031985,-1.599584,-0.089353,2.028785,0.767485
0.998000,0.547563,0.491543,-0.031985,-1.599584,-0.089353,2.028172,0.767485
1.000000,0.547601,0.491460,-0.031985,-1.599584,-0.089353,2.027556,0.767485
1.002000,0.547640,0.491378,-0.031985,-1.599584,-0.089353,2.026937,0.767485
1.004000,0.547678,0.491295,-0.031985,-1.599584,-0.089353,2.026314,0.767485
1.006000,0.547716,0.491212,-0.031985,-1.599584,-0.089353,2.025688,0.767485
1.008000,0.547754,0.491128,-0.031985,-1.599584,-0.089353,2.025058,0.767485
1.010000,0.547792,0.491044,-0.031985,-1.599584,-0.089353,2.024425,0.767485
1.012000,0.547831,0.490960,-0.031985,-1.599584,-0.089353,2.023788,0.767485
1.014000,0.547869,0.490876,-0.031985,-1.599584,-0.089353,2.023148,0.767485
1.016000,0.547907,0.490791,-0.031985,-1.599584,-0.089353,2.022504,0.767485
1.018000,0.547945,0.490706,-0.031985,-1.599584,-0.089353,2.021857,0.767485
1.020000,0.547983,0.490621,-0.031985,-1.599584,-0.089353,2.021206,0.767485
1.022000,0.548021,0.490535,-0.031985,-1.599584,-0.089353,2.020552,0.767485
1.024000,0.548059,0.490449,-0.031985,-1.599584,-0.089353,2.019894,0.767485
1.026000,0.548097,0.490363,-0.031985,-1.599584,-0.089353,2.019233,0.767485
1.028000,0.548135,0.490277,-0.031985,-1.599584,-0.089353,2.018569,0.767485
1.030000,0.548154,0.490233,-0.031985,-1.599584,-0.089353,2.018235,0.767485
1.032000,0.548211,0.490103,-0.031985,-1.599584,-0.089353,2.017229,0.767485
1.034000,0.548249,0.490016,-0.031985,-1.599584,-0.089353,2.016554,0.767485
1.036000,0.548287,0.489928,-0.031985,-1.599584,-0.089353,2.015875,0.767485
1.038000,0.548306,0.489884,-0.031985,-1.599584,-0.089353,2.015534,0.767485
1.040000,0.548363,0.489753,-0.031985,-1.599584,-0.089353,2.014507,0.767485
1.042000,0.548382,0.489708,-0.031985,-1.599584,-0.089353,2.014163,0.767485
1.044000,0.548420,0.489620,-0.031985,-1.599584,-0.089353,2.013473,0.767485
1.046000,0.548457,0.489532,-0.031985,-1.599584,-0.089353,2.012779,0.767485
1.048000,0.548495,0.489443,-0.031985,-1.599584,-0.089353,2.012081,0.767485
1.050000,0.548533,0.489354,-0.031985,-1.599584,-0.089353,2.011380,0.767485
1.052000,0.548571,0.489265,-0.031985,-1.599584,-0.089353,2.010675,0.767485
1.054000,0.548608,0.489175,-0.031985,-1.599584,-0.089353,2.009967,0.767485
1.056000,0.548646,0.489085,-0.031985,-1.599584,-0.089353,2.009255,0.767485
1.058000,0.548684,0.488996,-0.031985,-1.599584,-0.089353,2.008541,0.767485
1.060000,0.548721,0.488905,-0.031985,-1.599584,-0.089353,2.007823,0.767485
1.062000,0.548759,0.488815,-0.031985,-1.599584,-0.089353,2.007102,0.767485
1.064000,0.548796,0.488725,-0.031985,-1.599584,-0.089353,2.006377,0.767485
1.066000,0.548834,0.488634,-0.031985,-1.599584,-0.089353,2.005650,0.767485
1.068000,0.548871,0.488543,-0.031985,-1.599584,-0.089353,2.004920,0.767485
1.070000,0.548908,0.488452,-0.031985,-1.599584,-0.089353,2.004187,0.767485
1.072000,0.548946,0.488361,-0.031985,-1.599584,-0.089353,2.003450,0.767485
1.074000,0.548983,0.488270,-0.031985,-1.599584,-0.089353,2.002711,0.767485
1.076000,0.549020,0.488179,-0.031985,-1.599584,-0.089353,2.001970,0.767485
1.078000,0.549058,0.488087,-0.031985,-1.599584,-0.089353,2.001225,0.767485
1.080000,0.549095,0.487995,-0.031985,-1.599584,-0.089353,2.000478,0.767485
1.082000,0.549132,0.487904,-0.031985,-1.599584,-0.089353,1.999728,0.767485
1.084000,0.549169,0.487812,-0.031985,-1.599584,-0.089353,1.998975,0.767485
1.086000,0.549206,0.487720,-0.031985,-1.599584,-0.089353,1.998220,0.767485
1.088000,0.549243,0.487627,-0.031985,-1.599584,-0.089353,1.997462,0.767485
1.090000,0.549280,0.487535,-0.031985,-1.599584,-0.089353,1.996702,0.767485
1.092000,0.549317,0.487443,-0.031985,-1.599584,-0.089353,1.995939,0.767485
1.094000,0.549354,0.487350,-0.031985,-1.599584,-0.089353,1.995174,0.767485
1.096000,0.549391,0.487258,-0.031985,-1.599584,-0.089353,1.994407,0.767485
1.098000,0.549428,0.487165,-0.031985,-1.599584,-0.089353,1.993637,0.767485
1.100000,0.549465,0.487072,-0.031985,-1.599584,-0.089353,1.992865,0.767485
1.102000,0.549502,0.486980,-0.031985,-1.599584,-0.089353,1.992090,0.767485
1.104000,0.549538,0.486887,-0.031985,-1.599584,-0.089353,1.991313,0.767485
1.106000,0.549575,0.486794,-0.031985,-1.599584,-0.089353,1.990535,0.767485
1.108000,0.549612,0.486701,-0.031985,-1.599584,-0.089353,1.989753,0.767485
1.110000,0.549630,0.486655,-0.031985,-1.599584,-0.089353,1.989362,0.767485
1.112000,0.549685,0.486515,-0.031985,-1.599584,-0.089353,1.988185,0.767485
1.114000,0.549703,0.486468,-0.031985,-1.599584,-0.089353,1.987791,0.767485
1.116000,0.549739,0.486375,-0.031985,-1.599584,-0.089353,1.987002,0.767485
1.118000,0.549776,0.486282,-0.031985,-1.599584,-0.089353,1.986211,0.767485
1.120000,0.549812,0.486189,-0.031985,-1.599584,-0.089353,1.985418,0.767485
1.122000,0.549849,0.486096,-0.031985,-1.599584,-0.089353,1.984622,0.767485
1.124000,0.549885,0.486003,-0.031985,-1.599584,-0.089353,1.983824,0.767485
1.126000,0.549921,0.485909,-0.031985,-1.599584,-0.089353,1.983024,0.767485
1.128000,0.549958,0.485816,-0.031985,-1.599584,-0.089353,1.982221,0.767485
1.130000,0.549976,0.485769,-0.031985,-1.599584,-0.089353,1.981818,0.767485
1.132000,0.550030,0.485629,-0.031985,-1.599584,-0.089353,1.980607,0.767485
1.134000,0.550066,0.485536,-0.031985,-1.599584,-0.089353,1.979795,0.767485
1.136000,0.550102,0.485442,-0.031985,-1.599584,-0.089353,1.978980,0.767485
1.138000,0.550138,0.485349,-0.031985,-1.599584,-0.089353,1.978162,0.767485
1.140000,0.550174,0.485255,-0.031985,-1.599584,-0.089353,1.977341,0.767485
1.142000,0.550210,0.485162,-0.031985,-1.599584,-0.089353,1.976517,0.767485
1.144000,0.550246,0.485068,-0.031985,-1.599584,-0.089353,1.975690,0.767485
1.146000,0.550282,0.484974,-0.031985,-1.599584,-0.089353,1.974859,0.767485
1.148000,0.550318,0.484881,-0.031985,-1.599584,-0.089353,1.974025,0.767485
1.150000,0.550354,0.484787,-0.031985,-1.599584,-0.089353,1.973187,0.767485
1.152000,0.550390,0.484693,-0.031985,-1.599584,-0.089353,1.972346,0.767485
1.154000,0.550425,0.484600,-0.031985,-1.599584,-0.089353,1.971501,0.767485
1.156000,0.550461,0.484506,-0.031985,-1.599584,-0.089353,1.970653,0.767485
1.158000,0.550496,0.484412,-0.031985,-1.599584,-0.089353,1.969801,0.767485
1.160000,0.550532,0.484318,-0.031985,-1.599584,-0.089353,1.968946,0.767485
1.162000,0.550567,0.484224,-0.031985,-1.599584,-0.089353,1.968087,0.767485
1.164000,0.550603,0.484131,-0.031985,-1.599584,-0.089353,1.967224,0.767485
1.166000,0.550621,0.484084,-0.031985,-1.599584,-0.089353,1.966792,0.767485
1.168000,0.550674,0.483943,-0.031985,-1.599584,-0.089353,1.965489,0.767485
1.170000,0.550709,0.483849,-0.031985,-1.599584,-0.089353,1.964615,0.767485
1.172000,0.550744,0.483755,-0.031985,-1.599584,-0.089353,1.963738,0.767485
1.174000,0.550779,0.483661,-0.031985,-1.599584,-0.089353,1.962858,0.767485
1.176000,0.550814,0.483568,-0.031985,-1.599584,-0.089353,1.961974,0.767485
1.178000,0.550849,0.483474,-0.031985,-1.599584,-0.089353,1.961087,0.767485
1.180000,0.550884,0.483380,-0.031985,-1.599584,-0.089353,1.960196,0.767485
1.182000,0.550919,0.483287,-0.031985,-1.599584,-0.089353,1.959302,0.767485
1.184000,0.550954,0.483193,-0.031985,-1.599584,-0.089353,1.958405,0.767485
1.186000,0.550988,0.483099,-0.031985,-1.599584,-0.089353,1.957504,0.767485
1.188000,0.551023,0.483006,-0.031985,-1.599584,-0.089353,1.956600,0.767485
1.190000,0.551058,0.482912,-0.031985,-1.599584,-0.089353,1.955693,0.767485
1.192000,0.551092,0.482819,-0.031985,-1.599584,-0.089353,1.954783,0.767485
1.194000,0.551127,0.482725,-0.031985,-1.599584,-0.089353,1.953869,0.767485
1.196000,0.551161,0.482632,-0.031985,-1.599584,-0.089353,1.952952,0.767485
1.198000,0.551195,0.482539,-0.031985,-1.599584,-0.089353,1.952033,0.767485
1.200000,0.551230,0.482446,-0.031985,-1.599584,-0.089353,1.951110,0.767485
1.202000,0.551264,0.482353,-0.031985,-1.599584,-0.089353,1.950184,0.767485
1.204000,0.551298,0.482260,-0.031985,-1.599584,-0.089353,1.949255,0.767485
1.206000,0.551332,0.482167,-0.031985,-1.599584,-0.089353,1.948323,0.767485
1.208000,0.551366,0.482074,-0.031985,-1.599584,-0.089353,1.947388,0.767485
1.210000,0.551399,0.481981,-0.031985,-1.599584,-0.089353,1.946450,0.767485
1.212000,0.551416,0.481935,-0.031985,-1.599584,-0.089353,1.945980,0.767485
1.214000,0.551450,0.481843,-0.031985,-1.599584,-0.089353,1.945038,0.767485
1.216000,0.551484,0.481750,-0.031985,-1.599584,-0.089353,1.944092,0.767485
1.218000,0.551517,0.481658,-0.031985,-1.599584,-0.089353,1.943144,0.767485
1.220000,0.551551,0.481566,-0.031985,-1.599584,-0.089353,1.942192,0.767485
1.222000,0.551584,0.481474,-0.031985,-1.599584,-0.089353,1.941237,0.767485
1.224000,0.551617,0.481382,-0.031985,-1.599584,-0.089353,1.940278,0.767485
1.226000,0.551651,0.481290,-0.031985,-1.599584,-0.089353,1.939317,0.767485
1.228000,0.551684,0.481198,-0.031985,-1.599584,-0.089353,1.938353,0.767485
1.230000,0.551717,0.481107,-0.031985,-1.599584,-0.089353,1.937386,0.767485
1.232000,0.551750,0.481016,-0.031985,-1.599584,-0.089353,1.936417,0.767485
1.234000,0.551783,0.480924,-0.031985,-1.599584,-0.089353,1.935444,0.767485
1.236000,0.551816,0.480833,-0.031985,-1.599584,-0.089353,1.934469,0.767485
1.238000,0.551848,0.480742,-0.031985,-1.599584,-0.089353,1.933492,0.767485
1.240000,0.551881,0.480652,-0.031985,-1.599584,-0.089353,1.932512,0.767485
1.242000,0.551914,0.480561,-0.031985,-1.599584,-0.089353,1.931529,0.767485
1.244000,0.551946,0.480471,-0.031985,-1.599584,-0.089353,1.930544,0.767485
1.246000,0.551979,0.480381,-0.031985,-1.599584,-0.089353,1.929557,0.767485
1.248000,0.552011,0.480291,-0.031985,-1.599584,-0.089353,1.928567,0.767485
1.250000,0.552043,0.480201,-0.031985,-1.599584,-0.089353,1.927575,0.767485
1.252000,0.552075,0.480111,-0.031985,-1.599584,-0.089353,1.926581,0.767485
1.254000,0.552107,0.480022,-0.031985,-1.599584,-0.089353,1.925585,0.767485
1.256000,0.552123,0.479977,-0.031985,-1.599584,-0.089353,1.925086,0.767485
1.258000,0.552155,0.479888,-0.031985,-1.599584,-0.089353,1.924086,0.767485
1.260000,0.552187,0.479800,-0.031985,-1.599584,-0.089353,1.923084,0.767485
1.262000,0.552219,0.479711,-0.031985,-1.599584,-0.089353,1.922079,0.767485
1.264000,0.552251,0.479623,-0.031985,-1.599584,-0.089353,1.921072,0.767485
1.266000,0.552282,0.479534,-0.031985,-1.599584,-0.089353,1.920063,0.767485
1.268000,0.552314,0.479446,-0.031985,-1.599584,-0.089353,1.919050,0.767485
1.270000,0.552345,0.479359,-0.031985,-1.599584,-0.089353,1.918035,0.767485
1.272000,0.552376,0.479271,-0.031985,-1.599584,-0.089353,1.917017,0.767485
1.274000,0.552408,0.479184,-0.031985,-1.599584,-0.089353,1.915995,0.767485
1.276000,0.552439,0.479096,-0.031985,-1.599584,-0.089353,1.914971,0.767485
1.278000,0.552470,0.479009,-0.031985,-1.599584,-0.089353,1.913943,0.767485
1.280000,0.552501,0.478923,-0.031985,-1.599584,-0.089353,1.912912,0.767485
1.282000,0.552532,0.478836,-0.031985,-1.599584,-0.089353,1.911877,0.767485
1.284000,0.552563,0.478750,-0.031985,-1.599584,-0.089353,1.910839,0.767485
1.286000,0.552593,0.478664,-0.031985,-1.599584,-0.089353,1.909797,0.767485
1.288000,0.552624,0.478578,-0.031985,-1.599584,-0.089353,1.908752,0.767485
1.290000,0.552655,0.478492,-0.031985,-1.599584,-0.089353,1.907703,0.767485
1.292000,0.552685,0.478406,-0.031985,-1.599584,-0.089353,1.906650,0.767485
1.294000,0.552715,0.478321,-0.031985,-1.599584,-0.089353,1.905594,0.767485
1.296000,0.552746,0.478236,-0.031985,-1.599584,-0.089353,1.904534,0.767485
1.298000,0.552776,0.478151,-0.031985,-1.599584,-0.089353,1.903471,0.767485
1.300000,0.552806,0.478066,-0.031985,-1.599584,-0.089353,1.902403,0.767485
1.302000,0.552821,0.478024,-0.031985,-1.599584,-0.089353,1.901868,0.767485
1.304000,0.552866,0.477897,-0.031985,-1.599584,-0.089353,1.900258,0.767485
1.306000,0.552895,0.477813,-0.031985,-1.599584,-0.089353,1.899179,0.767485
1.308000,0.552925,0.477729,-0.031985,-1.599584,-0.089353,1.898096,0.767485
1.310000,0.552955,0.477645,-0.031985,-1.599584,-0.089353,1.897010,0.767485
1.312000,0.552969,0.477603,-0.031985,-1.599584,-0.089353,1.896466,0.767485
1.314000,0.552999,0.477520,-0.031985,-1.599584,-0.089353,1.895374,0.767485
1.316000,0.553028,0.477437,-0.031985,-1.599584,-0.089353,1.894279,0.767485
1.318000,0.553057,0.477354,-0.031985,-1.599584,-0.089353,1.893179,0.767485
1.320000,0.553086,0.477271,-0.031985,-1.599584,-0.089353,1.892075,0.767485
1.322000,0.553115,0.477189,-0.031985,-1.599584,-0.089353,1.890968,0.767485
1.324000,0.553144,0.477107,-0.031985,-1.599584,-0.089353,1.889856,0.767485
1.326000,0.553173,0.477025,-0.031985,-1.599584,-0.089353,1.888740,0.767485
1.328000,0.553201,0.476943,-0.031985,-1.599584,-0.089353,1.887621,0.767485
1.330000,0.553230,0.476861,-0.031985,-1.599584,-0.089353,1.886498,0.767485
1.332000,0.553258,0.476780,-0.031985,-1.599584,-0.089353,1.885371,0.767485
1.334000,0.553286,0.476699,-0.031985,-1.599584,-0.089353,1.884241,0.767485
1.336000,0.553315,0.476618,-0.031985,-1.599584,-0.089353,1.883107,0.767485
1.338000,0.553343,0.476538,-0.031985,-1.599584,-0.089353,1.881970,0.767485
1.340000,0.553370,0.476457,-0.031985,-1.599584,-0.089353,1.880829,0.767485
1.342000,0.553398,0.476377,-0.031985,-1.599584,-0.089353,1.879686,0.767485
1.344000,0.553426,0.476298,-0.031985,-1.599584,-0.089353,1.878538,0.767485
1.346000,0.553453,0.476218,-0.031985,-1.599584,-0.089353,1.877388,0.767485
1.348000,0.553467,0.476179,-0.031985,-1.599584,-0.089353,1.876812,0.767485
1.350000,0.553508,0.476060,-0.031985,-1.599584,-0.089353,1.875078,0.767485
1.352000,0.553535,0.475982,-0.031985,-1.599584,-0.089353,1.873918,0.767485
1.354000,0.553562,0.475904,-0.031985,-1.599584,-0.089353,1.872754,0.767485
1.356000,0.553589,0.475826,-0.031985,-1.599584,-0.089353,1.871588,0.767485
1.358000,0.553616,0.475748,-0.031985,-1.599584,-0.089353,1.870419,0.767485
1.360000,0.553629,0.475709,-0.031985,-1.599584,-0.089353,1.869834,0.767485
1.362000,0.553669,0.475594,-0.031985,-1.599584,-0.089353,1.868073,0.767485
1.364000,0.553669,0.475594,-0.031985,-1.599584,-0.089353,1.868073,0.767485
1.366000,0.553709,0.475479,-0.031985,-1.599584,-0.089353,1.866305,0.767485
1.368000,0.553735,0.475403,-0.031985,-1.599584,-0.089353,1.865122,0.767485
1.370000,0.553761,0.475327,-0.031985,-1.599584,-0.089353,1.863936,0.767485
1.372000,0.553787,0.475251,-0.031985,-1.599584,-0.089353,1.862747,0.767485
1.374000,0.553813,0.475176,-0.031985,-1.599584,-0.089353,1.861554,0.767485
1.376000,0.553838,0.475101,-0.031985,-1.599584,-0.089353,1.860359,0.767485
1.378000,0.553864,0.475026,-0.031985,-1.599584,-0.089353,1.859161,0.767485
1.380000,0.553889,0.474952,-0.031985,-1.599584,-0.089353,1.857961,0.767485
1.382000,0.553914,0.474878,-0.031985,-1.599584,-0.089353,1.856757,0.767485
1.384000,0.553940,0.474805,-0.031985,-1.599584,-0.089353,1.855552,0.767485
1.386000,0.553965,0.474731,-0.031985,-1.599584,-0.089353,1.854343,0.767485
1.388000,0.553989,0.474659,-0.031985,-1.599584,-0.089353,1.853133,0.767485
1.390000,0.554014,0.474586,-0.031985,-1.599584,-0.089353,1.851919,0.767485
1.392000,0.554039,0.474514,-0.031985,-1.599584,-0.089353,1.850704,0.767485
1.394000,0.554063,0.474442,-0.031985,-1.599584,-0.089353,1.849486,0.767485
1.396000,0.554088,0.474371,-0.031985,-1.599584,-0.089353,1.848266,0.767485
1.398000,0.554112,0.474300,-0.031985,-1.599584,-0.089353,1.847044,0.767485
1.400000,0.554136,0.474230,-0.031985,-1.599584,-0.089353,1.845820,0.767485
1.402000,0.554160,0.474159,-0.031985,-1.599584,-0.089353,1.844594,0.767485
1.404000,0.554184,0.474090,-0.031985,-1.599584,-0.089353,1.843365,0.767485
1.406000,0.554207,0.474020,-0.031985,-1.599584,-0.089353,1.842135,0.767485
1.408000,0.554231,0.473951,-0.031985,-1.599584,-0.089353,1.840902,0.767485
1.410000,0.554254,0.473883,-0.031985,-1.599584,-0.089353,1.839666,0.767485
1.412000,0.554266,0.473848,-0.031985,-1.599584,-0.089353,1.839048,0.767485
1.414000,0.554289,0.473780,-0.031985,-1.599584,-0.089353,1.837808,0.767485
1.416000,0.554312,0.473713,-0.031985,-1.599584,-0.089353,1.836565,0.767485
1.418000,0.554335,0.473645,-0.031985,-1.599584,-0.089353,1.835319,0.767485
1.420000,0.554358,0.473578,-0.031985,-1.599584,-0.089353,1.834069,0.767485
1.422000,0.554381,0.473512,-0.031985,-1.599584,-0.089353,1.832815,0.767485
1.424000,0.554403,0.473445,-0.031985,-1.599584,-0.089353,1.831557,0.767485
1.426000,0.554426,0.473379,-0.031985,-1.599584,-0.089353,1.830296,0.767485
1.428000,0.554448,0.473314,-0.031985,-1.599584,-0.089353,1.829030,0.767485
1.430000,0.554470,0.473249,-0.031985,-1.599584,-0.089353,1.827761,0.767485
1.432000,0.554492,0.473184,-0.031985,-1.599584,-0.089353,1.826488,0.767485
1.434000,0.554514,0.473119,-0.031985,-1.599584,-0.089353,1.825211,0.767485
1.436000,0.554536,0.473055,-0.031985,-1.599584,-0.089353,1.823931,0.767485
1.438000,0.554557,0.472991,-0.031985,-1.599584,-0.089353,1.822647,0.767485
1.440000,0.554579,0.472927,-0.031985,-1.599584,-0.089353,1.821358,0.767485
1.442000,0.554600,0.472864,-0.031985,-1.599584,-0.089353,1.820067,0.767485
1.444000,0.554621,0.472801,-0.031985,-1.599584,-0.089353,1.818771,0.767485
1.446000,0.554642,0.472739,-0.031985,-1.599584,-0.089353,1.817472,0.767485
1.448000,0.554663,0.472677,-0.031985,-1.599584,-0.089353,1.816169,0.767485
1.450000,0.554684,0.472615,-0.031985,-1.599584,-0.089353,1.814862,0.767485
1.452000,0.554694,0.472585,-0.031985,-1.599584,-0.089353,1.814207,0.767485
1.454000,0.554725,0.472493,-0.031985,-1.599584,-0.089353,1.812238,0.767485
1.456000,0.554735,0.472463,-0.031985,-1.599584,-0.089353,1.811579,0.767485
1.458000,0.554755,0.472402,-0.031985,-1.599584,-0.089353,1.810259,0.767485
1.460000,0.554775,0.472342,-0.031985,-1.599584,-0.089353,1.808935,0.767485
1.462000,0.554795,0.472283,-0.031985,-1.599584,-0.089353,1.807607,0.767485
1.464000,0.554814,0.472223,-0.031985,-1.599584,-0.089353,1.806275,0.767485
1.466000,0.554834,0.472165,-0.031985,-1.599584,-0.089353,1.804938,0.767485
1.468000,0.554853,0.472106,-0.031985,-1.599584,-0.089353,1.803598,0.767485
1.470000,0.554872,0.472048,-0.031985,-1.599584,-0.089353,1.802254,0.767485
1.472000,0.554892,0.471990,-0.031985,-1.599584,-0.089353,1.800907,0.767485
1.474000,0.554910,0.471933,-0.031985,-1.599584,-0.089353,1.799555,0.767485
1.476000,0.554929,0.471876,-0.031985,-1.599584,-0.089353,1.798201,0.767485
1.478000,0.554948,0.471819,-0.031985,-1.599584,-0.089353,1.796842,0.767485
1.480000,0.554966,0.471763,-0.031985,-1.599584,-0.089353,1.795480,0.767485
1.482000,0.554984,0.471707,-0.031985,-1.599584,-0.089353,1.794115,0.767485
1.484000,0.555002,0.471652,-0.031985,-1.599584,-0.089353,1.792747,0.767485
1.486000,0.555020,0.471597,-0.031985,-1.599584,-0.089353,1.791376,0.767485
1.488000,0.555038,0.471543,-0.031985,-1.599584,-0.089353,1.790001,0.767485
1.490000,0.555055,0.471489,-0.031985,-1.599584,-0.089353,1.788623,0.767485
1.492000,0.555073,0.471435,-0.031985,-1.599584,-0.089353,1.787242,0.767485
1.494000,0.555090,0.471382,-0.031985,-1.599584,-0.089353,1.785859,0.767485
1.496000,0.555107,0.471330,-0.031985,-1.599584,-0.089353,1.784472,0.767485
1.498000,0.555124,0.471277,-0.031985,-1.599584,-0.089353,1.783083,0.767485
1.500000,0.555141,0.471226,-0.031985,-1.599584,-0.089353,1.781690,0.767485
1.502000,0.555157,0.471174,-0.031985,-1.599584,-0.089353,1.780295,0.767485
1.504000,0.555173,0.471123,-0.031985,-1.599584,-0.089353,1.778898,0.767485
1.506000,0.555189,0.471073,-0.031985,-1.599584,-0.089353,1.777497,0.767485
1.508000,0.555197,0.471048,-0.031985,-1.599584,-0.089353,1.776796,0.767485
1.510000,0.555213,0.470998,-0.031985,-1.599584,-0.089353,1.775392,0.767485
1.512000,0.555229,0.470949,-0.031985,-1.599584,-0.089353,1.773984,0.767485
1.514000,0.555245,0.470900,-0.031985,-1.599584,-0.089353,1.772573,0.767485
1.516000,0.555260,0.470852,-0.031985,-1.599584,-0.089353,1.771160,0.767485
1.518000,0.555275,0.470804,-0.031985,-1.599584,-0.089353,1.769743,0.767485
1.520000,0.555290,0.470757,-0.031985,-1.599584,-0.089353,1.768323,0.767485
1.522000,0.555305,0.470710,-0.031985,-1.599584,-0.089353,1.766900,0.767485
1.524000,0.555320,0.470663,-0.031985,-1.599584,-0.089353,1.765474,0.767485
1.526000,0.555334,0.470618,-0.031985,-1.599584,-0.089353,1.764046,0.767485
1.528000,0.555349,0.470572,-0.031985,-1.599584,-0.089353,1.762616,0.767485
1.530000,0.555356,0.470550,-0.031985,-1.599584,-0.089353,1.761899,0.767485
1.532000,0.555377,0.470483,-0.031985,-1.599584,-0.089353,1.759747,0.767485
1.534000,0.555390,0.470439,-0.031985,-1.599584,-0.089353,1.758308,0.767485
1.536000,0.555404,0.470395,-0.031985,-1.599584,-0.089353,1.756867,0.767485
1.538000,0.555418,0.470352,-0.031985,-1.599584,-0.089353,1.755424,0.767485
1.540000,0.555431,0.470310,-0.031985,-1.599584,-0.089353,1.753979,0.767485
1.542000,0.555444,0.470268,-0.031985,-1.599584,-0.089353,1.752532,0.767485
1.544000,0.555457,0.470227,-0.031985,-1.599584,-0.089353,1.751083,0.767485
1.546000,0.555470,0.470186,-0.031985,-1.599584,-0.089353,1.749631,0.767485
1.548000,0.555482,0.470146,-0.031985,-1.599584,-0.089353,1.748178,0.767485
1.550000,0.555494,0.470106,-0.031985,-1.599584,-0.089353,1.746722,0.767485
1.552000,0.555507,0.470067,-0.031985,-1.599584,-0.089353,1.745263,0.767485
1.554000,0.555519,0.470028,-0.031985,-1.599584,-0.089353,1.743802,0.767485
1.556000,0.555531,0.469990,-0.031985,-1.599584,-0.089353,1.742338,0.767485
1.558000,0.555542,0.469952,-0.031985,-1.599584,-0.089353,1.740871,0.767485
1.560000,0.555554,0.469915,-0.031985,-1.599584,-0.089353,1.739402,0.767485
1.562000,0.555565,0.469879,-0.031985,-1.599584,-0.089353,1.737930,0.767485
1.564000,0.555576,0.469843,-0.031985,-1.599584,-0.089353,1.736455,0.767485
1.566000,0.555587,0.469807,-0.031985,-1.599584,-0.089353,1.734976,0.767485
1.568000,0.555598,0.469772,-0.031985,-1.599584,-0.089353,1.733495,0.767485
1.570000,0.555608,0.469738,-0.031985,-1.599584,-0.089353,1.732011,0.767485
1.572000,0.555619,0.469704,-0.031985,-1.599584,-0.089353,1.730524,0.767485
1.574000,0.555629,0.469670,-0.031985,-1.599584,-0.089353,1.729033,0.767485
1.576000,0.555639,0.469637,-0.031985,-1.599584,-0.089353,1.727540,0.767485
1.578000,0.555649,0.469605,-0.031985,-1.599584,-0.089353,1.726043,0.767485
1.580000,0.555659,0.469573,-0.031985,-1.599584,-0.089353,1.724544,0.767485
1.582000,0.555668,0.469542,-0.031985,-1.599584,-0.089353,1.723041,0.767485
1.584000,0.555677,0.469511,-0.031985,-1.599584,-0.089353,1.721535,0.767485
1.586000,0.555682,0.469496,-0.031985,-1.599584,-0.089353,1.720781,0.767485
1.588000,0.555695,0.469452,-0.031985,-1.599584,-0.089353,1.718514,0.767485
1.590000,0.555704,0.469423,-0.031985,-1.599584,-0.089353,1.716999,0.767485
1.592000,0.555708,0.469408,-0.031985,-1.599584,-0.089353,1.716240,0.767485
1.594000,0.555717,0.469380,-0.031985,-1.599584,-0.089353,1.714719,0.767485
1.596000,0.555725,0.469352,-0.031985,-1.599584,-0.089353,1.713196,0.767485
1.598000,0.555733,0.469325,-0.031985,-1.599584,-0.089353,1.711668,0.767485
1.600000,0.555741,0.469299,-0.031985,-1.599584,-0.089353,1.710137,0.767485
1.602000,0.555748,0.469273,-0.031985,-1.599584,-0.089353,1.708602,0.767485
1.604000,0.555756,0.469247,-0.031985,-1.599584,-0.089353,1.707063,0.767485
1.606000,0.555763,0.469223,-0.031985,-1.599584,-0.089353,1.705522,0.767485
1.608000,0.555770,0.469198,-0.031985,-1.599584,-0.089353,1.703976,0.767485
1.610000,0.555777,0.469175,-0.031985,-1.599584,-0.089353,1.702428,0.767485
1.612000,0.555784,0.469151,-0.031985,-1.599584,-0.089353,1.700876,0.767485
1.614000,0.555790,0.469129,-0.031985,-1.599584,-0.089353,1.699322,0.767485
1.616000,0.555796,0.469107,-0.031985,-1.599584,-0.089353,1.697764,0.767485
1.618000,0.555802,0.469086,-0.031985,-1.599584,-0.089353,1.696203,0.767485
1.620000,0.555808,0.469065,-0.031985,-1.599584,-0.089353,1.694639,0.767485
1.622000,0.555814,0.469045,-0.031985,-1.599584,-0.089353,1.693073,0.767485
1.624000,0.555819,0.469026,-0.031985,-1.599584,-0.089353,1.691503,0.767485
1.626000,0.555824,0.469007,-0.031985,-1.599584,-0.089353,1.689931,0.767485
1.628000,0.555829,0.468989,-0.031985,-1.599584,-0.089353,1.688356,0.767485
1.630000,0.555834,0.468971,-0.031985,-1.599584,-0.089353,1.686779,0.767485
1.632000,0.555839,0.468954,-0.031985,-1.599584,-0.089353,1.685199,0.767485
1.634000,0.555843,0.468938,-0.031985,-1.599584,-0.089353,1.683616,0.767485
1.636000,0.555847,0.468922,-0.031985,-1.599584,-0.089353,1.682031,0.767485
1.638000,0.555851,0.468907,-0.031985,-1.599584,-0.089353,1.680443,0.767485
1.640000,0.555855,0.468893,-0.031985,-1.599584,-0.089353,1.678853,0.767485
1.642000,0.555858,0.468880,-0.031985,-1.599584,-0.089353,1.677260,0.767485
1.644000,0.555861,0.468867,-0.031985,-1.599584,-0.089353,1.675665,0.767485
1.646000,0.555865,0.468854,-0.031985,-1.599584,-0.089353,1.674068,0.767485
1.648000,0.555867,0.468843,-0.031985,-1.599584,-0.089353,1.672468,0.767485
1.650000,0.555870,0.468832,-0.031985,-1.599584,-0.089353,1.670867,0.767485
1.652000,0.555873,0.468822,-0.031985,-1.599584,-0.089353,1.669263,0.767485
1.654000,0.555875,0.468813,-0.031985,-1.599584,-0.089353,1.667657,0.767485
1.656000,0.555877,0.468804,-0.031985,-1.599584,-0.089353,1.666049,0.767485
1.658000,0.555879,0.468796,-0.031985,-1.599584,-0.089353,1.664438,0.767485
1.660000,0.555880,0.468788,-0.031985,-1.599584,-0.089353,1.662826,0.767485
1.662000,0.555882,0.468782,-0.031985,-1.599584,-0.089353,1.661212,0.767485
1.664000,0.555883,0.468776,-0.031985,-1.599584,-0.089353,1.659596,0.767485
1.666000,0.555884,0.468771,-0.031985,-1.599584,-0.089353,1.657978,0.767485
1.668000,0.555884,0.468766,-0.031985,-1.599584,-0.089353,1.656358,0.767485
1.670000,0.555885,0.468763,-0.031985,-1.599584,-0.089353,1.654736,0.767485
1.672000,0.555885,0.468759,-0.031985,-1.599585,-0.089353,1.653113,0.767485
1.674000,0.555885,0.468758,-0.031985,-1.599585,-0.089353,1.652301,0.767485
1.676000,0.555885,0.468756,-0.031985,-1.599585,-0.089353,1.650675,0.767485
1.678000,0.555885,0.468755,-0.031985,-1.599586,-0.089353,1.649047,0.767485
1.680000,0.555885,0.468754,-0.031985,-1.599587,-0.089353,1.647416,0.767485
1.682000,0.555885,0.468754,-0.031985,-1.599587,-0.089353,1.645783,0.767485
1.684000,0.555885,0.468754,-0.031985,-1.599590,-0.089353,1.644149,0.767485
1.686000,0.555885,0.468754,-0.031985,-1.599593,-0.089353,1.642515,0.767485
1.688000,0.555885,0.468754,-0.031985,-1.599598,-0.089353,1.640880,0.767485
1.690000,0.555885,0.468754,-0.031985,-1.599603,-0.089353,1.639244,0.767485
1.692000,0.555885,0.468754,-0.031985,-1.599610,-0.089353,1.637607,0.767485
1.694000,0.555885,0.468754,-0.031985,-1.599619,-0.089353,1.635969,0.767485
1.696000,0.555885,0.468754,-0.031985,-1.599628,-0.089353,1.634331,0.767485
1.698000,0.555885,0.468754,-0.031985,-1.599639,-0.089353,1.632693,0.767485
1.700000,0.555885,0.468754,-0.031985,-1.599651,-0.089353,1.631053,0.767485
1.702000,0.555885,0.468754,-0.031985,-1.599665,-0.089353,1.629413,0.767485
1.704000,0.555885,0.468754,-0.031985,-1.599680,-0.089353,1.627773,0.767485
1.706000,0.555885,0.468754,-0.031985,-1.599696,-0.089353,1.626132,0.767485
1.708000,0.555885,0.468754,-0.031985,-1.599713,-0.089353,1.624490,0.767485
1.710000,0.555885,0.468754,-0.031985,-1.599732,-0.089353,1.622848,0.767485
1.712000,0.555885,0.468754,-0.031985,-1.599752,-0.089353,1.621205,0.767485
1.714000,0.555885,0.468754,-0.031985,-1.599774,-0.089353,1.619563,0.767485
1.716000,0.555885,0.468754,-0.031985,-1.599797,-0.089353,1.617919,0.767485
1.718000,0.555885,0.468754,-0.031985,-1.599822,-0.089353,1.616276,0.767485
1.720000,0.555885,0.468754,-0.031985,-1.599847,-0.089353,1.614632,0.767485
1.722000,0.555885,0.468754,-0.031985,-1.599875,-0.089353,1.612988,0.767485
1.724000,0.555885,0.468754,-0.031985,-1.599903,-0.089353,1.611343,0.767485
1.726000,0.555885,0.468754,-0.031985,-1.599934,-0.089353,1.609699,0.767485
1.728000,0.555885,0.468754,-0.031985,-1.599965,-0.089353,1.608054,0.767485
1.730000,0.555885,0.468754,-0.031985,-1.599982,-0.089353,1.607232,0.767485
1.732000,0.555885,0.468754,-0.031985,-1.600033,-0.089353,1.604764,0.767485
1.734000,0.555885,0.468754,-0.031985,-1.600069,-0.089353,1.603118,0.767485
1.736000,0.555885,0.468754,-0.031985,-1.600107,-0.089353,1.601473,0.767485
1.738000,0.555885,0.468754,-0.031985,-1.600127,-0.089353,1.600650,0.767485
1.740000,0.555885,0.468754,-0.031985,-1.600187,-0.089353,1.598181,0.767485
1.742000,0.555885,0.468754,-0.031985,-1.600208,-0.089353,1.597358,0.767485
1.744000,0.555885,0.468754,-0.031985,-1.600251,-0.089353,1.595712,0.767485
1.746000,0.555885,0.468754,-0.031985,-1.600296,-0.089353,1.594066,0.767485
1.748000,0.555885,0.468754,-0.031985,-1.600342,-0.089353,1.592419,0.767485
1.750000,0.555885,0.468754,-0.031985,-1.600390,-0.089353,1.590771,0.767485
1.752000,0.555885,0.468754,-0.031985,-1.600439,-0.089353,1.589124,0.767485
1.754000,0.555885,0.468754,-0.031985,-1.600490,-0.089353,1.587476,0.767485
1.756000,0.555885,0.468754,-0.031985,-1.600543,-0.089353,1.585827,0.767485
1.758000,0.555885,0.468754,-0.031985,-1.600597,-0.089353,1.584179,0.767485
1.760000,0.555885,0.468754,-0.031985,-1.600653,-0.089353,1.582531,0.767485
1.762000,0.555885,0.468754,-0.031985,-1.600711,-0.089353,1.580883,0.767485
1.764000,0.555885,0.468754,-0.031985,-1.600770,-0.089353,1.579235,0.767485
1.766000,0.555885,0.468754,-0.031985,-1.600831,-0.089353,1.577588,0.767485
1.768000,0.555885,0.468754,-0.031985,-1.600894,-0.089353,1.575941,0.767485
1.770000,0.555885,0.468754,-0.031985,-1.600959,-0.089353,1.574294,0.767485
1.772000,0.555885,0.468754,-0.031985,-1.601025,-0.089353,1.572648,0.767485
1.774000,0.555885,0.468754,-0.031985,-1.601093,-0.089353,1.571002,0.767485
1.776000,0.555885,0.468754,-0.031985,-1.601163,-0.089353,1.569358,0.767485
1.778000,0.555885,0.468754,-0.031985,-1.601234,-0.089353,1.567714,0.767485
1.780000,0.555885,0.468754,-0.031985,-1.601308,-0.089353,1.566070,0.767485
1.782000,0.555885,0.468754,-0.031985,-1.601383,-0.089353,1.564428,0.767485
1.784000,0.555885,0.468754,-0.031985,-1.601460,-0.089353,1.562786,0.767485
1.786000,0.555885,0.468754,-0.031985,-1.601539,-0.089353,1.561145,0.767485
1.788000,0.555885,0.468754,-0.031985,-1.601620,-0.089353,1.559506,0.767485
1.790000,0.555885,0.468754,-0.031985,-1.601703,-0.089353,1.557867,0.767485
1.792000,0.555885,0.468754,-0.031985,-1.601788,-0.089353,1.556229,0.767485
1.794000,0.555885,0.468754,-0.031985,-1.601874,-0.089353,1.554593,0.767485
1.796000,0.555885,0.468754,-0.031985,-1.601963,-0.089353,1.552958,0.767485
1.798000,0.555885,0.468754,-0.031985,-1.602053,-0.089353,1.551324,0.767485
1.800000,0.555885,0.468754,-0.031985,-1.602146,-0.089353,1.549691,0.767485
1.802000,0.555885,0.468754,-0.031985,-1.602240,-0.089353,1.548059,0.767485
1.804000,0.555885,0.468754,-0.031985,-1.602336,-0.089353,1.546429,0.767485
1.806000,0.555885,0.468754,-0.031985,-1.602435,-0.089353,1.544800,0.767485
1.808000,0.555885,0.468754,-0.031985,-1.602535,-0.089353,1.543173,0.767485
1.810000,0.555885,0.468754,-0.031985,-1.602637,-0.089353,1.541547,0.767485
1.812000,0.555885,0.468754,-0.031985,-1.602742,-0.089353,1.539922,0.767485
1.814000,0.555885,0.468754,-0.031985,-1.602848,-0.089353,1.538299,0.767485
1.816000,0.555885,0.468754,-0.031985,-1.602957,-0.089353,1.536678,0.767485
1.818000,0.555885,0.468754,-0.031985,-1.603067,-0.089353,1.535058,0.767485
1.820000,0.555885,0.468754,-0.031985,-1.603180,-0.089353,1.533440,0.767485
1.822000,0.555885,0.468754,-0.031985,-1.603295,-0.089353,1.531823,0.767485
1.824000,0.555885,0.468754,-0.031985,-1.603411,-0.089353,1.530208,0.767485
1.826000,0.555885,0.468754,-0.031985,-1.603530,-0.089353,1.528595,0.767485
1.828000,0.555885,0.468754,-0.031985,-1.603651,-0.089353,1.526983,0.767485
1.830000,0.555885,0.468754,-0.031985,-1.603713,-0.089353,1.526178,0.767485
1.832000,0.555885,0.468754,-0.031985,-1.603900,-0.089353,1.523766,0.767485
1.834000,0.555885,0.468754,-0.031985,-1.603963,-0.089353,1.522963,0.767485
1.836000,0.555885,0.468754,-0.031985,-1.604092,-0.089353,1.521357,0.767485
1.838000,0.555885,0.468754,-0.031985,-1.604222,-0.089353,1.519753,0.767485
1.840000,0.555885,0.468754,-0.031985,-1.604355,-0.089353,1.518151,0.767485
1.842000,0.555885,0.468754,-0.031985,-1.604490,-0.089353,1.516550,0.767485
1.844000,0.555885,0.468754,-0.031985,-1.604627,-0.089353,1.514951,0.767485
1.846000,0.555885,0.468754,-0.031985,-1.604767,-0.089353,1.513353,0.767485
1.848000,0.555885,0.468754,-0.031985,-1.604909,-0.089353,1.511757,0.767485
1.850000,0.555885,0.468754,-0.031985,-1.605053,-0.089353,1.510164,0.767485
1.852000,0.555885,0.468754,-0.031985,-1.605199,-0.089353,1.508572,0.767485
1.854000,0.555885,0.468754,-0.031985,-1.605347,-0.089353,1.506982,0.767485
1.856000,0.555885,0.468754,-0.031985,-1.605498,-0.089353,1.505395,0.767485
1.858000,0.555885,0.468754,-0.031985,-1.605651,-0.089353,1.503810,0.767485
1.860000,0.555885,0.468754,-0.031985,-1.605807,-0.089353,1.502228,0.767485
1.862000,0.555885,0.468754,-0.031985,-1.605965,-0.089353,1.500648,0.767485
1.864000,0.555885,0.468754,-0.031985,-1.606125,-0.089353,1.499070,0.767485
1.866000,0.555885,0.468754,-0.031985,-1.606287,-0.089353,1.497495,0.767485
1.868000,0.555885,0.468754,-0.031985,-1.606452,-0.089353,1.495923,0.767485
1.870000,0.555885,0.468754,-0.031985,-1.606620,-0.089353,1.494353,0.767485
1.872000,0.555885,0.468754,-0.031985,-1.606789,-0.089353,1.492786,0.767485
1.874000,0.555885,0.468754,-0.031985,-1.606962,-0.089353,1.491222,0.767485
1.876000,0.555885,0.468754,-0.031985,-1.607136,-0.089353,1.489660,0.767485
1.878000,0.555885,0.468754,-0.031985,-1.607313,-0.089353,1.488102,0.767485
1.880000,0.555885,0.468754,-0.031985,-1.607493,-0.089353,1.486546,0.767485
1.882000,0.555885,0.468754,-0.031985,-1.607675,-0.089353,1.484993,0.767485
1.884000,0.555885,0.468754,-0.031985,-1.607859,-0.089353,1.483443,0.767485
1.886000,0.555885,0.468754,-0.031985,-1.608046,-0.089353,1.481896,0.767485
1.888000,0.555885,0.468754,-0.031985,-1.608236,-0.089353,1.480353,0.767485
1.890000,0.555885,0.468754,-0.031985,-1.608428,-0.089353,1.478812,0.767485
1.892000,0.555885,0.468754,-0.031985,-1.608525,-0.089353,1.478042,0.767485
1.894000,0.555885,0.468754,-0.031985,-1.608720,-0.089353,1.476506,0.767485
1.896000,0.555885,0.468754,-0.031985,-1.608919,-0.089353,1.474972,0.767485
1.898000,0.555885,0.468754,-0.031985,-1.609119,-0.089353,1.473441,0.767485
1.900000,0.555885,0.468754,-0.031985,-1.609323,-0.089353,1.471912,0.767485
1.902000,0.555885,0.468754,-0.031985,-1.609528,-0.089353,1.470385,0.767485
1.904000,0.555885,0.468754,-0.031985,-1.609737,-0.089353,1.468861,0.767485
1.906000,0.555885,0.468754,-0.031985,-1.609948,-0.089353,1.467339,0.767485
1.908000,0.555885,0.468754,-0.031985,-1.610161,-0.089353,1.465820,0.767485
1.910000,0.555885,0.468754,-0.031985,-1.610377,-0.089353,1.464304,0.767485
1.912000,0.555885,0.468754,-0.031985,-1.610596,-0.089353,1.462790,0.767485
1.914000,0.555885,0.468754,-0.031985,-1.610817,-0.089353,1.461279,0.767485
1.916000,0.555885,0.468754,-0.031985,-1.611040,-0.089353,1.459772,0.767485
1.918000,0.555885,0.468754,-0.031985,-1.611267,-0.089353,1.458267,0.767485
1.920000,0.555885,0.468754,-0.031985,-1.611496,-0.089353,1.456765,0.767485
1.922000,0.555885,0.468754,-0.031985,-1.611727,-0.089353,1.455267,0.767485
1.924000,0.555885,0.468754,-0.031985,-1.611962,-0.089353,1.453771,0.767485
1.926000,0.555885,0.468754,-0.031985,-1.612198,-0.089353,1.452279,0.767485
1.928000,0.555885,0.468754,-0.031985,-1.612438,-0.089353,1.450790,0.767485
1.930000,0.555885,0.468754,-0.031985,-1.612559,-0.089353,1.450046,0.767485
1.932000,0.555885,0.468754,-0.031985,-1.612802,-0.089353,1.448562,0.767485
1.934000,0.555885,0.468754,-0.031985,-1.613048,-0.089353,1.447080,0.767485
1.936000,0.555885,0.468754,-0.031985,-1.613297,-0.089353,1.445601,0.767485
1.938000,0.555884,0.468754,-0.031985,-1.613548,-0.089353,1.444124,0.767485
1.940000,0.555884,0.468754,-0.031985,-1.613802,-0.089353,1.442650,0.767485
1.942000,0.555884,0.468754,-0.031985,-1.614059,-0.089353,1.441178,0.767485
1.944000,0.555883,0.468754,-0.031985,-1.614319,-0.089353,1.439709,0.767485
1.946000,0.555883,0.468754,-0.031985,-1.614581,-0.089353,1.438243,0.767485
1.948000,0.555882,0.468754,-0.031985,-1.614845,-0.089353,1.436780,0.767485
1.950000,0.555882,0.468754,-0.031985,-1.615113,-0.089353,1.435320,0.767485
1.952000,0.555881,0.468754,-0.031985,-1.615383,-0.089353,1.433863,0.767485
1.954000,0.555880,0.468754,-0.031985,-1.615656,-0.089353,1.432409,0.767485
1.956000,0.555879,0.468754,-0.031985,-1.615931,-0.089353,1.430959,0.767485
1.958000,0.555878,0.468754,-0.031985,-1.616210,-0.089353,1.429511,0.767485
1.960000,0.555877,0.468754,-0.031985,-1.616491,-0.089353,1.428067,0.767485
1.962000,0.555876,0.468754,-0.031985,-1.616774,-0.089353,1.426625,0.767485
1.964000,0.555875,0.468754,-0.031985,-1.617061,-0.089353,1.425187,0.767485
1.966000,0.555874,0.468754,-0.031985,-1.617350,-0.089353,1.423753,0.767485
1.968000,0.555873,0.468754,-0.031986,-1.617642,-0.089353,1.422322,0.767485
1.970000,0.555872,0.468754,-0.031986,-1.617937,-0.089353,1.420895,0.767485
1.972000,0.555871,0.468754,-0.031987,-1.618234,-0.089353,1.419472,0.767485
1.974000,0.555870,0.468754,-0.031988,-1.618535,-0.089353,1.418053,0.767485
1.976000,0.555868,0.468754,-0.031989,-1.618838,-0.089353,1.416639,0.767485
1.978000,0.555868,0.468754,-0.031991,-1.619144,-0.089353,1.415229,0.767485
1.980000,0.555867,0.468754,-0.031992,-1.619453,-0.089353,1.413824,0.767485
1.982000,0.555866,0.468754,-0.031994,-1.619764,-0.089353,1.412424,0.767485
1.984000,0.555865,0.468754,-0.031997,-1.620079,-0.089353,1.411028,0.767485
1.986000,0.555864,0.468754,-0.031999,-1.620396,-0.089353,1.409638,0.767485
1.988000,0.555864,0.468754,-0.032001,-1.620556,-0.089353,1.408945,0.767485
1.990000,0.555864,0.468754,-0.032004,-1.620878,-0.089353,1.407562,0.767485
1.992000,0.555863,0.468754,-0.032008,-1.621202,-0.089353,1.406184,0.767485
1.994000,0.555863,0.468754,-0.032012,-1.621529,-0.089353,1.404810,0.767485
1.996000,0.555863,0.468754,-0.032016,-1.621859,-0.089353,1.403441,0.767485
1.998000,0.555863,0.468754,-0.032021,-1.622192,-0.089353,1.402077,0.767485
2.000000,0.555863,0.468754,-0.032026,-1.622528,-0.089353,1.400717,0.767485
2.002000,0.555863,0.468754,-0.032031,-1.622867,-0.089353,1.399363,0.767485
2.004000,0.555863,0.468754,-0.032037,-1.623209,-0.089353,1.398013,0.767485
2.006000,0.555863,0.468754,-0.032042,-1.623553,-0.089353,1.396669,0.767485
2.008000,0.555863,0.468754,-0.032049,-1.623900,-0.089353,1.395329,0.767485
2.010000,0.555863,0.468754,-0.032055,-1.624250,-0.089353,1.393995,0.767485
2.012000,0.555863,0.468754,-0.032061,-1.624603,-0.089353,1.392666,0.767485
2.014000,0.555863,0.468754,-0.032068,-1.624959,-0.089353,1.391343,0.767485
2.016000,0.555863,0.468754,-0.032075,-1.625318,-0.089353,1.390025,0.767485
2.018000,0.555863,0.468754,-0.032083,-1.625680,-0.089353,1.388712,0.767485
2.020000,0.555863,0.468754,-0.032090,-1.626044,-0.089353,1.387404,0.767485
2.022000,0.555863,0.468754,-0.032094,-1.626227,-0.089353,1.386753,0.767485
2.024000,0.555863,0.468754,-0.032103,-1.626596,-0.089353,1.385453,0.767485
2.026000,0.555863,0.468754,-0.032111,-1.626968,-0.089353,1.384158,0.767485
2.028000,0.555863,0.468754,-0.032120,-1.627342,-0.089353,1.382869,0.767485
2.030000,0.555863,0.468754,-0.032129,-1.627719,-0.089353,1.381583,0.767485
2.032000,0.555863,0.468754,-0.032138,-1.628099,-0.089353,1.380303,0.767485
2.034000,0.555863,0.468754,-0.032148,-1.628482,-0.089353,1.379028,0.767485
2.036000,0.555863,0.468754,-0.032158,-1.628868,-0.089353,1.377757,0.767485
2.038000,0.555863,0.468754,-0.032168,-1.629256,-0.089353,1.376491,0.767485
2.040000,0.555863,0.468754,-0.032179,-1.629647,-0.089353,1.375231,0.767485
2.042000,0.555863,0.468754,-0.032190,-1.630041,-0.089353,1.373975,0.767485
2.044000,0.555863,0.468754,-0.032201,-1.630438,-0.089353,1.372724,0.767485
2.046000,0.555863,0.468754,-0.032213,-1.630838,-0.089353,1.371479,0.767485
2.048000,0.555863,0.468754,-0.032225,-1.631240,-0.089353,1.370238,0.767485
2.050000,0.555863,0.468754,-0.032238,-1.631646,-0.089353,1.369003,0.767485
2.052000,0.555863,0.468754,-0.032250,-1.632054,-0.089353,1.367772,0.767485
2.054000,0.555863,0.468754,-0.032263,-1.632464,-0.089353,1.366547,0.767485
2.056000,0.555863,0.468754,-0.032277,-1.632878,-0.089353,1.365326,0.767485
2.058000,0.555863,0.468754,-0.032291,-1.633294,-0.089353,1.364111,0.767485
2.060000,0.555863,0.468754,-0.032305,-1.633713,-0.089353,1.362901,0.767485
2.062000,0.555863,0.468754,-0.032319,-1.634135,-0.089353,1.361695,0.767485
2.064000,0.555863,0.468754,-0.032334,-1.634559,-0.089353,1.360495,0.767485
2.066000,0.555863,0.468754,-0.032349,-1.634986,-0.089353,1.359299,0.767485
2.068000,0.555863,0.468754,-0.032365,-1.635416,-0.089353,1.358109,0.767485
2.070000,0.555863,0.468754,-0.032381,-1.635849,-0.089353,1.356923,0.767485
2.072000,0.555863,0.468754,-0.032397,-1.636284,-0.089353,1.355743,0.767485
2.074000,0.555863,0.468754,-0.032414,-1.636722,-0.089353,1.354567,0.767485
2.076000,0.555863,0.468754,-0.032431,-1.637163,-0.089353,1.353396,0.767485
2.078000,0.555863,0.468754,-0.032449,-1.637606,-0.089353,1.352230,0.767485
2.080000,0.555863,0.468754,-0.032467,-1.638052,-0.089353,1.351068,0.767485
2.082000,0.555863,0.468754,-0.032485,-1.638500,-0.089353,1.349912,0.767485
2.084000,0.555863,0.468754,-0.032504,-1.638951,-0.089353,1.348760,0.767485
2.086000,0.555863,0.468754,-0.032523,-1.639405,-0.089353,1.347613,0.767485
2.088000,0.555863,0.468754,-0.032542,-1.639862,-0.089353,1.346471,0.767485
2.090000,0.555863,0.468754,-0.032562,-1.640321,-0.089353,1.345333,0.767485
2.092000,0.555863,0.468754,-0.032582,-1.640782,-0.089353,1.344200,0.767485
2.094000,0.555863,0.468754,-0.032592,-1.641014,-0.089353,1.343635,0.767485
2.096000,0.555863,0.468754,-0.032623,-1.641713,-0.089353,1.341947,0.767485
2.098000,0.555863,0.468754,-0.032645,-1.642182,-0.089353,1.340827,0.767485
2.100000,0.555863,0.468754,-0.032667,-1.642654,-0.089353,1.339711,0.767485
2.102000,0.555863,0.468754,-0.032689,-1.643128,-0.089353,1.338600,0.767485
2.104000,0.555863,0.468754,-0.032711,-1.643605,-0.089353,1.337493,0.767485
2.106000,0.555863,0.468754,-0.032723,-1.643844,-0.089353,1.336941,0.767485
2.108000,0.555863,0.468754,-0.032746,-1.644324,-0.089353,1.335841,0.767485
2.110000,0.555863,0.468754,-0.032769,-1.644807,-0.089353,1.334746,0.767485
2.112000,0.555863,0.468754,-0.032793,-1.645292,-0.089353,1.333655,0.767485
2.114000,0.555863,0.468754,-0.032818,-1.645780,-0.089353,1.332569,0.767485
2.116000,0.555863,0.468754,-0.032842,-1.646271,-0.089353,1.331488,0.767485
2.118000,0.555863,0.468754,-0.032868,-1.646763,-0.089353,1.330412,0.767485
2.120000,0.555863,0.468754,-0.032893,-1.647259,-0.089353,1.329342,0.767485
2.122000,0.555863,0.468754,-0.032919,-1.647756,-0.089353,1.328277,0.767485
2.124000,0.555863,0.468754,-0.032946,-1.648256,-0.089353,1.327219,0.767485
2.126000,0.555863,0.468754,-0.032973,-1.648759,-0.089353,1.326166,0.767485
2.128000,0.555863,0.468754,-0.033000,-1.649263,-0.089353,1.325119,0.767485
2.130000,0.555863,0.468754,-0.033014,-1.649517,-0.089353,1.324598,0.767485
2.132000,0.555863,0.468754,-0.033056,-1.650280,-0.089353,1.323044,0.767485
2.134000,0.555863,0.468754,-0.033085,-1.650792,-0.089353,1.322015,0.767485
2.136000,0.555863,0.468754,-0.033114,-1.651306,-0.089353,1.320993,0.767485
2.138000,0.555863,0.468754,-0.033144,-1.651823,-0.089353,1.319977,0.767485
2.140000,0.555863,0.468754,-0.033174,-1.652341,-0.089353,1.318967,0.767485
2.142000,0.555863,0.468754,-0.033205,-1.652863,-0.089353,1.317964,0.767485
2.144000,0.555863,0.468754,-0.033235,-1.653386,-0.089353,1.316968,0.767485
2.146000,0.555863,0.468754,-0.033267,-1.653911,-0.089353,1.315978,0.767485
2.148000,0.555863,0.468754,-0.033299,-1.654439,-0.089353,1.314994,0.767485
2.150000,0.555863,0.468754,-0.033331,-1.654969,-0.089353,1.314017,0.767485
2.152000,0.555863,0.468754,-0.033347,-1.655235,-0.089353,1.313531,0.767485
2.154000,0.555863,0.468754,-0.033380,-1.655768,-0.089353,1.312564,0.767485
2.156000,0.555863,0.468754,-0.033414,-1.656304,-0.089353,1.311603,0.767485
2.158000,0.555863,0.468754,-0.033448,-1.656841,-0.089353,1.310648,0.767485
2.160000,0.555863,0.468754,-0.033482,-1.657381,-0.089353,1.309698,0.767485
2.162000,0.555863,0.468754,-0.033517,-1.657922,-0.089353,1.308755,0.767485
2.164000,0.555863,0.468754,-0.033552,-1.658466,-0.089353,1.307818,0.767485
2.166000,0.555863,0.468754,-0.033588,-1.659012,-0.089353,1.306886,0.767485
2.168000,0.555863,0.468754,-0.033624,-1.659559,-0.089353,1.305961,0.767485
2.170000,0.555863,0.468754,-0.033660,-1.660109,-0.089353,1.305041,0.767485
2.172000,0.555863,0.468754,-0.033697,-1.660661,-0.089353,1.304128,0.767485
2.174000,0.555863,0.468754,-0.033735,-1.661214,-0.089353,1.303220,0.767485
2.176000,0.555863,0.468754,-0.033773,-1.661770,-0.089353,1.302318,0.767485
2.178000,0.555863,0.468754,-0.033811,-1.662327,-0.089353,1.301421,0.767485
2.180000,0.555863,0.468754,-0.033850,-1.662886,-0.089353,1.300531,0.767485
2.182000,0.555863,0.468754,-0.033890,-1.663447,-0.089353,1.299646,0.767485
2.184000,0.555863,0.468754,-0.033929,-1.664010,-0.089353,1.298767,0.767485
2.186000,0.555863,0.468754,-0.033970,-1.664575,-0.089353,1.297893,0.767485
2.188000,0.555863,0.468754,-0.034010,-1.665141,-0.089353,1.297025,0.767485
2.190000,0.555863,0.468754,-0.034051,-1.665709,-0.089353,1.296163,0.767485
2.192000,0.555863,0.468754,-0.034093,-1.666279,-0.089353,1.295305,0.767485
2.194000,0.555863,0.468754,-0.034135,-1.666850,-0.089353,1.294453,0.767485
2.196000,0.555863,0.468754,-0.034177,-1.667423,-0.089353,1.293607,0.767485
2.198000,0.555863,0.468754,-0.034220,-1.667998,-0.089353,1.292766,0.767485
2.200000,0.555863,0.468754,-0.034264,-1.668574,-0.089353,1.291930,0.767485
2.202000,0.555863,0.468754,-0.034307,-1.669152,-0.089353,1.291099,0.767485
2.204000,0.555863,0.468754,-0.034352,-1.669732,-0.089353,1.290273,0.767485
2.206000,0.555863,0.468754,-0.034396,-1.670313,-0.089353,1.289452,0.767485
2.208000,0.555863,0.468754,-0.034441,-1.670895,-0.089353,1.288635,0.767485
2.210000,0.555863,0.468754,-0.034487,-1.671479,-0.089353,1.287824,0.767485
2.212000,0.555863,0.468754,-0.034533,-1.672064,-0.089353,1.287018,0.767485
2.214000,0.555863,0.468754,-0.034579,-1.672651,-0.089353,1.286216,0.767485
2.216000,0.555863,0.468754,-0.034626,-1.673239,-0.089353,1.285419,0.767485
2.218000,0.555863,0.468754,-0.034673,-1.673828,-0.089353,1.284626,0.767485
2.220000,0.555863,0.468754,-0.034721,-1.674419,-0.089353,1.283838,0.767485
2.222000,0.555863,0.468754,-0.034769,-1.675011,-0.089353,1.283054,0.767485
2.224000,0.555863,0.468754,-0.034818,-1.675604,-0.089353,1.282275,0.767485
2.226000,0.555863,0.468754,-0.034867,-1.676199,-0.089353,1.281499,0.767485
2.228000,0.555863,0.468754,-0.034916,-1.676794,-0.089353,1.280728,0.767485
2.230000,0.555863,0.468754,-0.034941,-1.677093,-0.089353,1.280344,0.767485
2.232000,0.555863,0.468754,-0.035017,-1.677989,-0.089353,1.279199,0.767485
2.234000,0.555863,0.468754,-0.035067,-1.678589,-0.089353,1.278440,0.767485
2.236000,0.555863,0.468754,-0.035119,-1.679189,-0.089353,1.277684,0.767485
2.238000,0.555863,0.468754,-0.035170,-1.679790,-0.089353,1.276933,0.767485
2.240000,0.555863,0.468754,-0.035222,-1.680393,-0.089353,1.276185,0.767485
2.242000,0.555863,0.468754,-0.035275,-1.680996,-0.089353,1.275442,0.767485
2.244000,0.555863,0.468754,-0.035328,-1.681600,-0.089353,1.274701,0.767485
2.246000,0.555863,0.468754,-0.035381,-1.682206,-0.089353,1.273965,0.767485
2.248000,0.555863,0.468754,-0.035435,-1.682812,-0.089353,1.273232,0.767485
2.250000,0.555863,0.468754,-0.035462,-1.683116,-0.089353,1.272867,0.767485
2.252000,0.555863,0.468754,-0.035516,-1.683723,-0.089353,1.272141,0.767485
2.254000,0.555863,0.468754,-0.035571,-1.684332,-0.089353,1.271419,0.767485
2.256000,0.555863,0.468754,-0.035626,-1.684941,-0.089353,1.270701,0.767485
2.258000,0.555863,0.468754,-0.035682,-1.685551,-0.089353,1.269987,0.767485
2.260000,0.555863,0.468754,-0.035738,-1.686163,-0.089353,1.269278,0.767485
2.262000,0.555863,0.468754,-0.035794,-1.686774,-0.089353,1.268573,0.767485
2.264000,0.555863,0.468754,-0.035851,-1.687387,-0.089353,1.267874,0.767485
2.266000,0.555863,0.468754,-0.035909,-1.688000,-0.089353,1.267179,0.767485
2.268000,0.555863,0.468754,-0.035967,-1.688614,-0.089353,1.266490,0.767485
2.270000,0.555863,0.468754,-0.036025,-1.689228,-0.089353,1.265806,0.767485
2.272000,0.555863,0.468754,-0.036084,-1.689843,-0.089353,1.265126,0.767485
2.274000,0.555863,0.468754,-0.036143,-1.690459,-0.089353,1.264453,0.767485
2.276000,0.555863,0.468754,-0.036203,-1.691075,-0.089353,1.263784,0.767485
2.278000,0.555863,0.468754,-0.036233,-1.691384,-0.089353,1.263452,0.767485
2.280000,0.555863,0.468754,-0.036293,-1.692001,-0.089353,1.262791,0.767485
2.282000,0.555863,0.468754,-0.036354,-1.692618,-0.089353,1.262135,0.767485
2.284000,0.555863,0.468754,-0.036415,-1.693236,-0.089353,1.261485,0.767485
2.286000,0.555863,0.468754,-0.036476,-1.693854,-0.089353,1.260839,0.767485
2.288000,0.555863,0.468754,-0.036538,-1.694472,-0.089353,1.260199,0.767485
2.290000,0.555863,0.468754,-0.036601,-1.695091,-0.089353,1.259563,0.767485
2.292000,0.555863,0.468754,-0.036664,-1.695711,-0.089353,1.258933,0.767485
2.294000,0.555863,0.468754,-0.036727,-1.696330,-0.089353,1.258308,0.767485
2.296000,0.555863,0.468754,-0.036791,-1.696950,-0.089353,1.257687,0.767485
2.298000,0.555863,0.468754,-0.036855,-1.697569,-0.089353,1.257072,0.767485
2.300000,0.555863,0.468754,-0.036920,-1.698189,-0.089353,1.256461,0.767485
2.302000,0.555863,0.468754,-0.036985,-1.698809,-0.089353,1.255856,0.767485
2.304000,0.555863,0.468754,-0.037050,-1.699430,-0.089353,1.255255,0.767485
2.306000,0.555863,0.468754,-0.037116,-1.700050,-0.089353,1.254659,0.767485
2.308000,0.555863,0.468754,-0.037183,-1.700670,-0.089353,1.254068,0.767485
2.310000,0.555863,0.468754,-0.037250,-1.701290,-0.089353,1.253481,0.767485
2.312000,0.555863,0.468754,-0.037317,-1.701910,-0.089353,1.252899,0.767485
2.314000,0.555863,0.468754,-0.037384,-1.702530,-0.089353,1.252322,0.767485
2.316000,0.555863,0.468754,-0.037452,-1.703150,-0.089353,1.251749,0.767485
2.318000,0.555863,0.468754,-0.037521,-1.703769,-0.089353,1.251180,0.767485
2.320000,0.555863,0.468754,-0.037555,-1.704079,-0.089353,1.250897,0.767485
2.322000,0.555863,0.468754,-0.037659,-1.705008,-0.089353,1.250056,0.767485
2.324000,0.555863,0.468754,-0.037694,-1.705317,-0.089353,1.249777,0.767485
2.326000,0.555863,0.468754,-0.037764,-1.705936,-0.089353,1.249223,0.767485
2.328000,0.555863,0.468754,-0.037834,-1.706554,-0.089353,1.248673,0.767485
2.330000,0.555863,0.468754,-0.037905,-1.707172,-0.089353,1.248127,0.767485
2.332000,0.555863,0.468754,-0.037976,-1.707790,-0.089353,1.247584,0.767485
2.334000,0.555863,0.468754,-0.038047,-1.708407,-0.089353,1.247045,0.767485
2.336000,0.555863,0.468754,-0.038119,-1.709023,-0.089353,1.246510,0.767485
2.338000,0.555863,0.468754,-0.038192,-1.709640,-0.089353,1.245978,0.767485
2.340000,0.555863,0.468754,-0.038264,-1.710255,-0.089353,1.245449,0.767485
2.342000,0.555863,0.468754,-0.038338,-1.710870,-0.089353,1.244924,0.767485
2.344000,0.555863,0.468754,-0.038411,-1.711485,-0.089353,1.244402,0.767485
2.346000,0.555863,0.468754,-0.038485,-1.712098,-0.089353,1.243883,0.767485
2.348000,0.555863,0.468754,-0.038559,-1.712712,-0.089353,1.243368,0.767485
2.350000,0.555863,0.468754,-0.038634,-1.713324,-0.089353,1.242855,0.767485
2.352000,0.555863,0.468754,-0.038709,-1.713936,-0.089353,1.242345,0.767485
2.354000,0.555863,0.468754,-0.038785,-1.714546,-0.089353,1.241838,0.767485
2.356000,0.555863,0.468754,-0.038861,-1.715157,-0.089353,1.241334,0.767485
2.358000,0.555863,0.468754,-0.038937,-1.715766,-0.089353,1.240832,0.767485
2.360000,0.555863,0.468754,-0.039014,-1.716374,-0.089353,1.240333,0.767485
2.362000,0.555863,0.468754,-0.039091,-1.716981,-0.089353,1.239837,0.767485
2.364000,0.555863,0.468754,-0.039168,-1.717588,-0.089353,1.239343,0.767485
2.366000,0.555863,0.468754,-0.039246,-1.718193,-0.089353,1.238852,0.767485
2.368000,0.555863,0.468754,-0.039324,-1.718798,-0.089353,1.238362,0.767485
2.370000,0.555863,0.468754,-0.039402,-1.719401,-0.089353,1.237875,0.767485
2.372000,0.555863,0.468754,-0.039442,-1.719703,-0.089353,1.237633,0.767485
2.374000,0.555863,0.468754,-0.039521,-1.720305,-0.089353,1.237149,0.767485
2.376000,0.555863,0.468754,-0.039600,-1.720905,-0.089353,1.236667,0.767485
2.378000,0.555863,0.468754,-0.039680,-1.721505,-0.089353,1.236187,0.767485
2.380000,0.555863,0.468754,-0.039760,-1.722104,-0.089353,1.235708,0.767485
2.382000,0.555863,0.468754,-0.039841,-1.722701,-0.089353,1.235231,0.767485
2.384000,0.555863,0.468754,-0.039922,-1.723297,-0.089353,1.234756,0.767485
2.386000,0.555863,0.468754,-0.040003,-1.723892,-0.089353,1.234282,0.767485
2.388000,0.555863,0.468754,-0.040085,-1.724486,-0.089353,1.233810,0.767485
2.390000,0.555863,0.468754,-0.040167,-1.725078,-0.089353,1.233339,0.767485
2.392000,0.555863,0.468754,-0.040249,-1.725669,-0.089353,1.232871,0.767485
2.394000,0.555863,0.468754,-0.040332,-1.726259,-0.089353,1.232405,0.767485
2.396000,0.555863,0.468754,-0.040415,-1.726847,-0.089353,1.231941,0.767485
2.398000,0.555863,0.468754,-0.040499,-1.727434,-0.089353,1.231480,0.767485
2.400000,0.555863,0.468754,-0.040583,-1.728019,-0.089353,1.231022,0.767485
2.402000,0.555863,0.468754,-0.040667,-1.728603,-0.089353,1.230566,0.767485
2.404000,0.555863,0.468754,-0.040752,-1.729185,-0.089353,1.230113,0.767485
2.406000,0.555863,0.468754,-0.040837,-1.729766,-0.089353,1.229662,0.767485
2.408000,0.555863,0.468754,-0.040922,-1.730345,-0.089353,1.229215,0.767485
2.410000,0.555863,0.468754,-0.041008,-1.730923,-0.089353,1.228771,0.767485
2.412000,0.555863,0.468754,-0.041094,-1.731498,-0.089353,1.228329,0.767485
2.414000,0.555863,0.468754,-0.041180,-1.732073,-0.089353,1.227891,0.767485
2.416000,0.555863,0.468754,-0.041224,-1.732359,-0.089353,1.227672,0.767485
2.418000,0.555863,0.468754,-0.041311,-1.732930,-0.089353,1.227239,0.767485
2.420000,0.555863,0.468754,-0.041398,-1.733500,-0.089353,1.226808,0.767485
2.422000,0.555863,0.468754,-0.041486,-1.734068,-0.089353,1.226379,0.767485
2.424000,0.555863,0.468754,-0.041574,-1.734634,-0.089353,1.225954,0.767485
2.426000,0.555863,0.468754,-0.041662,-1.735198,-0.089353,1.225532,0.767485
2.428000,0.555863,0.468754,-0.041751,-1.735760,-0.089353,1.225112,0.767485
2.430000,0.555863,0.468754,-0.041840,-1.736321,-0.089353,1.224695,0.767485
2.432000,0.555863,0.468754,-0.041885,-1.736600,-0.089353,1.224488,0.767485
2.434000,0.555863,0.468754,-0.041975,-1.737157,-0.089353,1.224075,0.767485
2.436000,0.555863,0.468754,-0.042110,-1.737989,-0.089353,1.223462,0.767485
2.438000,0.555863,0.468754,-0.042200,-1.738542,-0.089353,1.223056,0.767485
2.440000,0.555863,0.468754,-0.042291,-1.739092,-0.089353,1.222653,0.767485
2.442000,0.555863,0.468754,-0.042383,-1.739640,-0.089353,1.222253,0.767485
2.444000,0.555863,0.468754,-0.042474,-1.740186,-0.089353,1.221855,0.767485
2.446000,0.555863,0.468754,-0.042566,-1.740729,-0.089353,1.221460,0.767485
2.448000,0.555863,0.468754,-0.042659,-1.741271,-0.089353,1.221067,0.767485
2.450000,0.555863,0.468754,-0.042751,-1.741810,-0.089353,1.220677,0.767485
2.452000,0.555863,0.468754,-0.042844,-1.742346,-0.089353,1.220289,0.767485
2.454000,0.555863,0.468754,-0.042938,-1.742881,-0.089353,1.219903,0.767485
2.456000,0.555863,0.468754,-0.043031,-1.743413,-0.089353,1.219520,0.767485
2.458000,0.555863,0.468754,-0.043125,-1.743943,-0.089353,1.219138,0.767485
2.460000,0.555863,0.468754,-0.043220,-1.744470,-0.089353,1.218759,0.767485
2.462000,0.555863,0.468754,-0.043314,-1.744995,-0.089353,1.218382,0.767485
2.464000,0.555863,0.468754,-0.043409,-1.745517,-0.089353,1.218007,0.767485
2.466000,0.555863,0.468754,-0.043505,-1.746037,-0.089353,1.217634,0.767485
2.468000,0.555863,0.468754,-0.043600,-1.746555,-0.089353,1.217263,0.767485
2.470000,0.555863,0.468754,-0.043696,-1.747069,-0.089353,1.216893,0.767485
2.472000,0.555863,0.468754,-0.043792,-1.747582,-0.089353,1.216526,0.767485
2.474000,0.555863,0.468754,-0.043889,-1.748091,-0.089353,1.216159,0.767485
2.476000,0.555863,0.468754,-0.043986,-1.748598,-0.089353,1.215795,0.767485
2.478000,0.555863,0.468754,-0.044083,-1.749103,-0.089353,1.215432,0.767485
2.480000,0.555863,0.468754,-0.044180,-1.749604,-0.089353,1.215070,0.767485
2.482000,0.555863,0.468754,-0.044278,-1.750103,-0.089353,1.214710,0.767485
2.484000,0.555863,0.468754,-0.044376,-1.750600,-0.089353,1.214351,0.767485
2.486000,0.555863,0.468754,-0.044475,-1.751093,-0.089353,1.213993,0.767485
2.488000,0.555863,0.468754,-0.044573,-1.751584,-0.089353,1.213636,0.767485
2.490000,0.555863,0.468754,-0.044672,-1.752072,-0.089353,1.213281,0.767485
2.492000,0.555863,0.468754,-0.044722,-1.752315,-0.089353,1.213103,0.767485
2.494000,0.555863,0.468754,-0.044871,-1.753039,-0.089353,1.212573,0.767485
2.496000,0.555863,0.468754,-0.044921,-1.753279,-0.089353,1.212396,0.767485
2.498000,0.555863,0.468754,-0.045021,-1.753757,-0.089353,1.212044,0.767485
2.500000,0.555863,0.468754,-0.045121,-1.754233,-0.089353,1.211692,0.767485
2.502000,0.555863,0.468754,-0.045222,-1.754705,-0.089353,1.211341,0.767485
2.504000,0.555863,0.468754,-0.045323,-1.755174,-0.089353,1.210990,0.767485
2.506000,0.555863,0.468754,-0.045424,-1.755641,-0.089353,1.210640,0.767485
2.508000,0.555863,0.468754,-0.045525,-1.756104,-0.089353,1.210290,0.767485
2.510000,0.555863,0.468754,-0.045627,-1.756565,-0.089353,1.209941,0.767485
2.512000,0.555863,0.468754,-0.045729,-1.757022,-0.089353,1.209592,0.767485
2.514000,0.555863,0.468754,-0.045832,-1.757477,-0.089353,1.209243,0.767485
2.516000,0.555863,0.468754,-0.045934,-1.757928,-0.089353,1.208895,0.767485
2.518000,0.555863,0.468754,-0.046037,-1.758377,-0.089353,1.208546,0.767485
2.520000,0.555863,0.468754,-0.046140,-1.758822,-0.089353,1.208198,0.767485
2.522000,0.555863,0.468754,-0.046244,-1.759265,-0.089353,1.207850,0.767485
2.524000,0.555863,0.468754,-0.046347,-1.759704,-0.089353,1.207502,0.767485
2.526000,0.555863,0.468754,-0.046451,-1.760140,-0.089353,1.207154,0.767485
2.528000,0.555863,0.468754,-0.046556,-1.760573,-0.089353,1.206805,0.767485
2.530000,0.555863,0.468754,-0.046660,-1.761003,-0.089353,1.206458,0.767485
2.532000,0.555863,0.468754,-0.046765,-1.761430,-0.089353,1.206110,0.767485
2.534000,0.555863,0.468754,-0.046870,-1.761854,-0.089353,1.205763,0.767485
2.536000,0.555863,0.468754,-0.046975,-1.762274,-0.089353,1.205417,0.767485
2.538000,0.555863,0.468754,-0.047081,-1.762691,-0.089353,1.205071,0.767485
2.540000,0.555863,0.468754,-0.047187,-1.763106,-0.089353,1.204726,0.767485
2.542000,0.555863,0.468754,-0.047293,-1.763516,-0.089353,1.204382,0.767485
2.544000,0.555863,0.468754,-0.047400,-1.763924,-0.089353,1.204038,0.767485
2.546000,0.555863,0.468754,-0.047506,-1.764328,-0.089353,1.203696,0.767485
2.548000,0.555863,0.468754,-0.047613,-1.764729,-0.089353,1.203354,0.767485
2.550000,0.555863,0.468754,-0.047721,-1.765127,-0.089353,1.203014,0.767485
2.552000,0.555863,0.468754,-0.047828,-1.765521,-0.089353,1.202674,0.767485
2.554000,0.555863,0.468754,-0.047936,-1.765912,-0.089353,1.202336,0.767485
2.556000,0.555863,0.468754,-0.048044,-1.766300,-0.089353,1.201998,0.767485
2.558000,0.555863,0.468754,-0.048152,-1.766684,-0.089353,1.201662,0.767485
2.560000,0.555863,0.468754,-0.048261,-1.767065,-0.089353,1.201326,0.767485
2.562000,0.555863,0.468754,-0.048370,-1.767442,-0.089353,1.200992,0.767485
2.564000,0.555863,0.468754,-0.048479,-1.767816,-0.089353,1.200659,0.767485
2.566000,0.555863,0.468754,-0.048589,-1.768187,-0.089353,1.200327,0.767485
2.568000,0.555863,0.468754,-0.048698,-1.768554,-0.089353,1.199996,0.767485
2.570000,0.555863,0.468754,-0.048808,-1.768918,-0.089353,1.199666,0.767485
2.572000,0.555863,0.468754,-0.048918,-1.769278,-0.089353,1.199337,0.767485
2.574000,0.555863,0.468754,-0.049029,-1.769635,-0.089353,1.199009,0.767485
2.576000,0.555863,0.468754,-0.049139,-1.769988,-0.089353,1.198682,0.767485
2.578000,0.555863,0.468754,-0.049250,-1.770338,-0.089353,1.198357,0.767485
2.580000,0.555863,0.468754,-0.049362,-1.770684,-0.089353,1.198032,0.767485
2.582000,0.555863,0.468754,-0.049473,-1.771027,-0.089353,1.197708,0.767485
2.584000,0.555863,0.468754,-0.049585,-1.771366,-0.089353,1.197385,0.767485
2.586000,0.555863,0.468754,-0.049697,-1.771702,-0.089353,1.197063,0.767485
2.588000,0.555863,0.468754,-0.049809,-1.772034,-0.089353,1.196742,0.767485
2.590000,0.555863,0.468754,-0.049921,-1.772363,-0.089353,1.196422,0.767485
2.592000,0.555863,0.468754,-0.049978,-1.772526,-0.089353,1.196263,0.767485
2.594000,0.555863,0.468754,-0.050091,-1.772849,-0.089353,1.195944,0.767485
2.596000,0.555863,0.468754,-0.050204,-1.773168,-0.089353,1.195626,0.767485
2.598000,0.555863,0.468754,-0.050317,-1.773484,-0.089353,1.195308,0.767485
2.600000,0.555863,0.468754,-0.050431,-1.773797,-0.089353,1.194992,0.767485
2.602000,0.555863,0.468754,-0.050545,-1.774106,-0.089353,1.194676,0.767485
2.604000,0.555863,0.468754,-0.050659,-1.774411,-0.089353,1.194360,0.767485
2.606000,0.555863,0.468754,-0.050773,-1.774713,-0.089353,1.194046,0.767485
2.608000,0.555863,0.468754,-0.050887,-1.775011,-0.089353,1.193732,0.767485
2.610000,0.555863,0.468754,-0.051002,-1.775305,-0.089353,1.193418,0.767485
2.612000,0.555863,0.468754,-0.051117,-1.775596,-0.089353,1.193105,0.767485
2.614000,0.555863,0.468754,-0.051233,-1.775883,-0.089353,1.192793,0.767485
2.616000,0.555863,0.468754,-0.051348,-1.776166,-0.089353,1.192480,0.767485
2.618000,0.555863,0.468754,-0.051464,-1.776446,-0.089353,1.192169,0.767485
2.620000,0.555863,0.468754,-0.051580,-1.776722,-0.089353,1.191858,0.767485
2.622000,0.555863,0.468754,-0.051638,-1.776859,-0.089353,1.191702,0.767485
2.624000,0.555863,0.468754,-0.051754,-1.777130,-0.089353,1.191391,0.767485
2.626000,0.555863,0.468754,-0.051871,-1.777397,-0.089353,1.191081,0.767485
2.628000,0.555863,0.468754,-0.051988,-1.777660,-0.089353,1.190771,0.767485
2.630000,0.555863,0.468754,-0.052105,-1.777920,-0.089353,1.190461,0.767485
2.632000,0.555863,0.468754,-0.052222,-1.778176,-0.089353,1.190151,0.767485
2.634000,0.555863,0.468754,-0.052340,-1.778429,-0.089353,1.189842,0.767485
2.636000,0.555863,0.468754,-0.052458,-1.778678,-0.089353,1.189533,0.767485
2.638000,0.555863,0.468754,-0.052576,-1.778923,-0.089353,1.189224,0.767485
2.640000,0.555863,0.468754,-0.052694,-1.779165,-0.089353,1.188915,0.767485
2.642000,0.555863,0.468754,-0.052812,-1.779403,-0.089353,1.188606,0.767485
2.644000,0.555863,0.468754,-0.052931,-1.779637,-0.089353,1.188297,0.767485
2.646000,0.555863,0.468754,-0.053050,-1.779868,-0.089353,1.187988,0.767485
2.648000,0.555863,0.468754,-0.053169,-1.780095,-0.089353,1.187679,0.767485
2.650000,0.555863,0.468754,-0.053289,-1.780319,-0.089353,1.187370,0.767485
2.652000,0.555863,0.468754,-0.053408,-1.780539,-0.089353,1.187061,0.767485
2.654000,0.555863,0.468754,-0.053528,-1.780755,-0.089353,1.186753,0.767485
2.656000,0.555863,0.468754,-0.053648,-1.780968,-0.089353,1.186444,0.767485
2.658000,0.555863,0.468754,-0.053769,-1.781177,-0.089353,1.186135,0.767485
2.660000,0.555863,0.468754,-0.053889,-1.781383,-0.089353,1.185825,0.767485
2.662000,0.555863,0.468754,-0.054010,-1.781585,-0.089353,1.185516,0.767485
2.664000,0.555863,0.468754,-0.054131,-1.781783,-0.089353,1.185207,0.767485
2.666000,0.555863,0.468754,-0.054252,-1.781978,-0.089353,1.184897,0.767485
2.668000,0.555863,0.468754,-0.054374,-1.782170,-0.089353,1.184588,0.767485
2.670000,0.555863,0.468754,-0.054495,-1.782357,-0.089353,1.184279,0.767485
2.672000,0.555863,0.468754,-0.054617,-1.782542,-0.089353,1.183969,0.767485
2.674000,0.555863,0.468754,-0.054739,-1.782722,-0.089353,1.183660,0.767485
2.676000,0.555863,0.468754,-0.054862,-1.782900,-0.089353,1.183352,0.767485
2.678000,0.555863,0.468754,-0.054984,-1.783073,-0.089353,1.183044,0.767485
2.680000,0.555863,0.468754,-0.055107,-1.783244,-0.089353,1.182736,0.767485
2.682000,0.555863,0.468754,-0.055230,-1.783410,-0.089353,1.182429,0.767485
2.684000,0.555863,0.468754,-0.055353,-1.783573,-0.089353,1.182123,0.767485
2.686000,0.555863,0.468754,-0.055476,-1.783733,-0.089353,1.181817,0.767485
2.688000,0.555863,0.468754,-0.055600,-1.783889,-0.089353,1.181512,0.767485
2.690000,0.555863,0.468754,-0.055724,-1.784042,-0.089353,1.181208,0.767485
2.692000,0.555863,0.468754,-0.055848,-1.784191,-0.089353,1.180904,0.767485
2.694000,0.555863,0.468754,-0.055972,-1.784337,-0.089353,1.180602,0.767485
2.696000,0.555863,0.468754,-0.056035,-1.784409,-0.089353,1.180451,0.767485
2.698000,0.555863,0.468754,-0.056159,-1.784549,-0.089353,1.180149,0.767485
2.700000,0.555863,0.468754,-0.056347,-1.784754,-0.089353,1.179699,0.767485
2.702000,0.555863,0.468754,-0.056409,-1.784820,-0.089353,1.179550,0.767485
2.704000,0.555863,0.468754,-0.056535,-1.784950,-0.089353,1.179251,0.767485
2.706000,0.555863,0.468754,-0.056660,-1.785077,-0.089353,1.178954,0.767485
2.708000,0.555863,0.468754,-0.056786,-1.785201,-0.089353,1.178658,0.767485
2.710000,0.555863,0.468754,-0.056912,-1.785321,-0.089353,1.178363,0.767485
2.712000,0.555863,0.468754,-0.057038,-1.785438,-0.089353,1.178068,0.767485
2.714000,0.555863,0.468754,-0.057165,-1.785551,-0.089353,1.177775,0.767485
2.716000,0.555863,0.468754,-0.057291,-1.785661,-0.089353,1.177483,0.767485
2.718000,0.555863,0.468754,-0.057418,-1.785767,-0.089353,1.177193,0.767485
2.720000,0.555863,0.468754,-0.057545,-1.785871,-0.089353,1.176903,0.767485
2.722000,0.555863,0.468754,-0.057673,-1.785971,-0.089353,1.176614,0.767485
2.724000,0.555863,0.468754,-0.057800,-1.786067,-0.089353,1.176327,0.767485
2.726000,0.555863,0.468754,-0.057928,-1.786161,-0.089353,1.176040,0.767485
2.728000,0.555863,0.468754,-0.058056,-1.786251,-0.089353,1.175755,0.767485
2.730000,0.555863,0.468754,-0.058120,-1.786295,-0.089353,1.175613,0.767485
2.732000,0.555863,0.468754,-0.058313,-1.786421,-0.089353,1.175188,0.767485
2.734000,0.555863,0.468754,-0.058442,-1.786502,-0.089353,1.174907,0.767485
2.736000,0.555863,0.468754,-0.058571,-1.786579,-0.089353,1.174626,0.767485
2.738000,0.555863,0.468754,-0.058700,-1.786653,-0.089353,1.174347,0.767485
2.740000,0.555863,0.468754,-0.058829,-1.786723,-0.089353,1.174068,0.767485
2.742000,0.555863,0.468754,-0.058959,-1.786791,-0.089353,1.173791,0.767485
2.744000,0.555863,0.468754,-0.059088,-1.786855,-0.089353,1.173515,0.767485
2.746000,0.555863,0.468754,-0.059218,-1.786916,-0.089353,1.173240,0.767485
2.748000,0.555863,0.468754,-0.059349,-1.786974,-0.089353,1.172966,0.767485
2.750000,0.555863,0.468754,-0.059479,-1.787029,-0.089353,1.172694,0.767485
2.752000,0.555863,0.468754,-0.059610,-1.787081,-0.089353,1.172422,0.767485
2.754000,0.555863,0.468754,-0.059741,-1.787130,-0.089353,1.172152,0.767485
2.756000,0.555863,0.468754,-0.059872,-1.787176,-0.089353,1.171882,0.767485
2.758000,0.555863,0.468754,-0.060003,-1.787218,-0.089353,1.171614,0.767485
2.760000,0.555863,0.468754,-0.060135,-1.787258,-0.089353,1.171347,0.767485
2.762000,0.555863,0.468754,-0.060266,-1.787294,-0.089353,1.171081,0.767485
2.764000,0.555863,0.468754,-0.060398,-1.787328,-0.089353,1.170816,0.767485
2.766000,0.555863,0.468754,-0.060530,-1.787359,-0.089353,1.170553,0.767485
2.768000,0.555863,0.468754,-0.060663,-1.787386,-0.089353,1.170290,0.767485
2.770000,0.555863,0.468754,-0.060795,-1.787411,-0.089353,1.170028,0.767485
2.772000,0.555863,0.468754,-0.060928,-1.787433,-0.089353,1.169768,0.767485
2.774000,0.555863,0.468754,-0.061061,-1.787452,-0.089353,1.169508,0.767485
2.776000,0.555863,0.468754,-0.061194,-1.787468,-0.089353,1.169250,0.767485
2.778000,0.555863,0.468754,-0.061261,-1.787475,-0.089353,1.169121,0.767485
2.780000,0.555863,0.468754,-0.061394,-1.787486,-0.089353,1.168864,0.767485
2.782000,0.555863,0.468754,-0.061528,-1.787495,-0.089353,1.168608,0.767485
2.784000,0.555863,0.468754,-0.061662,-1.787501,-0.089353,1.168354,0.767485
2.786000,0.555863,0.468754,-0.061796,-1.787505,-0.089353,1.168100,0.767485
2.788000,0.555863,0.468754,-0.061931,-1.787505,-0.089353,1.167848,0.767485
2.790000,0.555863,0.468754,-0.062065,-1.787505,-0.089353,1.167600,0.767485
2.792000,0.555863,0.468753,-0.062200,-1.787505,-0.089353,1.167358,0.767485
2.794000,0.555863,0.468751,-0.062335,-1.787505,-0.089353,1.167122,0.767485
2.796000,0.555863,0.468748,-0.062470,-1.787505,-0.089353,1.166891,0.767485
2.798000,0.555863,0.468745,-0.062606,-1.787505,-0.089353,1.166666,0.767485
2.800000,0.555863,0.468741,-0.062742,-1.787505,-0.089353,1.166446,0.767485
2.802000,0.555863,0.468736,-0.062878,-1.787505,-0.089353,1.166231,0.767485
2.804000,0.555863,0.468730,-0.063014,-1.787505,-0.089353,1.166022,0.767485
2.806000,0.555863,0.468724,-0.063150,-1.787505,-0.089353,1.165817,0.767485
2.808000,0.555863,0.468717,-0.063287,-1.787505,-0.089353,1.165618,0.767485
2.810000,0.555863,0.468710,-0.063424,-1.787505,-0.089353,1.165424,0.767485
2.812000,0.555863,0.468702,-0.063561,-1.787505,-0.089353,1.165235,0.767485
2.814000,0.555863,0.468693,-0.063699,-1.787505,-0.089353,1.165051,0.767485
2.816000,0.555863,0.468688,-0.063767,-1.787505,-0.089353,1.164961,0.767485
2.818000,0.555863,0.468678,-0.063905,-1.787505,-0.089353,1.164785,0.767485
2.820000,0.555863,0.468667,-0.064043,-1.787505,-0.089353,1.164614,0.767485
2.822000,0.555863,0.468656,-0.064181,-1.787505,-0.089353,1.164449,0.767485
2.824000,0.555863,0.468644,-0.064320,-1.787505,-0.089353,1.164289,0.767485
2.826000,0.555863,0.468632,-0.064459,-1.787505,-0.089353,1.164134,0.767485
2.828000,0.555863,0.468619,-0.064597,-1.787505,-0.089353,1.163984,0.767485
2.830000,0.555863,0.468605,-0.064737,-1.787505,-0.089353,1.163840,0.767485
2.832000,0.555863,0.468590,-0.064876,-1.787505,-0.089353,1.163701,0.767485
2.834000,0.555863,0.468575,-0.065016,-1.787505,-0.089353,1.163567,0.767485
2.836000,0.555863,0.468559,-0.065156,-1.787505,-0.089353,1.163438,0.767485
2.838000,0.555863,0.468542,-0.065296,-1.787505,-0.089353,1.163315,0.767485
2.840000,0.555863,0.468525,-0.065436,-1.787505,-0.089353,1.163196,0.767485
2.842000,0.555863,0.468507,-0.065577,-1.787505,-0.089353,1.163083,0.767485
2.844000,0.555863,0.468489,-0.065718,-1.787505,-0.089353,1.162975,0.767485
2.846000,0.555863,0.468470,-0.065859,-1.787505,-0.089353,1.162872,0.767485
2.848000,0.555863,0.468450,-0.066000,-1.787505,-0.089353,1.162773,0.767485
2.850000,0.555863,0.468430,-0.066142,-1.787505,-0.089353,1.162680,0.767485
2.852000,0.555863,0.468419,-0.066212,-1.787505,-0.089353,1.162635,0.767485
2.854000,0.555863,0.468398,-0.066354,-1.787505,-0.089353,1.162549,0.767485
2.856000,0.555863,0.468376,-0.066496,-1.787505,-0.089353,1.162468,0.767485
2.858000,0.555863,0.468354,-0.066639,-1.787505,-0.089353,1.162392,0.767485
2.860000,0.555863,0.468330,-0.066781,-1.787505,-0.089353,1.162320,0.767485
2.862000,0.555863,0.468306,-0.066924,-1.787505,-0.089353,1.162254,0.767485
2.864000,0.555863,0.468282,-0.067067,-1.787505,-0.089353,1.162192,0.767485
2.866000,0.555863,0.468257,-0.067211,-1.787505,-0.089353,1.162134,0.767485
2.868000,0.555863,0.468231,-0.067354,-1.787505,-0.089353,1.162082,0.767485
2.870000,0.555863,0.468205,-0.067498,-1.787505,-0.089353,1.162034,0.767485
2.872000,0.555863,0.468178,-0.067642,-1.787505,-0.089353,1.161990,0.767485
2.874000,0.555863,0.468150,-0.067787,-1.787505,-0.089353,1.161951,0.767485
2.876000,0.555863,0.468122,-0.067931,-1.787505,-0.089353,1.161917,0.767485
2.878000,0.555863,0.468093,-0.068076,-1.787505,-0.089353,1.161886,0.767485
2.880000,0.555863,0.468064,-0.068221,-1.787505,-0.089353,1.161860,0.767485
2.882000,0.555863,0.468034,-0.068366,-1.787505,-0.089353,1.161838,0.767485
2.884000,0.555863,0.468003,-0.068511,-1.787505,-0.089353,1.161821,0.767485
2.886000,0.555863,0.467972,-0.068657,-1.787505,-0.089353,1.161807,0.767485
2.888000,0.555863,0.467940,-0.068803,-1.787505,-0.089353,1.161798,0.767485
2.890000,0.555863,0.467908,-0.068949,-1.787505,-0.089353,1.161793,0.767485
2.892000,0.555863,0.467875,-0.069096,-1.787505,-0.089353,1.161791,0.767485
2.894000,0.555863,0.467841,-0.069242,-1.787505,-0.089353,1.161791,0.767485
2.896000,0.555863,0.467807,-0.069389,-1.787505,-0.089353,1.161791,0.767485
2.898000,0.555863,0.467772,-0.069536,-1.787505,-0.089353,1.161791,0.767485
2.900000,0.555863,0.467736,-0.069683,-1.787505,-0.089353,1.161791,0.767485
2.902000,0.555863,0.467700,-0.069831,-1.787505,-0.089353,1.161791,0.767485
2.904000,0.555863,0.467682,-0.069904,-1.787505,-0.089353,1.161791,0.767485
2.906000,0.555863,0.467626,-0.070126,-1.787505,-0.089353,1.161791,0.767485
2.908000,0.555863,0.467607,-0.070200,-1.787505,-0.089353,1.161791,0.767485
2.910000,0.555863,0.467569,-0.070348,-1.787505,-0.089353,1.161791,0.767485
2.912000,0.555863,0.467530,-0.070497,-1.787504,-0.089353,1.161791,0.767485
2.914000,0.555863,0.467491,-0.070645,-1.787504,-0.089353,1.161791,0.767485
2.916000,0.555863,0.467451,-0.070794,-1.787503,-0.089353,1.161791,0.767485
2.918000,0.555863,0.467411,-0.070943,-1.787502,-0.089353,1.161791,0.767485
2.920000,0.555863,0.467370,-0.071092,-1.787501,-0.089353,1.161791,0.767485
2.922000,0.555863,0.467329,-0.071242,-1.787500,-0.089353,1.161791,0.767485
2.924000,0.555863,0.467287,-0.071391,-1.787499,-0.089353,1.161791,0.767485
2.926000,0.555863,0.467245,-0.071541,-1.787497,-0.089353,1.161791,0.767485
2.928000,0.555863,0.467202,-0.071692,-1.787495,-0.089353,1.161791,0.767485
2.930000,0.555863,0.467181,-0.071767,-1.787494,-0.089353,1.161791,0.767485
2.932000,0.555863,0.467115,-0.071993,-1.787490,-0.089353,1.161791,0.767485
2.934000,0.555863,0.467071,-0.072143,-1.787487,-0.089353,1.161791,0.767485
2.936000,0.555863,0.467027,-0.072295,-1.787483,-0.089353,1.161791,0.767485
2.938000,0.555863,0.466982,-0.072446,-1.787479,-0.089353,1.161791,0.767485
2.940000,0.555863,0.466937,-0.072597,-1.787475,-0.089353,1.161791,0.767485
2.942000,0.555863,0.466891,-0.072749,-1.787471,-0.089353,1.161791,0.767485
2.944000,0.555863,0.466845,-0.072901,-1.787466,-0.089353,1.161791,0.767485
2.946000,0.555863,0.466799,-0.073054,-1.787460,-0.089353,1.161791,0.767485
2.948000,0.555863,0.466752,-0.073206,-1.787454,-0.089353,1.161791,0.767485
2.950000,0.555863,0.466705,-0.073359,-1.787448,-0.089353,1.161791,0.767485
2.952000,0.555863,0.466657,-0.073512,-1.787441,-0.089353,1.161791,0.767485
2.954000,0.555863,0.466633,-0.073588,-1.787437,-0.089353,1.161791,0.767485
2.956000,0.555863,0.466586,-0.073742,-1.787429,-0.089353,1.161791,0.767485
2.958000,0.555863,0.466537,-0.073895,-1.787421,-0.089353,1.161791,0.767485
2.960000,0.555863,0.466489,-0.074049,-1.787412,-0.089353,1.161791,0.767485
2.962000,0.555863,0.466440,-0.074203,-1.787402,-0.089353,1.161791,0.767485
2.964000,0.555863,0.466392,-0.074358,-1.787392,-0.089353,1.161791,0.767485
2.966000,0.555863,0.466342,-0.074512,-1.787380,-0.089353,1.161791,0.767485
2.968000,0.555863,0.466293,-0.074667,-1.787368,-0.089353,1.161791,0.767485
2.970000,0.555863,0.466244,-0.074822,-1.787356,-0.089353,1.161791,0.767485
2.972000,0.555863,0.466194,-0.074978,-1.787342,-0.089353,1.161791,0.767485
2.974000,0.555863,0.466145,-0.075133,-1.787327,-0.089353,1.161791,0.767485
2.976000,0.555863,0.466095,-0.075289,-1.787312,-0.089353,1.161791,0.767485
2.978000,0.555863,0.466045,-0.075446,-1.787296,-0.089353,1.161791,0.767485
2.980000,0.555863,0.465995,-0.075602,-1.787278,-0.089353,1.161791,0.767485
2.982000,0.555863,0.465945,-0.075759,-1.787260,-0.089353,1.161791,0.767485
2.984000,0.555863,0.465895,-0.075916,-1.787241,-0.089353,1.161791,0.767485
2.986000,0.555863,0.465845,-0.076073,-1.787221,-0.089353,1.161791,0.767485
2.988000,0.555863,0.465794,-0.076231,-1.787199,-0.089353,1.161791,0.767485
2.990000,0.555863,0.465744,-0.076389,-1.787177,-0.089353,1.161791,0.767485
2.992000,0.555863,0.465694,-0.076547,-1.787153,-0.089353,1.161791,0.767485
2.994000,0.555863,0.465644,-0.076705,-1.787129,-0.089353,1.161791,0.767485
2.996000,0.555863,0.465594,-0.076864,-1.787103,-0.089353,1.161791,0.767485
2.998000,0.555863,0.465544,-0.077023,-1.787077,-0.089353,1.161791,0.767485
3.000000,0.555863,0.465494,-0.077182,-1.787049,-0.089353,1.161791,0.767485
3.002000,0.555863,0.465444,-0.077341,-1.787019,-0.089353,1.161791,0.767485
3.004000,0.555863,0.465419,-0.077421,-1.787004,-0.089353,1.161791,0.767485
3.006000,0.555863,0.465369,-0.077581,-1.786974,-0.089353,1.161791,0.767485
3.008000,0.555863,0.465319,-0.077741,-1.786941,-0.089353,1.161791,0.767485
3.010000,0.555863,0.465270,-0.077902,-1.786908,-0.089353,1.161791,0.767485
3.012000,0.555863,0.465220,-0.078063,-1.786873,-0.089353,1.161791,0.767485
3.014000,0.555863,0.465171,-0.078224,-1.786837,-0.089353,1.161791,0.767485
3.016000,0.555863,0.465122,-0.078385,-1.786800,-0.089353,1.161791,0.767485
3.018000,0.555863,0.465073,-0.078547,-1.786762,-0.089353,1.161791,0.767485
3.020000,0.555863,0.465024,-0.078709,-1.786722,-0.089353,1.161791,0.767485
3.022000,0.555863,0.464976,-0.078871,-1.786680,-0.089353,1.161791,0.767485
3.024000,0.555863,0.464927,-0.079034,-1.786638,-0.089353,1.161791,0.767485
3.026000,0.555863,0.464879,-0.079197,-1.786594,-0.089353,1.161791,0.767485
3.028000,0.555863,0.464831,-0.079360,-1.786548,-0.089353,1.161791,0.767485
3.030000,0.555863,0.464784,-0.079523,-1.786502,-0.089353,1.161791,0.767485
3.032000,0.555863,0.464736,-0.079687,-1.786454,-0.089353,1.161791,0.767485
3.034000,0.555863,0.464689,-0.079851,-1.786404,-0.089353,1.161791,0.767485
3.036000,0.555863,0.464642,-0.080015,-1.786353,-0.089353,1.161791,0.767485
3.038000,0.555863,0.464596,-0.080180,-1.786300,-0.089353,1.161791,0.767485
3.040000,0.555863,0.464549,-0.080345,-1.786246,-0.089353,1.161791,0.767485
3.042000,0.555863,0.464504,-0.080510,-1.786191,-0.089353,1.161791,0.767485
3.044000,0.555863,0.464458,-0.080675,-1.786134,-0.089353,1.161791,0.767485
3.046000,0.555863,0.464413,-0.080841,-1.786076,-0.089353,1.161791,0.767485
3.048000,0.555863,0.464368,-0.081007,-1.786016,-0.089353,1.161791,0.767485
3.050000,0.555863,0.464323,-0.081173,-1.785954,-0.089353,1.161791,0.767485
3.052000,0.555863,0.464279,-0.081340,-1.785891,-0.089353,1.161791,0.767485
3.054000,0.555863,0.464235,-0.081507,-1.785827,-0.089353,1.161791,0.767485
3.056000,0.555863,0.464192,-0.081674,-1.785761,-0.089353,1.161791,0.767485
3.058000,0.555863,0.464149,-0.081841,-1.785694,-0.089353,1.161791,0.767485
3.060000,0.555863,0.464106,-0.082009,-1.785625,-0.089353,1.161791,0.767485
3.062000,0.555863,0.464064,-0.082177,-1.785554,-0.089353,1.161791,0.767485
3.064000,0.555863,0.464022,-0.082345,-1.785482,-0.089353,1.161791,0.767485
3.066000,0.555863,0.463981,-0.082514,-1.785408,-0.089353,1.161791,0.767485
3.068000,0.555863,0.463940,-0.082683,-1.785333,-0.089353,1.161791,0.767485
3.070000,0.555863,0.463899,-0.082852,-1.785256,-0.089353,1.161791,0.767485
3.072000,0.555863,0.463859,-0.083021,-1.785178,-0.089353,1.161791,0.767485
3.074000,0.555863,0.463820,-0.083191,-1.785098,-0.089353,1.161791,0.767485
3.076000,0.555863,0.463781,-0.083361,-1.785016,-0.089353,1.161791,0.767485
3.078000,0.555863,0.463742,-0.083531,-1.784933,-0.089353,1.161791,0.767485
3.080000,0.555863,0.463723,-0.083617,-1.784891,-0.089353,1.161791,0.767485
3.082000,0.555863,0.463685,-0.083787,-1.784805,-0.089353,1.161791,0.767485
3.084000,0.555863,0.463648,-0.083958,-1.784718,-0.089353,1.161791,0.767485
3.086000,0.555863,0.463611,-0.084129,-1.784630,-0.089353,1.161791,0.767485
3.088000,0.555863,0.463575,-0.084301,-1.784539,-0.089353,1.161791,0.767485
3.090000,0.555863,0.463539,-0.084473,-1.784447,-0.089353,1.161791,0.767485
3.092000,0.555863,0.463504,-0.084645,-1.784353,-0.089353,1.161791,0.767485
3.094000,0.555863,0.463469,-0.084817,-1.784258,-0.089353,1.161791,0.767485
3.096000,0.555863,0.463435,-0.084990,-1.784160,-0.089353,1.161791,0.767485
3.098000,0.555863,0.463402,-0.085163,-1.784061,-0.089353,1.161791,0.767485
3.100000,0.555863,0.463370,-0.085336,-1.783960,-0.089353,1.161791,0.767485
3.102000,0.555863,0.463338,-0.085510,-1.783858,-0.089353,1.161791,0.767485
3.104000,0.555863,0.463306,-0.085684,-1.783753,-0.089353,1.161791,0.767485
3.106000,0.555863,0.463276,-0.085858,-1.783646,-0.089353,1.161791,0.767485
3.108000,0.555863,0.463246,-0.086032,-1.783538,-0.089353,1.161791,0.767485
3.110000,0.555863,0.463217,-0.086207,-1.783427,-0.089353,1.161791,0.767485
3.112000,0.555863,0.463189,-0.086382,-1.783314,-0.089353,1.161791,0.767485
3.114000,0.555863,0.463162,-0.086558,-1.783200,-0.089353,1.161791,0.767485
3.116000,0.555863,0.463135,-0.086733,-1.783083,-0.089353,1.161791,0.767485
3.118000,0.555863,0.463109,-0.086909,-1.782964,-0.089353,1.161791,0.767485
3.120000,0.555863,0.463084,-0.087086,-1.782843,-0.089353,1.161791,0.767485
3.122000,0.555863,0.463060,-0.087262,-1.782720,-0.089353,1.161791,0.767485
3.124000,0.555863,0.463037,-0.087439,-1.782595,-0.089353,1.161791,0.767485
3.126000,0.555863,0.463015,-0.087617,-1.782468,-0.089353,1.161791,0.767485
3.128000,0.555863,0.462994,-0.087794,-1.782338,-0.089353,1.161791,0.767485
3.130000,0.555863,0.462984,-0.087883,-1.782273,-0.089353,1.161791,0.767485
3.132000,0.555863,0.462954,-0.088150,-1.782072,-0.089353,1.161791,0.767485
3.134000,0.555863,0.462945,-0.088239,-1.782005,-0.089353,1.161791,0.767485
3.136000,0.555863,0.462927,-0.088418,-1.781867,-0.089353,1.161791,0.767485
3.138000,0.555863,0.462910,-0.088597,-1.781727,-0.089353,1.161791,0.767485
3.140000,0.555863,0.462894,-0.088777,-1.781585,-0.089353,1.161791,0.767485
3.142000,0.555863,0.462880,-0.088956,-1.781441,-0.089353,1.161791,0.767485
3.144000,0.555863,0.462866,-0.089136,-1.781294,-0.089353,1.161791,0.767485
3.146000,0.555863,0.462853,-0.089317,-1.781145,-0.089353,1.161791,0.767485
3.148000,0.555863,0.462842,-0.089497,-1.780994,-0.089353,1.161791,0.767485
3.150000,0.555863,0.462831,-0.089678,-1.780840,-0.089353,1.161791,0.767485
3.152000,0.555863,0.462822,-0.089859,-1.780683,-0.089353,1.161791,0.767485
3.154000,0.555863,0.462814,-0.090041,-1.780525,-0.089353,1.161791,0.767485
3.156000,0.555863,0.462807,-0.090223,-1.780363,-0.089353,1.161791,0.767485
3.158000,0.555863,0.462801,-0.090405,-1.780200,-0.089353,1.161791,0.767485
3.160000,0.555863,0.462796,-0.090588,-1.780034,-0.089353,1.161791,0.767485
3.162000,0.555863,0.462792,-0.090771,-1.779865,-0.089353,1.161791,0.767485
3.164000,0.555863,0.462790,-0.090954,-1.779694,-0.089353,1.161791,0.767485
3.166000,0.555863,0.462789,-0.091138,-1.779520,-0.089353,1.161791,0.767485
3.168000,0.555863,0.462789,-0.091322,-1.779344,-0.089353,1.161791,0.767485
3.170000,0.555863,0.462789,-0.091506,-1.779167,-0.089353,1.161791,0.767485
3.172000,0.555863,0.462789,-0.091691,-1.778989,-0.089353,1.161791,0.767485
3.174000,0.555863,0.462789,-0.091875,-1.778810,-0.089353,1.161791,0.767485
3.176000,0.555863,0.462789,-0.092060,-1.778629,-0.089353,1.161791,0.767485
3.178000,0.555863,0.462789,-0.092246,-1.778448,-0.089353,1.161791,0.767485
3.180000,0.555863,0.462789,-0.092431,-1.778265,-0.089353,1.161791,0.767485
3.182000,0.555863,0.462789,-0.092617,-1.778082,-0.089353,1.161792,0.767485
3.184000,0.555863,0.462789,-0.092803,-1.777897,-0.089353,1.161793,0.767485
3.186000,0.555863,0.462789,-0.092990,-1.777711,-0.089353,1.161795,0.767485
3.188000,0.555863,0.462789,-0.093177,-1.777524,-0.089353,1.161798,0.767485
3.190000,0.555863,0.462789,-0.093364,-1.777337,-0.089353,1.161803,0.767485
3.192000,0.555863,0.462789,-0.093551,-1.777148,-0.089353,1.161810,0.767485
3.194000,0.555863,0.462789,-0.093738,-1.776959,-0.089353,1.161819,0.767485
3.196000,0.555863,0.462789,-0.093926,-1.776768,-0.089353,1.161831,0.767485
3.198000,0.555863,0.462789,-0.094115,-1.776577,-0.089353,1.161845,0.767485
3.200000,0.555863,0.462789,-0.094209,-1.776481,-0.089353,1.161853,0.767485
3.202000,0.555863,0.462789,-0.094397,-1.776289,-0.089353,1.161871,0.767485
3.204000,0.555863,0.462789,-0.094586,-1.776095,-0.089353,1.161893,0.767485
3.206000,0.555863,0.462789,-0.094775,-1.775901,-0.089353,1.161918,0.767485
3.208000,0.555863,0.462789,-0.094965,-1.775707,-0.089353,1.161947,0.767485
3.210000,0.555863,0.462789,-0.095155,-1.775511,-0.089353,1.161979,0.767485
3.212000,0.555863,0.462789,-0.095345,-1.775315,-0.089353,1.162016,0.767485
3.214000,0.555863,0.462789,-0.095535,-1.775118,-0.089353,1.162056,0.767485
3.216000,0.555863,0.462789,-0.095726,-1.774921,-0.089353,1.162101,0.767485
3.218000,0.555863,0.462789,-0.095917,-1.774723,-0.089353,1.162150,0.767485
3.220000,0.555863,0.462789,-0.096108,-1.774524,-0.089353,1.162204,0.767485
3.222000,0.555863,0.462789,-0.096300,-1.774325,-0.089353,1.162262,0.767485
3.224000,0.555863,0.462789,-0.096491,-1.774125,-0.089353,1.162324,0.767485
3.226000,0.555863,0.462789,-0.096684,-1.773925,-0.089353,1.162392,0.767485
3.228000,0.555863,0.462789,-0.096876,-1.773724,-0.089353,1.162464,0.767485
3.230000,0.555863,0.462789,-0.096972,-1.773624,-0.089353,1.162502,0.767485
3.232000,0.555863,0.462789,-0.097262,-1.773322,-0.089353,1.162625,0.767485
3.234000,0.555863,0.462789,-0.097455,-1.773120,-0.089353,1.162715,0.767485
3.236000,0.555863,0.462789,-0.097648,-1.772917,-0.089353,1.162811,0.767485
3.238000,0.555863,0.462789,-0.097842,-1.772714,-0.089353,1.162913,0.767485
3.240000,0.555863,0.462789,-0.098037,-1.772511,-0.089353,1.163021,0.767485
3.242000,0.555863,0.462789,-0.098231,-1.772307,-0.089353,1.163137,0.767485
3.244000,0.555863,0.462789,-0.098426,-1.772103,-0.089353,1.163259,0.767485
3.246000,0.555863,0.462789,-0.098523,-1.772001,-0.089353,1.163323,0.767485
3.248000,0.555863,0.462789,-0.098719,-1.771797,-0.089353,1.163456,0.767485
3.250000,0.555863,0.462789,-0.098914,-1.771592,-0.089353,1.163597,0.767485
3.252000,0.555863,0.462789,-0.099110,-1.771387,-0.089353,1.163745,0.767485
3.254000,0.555863,0.462789,-0.099306,-1.771181,-0.089353,1.163901,0.767485
3.256000,0.555863,0.462789,-0.099503,-1.770976,-0.089353,1.164065,0.767485
3.258000,0.555863,0.462789,-0.099700,-1.770770,-0.089353,1.164237,0.767485
3.260000,0.555863,0.462789,-0.099897,-1.770563,-0.089353,1.164418,0.767485
3.262000,0.555863,0.462789,-0.100094,-1.770357,-0.089353,1.164606,0.767485
3.264000,0.555863,0.462789,-0.100292,-1.770150,-0.089353,1.164803,0.767485
3.266000,0.555863,0.462789,-0.100490,-1.769943,-0.089353,1.165007,0.767485
3.268000,0.555863,0.462789,-0.100689,-1.769736,-0.089353,1.165220,0.767485
3.270000,0.555863,0.462789,-0.100887,-1.769528,-0.089353,1.165441,0.767485
3.272000,0.555863,0.462789,-0.101086,-1.769321,-0.089353,1.165670,0.767485
3.274000,0.555863,0.462789,-0.101286,-1.769113,-0.089353,1.165908,0.767485
3.276000,0.555863,0.462789,-0.101485,-1.768905,-0.089353,1.166153,0.767485
3.278000,0.555863,0.462789,-0.101685,-1.768697,-0.089353,1.166407,0.767485
3.280000,0.555863,0.462789,-0.101886,-1.768488,-0.089353,1.166669,0.767485
3.282000,0.555863,0.462789,-0.102086,-1.768280,-0.089353,1.166939,0.767485
3.284000,0.555863,0.462789,-0.102287,-1.768071,-0.089353,1.167217,0.767485
3.286000,0.555863,0.462789,-0.102488,-1.767862,-0.089353,1.167503,0.767485
3.288000,0.555863,0.462789,-0.102690,-1.767653,-0.089353,1.167796,0.767485
3.290000,0.555863,0.462789,-0.102892,-1.767444,-0.089353,1.168098,0.767485
3.292000,0.555863,0.462789,-0.103094,-1.767234,-0.089353,1.168408,0.767485
3.294000,0.555863,0.462789,-0.103296,-1.767025,-0.089353,1.168725,0.767485
3.296000,0.555863,0.462789,-0.103499,-1.766815,-0.089353,1.169050,0.767485
3.298000,0.555863,0.462789,-0.103702,-1.766605,-0.089353,1.169382,0.767485
3.300000,0.555863,0.462789,-0.103905,-1.766395,-0.089353,1.169723,0.767485
3.302000,0.555863,0.462789,-0.104109,-1.766185,-0.089353,1.170070,0.767485
3.304000,0.555863,0.462789,-0.104313,-1.765975,-0.089353,1.170425,0.767485
3.306000,0.555863,0.462789,-0.104517,-1.765764,-0.089353,1.170787,0.767485
3.308000,0.555863,0.462789,-0.104721,-1.765554,-0.089353,1.171157,0.767485
3.310000,0.555863,0.462789,-0.104926,-1.765343,-0.089353,1.171534,0.767485
3.312000,0.555863,0.462789,-0.105131,-1.765132,-0.089353,1.171917,0.767485
3.314000,0.555863,0.462789,-0.105336,-1.764922,-0.089353,1.172308,0.767485
3.316000,0.555863,0.462789,-0.105439,-1.764816,-0.089353,1.172506,0.767485
3.318000,0.555863,0.462789,-0.105645,-1.764605,-0.089353,1.172907,0.767485
3.320000,0.555863,0.462789,-0.105851,-1.764394,-0.089353,1.173315,0.767485
3.322000,0.555863,0.462789,-0.106057,-1.764182,-0.089353,1.173730,0.767485
3.324000,0.555863,0.462789,-0.106263,-1.763971,-0.089353,1.174152,0.767485
3.326000,0.555863,0.462789,-0.106470,-1.763759,-0.089353,1.174581,0.767485
3.328000,0.555863,0.462789,-0.106677,-1.763548,-0.089353,1.175017,0.767485
3.330000,0.555863,0.462789,-0.106884,-1.763336,-0.089353,1.175459,0.767485
3.332000,0.555863,0.462789,-0.107092,-1.763124,-0.089353,1.175908,0.767485
3.334000,0.555863,0.462789,-0.107300,-1.762911,-0.089353,1.176363,0.767485
3.336000,0.555863,0.462789,-0.107508,-1.762699,-0.089353,1.176824,0.767485
3.338000,0.555863,0.462789,-0.107717,-1.762487,-0.089353,1.177291,0.767485
3.340000,0.555863,0.462789,-0.107925,-1.762274,-0.089353,1.177765,0.767485
3.342000,0.555863,0.462789,-0.108134,-1.762062,-0.089353,1.178244,0.767485
3.344000,0.555863,0.462789,-0.108344,-1.761849,-0.089353,1.178729,0.767485
3.346000,0.555863,0.462789,-0.108553,-1.761636,-0.089353,1.179219,0.767485
3.348000,0.555863,0.462789,-0.108658,-1.761529,-0.089353,1.179467,0.767485
3.350000,0.555863,0.462789,-0.108973,-1.761209,-0.089353,1.180217,0.767485
3.352000,0.555863,0.462789,-0.109078,-1.761103,-0.089353,1.180470,0.767485
3.354000,0.555863,0.462789,-0.109288,-1.760889,-0.089353,1.180980,0.767485
3.356000,0.555863,0.462789,-0.109499,-1.760675,-0.089353,1.181495,0.767485
3.358000,0.555863,0.462789,-0.109710,-1.760461,-0.089353,1.182016,0.767485
3.360000,0.555863,0.462789,-0.109921,-1.760247,-0.089353,1.182542,0.767485
3.362000,0.555863,0.462789,-0.110132,-1.760033,-0.089353,1.183074,0.767485
3.364000,0.555863,0.462789,-0.110344,-1.759819,-0.089353,1.183610,0.767485
3.366000,0.555863,0.462789,-0.110556,-1.759604,-0.089353,1.184152,0.767485
3.368000,0.555863,0.462789,-0.110768,-1.759390,-0.089353,1.184698,0.767485
3.370000,0.555863,0.462789,-0.110981,-1.759175,-0.089353,1.185250,0.767485
3.372000,0.555863,0.462789,-0.111193,-1.758959,-0.089353,1.185807,0.767485
3.374000,0.555863,0.462789,-0.111406,-1.758744,-0.089353,1.186370,0.767485
3.376000,0.555863,0.462789,-0.111620,-1.758528,-0.089353,1.186938,0.767485
3.378000,0.555863,0.462789,-0.111833,-1.758313,-0.089353,1.187512,0.767485
3.380000,0.555863,0.462789,-0.112047,-1.758096,-0.089353,1.188093,0.767485
3.382000,0.555863,0.462789,-0.112261,-1.757880,-0.089353,1.188679,0.767485
3.384000,0.555863,0.462789,-0.112476,-1.757663,-0.089353,1.189271,0.767485
3.386000,0.555863,0.462789,-0.112690,-1.757446,-0.089353,1.189870,0.767485
3.388000,0.555863,0.462789,-0.112905,-1.757229,-0.089353,1.190474,0.767485
3.390000,0.555863,0.462789,-0.113120,-1.757011,-0.089353,1.191085,0.767485
3.392000,0.555863,0.462789,-0.113336,-1.756793,-0.089353,1.191703,0.767485
3.394000,0.555863,0.462789,-0.113552,-1.756575,-0.089353,1.192326,0.767485
3.396000,0.555863,0.462789,-0.113768,-1.756356,-0.089353,1.192956,0.767485
3.398000,0.555863,0.462789,-0.113985,-1.756137,-0.089353,1.193592,0.767485
3.400000,0.555863,0.462789,-0.114201,-1.755917,-0.089353,1.194235,0.767485
3.402000,0.555863,0.462789,-0.114310,-1.755807,-0.089353,1.194559,0.767485
3.404000,0.555863,0.462789,-0.114527,-1.755587,-0.089353,1.195211,0.767485
3.406000,0.555863,0.462789,-0.114853,-1.755256,-0.089353,1.196201,0.767485
3.408000,0.555863,0.462789,-0.114962,-1.755145,-0.089353,1.196535,0.767485
3.410000,0.555863,0.462789,-0.115181,-1.754923,-0.089353,1.197207,0.767485
3.412000,0.555863,0.462789,-0.115399,-1.754701,-0.089353,1.197885,0.767485
3.414000,0.555863,0.462789,-0.115618,-1.754479,-0.089353,1.198570,0.767485
3.416000,0.555863,0.462789,-0.115837,-1.754255,-0.089353,1.199262,0.767485
3.418000,0.555863,0.462789,-0.116056,-1.754032,-0.089353,1.199960,0.767485
3.420000,0.555863,0.462789,-0.116276,-1.753807,-0.089353,1.200665,0.767485
3.422000,0.555863,0.462789,-0.116496,-1.753582,-0.089353,1.201376,0.767485
3.424000,0.555863,0.462789,-0.116717,-1.753357,-0.089353,1.202093,0.767485
3.426000,0.555863,0.462789,-0.116937,-1.753131,-0.089353,1.202817,0.767485
3.428000,0.555863,0.462789,-0.117159,-1.752904,-0.089353,1.203546,0.767485
3.430000,0.555863,0.462789,-0.117269,-1.752791,-0.089353,1.203913,0.767485
3.432000,0.555863,0.462789,-0.117602,-1.752449,-0.089353,1.205023,0.767485
3.434000,0.555863,0.462789,-0.117824,-1.752220,-0.089353,1.205770,0.767485
3.436000,0.555863,0.462789,-0.118046,-1.751991,-0.089353,1.206524,0.767485
3.438000,0.555863,0.462789,-0.118269,-1.751760,-0.089353,1.207282,0.767485
3.440000,0.555863,0.462789,-0.118492,-1.751530,-0.089353,1.208046,0.767485
3.442000,0.555863,0.462789,-0.118715,-1.751298,-0.089353,1.208816,0.767485
3.444000,0.555863,0.462789,-0.118939,-1.751065,-0.089353,1.209590,0.767485
3.446000,0.555863,0.462789,-0.119163,-1.750832,-0.089353,1.210370,0.767485
3.448000,0.555863,0.462789,-0.119387,-1.750598,-0.089353,1.211155,0.767485
3.450000,0.555863,0.462789,-0.119612,-1.750363,-0.089353,1.211945,0.767485
3.452000,0.555863,0.462789,-0.119837,-1.750128,-0.089353,1.212739,0.767485
3.454000,0.555863,0.462789,-0.120062,-1.749891,-0.089353,1.213539,0.767485
3.456000,0.555863,0.462789,-0.120288,-1.749654,-0.089353,1.214343,0.767485
3.458000,0.555863,0.462789,-0.120514,-1.749415,-0.089353,1.215151,0.767485
3.460000,0.555863,0.462789,-0.120627,-1.749296,-0.089353,1.215557,0.767485
3.462000,0.555863,0.462789,-0.120966,-1.748936,-0.089353,1.216782,0.767485
3.464000,0.555863,0.462789,-0.121193,-1.748695,-0.089353,1.217604,0.767485
3.466000,0.555863,0.462789,-0.121307,-1.748574,-0.089353,1.218017,0.767485
3.468000,0.555863,0.462789,-0.121534,-1.748332,-0.089353,1.218845,0.767485
3.470000,0.555863,0.462789,-0.121762,-1.748088,-0.089353,1.219678,0.767485
3.472000,0.555863,0.462789,-0.121990,-1.747844,-0.089353,1.220515,0.767485
3.474000,0.555863,0.462789,-0.122218,-1.747599,-0.089353,1.221357,0.767485
3.476000,0.555863,0.462789,-0.122447,-1.747352,-0.089353,1.222203,0.767485
3.478000,0.555863,0.462789,-0.122676,-1.747105,-0.089353,1.223054,0.767485
3.480000,0.555863,0.462789,-0.122905,-1.746856,-0.089353,1.223908,0.767485
3.482000,0.555863,0.462789,-0.123135,-1.746607,-0.089353,1.224766,0.767485
3.484000,0.555863,0.462789,-0.123365,-1.746356,-0.089353,1.225628,0.767485
3.486000,0.555863,0.462789,-0.123595,-1.746105,-0.089353,1.226493,0.767485
3.488000,0.555863,0.462789,-0.123826,-1.745852,-0.089353,1.227362,0.767485
3.490000,0.555863,0.462789,-0.124057,-1.745598,-0.089353,1.228235,0.767485
3.492000,0.555863,0.462789,-0.124288,-1.745343,-0.089353,1.229110,0.767485
3.494000,0.555863,0.462789,-0.124519,-1.745087,-0.089353,1.229989,0.767485
3.496000,0.555863,0.462789,-0.124751,-1.744830,-0.089353,1.230872,0.767485
3.498000,0.555863,0.462789,-0.124984,-1.744571,-0.089353,1.231757,0.767485
3.500000,0.555863,0.462789,-0.125216,-1.744312,-0.089353,1.232645,0.767485
3.502000,0.555863,0.462789,-0.125449,-1.744051,-0.089353,1.233536,0.767485
3.504000,0.555863,0.462789,-0.125682,-1.743789,-0.089353,1.234430,0.767485
3.506000,0.555863,0.462789,-0.125915,-1.743526,-0.089353,1.235326,0.767485
3.508000,0.555863,0.462789,-0.126149,-1.743262,-0.089353,1.236226,0.767485
3.510000,0.555863,0.462789,-0.126383,-1.742996,-0.089353,1.237128,0.767485
3.512000,0.555863,0.462789,-0.126618,-1.742729,-0.089353,1.238033,0.767485
3.514000,0.555863,0.462789,-0.126852,-1.742461,-0.089353,1.238942,0.767485
3.516000,0.555863,0.462789,-0.127088,-1.742191,-0.089353,1.239855,0.767485
3.518000,0.555863,0.462789,-0.127323,-1.741920,-0.089353,1.240770,0.767485
3.520000,0.555863,0.462789,-0.127441,-1.741785,-0.089353,1.241230,0.767485
3.522000,0.555863,0.462789,-0.127677,-1.741512,-0.089353,1.242151,0.767485
3.524000,0.555863,0.462789,-0.128031,-1.741100,-0.089353,1.243541,0.767485
3.526000,0.555863,0.462789,-0.128150,-1.740962,-0.089353,1.244007,0.767485
3.528000,0.555863,0.462789,-0.128387,-1.740685,-0.089353,1.244941,0.767485
3.530000,0.555863,0.462789,-0.128624,-1.740407,-0.089353,1.245880,0.767485
3.532000,0.555863,0.462789,-0.128862,-1.740127,-0.089353,1.246823,0.767485
3.534000,0.555863,0.462789,-0.129100,-1.739846,-0.089354,1.247771,0.767485
3.536000,0.555863,0.462789,-0.129338,-1.739563,-0.089354,1.248724,0.767485
3.538000,0.555863,0.462789,-0.129577,-1.739279,-0.089355,1.249681,0.767485
3.540000,0.555863,0.462789,-0.129816,-1.738993,-0.089356,1.250643,0.767485
3.542000,0.555863,0.462789,-0.130055,-1.738706,-0.089358,1.251609,0.767485
3.544000,0.555863,0.462789,-0.130295,-1.738417,-0.089360,1.252580,0.767485
3.546000,0.555863,0.462789,-0.130535,-1.738127,-0.089362,1.253555,0.767485
3.548000,0.555863,0.462789,-0.130776,-1.737835,-0.089364,1.254535,0.767485
3.550000,0.555863,0.462789,-0.131017,-1.737542,-0.089367,1.255519,0.767485
3.552000,0.555863,0.462789,-0.131258,-1.737246,-0.089370,1.256507,0.767485
3.554000,0.555863,0.462789,-0.131500,-1.736950,-0.089373,1.257500,0.767485
3.556000,0.555863,0.462789,-0.131742,-1.736651,-0.089377,1.258497,0.767485
3.558000,0.555863,0.462789,-0.131984,-1.736351,-0.089381,1.259498,0.767485
3.560000,0.555863,0.462789,-0.132226,-1.736049,-0.089385,1.260503,0.767485
3.562000,0.555863,0.462789,-0.132469,-1.735746,-0.089390,1.261512,0.767485
3.564000,0.555863,0.462789,-0.132591,-1.735593,-0.089392,1.262018,0.767485
3.566000,0.555863,0.462789,-0.132956,-1.735133,-0.089399,1.263542,0.767485
3.568000,0.555863,0.462790,-0.133200,-1.734824,-0.089405,1.264564,0.767485
3.570000,0.555863,0.462790,-0.133445,-1.734514,-0.089411,1.265589,0.767485
3.572000,0.555863,0.462790,-0.133689,-1.734201,-0.089417,1.266618,0.767485
3.574000,0.555863,0.462791,-0.133812,-1.734044,-0.089420,1.267134,0.767485
3.576000,0.555863,0.462791,-0.134057,-1.733729,-0.089427,1.268168,0.767485
3.578000,0.555863,0.462791,-0.134302,-1.733412,-0.089433,1.269206,0.767485
3.580000,0.555863,0.462792,-0.134548,-1.733093,-0.089441,1.270248,0.767485
3.582000,0.555863,0.462793,-0.134795,-1.732772,-0.089448,1.271295,0.767485
3.584000,0.555863,0.462793,-0.135041,-1.732449,-0.089457,1.272345,0.767485
3.586000,0.555863,0.462794,-0.135288,-1.732124,-0.089465,1.273400,0.767485
3.588000,0.555863,0.462795,-0.135535,-1.731798,-0.089474,1.274458,0.767485
3.590000,0.555863,0.462795,-0.135783,-1.731469,-0.089483,1.275519,0.767485
3.592000,0.555863,0.462796,-0.136031,-1.731138,-0.089492,1.276584,0.767485
3.594000,0.555863,0.462797,-0.136279,-1.730806,-0.089502,1.277652,0.767485
3.596000,0.555863,0.462798,-0.136527,-1.730471,-0.089512,1.278724,0.767485
3.598000,0.555863,0.462800,-0.136776,-1.730135,-0.089522,1.279799,0.767485
3.600000,0.555863,0.462801,-0.137026,-1.729796,-0.089532,1.280877,0.767485
3.602000,0.555863,0.462802,-0.137275,-1.729455,-0.089542,1.281958,0.767485
3.604000,0.555863,0.462804,-0.137525,-1.729113,-0.089552,1.283041,0.767485
3.606000,0.555863,0.462805,-0.137776,-1.728768,-0.089562,1.284128,0.767485
3.608000,0.555863,0.462807,-0.138026,-1.728421,-0.089572,1.285217,0.767485
3.610000,0.555863,0.462808,-0.138277,-1.728072,-0.089583,1.286309,0.767485
3.612000,0.555863,0.462810,-0.138528,-1.727721,-0.089593,1.287403,0.767485
3.614000,0.555863,0.462812,-0.138780,-1.727368,-0.089603,1.288500,0.767485
3.616000,0.555863,0.462814,-0.139032,-1.727013,-0.089613,1.289600,0.767485
3.618000,0.555863,0.462816,-0.139285,-1.726655,-0.089622,1.290701,0.767485
3.620000,0.555863,0.462818,-0.139537,-1.726296,-0.089632,1.291805,0.767485
3.622000,0.555863,0.462821,-0.139790,-1.725935,-0.089641,1.292912,0.767485
3.624000,0.555863,0.462823,-0.140044,-1.725571,-0.089650,1.294020,0.767485
3.626000,0.555863,0.462825,-0.140298,-1.725205,-0.089659,1.295131,0.767485
3.628000,0.555863,0.462828,-0.140552,-1.724837,-0.089668,1.296243,0.767485
3.630000,0.555863,0.462831,-0.140806,-1.724467,-0.089676,1.297358,0.767485
3.632000,0.555863,0.462834,-0.141061,-1.724095,-0.089685,1.298474,0.767485
3.634000,0.555863,0.462836,-0.141316,-1.723720,-0.089692,1.299592,0.767485
3.636000,0.555863,0.462840,-0.141572,-1.723344,-0.089700,1.300713,0.767485
3.638000,0.555863,0.462841,-0.141700,-1.723155,-0.089703,1.301273,0.767485
3.640000,0.555863,0.462844,-0.141956,-1.722775,-0.089710,1.302396,0.767485
3.642000,0.555863,0.462848,-0.142213,-1.722393,-0.089717,1.303521,0.767485
3.644000,0.555863,0.462851,-0.142469,-1.722009,-0.089724,1.304649,0.767485
3.646000,0.555863,0.462855,-0.142727,-1.721623,-0.089730,1.305779,0.767485
3.648000,0.555863,0.462858,-0.142984,-1.721235,-0.089736,1.306912,0.767485
3.650000,0.555863,0.462862,-0.143242,-1.720845,-0.089742,1.308046,0.767485
3.652000,0.555863,0.462866,-0.143500,-1.720452,-0.089748,1.309183,0.767485
3.654000,0.555863,0.462870,-0.143759,-1.720057,-0.089754,1.310323,0.767485
3.656000,0.555863,0.462874,-0.144018,-1.719661,-0.089760,1.311465,0.767485
3.658000,0.555863,0.462878,-0.144277,-1.719262,-0.089765,1.312609,0.767485
3.660000,0.555863,0.462882,-0.144537,-1.718861,-0.089771,1.313755,0.767485
3.662000,0.555863,0.462887,-0.144797,-1.718457,-0.089776,1.314904,0.767485
3.664000,0.555863,0.462889,-0.144928,-1.718255,-0.089778,1.315479,0.767485
3.666000,0.555863,0.462896,-0.145319,-1.717644,-0.089786,1.317208,0.767485
3.668000,0.555863,0.462901,-0.145580,-1.717234,-0.089791,1.318364,0.767485
3.670000,0.555863,0.462905,-0.145842,-1.716822,-0.089795,1.319523,0.767485
3.672000,0.555863,0.462910,-0.146104,-1.716408,-0.089800,1.320683,0.767485
3.674000,0.555863,0.462916,-0.146366,-1.715992,-0.089804,1.321846,0.767485
3.676000,0.555863,0.462921,-0.146629,-1.715574,-0.089808,1.323011,0.767485
3.678000,0.555863,0.462926,-0.146892,-1.715153,-0.089812,1.324178,0.767485
3.680000,0.555863,0.462931,-0.147155,-1.714730,-0.089815,1.325347,0.767485
3.682000,0.555863,0.462937,-0.147419,-1.714305,-0.089818,1.326518,0.767485
3.684000,0.555863,0.462943,-0.147683,-1.713878,-0.089821,1.327692,0.767485
3.686000,0.555863,0.462948,-0.147948,-1.713449,-0.089823,1.328867,0.767485
3.688000,0.555863,0.462954,-0.148213,-1.713017,-0.089826,1.330045,0.767485
3.690000,0.555863,0.462960,-0.148478,-1.712584,-0.089828,1.331225,0.767485
3.692000,0.555863,0.462966,-0.148744,-1.712148,-0.089829,1.332406,0.767485
3.694000,0.555863,0.462973,-0.149010,-1.711710,-0.089830,1.333590,0.767485
3.696000,0.555863,0.462979,-0.149277,-1.711270,-0.089831,1.334776,0.767485
3.698000,0.555863,0.462982,-0.149410,-1.711049,-0.089831,1.335369,0.767485
3.700000,0.555863,0.462989,-0.149677,-1.710606,-0.089831,1.336558,0.767485
3.702000,0.555863,0.462995,-0.149945,-1.710161,-0.089831,1.337749,0.767485
3.704000,0.555863,0.463002,-0.150213,-1.709713,-0.089831,1.338943,0.767485
3.706000,0.555863,0.463009,-0.150481,-1.709264,-0.089831,1.340140,0.767485
3.708000,0.555863,0.463016,-0.150750,-1.708812,-0.089831,1.341339,0.767485
3.710000,0.555863,0.463023,-0.151019,-1.708359,-0.089831,1.342541,0.767485
3.712000,0.555863,0.463030,-0.151288,-1.707903,-0.089831,1.343746,0.767485
3.714000,0.555863,0.463038,-0.151558,-1.707445,-0.089831,1.344953,0.767485
3.716000,0.555863,0.463045,-0.151828,-1.706985,-0.089831,1.346162,0.767485
3.718000,0.555863,0.463052,-0.152099,-1.706523,-0.089831,1.347373,0.767485
3.720000,0.555863,0.463060,-0.152370,-1.706059,-0.089831,1.348587,0.767485
3.722000,0.555863,0.463068,-0.152641,-1.705593,-0.089831,1.349803,0.767485
3.724000,0.555863,0.463075,-0.152913,-1.705125,-0.089831,1.351021,0.767485
3.726000,0.555863,0.463083,-0.153185,-1.704655,-0.089831,1.352241,0.767485
3.728000,0.555863,0.463091,-0.153457,-1.704183,-0.089831,1.353462,0.767485
3.730000,0.555863,0.463099,-0.153729,-1.703709,-0.089831,1.354686,0.767485
3.732000,0.555863,0.463107,-0.154002,-1.703234,-0.089831,1.355912,0.767485
3.734000,0.555863,0.463116,-0.154276,-1.702756,-0.089831,1.357140,0.767485
3.736000,0.555863,0.463124,-0.154549,-1.702276,-0.089831,1.358369,0.767485
3.738000,0.555863,0.463132,-0.154823,-1.701794,-0.089831,1.359601,0.767485
3.740000,0.555863,0.463141,-0.155098,-1.701311,-0.089831,1.360834,0.767485
3.742000,0.555863,0.463150,-0.155372,-1.700825,-0.089831,1.362068,0.767485
3.744000,0.555863,0.463158,-0.155647,-1.700338,-0.089831,1.363305,0.767485
3.746000,0.555863,0.463167,-0.155923,-1.699849,-0.089831,1.364543,0.767485
3.748000,0.555863,0.463176,-0.156198,-1.699358,-0.089831,1.365783,0.767485
3.750000,0.555863,0.463185,-0.156474,-1.698865,-0.089831,1.367025,0.767485
3.752000,0.555863,0.463194,-0.156750,-1.698371,-0.089831,1.368268,0.767485
3.754000,0.555863,0.463203,-0.157027,-1.697874,-0.089831,1.369513,0.767485
3.756000,0.555863,0.463207,-0.157165,-1.697626,-0.089831,1.370136,0.767485
3.758000,0.555863,0.463216,-0.157442,-1.697127,-0.089831,1.371383,0.767485
3.760000,0.555863,0.463226,-0.157720,-1.696626,-0.089831,1.372632,0.767485
3.762000,0.555863,0.463239,-0.158136,-1.695872,-0.089831,1.374511,0.767485
3.764000,0.555863,0.463239,-0.158136,-1.695872,-0.089831,1.374511,0.767485
3.766000,0.555863,0.463253,-0.158554,-1.695114,-0.089831,1.376395,0.767485
3.768000,0.555863,0.463263,-0.158832,-1.694607,-0.089831,1.377654,0.767485
3.770000,0.555863,0.463272,-0.159111,-1.694099,-0.089831,1.378915,0.767485
3.772000,0.555863,0.463282,-0.159390,-1.693588,-0.089831,1.380179,0.767485
3.774000,0.555863,0.463291,-0.159670,-1.693076,-0.089831,1.381445,0.767485
3.776000,0.555863,0.463301,-0.159949,-1.692563,-0.089831,1.382712,0.767485
3.778000,0.555863,0.463311,-0.160230,-1.692048,-0.089831,1.383982,0.767485
3.780000,0.555863,0.463320,-0.160510,-1.691532,-0.089831,1.385254,0.767485
3.782000,0.555863,0.463330,-0.160791,-1.691014,-0.089831,1.386528,0.767485
3.784000,0.555863,0.463340,-0.161071,-1.690495,-0.089831,1.387803,0.767485
3.786000,0.555863,0.463349,-0.161353,-1.689975,-0.089831,1.389080,0.767485
3.788000,0.555863,0.463359,-0.161634,-1.689453,-0.089831,1.390359,0.767485
3.790000,0.555863,0.463369,-0.161916,-1.688929,-0.089831,1.391640,0.767485
3.792000,0.555863,0.463379,-0.162198,-1.688405,-0.089831,1.392922,0.767485
3.794000,0.555863,0.463389,-0.162480,-1.687879,-0.089831,1.394205,0.767485
3.796000,0.555863,0.463399,-0.162762,-1.687352,-0.089831,1.395488,0.767485
3.798000,0.555863,0.463408,-0.163045,-1.686823,-0.089831,1.396773,0.767485
3.800000,0.555863,0.463418,-0.163328,-1.686294,-0.089831,1.398058,0.767485
3.802000,0.555863,0.463428,-0.163611,-1.685763,-0.089831,1.399344,0.767485
3.804000,0.555863,0.463438,-0.163894,-1.685231,-0.089831,1.400630,0.767485
3.806000,0.555863,0.463448,-0.164178,-1.684697,-0.089831,1.401916,0.767485
3.808000,0.555863,0.463458,-0.164462,-1.684163,-0.089831,1.403203,0.767485
3.810000,0.555863,0.463463,-0.164604,-1.683895,-0.089831,1.403847,0.767485
3.812000,0.555863,0.463473,-0.164888,-1.683359,-0.089831,1.405133,0.767485
3.814000,0.555863,0.463483,-0.165172,-1.682822,-0.089831,1.406421,0.767485
3.816000,0.555863,0.463498,-0.165599,-1.682014,-0.089831,1.408354,0.767485
3.818000,0.555863,0.463503,-0.165742,-1.681744,-0.089831,1.408999,0.767485
3.820000,0.555863,0.463512,-0.166027,-1.681204,-0.089831,1.410288,0.767485
3.822000,0.555863,0.463522,-0.166312,-1.680663,-0.089831,1.411578,0.767485
3.824000,0.555863,0.463532,-0.166597,-1.680121,-0.089831,1.412868,0.767485
3.826000,0.555863,0.463542,-0.166883,-1.679578,-0.089831,1.414159,0.767485
3.828000,0.555863,0.463552,-0.167169,-1.679034,-0.089831,1.415450,0.767485
3.830000,0.555863,0.463562,-0.167455,-1.678489,-0.089831,1.416741,0.767485
3.832000,0.555863,0.463571,-0.167741,-1.677943,-0.089831,1.418033,0.767485
3.834000,0.555863,0.463581,-0.168028,-1.677397,-0.089831,1.419325,0.767485
3.836000,0.555863,0.463591,-0.168314,-1.676850,-0.089831,1.420617,0.767485
3.838000,0.555863,0.463600,-0.168601,-1.676302,-0.089831,1.421909,0.767485
3.840000,0.555863,0.463610,-0.168888,-1.675753,-0.089831,1.423201,0.767485
3.842000,0.555863,0.463619,-0.169176,-1.675204,-0.089831,1.424494,0.767485
3.844000,0.555863,0.463629,-0.169463,-1.674655,-0.089831,1.425787,0.767485
3.846000,0.555863,0.463638,-0.169751,-1.674104,-0.089831,1.427080,0.767485
3.848000,0.555863,0.463648,-0.170038,-1.673554,-0.089831,1.428373,0.767485
3.850000,0.555863,0.463657,-0.170326,-1.673003,-0.089831,1.429666,0.767485
3.852000,0.555863,0.463666,-0.170614,-1.672451,-0.089831,1.430959,0.767485
3.854000,0.555863,0.463675,-0.170902,-1.671899,-0.089831,1.432253,0.767485
3.856000,0.555863,0.463684,-0.171191,-1.671346,-0.089831,1.433547,0.767485
3.858000,0.555863,0.463693,-0.171479,-1.670794,-0.089831,1.434841,0.767485
3.860000,0.555863,0.463702,-0.171768,-1.670241,-0.089831,1.436135,0.767485
3.862000,0.555863,0.463711,-0.172056,-1.669687,-0.089831,1.437430,0.767485
3.864000,0.555863,0.463715,-0.172201,-1.669411,-0.089831,1.438077,0.767485
3.866000,0.555863,0.463728,-0.172634,-1.668580,-0.089831,1.440020,0.767485
3.868000,0.555863,0.463736,-0.172923,-1.668027,-0.089831,1.441316,0.767485
3.870000,0.555862,0.463745,-0.173212,-1.667473,-0.089831,1.442612,0.767485
3.872000,0.555862,0.463753,-0.173501,-1.666919,-0.089831,1.443909,0.767485
3.874000,0.555861,0.463761,-0.173790,-1.666365,-0.089831,1.445206,0.767485
3.876000,0.555861,0.463769,-0.174078,-1.665811,-0.089831,1.446504,0.767485
3.878000,0.555860,0.463777,-0.174367,-1.665257,-0.089831,1.447802,0.767485
3.880000,0.555859,0.463781,-0.174512,-1.664980,-0.089831,1.448452,0.767485
3.882000,0.555859,0.463788,-0.174800,-1.664427,-0.089831,1.449751,0.767485
3.884000,0.555857,0.463796,-0.175089,-1.663873,-0.089831,1.451052,0.767485
3.886000,0.555856,0.463803,-0.175378,-1.663320,-0.089831,1.452354,0.767485
3.888000,0.555855,0.463810,-0.175666,-1.662767,-0.089831,1.453658,0.767485
3.890000,0.555853,0.463817,-0.175955,-1.662215,-0.089831,1.454963,0.767485
3.892000,0.555852,0.463824,-0.176243,-1.661663,-0.089831,1.456270,0.767485
3.894000,0.555850,0.463831,-0.176531,-1.661111,-0.089831,1.457578,0.767485
3.896000,0.555848,0.463837,-0.176820,-1.660559,-0.089831,1.458888,0.767485
3.898000,0.555847,0.463840,-0.176964,-1.660284,-0.089831,1.459543,0.767485
3.900000,0.555843,0.463850,-0.177396,-1.659458,-0.089831,1.461512,0.767485
3.902000,0.555841,0.463855,-0.177683,-1.658909,-0.089831,1.462827,0.767485
3.904000,0.555838,0.463861,-0.177971,-1.658359,-0.089831,1.464143,0.767485
3.906000,0.555835,0.463867,-0.178258,-1.657811,-0.089831,1.465462,0.767485
3.908000,0.555831,0.463872,-0.178545,-1.657263,-0.089831,1.466781,0.767485
3.910000,0.555828,0.463877,-0.178832,-1.656716,-0.089831,1.468102,0.767485
3.912000,0.555824,0.463882,-0.179118,-1.656170,-0.089831,1.469425,0.767485
3.914000,0.555819,0.463887,-0.179404,-1.655624,-0.089831,1.470749,0.767485
3.916000,0.555815,0.463891,-0.179690,-1.655080,-0.089831,1.472075,0.767485
3.918000,0.555812,0.463894,-0.179833,-1.654808,-0.089831,1.472739,0.767485
3.920000,0.555805,0.463900,-0.180260,-1.653993,-0.089831,1.474732,0.767485
3.922000,0.555799,0.463904,-0.180545,-1.653451,-0.089831,1.476064,0.767485
3.924000,0.555793,0.463907,-0.180829,-1.652911,-0.089831,1.477398,0.767485
3.926000,0.555787,0.463910,-0.181113,-1.652371,-0.089831,1.478733,0.767485
3.928000,0.555780,0.463914,-0.181396,-1.651832,-0.089831,1.480069,0.767485
3.930000,0.555773,0.463916,-0.181679,-1.651295,-0.089831,1.481406,0.767485
3.932000,0.555765,0.463919,-0.181961,-1.650758,-0.089831,1.482744,0.767485
3.934000,0.555757,0.463921,-0.182242,-1.650223,-0.089831,1.484081,0.767485
3.936000,0.555748,0.463924,-0.182523,-1.649689,-0.089831,1.485418,0.767485
3.938000,0.555739,0.463926,-0.182804,-1.649156,-0.089831,1.486754,0.767485
3.940000,0.555730,0.463927,-0.183083,-1.648624,-0.089831,1.488089,0.767485
3.942000,0.555724,0.463928,-0.183223,-1.648359,-0.089831,1.488756,0.767485
3.944000,0.555709,0.463930,-0.183640,-1.647564,-0.089831,1.490754,0.767485
3.946000,0.555703,0.463930,-0.183779,-1.647300,-0.089831,1.491420,0.767485
3.948000,0.555691,0.463931,-0.184056,-1.646773,-0.089831,1.492749,0.767485
3.950000,0.555679,0.463932,-0.184333,-1.646247,-0.089831,1.494077,0.767485
3.952000,0.555667,0.463932,-0.184609,-1.645722,-0.089831,1.495403,0.767485
3.954000,0.555653,0.463932,-0.184884,-1.645199,-0.089831,1.496728,0.767485
3.956000,0.555640,0.463932,-0.185158,-1.644677,-0.089831,1.498049,0.767485
3.958000,0.555625,0.463932,-0.185432,-1.644156,-0.089831,1.499369,0.767485
3.960000,0.555610,0.463932,-0.185704,-1.643636,-0.089831,1.500685,0.767485
3.962000,0.555595,0.463932,-0.185977,-1.643117,-0.089831,1.501998,0.767485
3.964000,0.555579,0.463932,-0.186248,-1.642599,-0.089831,1.503308,0.767485
3.966000,0.555562,0.463932,-0.186518,-1.642083,-0.089831,1.504615,0.767485
3.968000,0.555544,0.463932,-0.186788,-1.641568,-0.089831,1.505919,0.767485
3.970000,0.555526,0.463932,-0.187057,-1.641054,-0.089831,1.507220,0.767485
3.972000,0.555508,0.463932,-0.187325,-1.640541,-0.089831,1.508517,0.767485
3.974000,0.555488,0.463932,-0.187592,-1.640030,-0.089831,1.509812,0.767485
3.976000,0.555468,0.463932,-0.187859,-1.639520,-0.089831,1.511103,0.767485
3.978000,0.555458,0.463932,-0.187992,-1.639266,-0.089831,1.511747,0.767485
3.980000,0.555437,0.463932,-0.188257,-1.638758,-0.089831,1.513034,0.767485
3.982000,0.555416,0.463932,-0.188521,-1.638252,-0.089831,1.514317,0.767485
3.984000,0.555393,0.463932,-0.188784,-1.637748,-0.089831,1.515599,0.767485
3.986000,0.555370,0.463932,-0.189047,-1.637245,-0.089831,1.516878,0.767485
3.988000,0.555347,0.463932,-0.189309,-1.636744,-0.089831,1.518154,0.767485
3.990000,0.555322,0.463932,-0.189569,-1.636244,-0.089831,1.519428,0.767485
3.992000,0.555297,0.463932,-0.189829,-1.635746,-0.089831,1.520699,0.767485
3.994000,0.555272,0.463932,-0.190088,-1.635250,-0.089831,1.521968,0.767485
3.996000,0.555245,0.463932,-0.190346,-1.634756,-0.089831,1.523234,0.767485
3.998000,0.555218,0.463932,-0.190604,-1.634264,-0.089831,1.524498,0.767485
4.000000,0.555190,0.463932,-0.190860,-1.633773,-0.089831,1.525759,0.767485
4.002000,0.555161,0.463932,-0.191115,-1.633285,-0.089831,1.527018,0.767485
4.004000,0.555132,0.463932,-0.191369,-1.632798,-0.089831,1.528275,0.767485
4.006000,0.555102,0.463932,-0.191622,-1.632314,-0.089831,1.529529,0.767485
4.008000,0.555071,0.463932,-0.191875,-1.631831,-0.089831,1.530782,0.767485
4.010000,0.555055,0.463932,-0.192000,-1.631590,-0.089831,1.531407,0.767485
4.012000,0.555023,0.463932,-0.192251,-1.631111,-0.089831,1.532656,0.767485
4.014000,0.554990,0.463932,-0.192501,-1.630634,-0.089831,1.533904,0.767485
4.016000,0.554957,0.463932,-0.192749,-1.630159,-0.089831,1.535150,0.767485
4.018000,0.554922,0.463932,-0.192997,-1.629686,-0.089831,1.536395,0.767485
4.020000,0.554887,0.463932,-0.193244,-1.629215,-0.089831,1.537638,0.767485
4.022000,0.554851,0.463932,-0.193490,-1.628747,-0.089831,1.538881,0.767485
4.024000,0.554815,0.463932,-0.193734,-1.628280,-0.089831,1.540122,0.767485
4.026000,0.554777,0.463932,-0.193978,-1.627817,-0.089831,1.541361,0.767485
4.028000,0.554739,0.463932,-0.194221,-1.627355,-0.089831,1.542600,0.767485
4.030000,0.554700,0.463932,-0.194462,-1.626897,-0.089831,1.543837,0.767485
4.032000,0.554660,0.463932,-0.194703,-1.626440,-0.089831,1.545074,0.767485
4.034000,0.554619,0.463932,-0.194942,-1.625986,-0.089831,1.546309,0.767485
4.036000,0.554578,0.463932,-0.195180,-1.625535,-0.089831,1.547544,0.767485
4.038000,0.554535,0.463932,-0.195417,-1.625086,-0.089831,1.548777,0.767485
4.040000,0.554492,0.463932,-0.195653,-1.624640,-0.089831,1.550010,0.767485
4.042000,0.554447,0.463932,-0.195888,-1.624197,-0.089831,1.551242,0.767485
4.044000,0.554402,0.463932,-0.196121,-1.623756,-0.089831,1.552473,0.767485
4.046000,0.554356,0.463932,-0.196354,-1.623318,-0.089831,1.553704,0.767485
4.048000,0.554333,0.463932,-0.196470,-1.623100,-0.089831,1.554319,0.767485
4.050000,0.554261,0.463932,-0.196815,-1.622451,-0.089831,1.556164,0.767485
4.052000,0.554237,0.463932,-0.196929,-1.622235,-0.089831,1.556779,0.767485
4.054000,0.554188,0.463932,-0.197158,-1.621807,-0.089831,1.558008,0.767485
4.056000,0.554138,0.463932,-0.197385,-1.621382,-0.089831,1.559238,0.767485
4.058000,0.554087,0.463932,-0.197611,-1.620960,-0.089831,1.560468,0.767485
4.060000,0.554035,0.463932,-0.197835,-1.620540,-0.089831,1.561698,0.767485
4.062000,0.553982,0.463932,-0.198059,-1.620124,-0.089831,1.562929,0.767485
4.064000,0.553928,0.463932,-0.198281,-1.619711,-0.089831,1.564160,0.767485
4.066000,0.553874,0.463932,-0.198502,-1.619300,-0.089831,1.565391,0.767485
4.068000,0.553818,0.463932,-0.198722,-1.618893,-0.089831,1.566622,0.767485
4.070000,0.553761,0.463932,-0.198940,-1.618489,-0.089831,1.567852,0.767485
4.072000,0.553704,0.463932,-0.199157,-1.618088,-0.089831,1.569080,0.767485
4.074000,0.553645,0.463932,-0.199373,-1.617690,-0.089831,1.570305,0.767485
4.076000,0.553586,0.463932,-0.199587,-1.617294,-0.089831,1.571528,0.767485
4.078000,0.553525,0.463932,-0.199799,-1.616902,-0.089831,1.572746,0.767485
4.080000,0.553463,0.463932,-0.200011,-1.616513,-0.089831,1.573961,0.767485
4.082000,0.553400,0.463932,-0.200221,-1.616127,-0.089831,1.575171,0.767485
4.084000,0.553336,0.463932,-0.200429,-1.615744,-0.089831,1.576376,0.767485
4.086000,0.553271,0.463932,-0.200636,-1.615363,-0.089831,1.577576,0.767485
4.088000,0.553205,0.463932,-0.200841,-1.614986,-0.089831,1.578771,0.767485
4.090000,0.553137,0.463932,-0.201044,-1.614612,-0.089831,1.579959,0.767485
4.092000,0.553069,0.463932,-0.201246,-1.614241,-0.089831,1.581141,0.767485
4.094000,0.552999,0.463932,-0.201447,-1.613873,-0.089831,1.582317,0.767485
4.096000,0.552928,0.463932,-0.201646,-1.613508,-0.089831,1.583486,0.767485
4.098000,0.552856,0.463932,-0.201843,-1.613146,-0.089831,1.584649,0.767485
4.100000,0.552783,0.463932,-0.202039,-1.612788,-0.089831,1.585804,0.767485
4.102000,0.552708,0.463932,-0.202233,-1.612432,-0.089831,1.586954,0.767485
4.104000,0.552633,0.463932,-0.202425,-1.612080,-0.089831,1.588096,0.767485
4.106000,0.552556,0.463932,-0.202616,-1.611731,-0.089831,1.589231,0.767485
4.108000,0.552478,0.463932,-0.202805,-1.611385,-0.089831,1.590360,0.767485
4.110000,0.552399,0.463932,-0.202992,-1.611042,-0.089831,1.591482,0.767485
4.112000,0.552319,0.463932,-0.203178,-1.610703,-0.089831,1.592596,0.767485
4.114000,0.552237,0.463932,-0.203362,-1.610366,-0.089831,1.593704,0.767485
4.116000,0.552155,0.463932,-0.203545,-1.610034,-0.089831,1.594805,0.767485
4.118000,0.552071,0.463932,-0.203726,-1.609704,-0.089831,1.595900,0.767485
4.120000,0.551986,0.463932,-0.203905,-1.609378,-0.089831,1.596987,0.767485
4.122000,0.551943,0.463932,-0.203994,-1.609216,-0.089831,1.597529,0.767485
4.124000,0.551812,0.463932,-0.204259,-1.608736,-0.089831,1.599143,0.767485
4.126000,0.551724,0.463932,-0.204433,-1.608421,-0.089831,1.600211,0.767485
4.128000,0.551679,0.463932,-0.204520,-1.608264,-0.089831,1.600743,0.767485
4.130000,0.551588,0.463932,-0.204692,-1.607953,-0.089831,1.601801,0.767485
4.132000,0.551497,0.463932,-0.204862,-1.607646,-0.089831,1.602854,0.767485
4.134000,0.551404,0.463932,-0.205031,-1.607343,-0.089831,1.603900,0.767485
4.136000,0.551310,0.463932,-0.205198,-1.607043,-0.089831,1.604940,0.767485
4.138000,0.551215,0.463932,-0.205363,-1.606747,-0.089831,1.605975,0.767485
4.140000,0.551119,0.463932,-0.205527,-1.606455,-0.089831,1.607004,0.767485
4.142000,0.551021,0.463932,-0.205689,-1.606166,-0.089831,1.608027,0.767485
4.144000,0.550922,0.463932,-0.205850,-1.605880,-0.089831,1.609045,0.767485
4.146000,0.550823,0.463932,-0.206009,-1.605599,-0.089831,1.610058,0.767485
4.148000,0.550722,0.463932,-0.206167,-1.605321,-0.089831,1.611065,0.767485
4.150000,0.550619,0.463932,-0.206323,-1.605047,-0.089831,1.612067,0.767485
4.152000,0.550516,0.463932,-0.206477,-1.604777,-0.089831,1.613065,0.767485
4.154000,0.550412,0.463932,-0.206630,-1.604511,-0.089831,1.614057,0.767485
4.156000,0.550306,0.463932,-0.206781,-1.604249,-0.089831,1.615044,0.767485
4.158000,0.550199,0.463932,-0.206931,-1.603990,-0.089831,1.616027,0.767485
4.160000,0.550091,0.463932,-0.207079,-1.603735,-0.089831,1.617005,0.767485
4.162000,0.549981,0.463932,-0.207225,-1.603485,-0.089831,1.617979,0.767485
4.164000,0.549981,0.463932,-0.207225,-1.603485,-0.089831,1.617979,0.767485
4.166000,0.549759,0.463932,-0.207513,-1.602995,-0.089831,1.619914,0.767485
4.168000,0.549703,0.463932,-0.207584,-1.602875,-0.089831,1.620395,0.767485
4.170000,0.549590,0.463932,-0.207725,-1.602638,-0.089831,1.621354,0.767485
4.172000,0.549475,0.463932,-0.207864,-1.602405,-0.089831,1.622310,0.767485
4.174000,0.549359,0.463932,-0.208002,-1.602176,-0.089831,1.623262,0.767485
4.176000,0.549242,0.463932,-0.208138,-1.601952,-0.089831,1.624210,0.767485
4.178000,0.549124,0.463932,-0.208272,-1.601731,-0.089831,1.625155,0.767485
4.180000,0.549005,0.463932,-0.208405,-1.601514,-0.089831,1.626096,0.767485
4.182000,0.548885,0.463932,-0.208537,-1.601302,-0.089831,1.627035,0.767485
4.184000,0.548763,0.463932,-0.208667,-1.601093,-0.089831,1.627970,0.767485
4.186000,0.548640,0.463932,-0.208795,-1.600889,-0.089831,1.628902,0.767485
4.188000,0.548516,0.463932,-0.208922,-1.600689,-0.089831,1.629831,0.767485
4.190000,0.548391,0.463932,-0.209047,-1.600493,-0.089831,1.630757,0.767485
4.192000,0.548265,0.463932,-0.209171,-1.600301,-0.089831,1.631681,0.767485
4.194000,0.548138,0.463932,-0.209293,-1.600113,-0.089831,1.632602,0.767485
4.196000,0.548009,0.463932,-0.209414,-1.599930,-0.089831,1.633521,0.767485
4.198000,0.547879,0.463932,-0.209533,-1.599751,-0.089831,1.634437,0.767485
4.200000,0.547748,0.463932,-0.209650,-1.599576,-0.089831,1.635350,0.767485
4.202000,0.547616,0.463932,-0.209766,-1.599405,-0.089831,1.636262,0.767485
4.204000,0.547483,0.463932,-0.209880,-1.599238,-0.089831,1.637171,0.767485
4.206000,0.547348,0.463932,-0.209993,-1.599076,-0.089831,1.638078,0.767485
4.208000,0.547212,0.463932,-0.210104,-1.598918,-0.089831,1.638983,0.767485
4.210000,0.547075,0.463932,-0.210213,-1.598764,-0.089831,1.639884,0.767485
4.212000,0.546937,0.463932,-0.210321,-1.598614,-0.089831,1.640780,0.767485
4.214000,0.546798,0.463932,-0.210427,-1.598468,-0.089831,1.641671,0.767485
4.216000,0.546657,0.463932,-0.210532,-1.598327,-0.089831,1.642556,0.767485
4.218000,0.546515,0.463932,-0.210634,-1.598189,-0.089831,1.643434,0.767485
4.220000,0.546372,0.463932,-0.210735,-1.598055,-0.089831,1.644305,0.767485
4.222000,0.546227,0.463932,-0.210835,-1.597925,-0.089831,1.645169,0.767485
4.224000,0.546081,0.463932,-0.210932,-1.597799,-0.089831,1.646025,0.767485
4.226000,0.545934,0.463932,-0.211028,-1.597676,-0.089831,1.646872,0.767485
4.228000,0.545786,0.463932,-0.211122,-1.597558,-0.089831,1.647710,0.767485
4.230000,0.545711,0.463932,-0.211168,-1.597500,-0.089831,1.648126,0.767485
4.232000,0.545486,0.463932,-0.211305,-1.597333,-0.089831,1.649360,0.767485
4.234000,0.545333,0.463932,-0.211394,-1.597226,-0.089831,1.650171,0.767485
4.236000,0.545257,0.463932,-0.211438,-1.597173,-0.089831,1.650573,0.767485
4.238000,0.545103,0.463932,-0.211524,-1.597072,-0.089831,1.651369,0.767485
4.240000,0.544948,0.463932,-0.211609,-1.596975,-0.089831,1.652156,0.767485
4.242000,0.544791,0.463932,-0.211692,-1.596881,-0.089831,1.652932,0.767485
4.244000,0.544633,0.463932,-0.211773,-1.596791,-0.089831,1.653699,0.767485
4.246000,0.544474,0.463932,-0.211853,-1.596704,-0.089831,1.654455,0.767485
4.248000,0.544314,0.463932,-0.211931,-1.596622,-0.089831,1.655201,0.767485
4.250000,0.544153,0.463932,-0.212007,-1.596543,-0.089831,1.655937,0.767485
4.252000,0.543990,0.463932,-0.212082,-1.596468,-0.089831,1.656663,0.767485
4.254000,0.543826,0.463932,-0.212155,-1.596396,-0.089831,1.657379,0.767485
4.256000,0.543661,0.463932,-0.212227,-1.596329,-0.089831,1.658085,0.767485
4.258000,0.543495,0.463932,-0.212297,-1.596265,-0.089831,1.658781,0.767485
4.260000,0.543328,0.463932,-0.212365,-1.596205,-0.089831,1.659467,0.767485
4.262000,0.543159,0.463932,-0.212432,-1.596149,-0.089831,1.660143,0.767485
4.264000,0.543075,0.463932,-0.212465,-1.596122,-0.089831,1.660478,0.767485
4.266000,0.542819,0.463932,-0.212561,-1.596047,-0.089831,1.661467,0.767485
4.268000,0.542647,0.463932,-0.212623,-1.596002,-0.089831,1.662114,0.767485
4.270000,0.542473,0.463932,-0.212684,-1.595961,-0.089831,1.662752,0.767485
4.272000,0.542299,0.463932,-0.212743,-1.595923,-0.089831,1.663381,0.767485
4.274000,0.542124,0.463932,-0.212801,-1.595889,-0.089831,1.664001,0.767485
4.276000,0.541947,0.463932,-0.212857,-1.595859,-0.089831,1.664612,0.767485
4.278000,0.541769,0.463932,-0.212912,-1.595833,-0.089831,1.665214,0.767485
4.280000,0.541590,0.463932,-0.212965,-1.595811,-0.089831,1.665807,0.767485
4.282000,0.541410,0.463932,-0.213017,-1.595792,-0.089831,1.666392,0.767485
4.284000,0.541229,0.463932,-0.213068,-1.595777,-0.089831,1.666968,0.767485
4.286000,0.541047,0.463932,-0.213117,-1.595766,-0.089831,1.667536,0.767485
4.288000,0.540864,0.463932,-0.213164,-1.595758,-0.089831,1.668096,0.767485
4.290000,0.540679,0.463932,-0.213210,-1.595755,-0.089831,1.668647,0.767485
4.292000,0.540587,0.463932,-0.213233,-1.595754,-0.089831,1.668920,0.767485
4.294000,0.540306,0.463933,-0.213297,-1.595754,-0.089831,1.669718,0.767485
4.296000,0.540116,0.463936,-0.213337,-1.595754,-0.089831,1.670232,0.767485
4.298000,0.539925,0.463940,-0.213374,-1.595754,-0.089831,1.670731,0.767485
4.300000,0.539731,0.463945,-0.213409,-1.595754,-0.089831,1.671217,0.767485
4.302000,0.539535,0.463952,-0.213441,-1.595754,-0.089831,1.671689,0.767485
4.304000,0.539337,0.463960,-0.213471,-1.595754,-0.089831,1.672147,0.767485
4.306000,0.539137,0.463969,-0.213498,-1.595754,-0.089831,1.672593,0.767485
4.308000,0.539037,0.463974,-0.213511,-1.595754,-0.089831,1.672811,0.767485
4.310000,0.538834,0.463985,-0.213535,-1.595754,-0.089831,1.673237,0.767485
4.312000,0.538629,0.463998,-0.213557,-1.595754,-0.089831,1.673651,0.767485
4.314000,0.538422,0.464012,-0.213576,-1.595754,-0.089831,1.674052,0.767485
4.316000,0.538213,0.464027,-0.213593,-1.595754,-0.089831,1.674441,0.767485
4.318000,0.538003,0.464044,-0.213608,-1.595754,-0.089831,1.674817,0.767485
4.320000,0.537790,0.464062,-0.213621,-1.595754,-0.089831,1.675182,0.767485
4.322000,0.537576,0.464082,-0.213631,-1.595754,-0.089831,1.675535,0.767485
4.324000,0.537359,0.464102,-0.213639,-1.595754,-0.089831,1.675878,0.767485
4.326000,0.537141,0.464125,-0.213645,-1.595754,-0.089831,1.676209,0.767485
4.328000,0.536921,0.464148,-0.213649,-1.595754,-0.089831,1.676529,0.767485
4.330000,0.536810,0.464161,-0.213650,-1.595754,-0.089831,1.676685,0.767485
4.332000,0.536475,0.464200,-0.213651,-1.595754,-0.089831,1.677137,0.767485
4.334000,0.536251,0.464227,-0.213651,-1.595754,-0.089831,1.677426,0.767485
4.336000,0.536027,0.464257,-0.213651,-1.595754,-0.089831,1.677704,0.767485
4.338000,0.535803,0.464288,-0.213651,-1.595754,-0.089831,1.677973,0.767485
4.340000,0.535578,0.464320,-0.213651,-1.595754,-0.089831,1.678231,0.767485
4.342000,0.535353,0.464354,-0.213651,-1.595754,-0.089831,1.678480,0.767485
4.344000,0.535128,0.464389,-0.213651,-1.595754,-0.089831,1.678720,0.767485
4.346000,0.535015,0.464407,-0.213651,-1.595754,-0.089831,1.678836,0.767485
4.348000,0.534790,0.464445,-0.213651,-1.595754,-0.089831,1.679062,0.767485
4.350000,0.534564,0.464484,-0.213651,-1.595754,-0.089831,1.679276,0.767485
4.352000,0.534338,0.464524,-0.213651,-1.595754,-0.089831,1.679480,0.767485
4.354000,0.534112,0.464566,-0.213651,-1.595754,-0.089831,1.679672,0.767485
4.356000,0.533886,0.464609,-0.213651,-1.595754,-0.089831,1.679851,0.767485
4.358000,0.533660,0.464654,-0.213651,-1.595754,-0.089831,1.680018,0.767485
4.360000,0.533433,0.464700,-0.213651,-1.595754,-0.089831,1.680170,0.767485
4.362000,0.533206,0.464747,-0.213651,-1.595754,-0.089831,1.680310,0.767485
4.364000,0.532979,0.464795,-0.213651,-1.595754,-0.089831,1.680434,0.767485
4.366000,0.532752,0.464845,-0.213651,-1.595754,-0.089831,1.680545,0.767485
4.368000,0.532525,0.464896,-0.213651,-1.595754,-0.089831,1.680640,0.767485
4.370000,0.532297,0.464948,-0.213651,-1.595754,-0.089831,1.680721,0.767485
4.372000,0.532069,0.465002,-0.213651,-1.595754,-0.089831,1.680787,0.767485
4.374000,0.531842,0.465056,-0.213651,-1.595754,-0.089831,1.680838,0.767485
4.376000,0.531614,0.465112,-0.213651,-1.595754,-0.089831,1.680873,0.767485
4.378000,0.531386,0.465169,-0.213651,-1.595754,-0.089831,1.680894,0.767485
4.380000,0.531158,0.465228,-0.213651,-1.595754,-0.089831,1.680899,0.767485
4.382000,0.530929,0.465287,-0.213651,-1.595755,-0.089831,1.680899,0.767485
4.384000,0.530701,0.465348,-0.213651,-1.595757,-0.089831,1.680899,0.767485
4.386000,0.530472,0.465409,-0.213651,-1.595762,-0.089831,1.680899,0.767485
4.388000,0.530243,0.465472,-0.213651,-1.595768,-0.089831,1.680899,0.767485
4.390000,0.530129,0.465503,-0.213651,-1.595771,-0.089831,1.680899,0.767485
4.392000,0.529785,0.465599,-0.213651,-1.595786,-0.089831,1.680899,0.767485
4.394000,0.529671,0.465631,-0.213651,-1.595791,-0.089831,1.680899,0.767485
4.396000,0.529441,0.465696,-0.213651,-1.595805,-0.089831,1.680899,0.767485
4.398000,0.529212,0.465762,-0.213651,-1.595821,-0.089831,1.680899,0.767485
4.400000,0.528982,0.465828,-0.213651,-1.595840,-0.089831,1.680899,0.767485
4.402000,0.528753,0.465894,-0.213651,-1.595862,-0.089831,1.680899,0.767485
4.404000,0.528523,0.465961,-0.213651,-1.595887,-0.089831,1.680899,0.767485
4.406000,0.528293,0.466028,-0.213651,-1.595914,-0.089831,1.680899,0.767485
4.408000,0.528063,0.466095,-0.213651,-1.595945,-0.089831,1.680899,0.767485
4.410000,0.527833,0.466162,-0.213651,-1.595980,-0.089831,1.680899,0.767485
4.412000,0.527603,0.466229,-0.213651,-1.596018,-0.089831,1.680899,0.767485
4.414000,0.527373,0.466297,-0.213651,-1.596059,-0.089831,1.680899,0.767485
4.416000,0.527143,0.466364,-0.213651,-1.596104,-0.089831,1.680899,0.767485
4.418000,0.526913,0.466431,-0.213651,-1.596153,-0.089831,1.680899,0.767485
4.420000,0.526683,0.466498,-0.213651,-1.596207,-0.089831,1.680899,0.767485
4.422000,0.526453,0.466565,-0.213651,-1.596264,-0.089831,1.680899,0.767485
4.424000,0.526223,0.466631,-0.213651,-1.596325,-0.089831,1.680899,0.767485
4.426000,0.525993,0.466697,-0.213651,-1.596391,-0.089831,1.680899,0.767485
4.428000,0.525763,0.466762,-0.213651,-1.596461,-0.089831,1.680899,0.767485
4.430000,0.525648,0.466795,-0.213651,-1.596497,-0.089831,1.680899,0.767485
4.432000,0.525304,0.466892,-0.213651,-1.596614,-0.089831,1.680899,0.767485
4.434000,0.525074,0.466956,-0.213651,-1.596698,-0.089831,1.680899,0.767485
4.436000,0.524845,0.467019,-0.213651,-1.596787,-0.089831,1.680899,0.767485
4.438000,0.524615,0.467082,-0.213651,-1.596880,-0.089831,1.680899,0.767485
4.440000,0.524386,0.467143,-0.213651,-1.596979,-0.089831,1.680899,0.767485
4.442000,0.524156,0.467204,-0.213651,-1.597082,-0.089831,1.680899,0.767485
4.444000,0.523927,0.467265,-0.213651,-1.597190,-0.089831,1.680899,0.767485
4.446000,0.523698,0.467324,-0.213651,-1.597304,-0.089831,1.680899,0.767485
4.448000,0.523469,0.467382,-0.213651,-1.597423,-0.089831,1.680899,0.767485
4.450000,0.523355,0.467411,-0.213651,-1.597484,-0.089831,1.680899,0.767485
4.452000,0.523012,0.467496,-0.213651,-1.597676,-0.089831,1.680898,0.767485
4.454000,0.522898,0.467524,-0.213651,-1.597742,-0.089831,1.680897,0.767485
4.456000,0.522669,0.467579,-0.213651,-1.597879,-0.089831,1.680894,0.767485
4.458000,0.522441,0.467633,-0.213651,-1.598021,-0.089831,1.680889,0.767485
4.460000,0.522213,0.467686,-0.213651,-1.598168,-0.089831,1.680881,0.767485
4.462000,0.521985,0.467738,-0.213651,-1.598319,-0.089831,1.680869,0.767485
4.464000,0.521757,0.467789,-0.213651,-1.598476,-0.089831,1.680852,0.767485
4.466000,0.521529,0.467839,-0.213651,-1.598637,-0.089831,1.680832,0.767485
4.468000,0.521302,0.467888,-0.213651,-1.598803,-0.089831,1.680806,0.767485
4.470000,0.521074,0.467936,-0.213651,-1.598973,-0.089831,1.680775,0.767485
4.472000,0.520847,0.467983,-0.213651,-1.599148,-0.089831,1.680739,0.767485
4.474000,0.520620,0.468029,-0.213651,-1.599327,-0.089831,1.680697,0.767485
4.476000,0.520393,0.468074,-0.213651,-1.599511,-0.089831,1.680649,0.767485
4.478000,0.520166,0.468119,-0.213651,-1.599699,-0.089831,1.680595,0.767485
4.480000,0.519940,0.468162,-0.213651,-1.599891,-0.089831,1.680535,0.767485
4.482000,0.519713,0.468204,-0.213651,-1.600088,-0.089831,1.680468,0.767485
4.484000,0.519487,0.468246,-0.213651,-1.600289,-0.089831,1.680395,0.767485
4.486000,0.519261,0.468286,-0.213651,-1.600494,-0.089831,1.680316,0.767485
4.488000,0.519035,0.468325,-0.213651,-1.600703,-0.089831,1.680229,0.767485
4.490000,0.518809,0.468364,-0.213651,-1.600916,-0.089831,1.680135,0.767485
4.492000,0.518584,0.468401,-0.213651,-1.601133,-0.089831,1.680032,0.767485
4.494000,0.518358,0.468438,-0.213651,-1.601353,-0.089831,1.679919,0.767485
4.496000,0.518133,0.468473,-0.213651,-1.601578,-0.089831,1.679797,0.767485
4.498000,0.517908,0.468508,-0.213651,-1.601806,-0.089831,1.679665,0.767485
4.500000,0.517683,0.468542,-0.213651,-1.602037,-0.089831,1.679521,0.767485
4.502000,0.517459,0.468575,-0.213651,-1.602272,-0.089831,1.679366,0.767485
4.504000,0.517234,0.468606,-0.213651,-1.602511,-0.089831,1.679200,0.767485
4.506000,0.517010,0.468637,-0.213651,-1.602753,-0.089831,1.679022,0.767485
4.508000,0.516786,0.468667,-0.213651,-1.602998,-0.089831,1.678831,0.767485
4.510000,0.516562,0.468696,-0.213651,-1.603247,-0.089831,1.678628,0.767485
4.512000,0.516339,0.468724,-0.213651,-1.603498,-0.089831,1.678413,0.767485
4.514000,0.516115,0.468751,-0.213651,-1.603753,-0.089831,1.678184,0.767485
4.516000,0.515892,0.468778,-0.213651,-1.604011,-0.089831,1.677943,0.767485
4.518000,0.515669,0.468803,-0.213651,-1.604272,-0.089831,1.677689,0.767485
4.520000,0.515446,0.468827,-0.213651,-1.604537,-0.089831,1.677422,0.767485
4.522000,0.515223,0.468851,-0.213651,-1.604804,-0.089831,1.677142,0.767485
4.524000,0.515001,0.468873,-0.213651,-1.605074,-0.089831,1.676848,0.767485
4.526000,0.514890,0.468884,-0.213651,-1.605210,-0.089831,1.676697,0.767485
4.528000,0.514668,0.468905,-0.213651,-1.605485,-0.089831,1.676383,0.767485
4.530000,0.514446,0.468925,-0.213651,-1.605762,-0.089831,1.676056,0.767485
4.532000,0.514224,0.468945,-0.213651,-1.606042,-0.089831,1.675715,0.767485
4.534000,0.514003,0.468963,-0.213651,-1.606325,-0.089831,1.675359,0.767485
4.536000,0.513781,0.468980,-0.213651,-1.606611,-0.089831,1.674989,0.767485
4.538000,0.513560,0.468997,-0.213651,-1.606899,-0.089831,1.674605,0.767485
4.540000,0.513339,0.469012,-0.213651,-1.607190,-0.089831,1.674207,0.767485
4.542000,0.513119,0.469027,-0.213651,-1.607484,-0.089831,1.673796,0.767485
4.544000,0.512898,0.469041,-0.213651,-1.607780,-0.089831,1.673371,0.767485
4.546000,0.512678,0.469053,-0.213651,-1.608079,-0.089831,1.672933,0.767485
4.548000,0.512458,0.469065,-0.213651,-1.608381,-0.089831,1.672482,0.767485
4.550000,0.512238,0.469076,-0.213651,-1.608685,-0.089831,1.672018,0.767485
4.552000,0.512018,0.469086,-0.213651,-1.608991,-0.089831,1.671541,0.767485
4.554000,0.511798,0.469095,-0.213651,-1.609300,-0.089831,1.671051,0.767485
4.556000,0.511579,0.469103,-0.213651,-1.609612,-0.089831,1.670549,0.767485
4.558000,0.511360,0.469111,-0.213651,-1.609926,-0.089831,1.670034,0.767485
4.560000,0.511140,0.469117,-0.213651,-1.610242,-0.089831,1.669507,0.767485
4.562000,0.510922,0.469123,-0.213651,-1.610561,-0.089831,1.668968,0.767485
4.564000,0.510812,0.469125,-0.213651,-1.610721,-0.089831,1.668694,0.767485
4.566000,0.510484,0.469131,-0.213651,-1.611205,-0.089831,1.667854,0.767485
4.568000,0.510266,0.469133,-0.213651,-1.611531,-0.089831,1.667278,0.767485
4.570000,0.510048,0.469135,-0.213651,-1.611859,-0.089831,1.666691,0.767485
4.572000,0.509830,0.469136,-0.213651,-1.612189,-0.089831,1.666092,0.767485
4.574000,0.509612,0.469136,-0.213651,-1.612522,-0.089831,1.665482,0.767485
4.576000,0.509394,0.469136,-0.213651,-1.612855,-0.089831,1.664859,0.767485
4.578000,0.509176,0.469136,-0.213651,-1.613189,-0.089831,1.664223,0.767485
4.580000,0.509067,0.469136,-0.213651,-1.613357,-0.089831,1.663900,0.767485
4.582000,0.508850,0.469136,-0.213651,-1.613692,-0.089831,1.663246,0.767485
4.584000,0.508632,0.469136,-0.213651,-1.614028,-0.089831,1.662578,0.767485
4.586000,0.508415,0.469136,-0.213651,-1.614365,-0.089831,1.661896,0.767485
4.588000,0.508197,0.469136,-0.213651,-1.614702,-0.089831,1.661201,0.767485
4.590000,0.507980,0.469136,-0.213651,-1.615041,-0.089831,1.660493,0.767485
4.592000,0.507763,0.469136,-0.213651,-1.615379,-0.089831,1.659772,0.767485
4.594000,0.507546,0.469136,-0.213651,-1.615719,-0.089831,1.659038,0.767485
4.596000,0.507329,0.469136,-0.213651,-1.616058,-0.089831,1.658292,0.767485
4.598000,0.507112,0.469136,-0.213651,-1.616399,-0.089831,1.657534,0.767485
4.600000,0.506895,0.469136,-0.213651,-1.616740,-0.089831,1.656763,0.767485
4.602000,0.506678,0.469136,-0.213651,-1.617081,-0.089831,1.655981,0.767485
4.604000,0.506461,0.469136,-0.213651,-1.617424,-0.089831,1.655187,0.767485
4.606000,0.506244,0.469136,-0.213651,-1.617766,-0.089831,1.654382,0.767485
4.608000,0.506028,0.469136,-0.213651,-1.618109,-0.089831,1.653565,0.767485
4.610000,0.505811,0.469136,-0.213651,-1.618453,-0.089831,1.652737,0.767485
4.612000,0.505595,0.469136,-0.213651,-1.618797,-0.089831,1.651898,0.767485
4.614000,0.505378,0.469136,-0.213651,-1.619141,-0.089831,1.651047,0.767485
4.616000,0.505162,0.469136,-0.213651,-1.619486,-0.089831,1.650186,0.767485
4.618000,0.504945,0.469136,-0.213651,-1.619831,-0.089831,1.649315,0.767485
4.620000,0.504729,0.469136,-0.213651,-1.620177,-0.089831,1.648432,0.767485
4.622000,0.504513,0.469136,-0.213651,-1.620522,-0.089831,1.647540,0.767485
4.624000,0.504296,0.469136,-0.213651,-1.620869,-0.089831,1.646636,0.767485
4.626000,0.504080,0.469136,-0.213651,-1.621215,-0.089831,1.645723,0.767485
4.628000,0.503864,0.469136,-0.213651,-1.621562,-0.089831,1.644799,0.767485
4.630000,0.503756,0.469136,-0.213651,-1.621735,-0.089831,1.644333,0.767485
4.632000,0.503432,0.469136,-0.213651,-1.622256,-0.089831,1.642919,0.767485
4.634000,0.503216,0.469136,-0.213651,-1.622603,-0.089831,1.641961,0.767485
4.636000,0.503000,0.469136,-0.213651,-1.622951,-0.089831,1.640992,0.767485
4.638000,0.502785,0.469136,-0.213651,-1.623298,-0.089831,1.640011,0.767485
4.640000,0.502569,0.469136,-0.213651,-1.623646,-0.089831,1.639019,0.767485
4.642000,0.502353,0.469136,-0.213651,-1.623993,-0.089831,1.638016,0.767485
4.644000,0.502138,0.469136,-0.213651,-1.624341,-0.089831,1.637000,0.767485
4.646000,0.502030,0.469136,-0.213651,-1.624515,-0.089831,1.636488,0.767485
4.648000,0.501815,0.469136,-0.213651,-1.624862,-0.089831,1.635455,0.767485
4.650000,0.501600,0.469136,-0.213651,-1.625210,-0.089831,1.634409,0.767485
4.652000,0.501384,0.469136,-0.213651,-1.625557,-0.089831,1.633349,0.767485
4.654000,0.501169,0.469136,-0.213651,-1.625904,-0.089831,1.632276,0.767485
4.656000,0.500954,0.469136,-0.213651,-1.626251,-0.089831,1.631190,0.767485
4.658000,0.500740,0.469136,-0.213651,-1.626598,-0.089831,1.630091,0.767485
4.660000,0.500525,0.469136,-0.213651,-1.626945,-0.089831,1.628979,0.767485
4.662000,0.500310,0.469136,-0.213651,-1.627291,-0.089831,1.627855,0.767485
4.664000,0.500096,0.469136,-0.213651,-1.627637,-0.089831,1.626717,0.767485
4.666000,0.499881,0.469136,-0.213651,-1.627983,-0.089831,1.625567,0.767485
4.668000,0.499667,0.469136,-0.213651,-1.628329,-0.089831,1.624405,0.767485
4.670000,0.499453,0.469136,-0.213651,-1.628674,-0.089831,1.623230,0.767485
4.672000,0.499239,0.469136,-0.213651,-1.629019,-0.089831,1.622043,0.767485
4.674000,0.499025,0.469136,-0.213651,-1.629364,-0.089831,1.620844,0.767485
4.676000,0.498811,0.469136,-0.213651,-1.629709,-0.089831,1.619633,0.767485
4.678000,0.498704,0.469136,-0.213651,-1.629881,-0.089831,1.619023,0.767485
4.680000,0.498491,0.469136,-0.213651,-1.630225,-0.089831,1.617794,0.767485
4.682000,0.498277,0.469136,-0.213651,-1.630569,-0.089831,1.616553,0.767485
4.684000,0.498064,0.469136,-0.213651,-1.630913,-0.089831,1.615298,0.767485
4.686000,0.497851,0.469136,-0.213651,-1.631256,-0.089831,1.614031,0.767485
4.688000,0.497637,0.469136,-0.213651,-1.631599,-0.089831,1.612751,0.767485
4.690000,0.497424,0.469136,-0.213651,-1.631942,-0.089831,1.611458,0.767485
4.692000,0.497212,0.469136,-0.213651,-1.632284,-0.089831,1.610154,0.767485
4.694000,0.496999,0.469136,-0.213651,-1.632626,-0.089831,1.608838,0.767485
4.696000,0.496786,0.469136,-0.213651,-1.632968,-0.089831,1.607510,0.767485
4.698000,0.496574,0.469136,-0.213651,-1.633309,-0.089831,1.606171,0.767485
4.700000,0.496361,0.469136,-0.213651,-1.633650,-0.089831,1.604820,0.767485
4.702000,0.496149,0.469136,-0.213651,-1.633991,-0.089831,1.603459,0.767485
4.704000,0.495937,0.469136,-0.213651,-1.634331,-0.089831,1.602087,0.767485
4.706000,0.495725,0.469136,-0.213651,-1.634671,-0.089831,1.600703,0.767485
4.708000,0.495513,0.469136,-0.213651,-1.635011,-0.089831,1.599310,0.767485
4.710000,0.495301,0.469136,-0.213651,-1.635350,-0.089831,1.597906,0.767485
4.712000,0.495089,0.469136,-0.213651,-1.635689,-0.089831,1.596492,0.767485
4.714000,0.494878,0.469136,-0.213651,-1.636028,-0.089831,1.595067,0.767485
4.716000,0.494666,0.469136,-0.213651,-1.636367,-0.089831,1.593633,0.767485
4.718000,0.494455,0.469136,-0.213651,-1.636705,-0.089831,1.592189,0.767485
4.720000,0.494244,0.469136,-0.213651,-1.637043,-0.089831,1.590735,0.767485
4.722000,0.494033,0.469136,-0.213651,-1.637381,-0.089831,1.589272,0.767485
4.724000,0.493822,0.469136,-0.213651,-1.637718,-0.089831,1.587799,0.767485
4.726000,0.493611,0.469136,-0.213651,-1.638056,-0.089831,1.586317,0.767485
4.728000,0.493506,0.469136,-0.213651,-1.638224,-0.089831,1.585572,0.767485
4.730000,0.493295,0.469136,-0.213651,-1.638561,-0.089831,1.584076,0.767485
4.732000,0.493085,0.469136,-0.213651,-1.638898,-0.089831,1.582570,0.767485
4.734000,0.492874,0.469136,-0.213651,-1.639234,-0.089831,1.581054,0.767485
4.736000,0.492664,0.469136,-0.213651,-1.639570,-0.089831,1.579528,0.767485
4.738000,0.492454,0.469136,-0.213651,-1.639905,-0.089831,1.577992,0.767485
4.740000,0.492244,0.469136,-0.213651,-1.640241,-0.089831,1.576447,0.767485
4.742000,0.492034,0.469136,-0.213651,-1.640576,-0.089831,1.574892,0.767485
4.744000,0.491824,0.469136,-0.213651,-1.640911,-0.089831,1.573328,0.767485
4.746000,0.491614,0.469136,-0.213651,-1.641246,-0.089831,1.571755,0.767485
4.748000,0.491405,0.469136,-0.213651,-1.641580,-0.089831,1.570173,0.767485
4.750000,0.491195,0.469136,-0.213651,-1.641914,-0.089831,1.568583,0.767485
4.752000,0.490986,0.469136,-0.213651,-1.642248,-0.089831,1.566985,0.767485
4.754000,0.490776,0.469136,-0.213651,-1.642582,-0.089831,1.565378,0.767485
4.756000,0.490567,0.469136,-0.213651,-1.642916,-0.089831,1.563764,0.767485
4.758000,0.490358,0.469136,-0.213651,-1.643250,-0.089831,1.562141,0.767485
4.760000,0.490149,0.469136,-0.213651,-1.643583,-0.089831,1.560511,0.767485
4.762000,0.489940,0.469136,-0.213651,-1.643917,-0.089831,1.558874,0.767485
4.764000,0.489940,0.469136,-0.213651,-1.643917,-0.089831,1.558874,0.767485
4.766000,0.489627,0.469136,-0.213651,-1.644417,-0.089831,1.556403,0.767485
4.768000,0.489418,0.469136,-0.213651,-1.644750,-0.089831,1.554745,0.767485
4.770000,0.489210,0.469136,-0.213651,-1.645083,-0.089831,1.553078,0.767485
4.772000,0.489001,0.469136,-0.213651,-1.645416,-0.089831,1.551403,0.767485
4.774000,0.488793,0.469136,-0.213651,-1.645749,-0.089831,1.549721,0.767485
4.776000,0.488585,0.469136,-0.213651,-1.646082,-0.089831,1.548031,0.767485
4.778000,0.488377,0.469136,-0.213651,-1.646415,-0.089831,1.546333,0.767485
4.780000,0.488169,0.469136,-0.213651,-1.646747,-0.089831,1.544629,0.767485
4.782000,0.487961,0.469136,-0.213651,-1.647080,-0.089831,1.542917,0.767485
4.784000,0.487753,0.469136,-0.213651,-1.647413,-0.089831,1.541199,0.767485
4.786000,0.487545,0.469136,-0.213651,-1.647746,-0.089831,1.539474,0.767485
4.788000,0.487338,0.469136,-0.213651,-1.648079,-0.089831,1.537744,0.767485
4.790000,0.487131,0.469136,-0.213651,-1.648412,-0.089831,1.536007,0.767485
4.792000,0.486923,0.469136,-0.213651,-1.648746,-0.089831,1.534264,0.767485
4.794000,0.486716,0.469136,-0.213651,-1.649079,-0.089831,1.532515,0.767485
4.796000,0.486509,0.469136,-0.213651,-1.649413,-0.089831,1.530761,0.767485
4.798000,0.486302,0.469136,-0.213651,-1.649747,-0.089831,1.529002,0.767485
4.800000,0.486096,0.469136,-0.213651,-1.650081,-0.089831,1.527237,0.767485
4.802000,0.485889,0.469136,-0.213651,-1.650415,-0.089831,1.525467,0.767485
4.804000,0.485683,0.469136,-0.213651,-1.650750,-0.089831,1.523691,0.767485
4.806000,0.485477,0.469136,-0.213651,-1.651085,-0.089831,1.521911,0.767485
4.808000,0.485271,0.469136,-0.213651,-1.651420,-0.089831,1.520126,0.767485
4.810000,0.485065,0.469136,-0.213651,-1.651756,-0.089831,1.518336,0.767485
4.812000,0.484859,0.469136,-0.213651,-1.652092,-0.089831,1.516542,0.767485
4.814000,0.484654,0.469136,-0.213651,-1.652428,-0.089831,1.514743,0.767485
4.816000,0.484448,0.469136,-0.213651,-1.652765,-0.089831,1.512940,0.767485
4.818000,0.484243,0.469136,-0.213651,-1.653102,-0.089831,1.511133,0.767485
4.820000,0.484038,0.469136,-0.213651,-1.653440,-0.089831,1.509321,0.767485
4.822000,0.483833,0.469136,-0.213651,-1.653778,-0.089831,1.507506,0.767485
4.824000,0.483628,0.469136,-0.213651,-1.654117,-0.089831,1.505686,0.767485
4.826000,0.483424,0.469136,-0.213651,-1.654456,-0.089831,1.503863,0.767485
4.828000,0.483220,0.469136,-0.213651,-1.654796,-0.089831,1.502035,0.767485
4.830000,0.483118,0.469136,-0.213651,-1.654966,-0.089831,1.501120,0.767485
4.832000,0.482914,0.469136,-0.213651,-1.655306,-0.089831,1.499288,0.767485
4.834000,0.482710,0.469136,-0.213651,-1.655648,-0.089831,1.497451,0.767485
4.836000,0.482506,0.469136,-0.213651,-1.655989,-0.089831,1.495609,0.767485
4.838000,0.482303,0.469136,-0.213651,-1.656332,-0.089831,1.493763,0.767485
4.840000,0.482099,0.469136,-0.213651,-1.656675,-0.089831,1.491912,0.767485
4.842000,0.481896,0.469136,-0.213651,-1.657018,-0.089831,1.490058,0.767485
4.844000,0.481693,0.469136,-0.213651,-1.657363,-0.089831,1.488199,0.767485
4.846000,0.481491,0.469136,-0.213651,-1.657708,-0.089831,1.486337,0.767485
4.848000,0.481288,0.469136,-0.213651,-1.658054,-0.089831,1.484472,0.767485
4.850000,0.481086,0.469136,-0.213651,-1.658400,-0.089831,1.482603,0.767485
4.852000,0.480884,0.469136,-0.213651,-1.658748,-0.089831,1.480731,0.767485
4.854000,0.480682,0.469136,-0.213651,-1.659096,-0.089831,1.478855,0.767485
4.856000,0.480480,0.469136,-0.213651,-1.659446,-0.089831,1.476977,0.767485
4.858000,0.480279,0.469136,-0.213651,-1.659796,-0.089831,1.475096,0.767485
4.860000,0.480077,0.469136,-0.213651,-1.660147,-0.089831,1.473213,0.767485
4.862000,0.479876,0.469136,-0.213651,-1.660499,-0.089831,1.471327,0.767485
4.864000,0.479676,0.469136,-0.213651,-1.660852,-0.089831,1.469439,0.767485
4.866000,0.479475,0.469136,-0.213651,-1.661207,-0.089831,1.467549,0.767485
4.868000,0.479274,0.469136,-0.213651,-1.661562,-0.089831,1.465656,0.767485
4.870000,0.479074,0.469136,-0.213651,-1.661919,-0.089831,1.463762,0.767485
4.872000,0.478874,0.469136,-0.213651,-1.662276,-0.089831,1.461866,0.767485
4.874000,0.478674,0.469136,-0.213651,-1.662635,-0.089831,1.459968,0.767485
4.876000,0.478474,0.469136,-0.213651,-1.662995,-0.089831,1.458068,0.767485
4.878000,0.478375,0.469136,-0.213651,-1.663176,-0.089831,1.457118,0.767485
4.880000,0.478076,0.469136,-0.213651,-1.663719,-0.089831,1.454264,0.767485
4.882000,0.477877,0.469136,-0.213651,-1.664083,-0.089831,1.452359,0.767485
4.884000,0.477678,0.469136,-0.213651,-1.664449,-0.089831,1.450453,0.767485
4.886000,0.477479,0.469136,-0.213651,-1.664815,-0.089831,1.448545,0.767485
4.888000,0.477281,0.469136,-0.213651,-1.665183,-0.089831,1.446637,0.767485
4.890000,0.477083,0.469136,-0.213651,-1.665553,-0.089831,1.444728,0.767485
4.892000,0.476885,0.469136,-0.213651,-1.665924,-0.089831,1.442818,0.767485
4.894000,0.476687,0.469136,-0.213651,-1.666296,-0.089831,1.440907,0.767485
4.896000,0.476489,0.469136,-0.213651,-1.666670,-0.089831,1.438996,0.767485
4.898000,0.476292,0.469136,-0.213651,-1.667046,-0.089831,1.437085,0.767485
4.900000,0.476095,0.469136,-0.213651,-1.667423,-0.089831,1.435173,0.767485
4.902000,0.475898,0.469136,-0.213651,-1.667802,-0.089831,1.433260,0.767485
4.904000,0.475701,0.469136,-0.213651,-1.668183,-0.089831,1.431348,0.767485
4.906000,0.475504,0.469136,-0.213651,-1.668565,-0.089831,1.429435,0.767485
4.908000,0.475308,0.469136,-0.213651,-1.668949,-0.089831,1.427522,0.767485
4.910000,0.475112,0.469136,-0.213651,-1.669335,-0.089831,1.425610,0.767485
4.912000,0.474916,0.469136,-0.213651,-1.669723,-0.089831,1.423699,0.767485
4.914000,0.474720,0.469136,-0.213651,-1.670113,-0.089831,1.421789,0.767485
4.916000,0.474622,0.469136,-0.213651,-1.670308,-0.089831,1.420834,0.767485
4.918000,0.474427,0.469136,-0.213651,-1.670701,-0.089831,1.418927,0.767485
4.920000,0.474232,0.469136,-0.213651,-1.671095,-0.089831,1.417021,0.767485
4.922000,0.474037,0.469136,-0.213651,-1.671491,-0.089831,1.415116,0.767485
4.924000,0.473842,0.469136,-0.213651,-1.671890,-0.089831,1.413212,0.767485
4.926000,0.473648,0.469136,-0.213651,-1.672290,-0.089831,1.411310,0.767485
4.928000,0.473454,0.469136,-0.213651,-1.672693,-0.089831,1.409411,0.767485
4.930000,0.473260,0.469136,-0.213651,-1.673097,-0.089831,1.407514,0.767485
4.932000,0.473066,0.469136,-0.213651,-1.673504,-0.089831,1.405620,0.767485
4.934000,0.472872,0.469136,-0.213651,-1.673913,-0.089831,1.403729,0.767485
4.936000,0.472679,0.469136,-0.213651,-1.674324,-0.089831,1.401841,0.767485
4.938000,0.472486,0.469136,-0.213651,-1.674738,-0.089831,1.399957,0.767485
4.940000,0.472293,0.469136,-0.213651,-1.675154,-0.089831,1.398076,0.767485
4.942000,0.472101,0.469136,-0.213651,-1.675572,-0.089831,1.396200,0.767485
4.944000,0.471909,0.469136,-0.213651,-1.675992,-0.089831,1.394327,0.767485
4.946000,0.471717,0.469136,-0.213651,-1.676415,-0.089831,1.392459,0.767485
4.948000,0.471525,0.469136,-0.213651,-1.676840,-0.089831,1.390595,0.767485
4.950000,0.471334,0.469136,-0.213651,-1.677268,-0.089831,1.388735,0.767485
4.952000,0.471142,0.469136,-0.213651,-1.677698,-0.089831,1.386880,0.767485
4.954000,0.470952,0.469136,-0.213651,-1.678130,-0.089831,1.385029,0.767485
4.956000,0.470761,0.469136,-0.213651,-1.678566,-0.089831,1.383183,0.767485
4.958000,0.470571,0.469136,-0.213651,-1.679003,-0.089831,1.381342,0.767485
4.960000,0.470381,0.469136,-0.213651,-1.679443,-0.089831,1.379506,0.767485
4.962000,0.470191,0.469136,-0.213651,-1.679886,-0.089831,1.377675,0.767485
4.964000,0.470002,0.469136,-0.213651,-1.680332,-0.089831,1.375849,0.767485
4.966000,0.469812,0.469136,-0.213651,-1.680780,-0.089831,1.374029,0.767485
4.968000,0.469624,0.469136,-0.213651,-1.681230,-0.089831,1.372213,0.767485
4.970000,0.469435,0.469136,-0.213651,-1.681684,-0.089831,1.370403,0.767485
4.972000,0.469247,0.469136,-0.213651,-1.682140,-0.089831,1.368598,0.767485
4.974000,0.469059,0.469136,-0.213651,-1.682598,-0.089831,1.366798,0.767485
4.976000,0.468872,0.469136,-0.213651,-1.683060,-0.089831,1.365004,0.767485
4.978000,0.468684,0.469136,-0.213651,-1.683524,-0.089831,1.363215,0.767485
4.980000,0.468497,0.469136,-0.213651,-1.683991,-0.089831,1.361432,0.767485
4.982000,0.468404,0.469136,-0.213651,-1.684226,-0.089831,1.360542,0.767485
4.984000,0.468218,0.469136,-0.213651,-1.684697,-0.089831,1.358768,0.767485
4.986000,0.468031,0.469136,-0.213651,-1.685171,-0.089831,1.356998,0.767485
4.988000,0.467846,0.469136,-0.213651,-1.685648,-0.089831,1.355232,0.767485
4.990000,0.467660,0.469136,-0.213651,-1.686128,-0.089831,1.353472,0.767485
4.992000,0.467475,0.469136,-0.213651,-1.686611,-0.089831,1.351716,0.767485
4.994000,0.467290,0.469136,-0.213651,-1.687096,-0.089831,1.349966,0.767485
4.996000,0.467106,0.469136,-0.213651,-1.687585,-0.089831,1.348221,0.767485
4.998000,0.466922,0.469136,-0.213651,-1.688076,-0.089831,1.346480,0.767485
5.000000,0.466738,0.469136,-0.213651,-1.688570,-0.089831,1.344745,0.767485
5.002000,0.466554,0.469136,-0.213651,-1.689068,-0.089831,1.343016,0.767485
5.004000,0.466371,0.469136,-0.213651,-1.689568,-0.089831,1.341292,0.767485
5.006000,0.466189,0.469136,-0.213651,-1.690071,-0.089831,1.339573,0.767485
5.008000,0.466006,0.469136,-0.213651,-1.690578,-0.089831,1.337860,0.767485
5.010000,0.465824,0.469136,-0.213651,-1.691087,-0.089831,1.336152,0.767485
5.012000,0.465642,0.469136,-0.213651,-1.691600,-0.089831,1.334450,0.767485
5.014000,0.465461,0.469136,-0.213651,-1.692116,-0.089831,1.332754,0.767485
5.016000,0.465280,0.469136,-0.213651,-1.692635,-0.089831,1.331064,0.767485
5.018000,0.465099,0.469136,-0.213651,-1.693157,-0.089831,1.329379,0.767485
5.020000,0.464919,0.469136,-0.213651,-1.693682,-0.089831,1.327700,0.767485
5.022000,0.464739,0.469136,-0.213651,-1.694210,-0.089831,1.326027,0.767485
5.024000,0.464559,0.469136,-0.213651,-1.694742,-0.089831,1.324360,0.767485
5.026000,0.464380,0.469136,-0.213651,-1.695277,-0.089831,1.322699,0.767485
5.028000,0.464201,0.469136,-0.213651,-1.695815,-0.089831,1.321044,0.767485
5.030000,0.464112,0.469136,-0.213651,-1.696085,-0.089831,1.320218,0.767485
5.032000,0.463844,0.469136,-0.213651,-1.696901,-0.089831,1.317751,0.767485
5.034000,0.463667,0.469136,-0.213651,-1.697448,-0.089831,1.316113,0.767485
5.036000,0.463489,0.469136,-0.213651,-1.697999,-0.089831,1.314482,0.767485
5.038000,0.463312,0.469136,-0.213651,-1.698554,-0.089831,1.312856,0.767485
5.040000,0.463135,0.469136,-0.213651,-1.699112,-0.089831,1.311236,0.767485
5.042000,0.462959,0.469136,-0.213651,-1.699673,-0.089831,1.309623,0.767485
5.044000,0.462783,0.469136,-0.213651,-1.700237,-0.089831,1.308015,0.767485
5.046000,0.462607,0.469136,-0.213651,-1.700805,-0.089831,1.306414,0.767485
5.048000,0.462432,0.469136,-0.213651,-1.701376,-0.089831,1.304819,0.767485
5.050000,0.462345,0.469136,-0.213651,-1.701663,-0.089831,1.304024,0.767485
5.052000,0.462083,0.469136,-0.213651,-1.702529,-0.089831,1.301650,0.767485
5.054000,0.461996,0.469136,-0.213651,-1.702819,-0.089831,1.300862,0.767485
5.056000,0.461822,0.469136,-0.213651,-1.703403,-0.089831,1.299291,0.767485
5.058000,0.461648,0.469136,-0.213651,-1.703989,-0.089831,1.297728,0.767485
5.060000,0.461475,0.469136,-0.213651,-1.704579,-0.089831,1.296173,0.767485
5.062000,0.461302,0.469136,-0.213651,-1.705173,-0.089831,1.294626,0.767485
5.064000,0.461130,0.469136,-0.213651,-1.705770,-0.089831,1.293087,0.767485
5.066000,0.460957,0.469136,-0.213651,-1.706370,-0.089831,1.291556,0.767485
5.068000,0.460786,0.469136,-0.213651,-1.706974,-0.089831,1.290034,0.767485
5.070000,0.460614,0.469136,-0.213651,-1.707581,-0.089831,1.288522,0.767485
5.072000,0.460444,0.469136,-0.213651,-1.708192,-0.089831,1.287018,0.767485
5.074000,0.460273,0.469136,-0.213651,-1.708806,-0.089831,1.285524,0.767485
5.076000,0.460103,0.469136,-0.213651,-1.709424,-0.089831,1.284040,0.767485
5.078000,0.459933,0.469136,-0.213651,-1.710045,-0.089831,1.282566,0.767485
5.080000,0.459764,0.469136,-0.213651,-1.710670,-0.089831,1.281101,0.767485
5.082000,0.459595,0.469136,-0.213651,-1.711298,-0.089831,1.279647,0.767485
5.084000,0.459426,0.469136,-0.213651,-1.711930,-0.089831,1.278202,0.767485
5.086000,0.459258,0.469136,-0.213651,-1.712565,-0.089831,1.276768,0.767485
5.088000,0.459091,0.469136,-0.213651,-1.713203,-0.089831,1.275343,0.767485
5.090000,0.458923,0.469136,-0.213651,-1.713845,-0.089831,1.273929,0.767485
5.092000,0.458757,0.469136,-0.213651,-1.714490,-0.089831,1.272525,0.767485
5.094000,0.458590,0.469136,-0.213651,-1.715139,-0.089831,1.271132,0.767485
5.096000,0.458507,0.469136,-0.213651,-1.715464,-0.089831,1.270439,0.767485
5.098000,0.458259,0.469136,-0.213651,-1.716446,-0.089831,1.268375,0.767485
5.100000,0.458176,0.469136,-0.213651,-1.716775,-0.089831,1.267692,0.767485
5.102000,0.458011,0.469136,-0.213651,-1.717436,-0.089831,1.266334,0.767485
5.104000,0.457847,0.469136,-0.213651,-1.718099,-0.089831,1.264986,0.767485
5.106000,0.457683,0.469136,-0.213651,-1.718767,-0.089831,1.263647,0.767485
5.108000,0.457519,0.469136,-0.213651,-1.719437,-0.089831,1.262319,0.767485
5.110000,0.457356,0.469136,-0.213651,-1.720111,-0.089831,1.260999,0.767485
5.112000,0.457193,0.469136,-0.213651,-1.720788,-0.089831,1.259690,0.767485
5.114000,0.457031,0.469136,-0.213651,-1.721468,-0.089831,1.258390,0.767485
5.116000,0.456869,0.469136,-0.213651,-1.722152,-0.089831,1.257100,0.767485
5.118000,0.456708,0.469136,-0.213651,-1.722838,-0.089831,1.255820,0.767485
5.120000,0.456547,0.469136,-0.213651,-1.723528,-0.089831,1.254549,0.767485
5.122000,0.456386,0.469136,-0.213651,-1.724222,-0.089831,1.253288,0.767485
5.124000,0.456226,0.469136,-0.213651,-1.724918,-0.089831,1.252037,0.767485
5.126000,0.456067,0.469136,-0.213651,-1.725617,-0.089831,1.250795,0.767485
5.128000,0.455908,0.469136,-0.213651,-1.726320,-0.089831,1.249563,0.767485
5.130000,0.455749,0.469136,-0.213651,-1.727026,-0.089831,1.248340,0.767485
5.132000,0.455591,0.469136,-0.213651,-1.727735,-0.089831,1.247126,0.767485
5.134000,0.455433,0.469136,-0.213651,-1.728447,-0.089831,1.245922,0.767485
5.136000,0.455276,0.469136,-0.213651,-1.729162,-0.089831,1.244727,0.767485
5.138000,0.455119,0.469136,-0.213651,-1.729880,-0.089831,1.243541,0.767485
5.140000,0.454963,0.469136,-0.213651,-1.730601,-0.089831,1.242364,0.767485
5.142000,0.454807,0.469136,-0.213651,-1.731325,-0.089831,1.241197,0.767485
5.144000,0.454730,0.469136,-0.213651,-1.731689,-0.089831,1.240616,0.767485
5.146000,0.454575,0.469136,-0.213651,-1.732417,-0.089831,1.239462,0.767485
5.148000,0.454420,0.469136,-0.213651,-1.733149,-0.089831,1.238317,0.767485
5.150000,0.454266,0.469136,-0.213651,-1.733883,-0.089831,1.237179,0.767485
5.152000,0.454112,0.469136,-0.213651,-1.734621,-0.089831,1.236050,0.767485
5.154000,0.453959,0.469136,-0.213651,-1.735361,-0.089831,1.234929,0.767485
5.156000,0.453806,0.469136,-0.213651,-1.736104,-0.089831,1.233816,0.767485
5.158000,0.453654,0.469136,-0.213651,-1.736850,-0.089831,1.232711,0.767485
5.160000,0.453502,0.469136,-0.213651,-1.737599,-0.089831,1.231615,0.767485
5.162000,0.453351,0.469136,-0.213651,-1.738350,-0.089831,1.230526,0.767485
5.164000,0.453200,0.469136,-0.213651,-1.739105,-0.089831,1.229445,0.767485
5.166000,0.453050,0.469136,-0.213651,-1.739862,-0.089831,1.228372,0.767485
5.168000,0.452900,0.469136,-0.213651,-1.740622,-0.089831,1.227306,0.767485
5.170000,0.452751,0.469136,-0.213651,-1.741384,-0.089831,1.226249,0.767485
5.172000,0.452602,0.469136,-0.213651,-1.742149,-0.089831,1.225199,0.767485
5.174000,0.452454,0.469136,-0.213651,-1.742917,-0.089831,1.224156,0.767485
5.176000,0.452306,0.469136,-0.213651,-1.743688,-0.089831,1.223121,0.767485
5.178000,0.452159,0.469136,-0.213651,-1.744461,-0.089831,1.222094,0.767485
5.180000,0.452012,0.469136,-0.213651,-1.745236,-0.089831,1.221073,0.767485
5.182000,0.451865,0.469136,-0.213651,-1.746014,-0.089831,1.220060,0.767485
5.184000,0.451720,0.469136,-0.213651,-1.746795,-0.089831,1.219054,0.767485
5.186000,0.451574,0.469136,-0.213651,-1.747578,-0.089831,1.218055,0.767485
5.188000,0.451429,0.469136,-0.213651,-1.748363,-0.089831,1.217064,0.767485
5.190000,0.451285,0.469136,-0.213651,-1.749151,-0.089831,1.216079,0.767485
5.192000,0.451141,0.469136,-0.213651,-1.749941,-0.089831,1.215103,0.767485
5.194000,0.451069,0.469136,-0.213651,-1.750337,-0.089831,1.214618,0.767485
5.196000,0.450854,0.469136,-0.213651,-1.751528,-0.089831,1.213174,0.767485
5.198000,0.450783,0.469136,-0.213651,-1.751927,-0.089831,1.212696,0.767485
5.200000,0.450641,0.469136,-0.213651,-1.752725,-0.089831,1.211748,0.767485
5.202000,0.450499,0.469136,-0.213651,-1.753525,-0.089831,1.210808,0.767485
5.204000,0.450358,0.469136,-0.213651,-1.754328,-0.089831,1.209877,0.767485
5.206000,0.450217,0.469136,-0.213651,-1.755133,-0.089831,1.208954,0.767485
5.208000,0.450077,0.469136,-0.213651,-1.755939,-0.089831,1.208039,0.767485
5.210000,0.449937,0.469136,-0.213651,-1.756748,-0.089831,1.207134,0.767485
5.212000,0.449797,0.469136,-0.213651,-1.757559,-0.089831,1.206237,0.767485
5.214000,0.449658,0.469136,-0.213651,-1.758372,-0.089831,1.205349,0.767485
5.216000,0.449520,0.469136,-0.213651,-1.759186,-0.089831,1.204471,0.767485
5.218000,0.449382,0.469136,-0.213651,-1.760003,-0.089831,1.203601,0.767485
5.220000,0.449245,0.469136,-0.213651,-1.760821,-0.089831,1.202740,0.767485
5.222000,0.449108,0.469136,-0.213651,-1.761641,-0.089831,1.201889,0.767485
5.224000,0.448971,0.469136,-0.213651,-1.762462,-0.089831,1.201047,0.767485
5.226000,0.448835,0.469136,-0.213651,-1.763286,-0.089831,1.200213,0.767485
5.228000,0.448700,0.469136,-0.213651,-1.764110,-0.089831,1.199389,0.767485
5.230000,0.448565,0.469136,-0.213651,-1.764937,-0.089831,1.198574,0.767485
5.232000,0.448430,0.469136,-0.213651,-1.765765,-0.089831,1.197767,0.767485
5.234000,0.448296,0.469136,-0.213651,-1.766594,-0.089831,1.196970,0.767485
5.236000,0.448163,0.469136,-0.213651,-1.767425,-0.089831,1.196181,0.767485
5.238000,0.448030,0.469136,-0.213651,-1.768257,-0.089831,1.195401,0.767485
5.240000,0.447897,0.469136,-0.213651,-1.769090,-0.089831,1.194630,0.767485
5.242000,0.447765,0.469136,-0.213651,-1.769924,-0.089831,1.193868,0.767485
5.244000,0.447634,0.469136,-0.213651,-1.770760,-0.089831,1.193113,0.767485
5.246000,0.447503,0.469136,-0.213651,-1.771597,-0.089831,1.192368,0.767485
5.248000,0.447372,0.469136,-0.213651,-1.772435,-0.089831,1.191630,0.767485
5.250000,0.447242,0.469136,-0.213651,-1.773274,-0.089831,1.190901,0.767485
5.252000,0.447112,0.469136,-0.213651,-1.774114,-0.089831,1.190180,0.767485
5.254000,0.446983,0.469136,-0.213651,-1.774954,-0.089831,1.189467,0.767485
5.256000,0.446855,0.469136,-0.213651,-1.775796,-0.089831,1.188762,0.767485
5.258000,0.446727,0.469136,-0.213651,-1.776638,-0.089831,1.188064,0.767485
5.260000,0.446599,0.469136,-0.213651,-1.777482,-0.089831,1.187374,0.767485
5.262000,0.446472,0.469136,-0.213651,-1.778326,-0.089831,1.186692,0.767485
5.264000,0.446345,0.469136,-0.213651,-1.779170,-0.089831,1.186017,0.767485
5.266000,0.446219,0.469136,-0.213651,-1.780015,-0.089831,1.185349,0.767485
5.268000,0.446093,0.469136,-0.213651,-1.780861,-0.089831,1.184688,0.767485
5.270000,0.445968,0.469136,-0.213651,-1.781707,-0.089831,1.184034,0.767485
5.272000,0.445844,0.469136,-0.213651,-1.782554,-0.089831,1.183387,0.767485
5.274000,0.445720,0.469136,-0.213651,-1.783401,-0.089831,1.182746,0.767485
5.276000,0.445596,0.469136,-0.213651,-1.784248,-0.089831,1.182112,0.767485
5.278000,0.445473,0.469136,-0.213651,-1.785095,-0.089831,1.181485,0.767485
5.280000,0.445350,0.469136,-0.213651,-1.785943,-0.089831,1.180863,0.767485
5.282000,0.445228,0.469136,-0.213651,-1.786791,-0.089831,1.180248,0.767485
5.284000,0.445106,0.469136,-0.213651,-1.787639,-0.089831,1.179639,0.767485
5.286000,0.444985,0.469136,-0.213651,-1.788487,-0.089831,1.179035,0.767485
5.288000,0.444864,0.469136,-0.213651,-1.789336,-0.089831,1.178438,0.767485
5.290000,0.444744,0.469136,-0.213651,-1.790184,-0.089831,1.177845,0.767485
5.292000,0.444684,0.469136,-0.213651,-1.790608,-0.089831,1.177551,0.767485
5.294000,0.444564,0.469136,-0.213651,-1.791456,-0.089831,1.176967,0.767485
5.296000,0.444445,0.469136,-0.213651,-1.792303,-0.089831,1.176387,0.767485
5.298000,0.444327,0.469136,-0.213651,-1.793151,-0.089831,1.175813,0.767485
5.300000,0.444209,0.469136,-0.213651,-1.793998,-0.089831,1.175243,0.767485
5.302000,0.444091,0.469136,-0.213651,-1.794845,-0.089831,1.174677,0.767485
5.304000,0.443974,0.469136,-0.213651,-1.795692,-0.089831,1.174116,0.767485
5.306000,0.443857,0.469136,-0.213651,-1.796538,-0.089831,1.173559,0.767485
5.308000,0.443741,0.469136,-0.213651,-1.797384,-0.089831,1.173006,0.767485
5.310000,0.443626,0.469136,-0.213651,-1.798229,-0.089831,1.172457,0.767485
5.312000,0.443510,0.469136,-0.213651,-1.799074,-0.089831,1.171911,0.767485
5.314000,0.443396,0.469136,-0.213651,-1.799918,-0.089831,1.171370,0.767485
5.316000,0.443281,0.469136,-0.213651,-1.800762,-0.089831,1.170832,0.767485
5.318000,0.443168,0.469136,-0.213651,-1.801605,-0.089831,1.170297,0.767485
5.320000,0.443054,0.469136,-0.213651,-1.802447,-0.089831,1.169765,0.767485
5.322000,0.442941,0.469136,-0.213651,-1.803288,-0.089831,1.169237,0.767485
5.324000,0.442829,0.469136,-0.213651,-1.804128,-0.089831,1.168712,0.767485
5.326000,0.442717,0.469136,-0.213651,-1.804968,-0.089831,1.168190,0.767485
5.328000,0.442605,0.469136,-0.213651,-1.805806,-0.089831,1.167670,0.767485
5.330000,0.442550,0.469136,-0.213651,-1.806225,-0.089831,1.167412,0.767485
5.332000,0.442384,0.469136,-0.213651,-1.807480,-0.089831,1.166641,0.767485
5.334000,0.442273,0.469136,-0.213651,-1.808315,-0.089831,1.166131,0.767485
5.336000,0.442164,0.469136,-0.213651,-1.809149,-0.089831,1.165624,0.767485
5.338000,0.442054,0.469136,-0.213651,-1.809982,-0.089831,1.165121,0.767485
5.340000,0.441945,0.469136,-0.213651,-1.810814,-0.089831,1.164621,0.767485
5.342000,0.441891,0.469136,-0.213651,-1.811229,-0.089831,1.164373,0.767485
5.344000,0.441783,0.469136,-0.213651,-1.812058,-0.089831,1.163879,0.767485
5.346000,0.441675,0.469136,-0.213651,-1.812887,-0.089831,1.163388,0.767485
5.348000,0.441568,0.469136,-0.213651,-1.813713,-0.089831,1.162901,0.767485
5.350000,0.441461,0.469136,-0.213651,-1.814538,-0.089831,1.162418,0.767485
5.352000,0.441354,0.469136,-0.213651,-1.815362,-0.089831,1.161938,0.767485
5.354000,0.441248,0.469136,-0.213651,-1.816184,-0.089831,1.161462,0.767485
5.356000,0.441142,0.469136,-0.213651,-1.817004,-0.089831,1.160989,0.767485
5.358000,0.441037,0.469136,-0.213651,-1.817822,-0.089831,1.160521,0.767485
5.360000,0.440932,0.469136,-0.213651,-1.818639,-0.089831,1.160055,0.767485
5.362000,0.440828,0.469136,-0.213651,-1.819453,-0.089831,1.159594,0.767485
5.364000,0.440724,0.469136,-0.213651,-1.820266,-0.089831,1.159136,0.767485
5.366000,0.440620,0.469136,-0.213651,-1.821077,-0.089831,1.158681,0.767485
5.368000,0.440517,0.469136,-0.213651,-1.821886,-0.089831,1.158230,0.767485
5.370000,0.440414,0.469136,-0.213651,-1.822692,-0.089831,1.157783,0.767485
5.372000,0.440311,0.469136,-0.213651,-1.823497,-0.089831,1.157338,0.767485
5.374000,0.440209,0.469136,-0.213651,-1.824299,-0.089831,1.156897,0.767485
5.376000,0.440107,0.469136,-0.213651,-1.825099,-0.089831,1.156459,0.767485
5.378000,0.440006,0.469136,-0.213651,-1.825896,-0.089831,1.156025,0.767485
5.380000,0.439905,0.469136,-0.213651,-1.826692,-0.089831,1.155593,0.767485
5.382000,0.439805,0.469136,-0.213651,-1.827484,-0.089831,1.155165,0.767485
5.384000,0.439704,0.469136,-0.213651,-1.828275,-0.089831,1.154739,0.767485
5.386000,0.439605,0.469136,-0.213651,-1.829063,-0.089831,1.154316,0.767485
5.388000,0.439505,0.469136,-0.213651,-1.829848,-0.089831,1.153896,0.767485
5.390000,0.439406,0.469136,-0.213651,-1.830630,-0.089831,1.153479,0.767485
5.392000,0.439307,0.469136,-0.213651,-1.831410,-0.089831,1.153064,0.767485
5.394000,0.439209,0.469136,-0.213651,-1.832188,-0.089831,1.152651,0.767485
5.396000,0.439111,0.469136,-0.213651,-1.832962,-0.089831,1.152241,0.767485
5.398000,0.439013,0.469136,-0.213651,-1.833734,-0.089831,1.151833,0.767485
5.400000,0.438916,0.469136,-0.213651,-1.834502,-0.089831,1.151428,0.767485
5.402000,0.438868,0.469136,-0.213651,-1.834886,-0.089831,1.151226,0.767485
5.404000,0.438723,0.469136,-0.213651,-1.836031,-0.089831,1.150622,0.767485
5.406000,0.438626,0.469136,-0.213651,-1.836791,-0.089831,1.150222,0.767485
5.408000,0.438578,0.469136,-0.213651,-1.837170,-0.089831,1.150023,0.767485
5.410000,0.438483,0.469136,-0.213651,-1.837925,-0.089831,1.149626,0.767485
5.412000,0.438387,0.469136,-0.213651,-1.838677,-0.089831,1.149229,0.767485
5.414000,0.438292,0.469136,-0.213651,-1.839426,-0.089831,1.148835,0.767485
5.416000,0.438198,0.469136,-0.213651,-1.840172,-0.089831,1.148441,0.767485
5.418000,0.438103,0.469136,-0.213651,-1.840914,-0.089831,1.148049,0.767485
5.420000,0.438009,0.469137,-0.213651,-1.841653,-0.089831,1.147657,0.767485
5.422000,0.437916,0.469137,-0.213651,-1.842389,-0.089831,1.147266,0.767485
5.424000,0.437822,0.469137,-0.213651,-1.843121,-0.089831,1.146876,0.767485
5.426000,0.437729,0.469138,-0.213651,-1.843850,-0.089831,1.146487,0.767485
5.428000,0.437636,0.469138,-0.213651,-1.844575,-0.089831,1.146098,0.767485
5.430000,0.437544,0.469139,-0.213651,-1.845297,-0.089831,1.145709,0.767485
5.432000,0.437451,0.469140,-0.213651,-1.846015,-0.089831,1.145321,0.767485
5.434000,0.437360,0.469141,-0.213651,-1.846729,-0.089831,1.144933,0.767485
5.436000,0.437268,0.469142,-0.213651,-1.847440,-0.089831,1.144545,0.767485
5.438000,0.437177,0.469143,-0.213651,-1.848146,-0.089831,1.144156,0.767485
5.440000,0.437086,0.469144,-0.213651,-1.848849,-0.089831,1.143768,0.767485
5.442000,0.436995,0.469146,-0.213651,-1.849548,-0.089831,1.143379,0.767485
5.444000,0.436904,0.469147,-0.213651,-1.850243,-0.089831,1.142990,0.767485
5.446000,0.436814,0.469149,-0.213651,-1.850934,-0.089831,1.142600,0.767485
5.448000,0.436724,0.469151,-0.213651,-1.851622,-0.089831,1.142210,0.767485
5.450000,0.436634,0.469153,-0.213651,-1.852305,-0.089831,1.141819,0.767485
5.452000,0.436545,0.469155,-0.213651,-1.852984,-0.089831,1.141427,0.767485
5.454000,0.436500,0.469157,-0.213651,-1.853322,-0.089831,1.141231,0.767485
5.456000,0.436411,0.469159,-0.213651,-1.853995,-0.089831,1.140838,0.767485
5.458000,0.436323,0.469162,-0.213651,-1.854663,-0.089831,1.140444,0.767485
5.460000,0.436234,0.469165,-0.213651,-1.855328,-0.089831,1.140049,0.767485
5.462000,0.436146,0.469168,-0.213651,-1.855988,-0.089831,1.139652,0.767485
5.464000,0.436058,0.469171,-0.213651,-1.856645,-0.089831,1.139255,0.767485
5.466000,0.435970,0.469175,-0.213651,-1.857296,-0.089831,1.138855,0.767485
5.468000,0.435882,0.469179,-0.213651,-1.857944,-0.089831,1.138454,0.767485
5.470000,0.435795,0.469183,-0.213651,-1.858587,-0.089831,1.138052,0.767485
5.472000,0.435708,0.469187,-0.213651,-1.859226,-0.089831,1.137649,0.767485
5.474000,0.435621,0.469191,-0.213651,-1.859861,-0.089831,1.137244,0.767485
5.476000,0.435534,0.469196,-0.213651,-1.860491,-0.089831,1.136839,0.767485
5.478000,0.435447,0.469201,-0.213651,-1.861117,-0.089831,1.136432,0.767485
5.480000,0.435361,0.469206,-0.213651,-1.861738,-0.089831,1.136024,0.767485
5.482000,0.435275,0.469211,-0.213651,-1.862355,-0.089831,1.135616,0.767485
5.484000,0.435189,0.469217,-0.213651,-1.862967,-0.089831,1.135207,0.767485
5.486000,0.435103,0.469223,-0.213651,-1.863574,-0.089831,1.134797,0.767485
5.488000,0.435018,0.469229,-0.213651,-1.864177,-0.089831,1.134387,0.767485
5.490000,0.434932,0.469236,-0.213651,-1.864775,-0.089831,1.133976,0.767485
5.492000,0.434847,0.469242,-0.213651,-1.865369,-0.089831,1.133565,0.767485
5.494000,0.434762,0.469249,-0.213651,-1.865957,-0.089831,1.133153,0.767485
5.496000,0.434677,0.469256,-0.213651,-1.866542,-0.089831,1.132741,0.767485
5.498000,0.434592,0.469264,-0.213651,-1.867121,-0.089831,1.132328,0.767485
5.500000,0.434508,0.469272,-0.213651,-1.867695,-0.089831,1.131915,0.767485
5.502000,0.434423,0.469280,-0.213651,-1.868265,-0.089831,1.131501,0.767485
5.504000,0.434381,0.469284,-0.213651,-1.868548,-0.089831,1.131294,0.767485
5.506000,0.434297,0.469292,-0.213651,-1.869111,-0.089831,1.130880,0.767485
5.508000,0.434213,0.469301,-0.213651,-1.869668,-0.089831,1.130465,0.767485
5.510000,0.434129,0.469310,-0.213651,-1.870221,-0.089831,1.130050,0.767485
5.512000,0.434045,0.469320,-0.213651,-1.870769,-0.089831,1.129634,0.767485
5.514000,0.433961,0.469329,-0.213651,-1.871312,-0.089831,1.129218,0.767485
5.516000,0.433878,0.469339,-0.213651,-1.871850,-0.089831,1.128802,0.767485
5.518000,0.433794,0.469349,-0.213651,-1.872383,-0.089831,1.128385,0.767485
5.520000,0.433711,0.469360,-0.213651,-1.872912,-0.089831,1.127967,0.767485
5.522000,0.433628,0.469371,-0.213651,-1.873435,-0.089831,1.127549,0.767485
5.524000,0.433544,0.469382,-0.213651,-1.873953,-0.089831,1.127131,0.767485
5.526000,0.433461,0.469393,-0.213651,-1.874466,-0.089831,1.126712,0.767485
5.528000,0.433378,0.469405,-0.213651,-1.874975,-0.089831,1.126293,0.767485
5.530000,0.433337,0.469411,-0.213651,-1.875227,-0.089831,1.126083,0.767485
5.532000,0.433213,0.469429,-0.213651,-1.875976,-0.089831,1.125453,0.767485
5.534000,0.433130,0.469442,-0.213651,-1.876469,-0.089831,1.125032,0.767485
5.536000,0.433047,0.469455,-0.213651,-1.876957,-0.089831,1.124610,0.767485
5.538000,0.432965,0.469468,-0.213651,-1.877440,-0.089831,1.124188,0.767485
5.540000,0.432882,0.469482,-0.213651,-1.877918,-0.089831,1.123766,0.767485
5.542000,0.432800,0.469496,-0.213651,-1.878391,-0.089831,1.123343,0.767485
5.544000,0.432718,0.469510,-0.213651,-1.878859,-0.089831,1.122919,0.767485
5.546000,0.432677,0.469517,-0.213651,-1.879091,-0.089831,1.122707,0.767485
5.548000,0.432594,0.469532,-0.213651,-1.879551,-0.089831,1.122282,0.767485
5.550000,0.432512,0.469546,-0.213651,-1.880006,-0.089831,1.121857,0.767485
5.552000,0.432430,0.469562,-0.213651,-1.880456,-0.089831,1.121431,0.767485
5.554000,0.432348,0.469577,-0.213651,-1.880901,-0.089831,1.121004,0.767485
5.556000,0.432266,0.469593,-0.213652,-1.881341,-0.089831,1.120576,0.767485
5.558000,0.432185,0.469609,-0.213652,-1.881776,-0.089831,1.120148,0.767485
5.560000,0.432103,0.469626,-0.213653,-1.882206,-0.089831,1.119719,0.767485
5.562000,0.432022,0.469642,-0.213653,-1.882631,-0.089831,1.119289,0.767485
5.564000,0.431941,0.469659,-0.213654,-1.883050,-0.089831,1.118859,0.767485
5.566000,0.431860,0.469677,-0.213655,-1.883465,-0.089831,1.118427,0.767485
5.568000,0.431779,0.469694,-0.213657,-1.883874,-0.089831,1.117995,0.767485
5.570000,0.431698,0.469712,-0.213658,-1.884279,-0.089831,1.117562,0.767485
5.572000,0.431618,0.469730,-0.213660,-1.884678,-0.089831,1.117128,0.767485
5.574000,0.431538,0.469749,-0.213662,-1.885073,-0.089831,1.116694,0.767485
5.576000,0.431458,0.469768,-0.213665,-1.885462,-0.089831,1.116258,0.767485
5.578000,0.431378,0.469787,-0.213667,-1.885846,-0.089831,1.115822,0.767485
5.580000,0.431299,0.469806,-0.213670,-1.886226,-0.089831,1.115385,0.767485
5.582000,0.431220,0.469826,-0.213674,-1.886600,-0.089831,1.114948,0.767485
5.584000,0.431141,0.469846,-0.213677,-1.886969,-0.089831,1.114509,0.767485
5.586000,0.431062,0.469866,-0.213681,-1.887334,-0.089831,1.114069,0.767485
5.588000,0.430984,0.469886,-0.213686,-1.887693,-0.089831,1.113629,0.767485
5.590000,0.430906,0.469907,-0.213690,-1.888048,-0.089831,1.113188,0.767485
5.592000,0.430867,0.469917,-0.213693,-1.888223,-0.089831,1.112967,0.767485
5.594000,0.430789,0.469938,-0.213698,-1.888570,-0.089831,1.112525,0.767485
5.596000,0.430712,0.469960,-0.213704,-1.888912,-0.089831,1.112082,0.767485
5.598000,0.430635,0.469981,-0.213711,-1.889250,-0.089831,1.111638,0.767485
5.600000,0.430558,0.470003,-0.213717,-1.889582,-0.089831,1.111193,0.767485
5.602000,0.430482,0.470025,-0.213725,-1.889910,-0.089831,1.110747,0.767485
5.604000,0.430406,0.470048,-0.213732,-1.890233,-0.089831,1.110300,0.767485
5.606000,0.430331,0.470070,-0.213741,-1.890551,-0.089831,1.109853,0.767485
5.608000,0.430256,0.470093,-0.213750,-1.890864,-0.089831,1.109404,0.767485
5.610000,0.430181,0.470116,-0.213759,-1.891172,-0.089831,1.108955,0.767485
5.612000,0.430107,0.470140,-0.213769,-1.891476,-0.089831,1.108506,0.767485
5.614000,0.430033,0.470163,-0.213780,-1.891775,-0.089831,1.108056,0.767485
5.616000,0.429959,0.470187,-0.213791,-1.892069,-0.089831,1.107606,0.767485
5.618000,0.429886,0.470211,-0.213803,-1.892358,-0.089831,1.107156,0.767485
5.620000,0.429814,0.470235,-0.213815,-1.892643,-0.089831,1.106706,0.767485
5.622000,0.429742,0.470260,-0.213828,-1.892924,-0.089831,1.106256,0.767485
5.624000,0.429670,0.470284,-0.213842,-1.893199,-0.089831,1.105806,0.767485
5.626000,0.429599,0.470309,-0.213856,-1.893470,-0.089831,1.105358,0.767485
5.628000,0.429528,0.470334,-0.213872,-1.893737,-0.089831,1.104909,0.767485
5.630000,0.429493,0.470346,-0.213879,-1.893868,-0.089831,1.104685,0.767485
5.632000,0.429388,0.470384,-0.213904,-1.894256,-0.089831,1.104015,0.767485
5.634000,0.429319,0.470410,-0.213921,-1.894509,-0.089832,1.103569,0.767485
5.636000,0.429250,0.470435,-0.213939,-1.894757,-0.089832,1.103124,0.767485
5.638000,0.429182,0.470461,-0.213958,-1.895001,-0.089833,1.102681,0.767485
5.640000,0.429114,0.470487,-0.213977,-1.895241,-0.089834,1.102238,0.767485
5.642000,0.429047,0.470513,-0.213997,-1.895476,-0.089836,1.101797,0.767485
5.644000,0.428980,0.470539,-0.214018,-1.895707,-0.089838,1.101357,0.767485
5.646000,0.428914,0.470566,-0.214039,-1.895933,-0.089840,1.100918,0.767485
5.648000,0.428848,0.470592,-0.214061,-1.896156,-0.089842,1.100481,0.767485
5.650000,0.428783,0.470619,-0.214084,-1.896373,-0.089845,1.100046,0.767485
5.652000,0.428718,0.470645,-0.214107,-1.896587,-0.089848,1.099612,0.767485
5.654000,0.428653,0.470672,-0.214131,-1.896797,-0.089851,1.099179,0.767485
5.656000,0.428589,0.470699,-0.214156,-1.897002,-0.089855,1.098748,0.767485
5.658000,0.428526,0.470726,-0.214182,-1.897203,-0.089860,1.098319,0.767485
5.660000,0.428463,0.470753,-0.214208,-1.897400,-0.089864,1.097892,0.767485
5.662000,0.428401,0.470780,-0.214235,-1.897592,-0.089869,1.097467,0.767485
5.664000,0.428401,0.470780,-0.214235,-1.897592,-0.089869,1.097467,0.767485
5.666000,0.428308,0.470821,-0.214277,-1.897874,-0.089878,1.096833,0.767485
5.668000,0.428247,0.470848,-0.214306,-1.898057,-0.089884,1.096412,0.767485
5.670000,0.428186,0.470876,-0.214336,-1.898235,-0.089891,1.095993,0.767485
5.672000,0.428126,0.470903,-0.214366,-1.898410,-0.089898,1.095577,0.767485
5.674000,0.428066,0.470930,-0.214397,-1.898581,-0.089906,1.095162,0.767485
5.676000,0.428007,0.470958,-0.214429,-1.898747,-0.089914,1.094750,0.767485
5.678000,0.427949,0.470985,-0.214461,-1.898910,-0.089923,1.094339,0.767485
5.680000,0.427890,0.471013,-0.214495,-1.899069,-0.089932,1.093931,0.767485
5.682000,0.427833,0.471040,-0.214529,-1.899224,-0.089942,1.093525,0.767485
5.684000,0.427776,0.471068,-0.214564,-1.899376,-0.089952,1.093121,0.767485
5.686000,0.427720,0.471095,-0.214599,-1.899523,-0.089962,1.092720,0.767485
5.688000,0.427664,0.471123,-0.214636,-1.899667,-0.089973,1.092321,0.767485
5.690000,0.427608,0.471150,-0.214673,-1.899808,-0.089984,1.091923,0.767485
5.692000,0.427553,0.471178,-0.214711,-1.899944,-0.089996,1.091529,0.767485
5.694000,0.427499,0.471205,-0.214750,-1.900077,-0.090008,1.091136,0.767485
5.696000,0.427446,0.471233,-0.214789,-1.900207,-0.090020,1.090746,0.767485
5.698000,0.427392,0.471260,-0.214830,-1.900332,-0.090033,1.090359,0.767485
5.700000,0.427340,0.471287,-0.214871,-1.900455,-0.090046,1.089974,0.767485
5.702000,0.427288,0.471314,-0.214914,-1.900574,-0.090059,1.089591,0.767485
5.704000,0.427237,0.471341,-0.214957,-1.900689,-0.090072,1.089210,0.767485
5.706000,0.427211,0.471355,-0.214978,-1.900746,-0.090079,1.089021,0.767485
5.708000,0.427161,0.471382,-0.215023,-1.900856,-0.090093,1.088644,0.767485
5.710000,0.427111,0.471409,-0.215068,-1.900963,-0.090107,1.088270,0.767485
5.712000,0.427062,0.471436,-0.215114,-1.901067,-0.090121,1.087899,0.767485
5.714000,0.427013,0.471463,-0.215161,-1.901167,-0.090136,1.087529,0.767485
5.716000,0.426965,0.471489,-0.215209,-1.901264,-0.090151,1.087163,0.767485
5.718000,0.426918,0.471516,-0.215258,-1.901358,-0.090167,1.086799,0.767485
5.720000,0.426871,0.471542,-0.215307,-1.901449,-0.090182,1.086437,0.767485
5.722000,0.426825,0.471568,-0.215358,-1.901536,-0.090198,1.086078,0.767485
5.724000,0.426779,0.471594,-0.215409,-1.901621,-0.090214,1.085722,0.767485
5.726000,0.426734,0.471620,-0.215462,-1.901702,-0.090230,1.085368,0.767485
5.728000,0.426690,0.471646,-0.215515,-1.901780,-0.090246,1.085017,0.767485
5.730000,0.426646,0.471672,-0.215569,-1.901855,-0.090263,1.084668,0.767485
5.732000,0.426603,0.471697,-0.215624,-1.901928,-0.090280,1.084322,0.767485
5.734000,0.426561,0.471723,-0.215681,-1.901997,-0.090296,1.083979,0.767485
5.736000,0.426519,0.471748,-0.215738,-1.902063,-0.090313,1.083638,0.767485
5.738000,0.426478,0.471773,-0.215796,-1.902127,-0.090330,1.083300,0.767485
5.740000,0.426438,0.471798,-0.215855,-1.902188,-0.090347,1.082965,0.767485
5.742000,0.426398,0.471822,-0.215915,-1.902246,-0.090363,1.082632,0.767485
5.744000,0.426360,0.471846,-0.215976,-1.902301,-0.090380,1.082303,0.767485
5.746000,0.426321,0.471871,-0.216039,-1.902353,-0.090397,1.081975,0.767485
5.748000,0.426284,0.471894,-0.216102,-1.902403,-0.090414,1.081651,0.767485
5.750000,0.426247,0.471918,-0.216166,-1.902451,-0.090431,1.081330,0.767485
5.752000,0.426211,0.471941,-0.216231,-1.902495,-0.090448,1.081011,0.767485
5.754000,0.426176,0.471965,-0.216298,-1.902537,-0.090464,1.080696,0.767485
5.756000,0.426141,0.471987,-0.216365,-1.902577,-0.090481,1.080384,0.767485
5.758000,0.426107,0.472010,-0.216434,-1.902614,-0.090498,1.080076,0.767485
5.760000,0.426074,0.472032,-0.216503,-1.902649,-0.090514,1.079771,0.767485
5.762000,0.426041,0.472054,-0.216574,-1.902681,-0.090531,1.079471,0.767485
5.764000,0.426010,0.472076,-0.216645,-1.902711,-0.090548,1.079174,0.767485
5.766000,0.425979,0.472098,-0.216718,-1.902738,-0.090564,1.078881,0.767485
5.768000,0.425948,0.472119,-0.216792,-1.902764,-0.090581,1.078592,0.767485
5.770000,0.425919,0.472139,-0.216867,-1.902787,-0.090598,1.078307,0.767485
5.772000,0.425890,0.472160,-0.216943,-1.902808,-0.090614,1.078027,0.767485
5.774000,0.425862,0.472180,-0.217020,-1.902826,-0.090630,1.077751,0.767485
5.776000,0.425835,0.472200,-0.217099,-1.902843,-0.090647,1.077480,0.767485
5.778000,0.425809,0.472219,-0.217178,-1.902857,-0.090663,1.077213,0.767485
5.780000,0.425783,0.472238,-0.217259,-1.902869,-0.090679,1.076951,0.767485
5.782000,0.425758,0.472257,-0.217340,-1.902879,-0.090695,1.076693,0.767485
5.784000,0.425734,0.472275,-0.217423,-1.902887,-0.090711,1.076441,0.767485
5.786000,0.425711,0.472293,-0.217507,-1.902894,-0.090727,1.076193,0.767485
5.788000,0.425688,0.472311,-0.217592,-1.902898,-0.090742,1.075950,0.767485
5.790000,0.425667,0.472328,-0.217679,-1.902900,-0.090757,1.075711,0.767485
5.792000,0.425646,0.472345,-0.217766,-1.902900,-0.090773,1.075478,0.767485
5.794000,0.425626,0.472360,-0.217855,-1.902900,-0.090787,1.075252,0.767485
5.796000,0.425607,0.472375,-0.217946,-1.902900,-0.090802,1.075034,0.767485
5.798000,0.425590,0.472388,-0.218039,-1.902900,-0.090816,1.074824,0.767485
5.800000,0.425574,0.472400,-0.218133,-1.902900,-0.090830,1.074622,0.767485
5.802000,0.425559,0.472411,-0.218229,-1.902900,-0.090843,1.074428,0.767485
5.804000,0.425546,0.472421,-0.218326,-1.902900,-0.090856,1.074241,0.767485
5.806000,0.425534,0.472429,-0.218425,-1.902900,-0.090868,1.074063,0.767485
5.808000,0.425523,0.472437,-0.218526,-1.902900,-0.090880,1.073892,0.767485
5.810000,0.425513,0.472443,-0.218628,-1.902900,-0.090892,1.073728,0.767485
5.812000,0.425504,0.472448,-0.218732,-1.902900,-0.090903,1.073573,0.767485
5.814000,0.425497,0.472452,-0.218838,-1.902900,-0.090914,1.073425,0.767485
5.816000,0.425494,0.472453,-0.218891,-1.902900,-0.090919,1.073354,0.767485
5.818000,0.425486,0.472456,-0.219054,-1.902900,-0.090934,1.073151,0.767485
5.820000,0.425483,0.472456,-0.219164,-1.902900,-0.090943,1.073026,0.767485
5.822000,0.425481,0.472456,-0.219278,-1.902900,-0.090951,1.072908,0.767485
5.824000,0.425481,0.472456,-0.219393,-1.902900,-0.090959,1.072797,0.767485
5.826000,0.425481,0.472455,-0.219509,-1.902900,-0.090966,1.072693,0.767485
5.828000,0.425481,0.472454,-0.219625,-1.902900,-0.090974,1.072596,0.767485
5.830000,0.425481,0.472453,-0.219683,-1.902900,-0.090978,1.072550,0.767485
5.832000,0.425481,0.472451,-0.219799,-1.902900,-0.090985,1.072463,0.767485
5.834000,0.425481,0.472448,-0.219916,-1.902900,-0.090992,1.072383,0.767485
5.836000,0.425481,0.472445,-0.220033,-1.902900,-0.091000,1.072311,0.767485
5.838000,0.425481,0.472442,-0.220150,-1.902900,-0.091008,1.072245,0.767485
5.840000,0.425481,0.472438,-0.220268,-1.902900,-0.091015,1.072185,0.767485
5.842000,0.425481,0.472434,-0.220386,-1.902900,-0.091023,1.072133,0.767485
5.844000,0.425481,0.472429,-0.220504,-1.902900,-0.091030,1.072087,0.767485
5.846000,0.425481,0.472424,-0.220623,-1.902900,-0.091038,1.072047,0.767485
5.848000,0.425481,0.472418,-0.220741,-1.902900,-0.091045,1.072014,0.767485
5.850000,0.425481,0.472412,-0.220860,-1.902900,-0.091053,1.071986,0.767485
5.852000,0.425481,0.472405,-0.220980,-1.902900,-0.091060,1.071966,0.767485
5.854000,0.425481,0.472399,-0.221099,-1.902900,-0.091068,1.071951,0.767485
5.856000,0.425481,0.472391,-0.221219,-1.902900,-0.091075,1.071942,0.767485
5.858000,0.425481,0.472383,-0.221339,-1.902900,-0.091082,1.071939,0.767485
5.860000,0.425481,0.472375,-0.221460,-1.902900,-0.091089,1.071939,0.767485
5.862000,0.425481,0.472367,-0.221581,-1.902900,-0.091096,1.071939,0.767485
5.864000,0.425481,0.472358,-0.221702,-1.902900,-0.091103,1.071939,0.767485
5.866000,0.425481,0.472349,-0.221823,-1.902899,-0.091110,1.071939,0.767485
5.868000,0.425481,0.472344,-0.221884,-1.902898,-0.091114,1.071939,0.767485
5.870000,0.425481,0.472335,-0.222006,-1.902897,-0.091121,1.071939,0.767485
5.872000,0.425481,0.472320,-0.222189,-1.902894,-0.091131,1.071939,0.767485
5.874000,0.425481,0.472310,-0.222311,-1.902892,-0.091139,1.071939,0.767485
5.876000,0.425481,0.472300,-0.222434,-1.902890,-0.091146,1.071939,0.767485
5.878000,0.425481,0.472289,-0.222557,-1.902887,-0.091154,1.071939,0.767485
5.880000,0.425481,0.472279,-0.222680,-1.902884,-0.091162,1.071939,0.767485
5.882000,0.425481,0.472268,-0.222804,-1.902880,-0.091170,1.071939,0.767485
5.884000,0.425481,0.472257,-0.222928,-1.902876,-0.091178,1.071939,0.767485
5.886000,0.425481,0.472245,-0.223052,-1.902871,-0.091187,1.071939,0.767485
5.888000,0.425481,0.472234,-0.223176,-1.902866,-0.091196,1.071939,0.767485
5.890000,0.425481,0.472222,-0.223301,-1.902860,-0.091205,1.071939,0.767485
5.892000,0.425481,0.472211,-0.223426,-1.902854,-0.091215,1.071939,0.767485
5.894000,0.425481,0.472199,-0.223551,-1.902847,-0.091224,1.071939,0.767485
5.896000,0.425481,0.472187,-0.223676,-1.902840,-0.091235,1.071939,0.767485
5.898000,0.425481,0.472175,-0.223802,-1.902832,-0.091246,1.071939,0.767485
5.900000,0.425481,0.472163,-0.223928,-1.902822,-0.091257,1.071939,0.767485
5.902000,0.425481,0.472151,-0.224054,-1.902813,-0.091270,1.071939,0.767485
5.904000,0.425481,0.472139,-0.224181,-1.902802,-0.091282,1.071939,0.767485
5.906000,0.425481,0.472127,-0.224307,-1.902790,-0.091296,1.071939,0.767485
5.908000,0.425481,0.472115,-0.224434,-1.902778,-0.091310,1.071939,0.767485
5.910000,0.425481,0.472103,-0.224562,-1.902764,-0.091325,1.071939,0.767485
5.912000,0.425481,0.472092,-0.224689,-1.902750,-0.091340,1.071939,0.767485
5.914000,0.425481,0.472080,-0.224817,-1.902734,-0.091356,1.071939,0.767485
5.916000,0.425481,0.472068,-0.224945,-1.902717,-0.091374,1.071939,0.767485
5.918000,0.425481,0.472057,-0.225074,-1.902699,-0.091391,1.071939,0.767485
5.920000,0.425481,0.472046,-0.225202,-1.902680,-0.091410,1.071939,0.767485
5.922000,0.425481,0.472035,-0.225331,-1.902660,-0.091430,1.071939,0.767485
5.924000,0.425481,0.472029,-0.225396,-1.902650,-0.091440,1.071939,0.767485
5.926000,0.425481,0.472018,-0.225525,-1.902627,-0.091460,1.071939,0.767485
5.928000,0.425481,0.472008,-0.225654,-1.902604,-0.091482,1.071939,0.767485
5.930000,0.425481,0.471998,-0.225784,-1.902579,-0.091504,1.071939,0.767485
5.932000,0.425481,0.471987,-0.225914,-1.902553,-0.091528,1.071939,0.767485
5.934000,0.425481,0.471978,-0.226045,-1.902525,-0.091552,1.071939,0.767485
5.936000,0.425481,0.471968,-0.226175,-1.902496,-0.091578,1.071939,0.767485
5.938000,0.425481,0.471959,-0.226306,-1.902466,-0.091604,1.071939,0.767485
5.940000,0.425481,0.471950,-0.226437,-1.902434,-0.091631,1.071939,0.767485
5.942000,0.425481,0.471942,-0.226569,-1.902400,-0.091659,1.071939,0.767485
5.944000,0.425481,0.471934,-0.226700,-1.902365,-0.091688,1.071939,0.767485
5.946000,0.425481,0.471926,-0.226832,-1.902328,-0.091718,1.071939,0.767485
5.948000,0.425481,0.471919,-0.226965,-1.902290,-0.091748,1.071939,0.767485
5.950000,0.425481,0.471912,-0.227097,-1.902249,-0.091780,1.071939,0.767485
5.952000,0.425481,0.471905,-0.227230,-1.902208,-0.091812,1.071939,0.767485
5.954000,0.425481,0.471902,-0.227296,-1.902186,-0.091829,1.071939,0.767485
5.956000,0.425481,0.471896,-0.227429,-1.902142,-0.091862,1.071939,0.767485
5.958000,0.425481,0.471891,-0.227563,-1.902096,-0.091896,1.071939,0.767485
5.960000,0.425481,0.471886,-0.227696,-1.902048,-0.091932,1.071939,0.767485
5.962000,0.425481,0.471881,-0.227830,-1.901998,-0.091968,1.071939,0.767485
5.964000,0.425481,0.471878,-0.227965,-1.901947,-0.092005,1.071939,0.767485
5.966000,0.425481,0.471874,-0.228099,-1.901893,-0.092042,1.071939,0.767485
5.968000,0.425481,0.471871,-0.228234,-1.901838,-0.092081,1.071939,0.767485
5.970000,0.425481,0.471869,-0.228369,-1.901781,-0.092120,1.071939,0.767485
5.972000,0.425481,0.471867,-0.228504,-1.901722,-0.092160,1.071939,0.767485
5.974000,0.425481,0.471866,-0.228640,-1.901661,-0.092201,1.071939,0.767485
5.976000,0.425481,0.471865,-0.228776,-1.901598,-0.092242,1.071939,0.767485
5.978000,0.425481,0.471865,-0.228912,-1.901533,-0.092284,1.071939,0.767485
5.980000,0.425481,0.471865,-0.229048,-1.901466,-0.092327,1.071939,0.767485
5.982000,0.425481,0.471865,-0.229185,-1.901399,-0.092371,1.071939,0.767485
5.984000,0.425481,0.471865,-0.229321,-1.901329,-0.092415,1.071939,0.767485
5.986000,0.425481,0.471865,-0.229458,-1.901259,-0.092460,1.071939,0.767485
5.988000,0.425481,0.471865,-0.229595,-1.901187,-0.092505,1.071939,0.767485
5.990000,0.425481,0.471865,-0.229733,-1.901114,-0.092552,1.071939,0.767485
5.992000,0.425481,0.471865,-0.229870,-1.901039,-0.092598,1.071939,0.767485
5.994000,0.425481,0.471865,-0.230008,-1.900963,-0.092646,1.071939,0.767485
5.996000,0.425481,0.471865,-0.230146,-1.900885,-0.092694,1.071939,0.767485
5.998000,0.425481,0.471865,-0.230284,-1.900806,-0.092743,1.071939,0.767485
6.000000,0.425481,0.471865,-0.230422,-1.900726,-0.092792,1.071939,0.767485
6.002000,0.425481,0.471865,-0.230561,-1.900644,-0.092842,1.071939,0.767485
6.004000,0.425481,0.471865,-0.230699,-1.900560,-0.092892,1.071939,0.767485
6.006000,0.425481,0.471865,-0.230769,-1.900518,-0.092918,1.071939,0.767485
6.008000,0.425481,0.471865,-0.230908,-1.900433,-0.092969,1.071939,0.767485
6.010000,0.425481,0.471865,-0.231047,-1.900345,-0.093020,1.071939,0.767485
6.012000,0.425481,0.471865,-0.231186,-1.900257,-0.093073,1.071939,0.767485
6.014000,0.425481,0.471865,-0.231326,-1.900167,-0.093126,1.071939,0.767485
6.016000,0.425481,0.471865,-0.231465,-1.900075,-0.093179,1.071939,0.767485
6.018000,0.425481,0.471865,-0.231605,-1.899982,-0.093233,1.071939,0.767485
6.020000,0.425481,0.471865,-0.231745,-1.899888,-0.093288,1.071939,0.767485
6.022000,0.425481,0.471865,-0.231886,-1.899791,-0.093343,1.071939,0.767485
6.024000,0.425481,0.471865,-0.232026,-1.899694,-0.093398,1.071939,0.767485
6.026000,0.425481,0.471865,-0.232167,-1.899595,-0.093454,1.071939,0.767485
6.028000,0.425481,0.471865,-0.232307,-1.899494,-0.093510,1.071939,0.767485
6.030000,0.425481,0.471865,-0.232448,-1.899392,-0.093567,1.071939,0.767485
6.032000,0.425481,0.471865,-0.232589,-1.899288,-0.093625,1.071939,0.767485
6.034000,0.425481,0.471865,-0.232731,-1.899182,-0.093683,1.071939,0.767485
6.036000,0.425481,0.471865,-0.232872,-1.899075,-0.093741,1.071939,0.767485
6.038000,0.425481,0.471865,-0.233014,-1.898966,-0.093800,1.071939,0.767485
6.040000,0.425481,0.471865,-0.233156,-1.898856,-0.093860,1.071939,0.767485
6.042000,0.425481,0.471865,-0.233227,-1.898800,-0.093891,1.071939,0.767485
6.044000,0.425481,0.471865,-0.233369,-1.898687,-0.093952,1.071939,0.767485
6.046000,0.425481,0.471865,-0.233511,-1.898572,-0.094014,1.071939,0.767485
6.048000,0.425481,0.471865,-0.233653,-1.898455,-0.094077,1.071939,0.767485
6.050000,0.425481,0.471865,-0.233796,-1.898337,-0.094141,1.071939,0.767485
6.052000,0.425481,0.471865,-0.233938,-1.898216,-0.094206,1.071939,0.767485
6.054000,0.425481,0.471865,-0.234081,-1.898094,-0.094272,1.071939,0.767485
6.056000,0.425481,0.471865,-0.234224,-1.897970,-0.094339,1.071939,0.767485
6.058000,0.425481,0.471865,-0.234367,-1.897844,-0.094408,1.071939,0.767485
6.060000,0.425481,0.471865,-0.234510,-1.897715,-0.094477,1.071939,0.767485
6.062000,0.425481,0.471865,-0.234653,-1.897585,-0.094547,1.071939,0.767485
6.064000,0.425481,0.471865,-0.234796,-1.897453,-0.094619,1.071939,0.767485
6.066000,0.425481,0.471865,-0.234939,-1.897319,-0.094691,1.071939,0.767485
6.068000,0.425481,0.471865,-0.235083,-1.897183,-0.094765,1.071939,0.767485
6.070000,0.425481,0.471866,-0.235227,-1.897044,-0.094840,1.071939,0.767485
6.072000,0.425481,0.471866,-0.235370,-1.896904,-0.094916,1.071939,0.767485
6.074000,0.425481,0.471866,-0.235514,-1.896761,-0.094992,1.071939,0.767485
6.076000,0.425481,0.471867,-0.235658,-1.896616,-0.095070,1.071939,0.767485
6.078000,0.425480,0.471867,-0.235802,-1.896468,-0.095149,1.071939,0.767485
6.080000,0.425480,0.471868,-0.235946,-1.896319,-0.095230,1.071939,0.767485
6.082000,0.425480,0.471869,-0.236090,-1.896167,-0.095311,1.071939,0.767485
6.084000,0.425479,0.471870,-0.236234,-1.896012,-0.095393,1.071939,0.767485
6.086000,0.425479,0.471871,-0.236377,-1.895855,-0.095476,1.071939,0.767485
6.088000,0.425478,0.471873,-0.236521,-1.895696,-0.095560,1.071939,0.767485
6.090000,0.425477,0.471875,-0.236665,-1.895534,-0.095646,1.071939,0.767485
6.092000,0.425476,0.471877,-0.236808,-1.895369,-0.095732,1.071939,0.767485
6.094000,0.425475,0.471880,-0.236952,-1.895202,-0.095819,1.071939,0.767485
6.096000,0.425473,0.471883,-0.237095,-1.895033,-0.095907,1.071941,0.767485
6.098000,0.425472,0.471886,-0.237239,-1.894861,-0.095996,1.071943,0.767485
6.100000,0.425470,0.471889,-0.237382,-1.894686,-0.096087,1.071947,0.767485
6.102000,0.425468,0.471893,-0.237525,-1.894509,-0.096177,1.071952,0.767485
6.104000,0.425466,0.471896,-0.237669,-1.894330,-0.096269,1.071960,0.767485
6.106000,0.425464,0.471901,-0.237812,-1.894149,-0.096362,1.071970,0.767485
6.108000,0.425461,0.471905,-0.237955,-1.893965,-0.096455,1.071982,0.767485
6.110000,0.425459,0.471909,-0.238098,-1.893778,-0.096549,1.071997,0.767485
6.112000,0.425456,0.471914,-0.238241,-1.893590,-0.096644,1.072015,0.767485
6.114000,0.425453,0.471919,-0.238384,-1.893399,-0.096740,1.072036,0.767485
6.116000,0.425452,0.471922,-0.238455,-1.893303,-0.096788,1.072048,0.767485
6.118000,0.425449,0.471927,-0.238598,-1.893109,-0.096884,1.072075,0.767485
6.120000,0.425446,0.471932,-0.238741,-1.892913,-0.096981,1.072105,0.767485
6.122000,0.425442,0.471938,-0.238884,-1.892714,-0.097079,1.072140,0.767485
6.124000,0.425439,0.471944,-0.239027,-1.892513,-0.097177,1.072179,0.767485
6.126000,0.425436,0.471950,-0.239170,-1.892311,-0.097276,1.072222,0.767485
6.128000,0.425432,0.471956,-0.239313,-1.892106,-0.097376,1.072269,0.767485
6.130000,0.425428,0.471963,-0.239456,-1.891899,-0.097476,1.072322,0.767485
6.132000,0.425425,0.471969,-0.239599,-1.891690,-0.097577,1.072379,0.767485
6.134000,0.425421,0.471976,-0.239742,-1.891479,-0.097678,1.072441,0.767485
6.136000,0.425417,0.471983,-0.239885,-1.891266,-0.097779,1.072508,0.767485
6.138000,0.425413,0.471990,-0.240028,-1.891051,-0.097880,1.072580,0.767485
6.140000,0.425409,0.471998,-0.240171,-1.890833,-0.097982,1.072657,0.767485
6.142000,0.425404,0.472005,-0.240314,-1.890615,-0.098084,1.072740,0.767485
6.144000,0.425400,0.472012,-0.240457,-1.890394,-0.098186,1.072828,0.767485
6.146000,0.425396,0.472020,-0.240601,-1.890171,-0.098288,1.072922,0.767485
6.148000,0.425391,0.472028,-0.240744,-1.889946,-0.098390,1.073021,0.767485
6.150000,0.425387,0.472036,-0.240888,-1.889720,-0.098493,1.073125,0.767485
6.152000,0.425383,0.472044,-0.241032,-1.889492,-0.098595,1.073235,0.767485
6.154000,0.425378,0.472052,-0.241175,-1.889262,-0.098697,1.073351,0.767485
6.156000,0.425374,0.472060,-0.241319,-1.889030,-0.098798,1.073472,0.767485
6.158000,0.425369,0.472069,-0.241463,-1.888796,-0.098900,1.073599,0.767485
6.160000,0.425365,0.472077,-0.241608,-1.888561,-0.099002,1.073732,0.767485
6.162000,0.425360,0.472086,-0.241752,-1.888324,-0.099103,1.073870,0.767485
6.164000,0.425358,0.472090,-0.241824,-1.888205,-0.099153,1.073942,0.767485
6.166000,0.425353,0.472099,-0.241969,-1.887965,-0.099254,1.074088,0.767485
6.168000,0.425349,0.472108,-0.242114,-1.887724,-0.099355,1.074241,0.767485
6.170000,0.425344,0.472117,-0.242258,-1.887481,-0.099455,1.074400,0.767485
6.172000,0.425340,0.472126,-0.242403,-1.887237,-0.099556,1.074565,0.767485
6.174000,0.425335,0.472135,-0.242549,-1.886991,-0.099656,1.074737,0.767485
6.176000,0.425330,0.472145,-0.242694,-1.886743,-0.099757,1.074914,0.767485
6.178000,0.425326,0.472154,-0.242839,-1.886493,-0.099857,1.075099,0.767485
6.180000,0.425321,0.472163,-0.242985,-1.886242,-0.099958,1.075290,0.767485
6.182000,0.425316,0.472173,-0.243130,-1.885989,-0.100059,1.075488,0.767485
6.184000,0.425311,0.472183,-0.243276,-1.885734,-0.100160,1.075693,0.767485
6.186000,0.425307,0.472192,-0.243422,-1.885478,-0.100262,1.075904,0.767485
6.188000,0.425302,0.472202,-0.243568,-1.885220,-0.100363,1.076123,0.767485
6.190000,0.425297,0.472212,-0.243713,-1.884960,-0.100465,1.076348,0.767485
6.192000,0.425291,0.472222,-0.243859,-1.884698,-0.100567,1.076581,0.767485
6.194000,0.425286,0.472232,-0.244005,-1.884435,-0.100670,1.076821,0.767485
6.196000,0.425281,0.472242,-0.244152,-1.884170,-0.100773,1.077067,0.767485
6.198000,0.425276,0.472253,-0.244298,-1.883903,-0.100876,1.077321,0.767485
6.200000,0.425270,0.472263,-0.244444,-1.883635,-0.100979,1.077582,0.767485
6.202000,0.425265,0.472274,-0.244590,-1.883365,-0.101083,1.077850,0.767485
6.204000,0.425259,0.472285,-0.244737,-1.883093,-0.101187,1.078125,0.767485
6.206000,0.425254,0.472295,-0.244883,-1.882819,-0.101292,1.078406,0.767485
6.208000,0.425248,0.472306,-0.245029,-1.882544,-0.101397,1.078695,0.767485
6.210000,0.425242,0.472317,-0.245176,-1.882266,-0.101502,1.078991,0.767485
6.212000,0.425236,0.472328,-0.245322,-1.881987,-0.101608,1.079293,0.767485
6.214000,0.425231,0.472340,-0.245469,-1.881706,-0.101714,1.079602,0.767485
6.216000,0.425224,0.472351,-0.245616,-1.881424,-0.101821,1.079918,0.767485
6.218000,0.425218,0.472363,-0.245762,-1.881139,-0.101927,1.080241,0.767485
6.220000,0.425212,0.472374,-0.245909,-1.880853,-0.102035,1.080570,0.767485
6.222000,0.425206,0.472386,-0.246056,-1.880565,-0.102142,1.080906,0.767485
6.224000,0.425199,0.472398,-0.246202,-1.880275,-0.102250,1.081249,0.767485
6.226000,0.425193,0.472410,-0.246349,-1.879983,-0.102358,1.081597,0.767485
6.228000,0.425186,0.472422,-0.246496,-1.879690,-0.102467,1.081952,0.767485
6.230000,0.425183,0.472428,-0.246569,-1.879542,-0.102521,1.082132,0.767485
6.232000,0.425176,0.472440,-0.246716,-1.879246,-0.102630,1.082497,0.767485
6.234000,0.425166,0.472459,-0.246936,-1.878798,-0.102795,1.083055,0.767485
6.236000,0.425159,0.472472,-0.247083,-1.878497,-0.102906,1.083435,0.767485
6.238000,0.425152,0.472485,-0.247230,-1.878194,-0.103016,1.083822,0.767485
6.240000,0.425144,0.472498,-0.247377,-1.877889,-0.103128,1.084213,0.767485
6.242000,0.425137,0.472511,-0.247524,-1.877582,-0.103239,1.084611,0.767485
6.244000,0.425130,0.472524,-0.247671,-1.877274,-0.103351,1.085014,0.767485
6.246000,0.425122,0.472538,-0.247818,-1.876963,-0.103463,1.085423,0.767485
6.248000,0.425114,0.472551,-0.247965,-1.876651,-0.103575,1.085837,0.767485
6.250000,0.425107,0.472565,-0.248112,-1.876336,-0.103687,1.086256,0.767485
6.252000,0.425099,0.472579,-0.248259,-1.876020,-0.103800,1.086680,0.767485
6.254000,0.425095,0.472586,-0.248332,-1.875861,-0.103857,1.086894,0.767485
6.256000,0.425087,0.472600,-0.248479,-1.875542,-0.103970,1.087326,0.767485
6.258000,0.425078,0.472615,-0.248626,-1.875221,-0.104084,1.087763,0.767485
6.260000,0.425070,0.472629,-0.248773,-1.874897,-0.104198,1.088206,0.767485
6.262000,0.425062,0.472644,-0.248920,-1.874572,-0.104313,1.088653,0.767485
6.264000,0.425053,0.472659,-0.249067,-1.874245,-0.104428,1.089105,0.767485
6.266000,0.425044,0.472674,-0.249214,-1.873916,-0.104544,1.089562,0.767485
6.268000,0.425036,0.472689,-0.249361,-1.873585,-0.104660,1.090024,0.767485
6.270000,0.425027,0.472705,-0.249508,-1.873252,-0.104777,1.090491,0.767485
6.272000,0.425018,0.472720,-0.249655,-1.872917,-0.104893,1.090962,0.767485
6.274000,0.425008,0.472736,-0.249802,-1.872580,-0.105011,1.091437,0.767485
6.276000,0.424999,0.472752,-0.249948,-1.872240,-0.105128,1.091916,0.767485
6.278000,0.424989,0.472768,-0.250095,-1.871899,-0.105246,1.092400,0.767485
6.280000,0.424980,0.472785,-0.250242,-1.871556,-0.105365,1.092887,0.767485
6.282000,0.424970,0.472801,-0.250389,-1.871211,-0.105484,1.093378,0.767485
6.284000,0.424960,0.472818,-0.250536,-1.870863,-0.105603,1.093873,0.767485
6.286000,0.424950,0.472835,-0.250683,-1.870514,-0.105722,1.094372,0.767485
6.288000,0.424940,0.472852,-0.250829,-1.870162,-0.105842,1.094874,0.767485
6.290000,0.424930,0.472870,-0.250976,-1.869809,-0.105962,1.095379,0.767485
6.292000,0.424920,0.472887,-0.251123,-1.869453,-0.106082,1.095888,0.767485
6.294000,0.424909,0.472905,-0.251270,-1.869095,-0.106203,1.096400,0.767485
6.296000,0.424898,0.472923,-0.251417,-1.868736,-0.106323,1.096915,0.767485
6.298000,0.424888,0.472941,-0.251563,-1.868374,-0.106445,1.097433,0.767485
6.300000,0.424882,0.472950,-0.251637,-1.868192,-0.106505,1.097694,0.767485
6.302000,0.424871,0.472969,-0.251784,-1.867827,-0.106627,1.098216,0.767485
6.304000,0.424860,0.472988,-0.251930,-1.867460,-0.106749,1.098741,0.767485
6.306000,0.424849,0.473007,-0.252077,-1.867090,-0.106871,1.099270,0.767485
6.308000,0.424838,0.473026,-0.252224,-1.866719,-0.106994,1.099801,0.767485
6.310000,0.424826,0.473045,-0.252370,-1.866346,-0.107117,1.100336,0.767485
6.312000,0.424814,0.473065,-0.252517,-1.865970,-0.107241,1.100873,0.767485
6.314000,0.424802,0.473085,-0.252664,-1.865592,-0.107365,1.101413,0.767485
6.316000,0.424790,0.473105,-0.252810,-1.865212,-0.107491,1.101957,0.767485
6.318000,0.424778,0.473125,-0.252956,-1.864830,-0.107616,1.102503,0.767485
6.320000,0.424766,0.473146,-0.253103,-1.864445,-0.107743,1.103053,0.767485
6.322000,0.424753,0.473167,-0.253249,-1.864058,-0.107870,1.103605,0.767485
6.324000,0.424740,0.473188,-0.253395,-1.863669,-0.107998,1.104161,0.767485
6.326000,0.424727,0.473209,-0.253541,-1.863278,-0.108127,1.104719,0.767485
6.328000,0.424714,0.473231,-0.253687,-1.862884,-0.108257,1.105281,0.767485
6.330000,0.424701,0.473253,-0.253833,-1.862488,-0.108388,1.105846,0.767485
6.332000,0.424687,0.473275,-0.253978,-1.862089,-0.108520,1.106414,0.767485
6.334000,0.424673,0.473297,-0.254123,-1.861688,-0.108653,1.106985,0.767485
6.336000,0.424659,0.473320,-0.254269,-1.861285,-0.108786,1.107558,0.767485
6.338000,0.424645,0.473343,-0.254414,-1.860879,-0.108921,1.108135,0.767485
6.340000,0.424630,0.473366,-0.254559,-1.860471,-0.109057,1.108715,0.767485
6.342000,0.424615,0.473390,-0.254703,-1.860060,-0.109194,1.109297,0.767485
6.344000,0.424600,0.473414,-0.254848,-1.859647,-0.109332,1.109883,0.767485
6.346000,0.424585,0.473438,-0.254992,-1.859231,-0.109470,1.110471,0.767485
6.348000,0.424569,0.473462,-0.255137,-1.858813,-0.109610,1.111062,0.767485
6.350000,0.424554,0.473487,-0.255281,-1.858392,-0.109751,1.111656,0.767485
6.352000,0.424546,0.473499,-0.255353,-1.858180,-0.109822,1.111954,0.767485
6.354000,0.424529,0.473525,-0.255496,-1.857755,-0.109965,1.112552,0.767485
6.356000,0.424513,0.473550,-0.255640,-1.857328,-0.110108,1.113153,0.767485
6.358000,0.424496,0.473576,-0.255783,-1.856898,-0.110253,1.113757,0.767485
6.360000,0.424479,0.473602,-0.255926,-1.856465,-0.110400,1.114364,0.767485
6.362000,0.424462,0.473629,-0.256069,-1.856030,-0.110547,1.114974,0.767485
6.364000,0.424444,0.473655,-0.256211,-1.855592,-0.110696,1.115587,0.767485
6.366000,0.424426,0.473683,-0.256354,-1.855151,-0.110846,1.116202,0.767485
6.368000,0.424408,0.473710,-0.256496,-1.854708,-0.110997,1.116820,0.767485
6.370000,0.424389,0.473738,-0.256637,-1.854262,-0.111150,1.117441,0.767485
6.372000,0.424371,0.473766,-0.256779,-1.853813,-0.111303,1.118064,0.767485
6.374000,0.424352,0.473794,-0.256920,-1.853361,-0.111458,1.118690,0.767485
6.376000,0.424332,0.473823,-0.257061,-1.852907,-0.111613,1.119319,0.767485
6.378000,0.424313,0.473853,-0.257202,-1.852450,-0.111770,1.119949,0.767485
6.380000,0.424293,0.473882,-0.257343,-1.851990,-0.111928,1.120582,0.767485
6.382000,0.424272,0.473912,-0.257483,-1.851527,-0.112087,1.121217,0.767485
6.384000,0.424252,0.473942,-0.257623,-1.851062,-0.112247,1.121854,0.767485
6.386000,0.424231,0.473973,-0.257763,-1.850594,-0.112407,1.122493,0.767485
6.388000,0.424210,0.474004,-0.257903,-1.850123,-0.112569,1.123134,0.767485
6.390000,0.424189,0.474035,-0.258042,-1.849649,-0.112732,1.123776,0.767485
6.392000,0.424167,0.474067,-0.258181,-1.849172,-0.112896,1.124421,0.767485
6.394000,0.424145,0.474099,-0.258320,-1.848693,-0.113060,1.125067,0.767485
6.396000,0.424123,0.474131,-0.258459,-1.848210,-0.113225,1.125715,0.767485
6.398000,0.424101,0.474164,-0.258597,-1.847725,-0.113392,1.126365,0.767485
6.400000,0.424078,0.474197,-0.258736,-1.847237,-0.113559,1.127016,0.767485
6.402000,0.424055,0.474231,-0.258874,-1.846746,-0.113726,1.127669,0.767485
6.404000,0.424031,0.474265,-0.259012,-1.846252,-0.113895,1.128323,0.767485
6.406000,0.424008,0.474299,-0.259149,-1.845756,-0.114064,1.128979,0.767485
6.408000,0.423984,0.474334,-0.259286,-1.845256,-0.114235,1.129636,0.767485
6.410000,0.423960,0.474369,-0.259423,-1.844754,-0.114405,1.130294,0.767485
6.412000,0.423935,0.474405,-0.259560,-1.844249,-0.114577,1.130954,0.767485
6.414000,0.423911,0.474440,-0.259697,-1.843741,-0.114749,1.131614,0.767485
6.416000,0.423886,0.474477,-0.259833,-1.843230,-0.114922,1.132276,0.767485
6.418000,0.423860,0.474513,-0.259970,-1.842716,-0.115096,1.132939,0.767485
6.420000,0.423835,0.474550,-0.260106,-1.842199,-0.115270,1.133603,0.767485
6.422000,0.423809,0.474588,-0.260242,-1.841680,-0.115445,1.134268,0.767485
6.424000,0.423796,0.474607,-0.260309,-1.841419,-0.115532,1.134601,0.767485
6.426000,0.423770,0.474645,-0.260445,-1.840895,-0.115708,1.135268,0.767485
6.428000,0.423743,0.474683,-0.260580,-1.840368,-0.115884,1.135935,0.767485
6.430000,0.423717,0.474722,-0.260715,-1.839838,-0.116062,1.136605,0.767485
6.432000,0.423690,0.474761,-0.260850,-1.839306,-0.116240,1.137275,0.767485
6.434000,0.423662,0.474800,-0.260985,-1.838770,-0.116418,1.137947,0.767485
6.436000,0.423635,0.474840,-0.261119,-1.838232,-0.116598,1.138620,0.767485
6.438000,0.423607,0.474881,-0.261253,-1.837691,-0.116778,1.139294,0.767485
6.440000,0.423579,0.474921,-0.261387,-1.837147,-0.116958,1.139969,0.767485
6.442000,0.423550,0.474962,-0.261521,-1.836600,-0.117140,1.140645,0.767485
6.444000,0.423522,0.475004,-0.261655,-1.836050,-0.117321,1.141322,0.767485
6.446000,0.423493,0.475046,-0.261788,-1.835498,-0.117504,1.142000,0.767485
6.448000,0.423464,0.475088,-0.261921,-1.834942,-0.117687,1.142679,0.767485
6.450000,0.423434,0.475131,-0.262054,-1.834384,-0.117870,1.143359,0.767485
6.452000,0.423405,0.475174,-0.262187,-1.833823,-0.118054,1.144039,0.767485
6.454000,0.423375,0.475217,-0.262320,-1.833259,-0.118238,1.144721,0.767485
6.456000,0.423345,0.475261,-0.262452,-1.832692,-0.118423,1.145404,0.767485
6.458000,0.423314,0.475305,-0.262584,-1.832122,-0.118608,1.146088,0.767485
6.460000,0.423283,0.475350,-0.262716,-1.831549,-0.118794,1.146773,0.767485
6.462000,0.423252,0.475395,-0.262848,-1.830974,-0.118980,1.147459,0.767485
6.464000,0.423221,0.475440,-0.262980,-1.830395,-0.119167,1.148147,0.767485
6.466000,0.423190,0.475486,-0.263111,-1.829814,-0.119354,1.148836,0.767485
6.468000,0.423158,0.475532,-0.263243,-1.829230,-0.119542,1.149527,0.767485
6.470000,0.423126,0.475579,-0.263374,-1.828643,-0.119731,1.150219,0.767485
6.472000,0.423094,0.475626,-0.263505,-1.828053,-0.119919,1.150912,0.767485
6.474000,0.423061,0.475673,-0.263635,-1.827460,-0.120109,1.151607,0.767485
6.476000,0.423028,0.475721,-0.263766,-1.826864,-0.120299,1.152303,0.767485
6.478000,0.422995,0.475769,-0.263896,-1.826265,-0.120489,1.153001,0.767485
6.480000,0.422962,0.475817,-0.264026,-1.825664,-0.120680,1.153701,0.767485
6.482000,0.422928,0.475866,-0.264156,-1.825060,-0.120871,1.154402,0.767485
6.484000,0.422895,0.475916,-0.264286,-1.824452,-0.121063,1.155105,0.767485
6.486000,0.422878,0.475941,-0.264351,-1.824147,-0.121159,1.155457,0.767485
6.488000,0.422826,0.476016,-0.264545,-1.823229,-0.121447,1.156515,0.767485
6.490000,0.422809,0.476041,-0.264609,-1.822921,-0.121544,1.156869,0.767485
6.492000,0.422774,0.476092,-0.264738,-1.822304,-0.121737,1.157577,0.767485
6.494000,0.422739,0.476143,-0.264867,-1.821684,-0.121931,1.158288,0.767485
6.496000,0.422704,0.476194,-0.264996,-1.821060,-0.122125,1.159001,0.767485
6.498000,0.422668,0.476246,-0.265124,-1.820434,-0.122320,1.159716,0.767485
6.500000,0.422633,0.476299,-0.265253,-1.819805,-0.122516,1.160434,0.767485
6.502000,0.422597,0.476351,-0.265381,-1.819173,-0.122712,1.161153,0.767485
6.504000,0.422560,0.476404,-0.265509,-1.818539,-0.122908,1.161874,0.767485
6.506000,0.422524,0.476458,-0.265636,-1.817901,-0.123105,1.162598,0.767485
6.508000,0.422487,0.476512,-0.265764,-1.817261,-0.123303,1.163323,0.767485
6.510000,0.422450,0.476566,-0.265891,-1.816617,-0.123500,1.164051,0.767485
6.512000,0.422413,0.476621,-0.266019,-1.815971,-0.123698,1.164780,0.767485
6.514000,0.422375,0.476676,-0.266146,-1.815322,-0.123896,1.165511,0.767485
6.516000,0.422337,0.476732,-0.266273,-1.814670,-0.124095,1.166244,0.767485
6.518000,0.422299,0.476787,-0.266399,-1.814016,-0.124293,1.166979,0.767485
6.520000,0.422261,0.476844,-0.266526,-1.813358,-0.124492,1.167715,0.767485
6.522000,0.422223,0.476900,-0.266653,-1.812698,-0.124691,1.168453,0.767485
6.524000,0.422184,0.476958,-0.266779,-1.812035,-0.124890,1.169194,0.767485
6.526000,0.422145,0.477015,-0.266905,-1.811369,-0.125089,1.169935,0.767485
6.528000,0.422126,0.477044,-0.266968,-1.811036,-0.125188,1.170307,0.767485
6.530000,0.422087,0.477102,-0.267095,-1.810366,-0.125387,1.171051,0.767485
6.532000,0.422047,0.477160,-0.267221,-1.809693,-0.125587,1.171798,0.767485
6.534000,0.422008,0.477219,-0.267346,-1.809018,-0.125786,1.172546,0.767485
6.536000,0.421968,0.477278,-0.267472,-1.808339,-0.125986,1.173297,0.767485
6.538000,0.421928,0.477338,-0.267598,-1.807658,-0.126186,1.174050,0.767485
6.540000,0.421887,0.477398,-0.267723,-1.806975,-0.126386,1.174806,0.767485
6.542000,0.421847,0.477458,-0.267849,-1.806288,-0.126587,1.175563,0.767485
6.544000,0.421806,0.477519,-0.267974,-1.805599,-0.126787,1.176322,0.767485
6.546000,0.421765,0.477580,-0.268100,-1.804908,-0.126987,1.177083,0.767485
6.548000,0.421724,0.477642,-0.268225,-1.804213,-0.127188,1.177846,0.767485
6.550000,0.421683,0.477704,-0.268350,-1.803516,-0.127388,1.178611,0.767485
6.552000,0.421642,0.477766,-0.268475,-1.802817,-0.127588,1.179377,0.767485
6.554000,0.421600,0.477829,-0.268600,-1.802115,-0.127788,1.180146,0.767485
6.556000,0.421558,0.477892,-0.268725,-1.801410,-0.127988,1.180916,0.767485
6.558000,0.421516,0.477955,-0.268850,-1.800702,-0.128187,1.181687,0.767485
6.560000,0.421474,0.478019,-0.268975,-1.799993,-0.128386,1.182461,0.767485
6.562000,0.421432,0.478083,-0.269100,-1.799280,-0.128585,1.183236,0.767485
6.564000,0.421390,0.478147,-0.269225,-1.798565,-0.128784,1.184012,0.767485
6.566000,0.421347,0.478212,-0.269350,-1.797848,-0.128982,1.184790,0.767485
6.568000,0.421305,0.478277,-0.269476,-1.797128,-0.129180,1.185570,0.767485
6.570000,0.421262,0.478343,-0.269601,-1.796405,-0.129378,1.186351,0.767485
6.572000,0.421219,0.478409,-0.269726,-1.795680,-0.129575,1.187133,0.767485
6.574000,0.421176,0.478475,-0.269851,-1.794953,-0.129771,1.187917,0.767485
6.576000,0.421133,0.478542,-0.269976,-1.794223,-0.129967,1.188703,0.767485
6.578000,0.421090,0.478608,-0.270102,-1.793491,-0.130163,1.189490,0.767485
6.580000,0.421046,0.478676,-0.270227,-1.792757,-0.130358,1.190278,0.767485
6.582000,0.421003,0.478743,-0.270352,-1.792020,-0.130553,1.191068,0.767485
6.584000,0.420960,0.478811,-0.270478,-1.791281,-0.130747,1.191859,0.767485
6.586000,0.420916,0.478880,-0.270604,-1.790540,-0.130940,1.192652,0.767485
6.588000,0.420872,0.478948,-0.270730,-1.789796,-0.131133,1.193446,0.767485
6.590000,0.420829,0.479017,-0.270855,-1.789050,-0.131325,1.194241,0.767485
6.592000,0.420785,0.479086,-0.270982,-1.788302,-0.131517,1.195038,0.767485
6.594000,0.420741,0.479156,-0.271108,-1.787552,-0.131707,1.195837,0.767485
6.596000,0.420697,0.479226,-0.271234,-1.786800,-0.131897,1.196636,0.767485
6.598000,0.420653,0.479296,-0.271361,-1.786045,-0.132086,1.197438,0.767485
6.600000,0.420609,0.479367,-0.271487,-1.785288,-0.132275,1.198241,0.767485
6.602000,0.420587,0.479402,-0.271551,-1.784909,-0.132369,1.198644,0.767485
6.604000,0.420543,0.479473,-0.271678,-1.784149,-0.132556,1.199449,0.767485
6.606000,0.420498,0.479544,-0.271805,-1.783387,-0.132742,1.200257,0.767485
6.608000,0.420454,0.479616,-0.271932,-1.782623,-0.132928,1.201068,0.767485
6.610000,0.420410,0.479688,-0.272059,-1.781857,-0.133113,1.201881,0.767485
6.612000,0.420365,0.479760,-0.272187,-1.781088,-0.133298,1.202696,0.767485
6.614000,0.420321,0.479832,-0.272315,-1.780318,-0.133482,1.203514,0.767485
6.616000,0.420277,0.479905,-0.272443,-1.779546,-0.133665,1.204334,0.767485
6.618000,0.420232,0.479978,-0.272571,-1.778772,-0.133847,1.205156,0.767485
6.620000,0.420188,0.480051,-0.272700,-1.777996,-0.134028,1.205981,0.767485
6.622000,0.420143,0.480125,-0.272828,-1.777217,-0.134208,1.206808,0.767485
6.624000,0.420099,0.480199,-0.272957,-1.776437,-0.134387,1.207638,0.767485
6.626000,0.420054,0.480273,-0.273087,-1.775655,-0.134566,1.208469,0.767485
6.628000,0.420010,0.480348,-0.273216,-1.774872,-0.134743,1.209304,0.767485
6.630000,0.419965,0.480422,-0.273346,-1.774086,-0.134919,1.210140,0.767485
6.632000,0.419921,0.480497,-0.273476,-1.773299,-0.135094,1.210979,0.767485
6.634000,0.419877,0.480572,-0.273607,-1.772510,-0.135268,1.211820,0.767485
6.636000,0.419832,0.480648,-0.273737,-1.771719,-0.135440,1.212663,0.767485
6.638000,0.419788,0.480724,-0.273868,-1.770926,-0.135611,1.213509,0.767485
6.640000,0.419744,0.480800,-0.274000,-1.770132,-0.135782,1.214357,0.767485
6.642000,0.419700,0.480876,-0.274132,-1.769336,-0.135950,1.215207,0.767485
6.644000,0.419655,0.480953,-0.274264,-1.768538,-0.136118,1.216059,0.767485
6.646000,0.419611,0.481029,-0.274396,-1.767739,-0.136284,1.216914,0.767485
6.648000,0.419567,0.481106,-0.274529,-1.766938,-0.136449,1.217771,0.767485
6.650000,0.419523,0.481183,-0.274663,-1.766136,-0.136612,1.218631,0.767485
6.652000,0.419479,0.481261,-0.274796,-1.765332,-0.136774,1.219492,0.767485
6.654000,0.419436,0.481339,-0.274930,-1.764526,-0.136934,1.220356,0.767485
6.656000,0.419392,0.481417,-0.275065,-1.763719,-0.137093,1.221223,0.767485
6.658000,0.419370,0.481456,-0.275133,-1.763315,-0.137172,1.221656,0.767485
6.660000,0.419327,0.481534,-0.275268,-1.762506,-0.137329,1.222526,0.767485
6.662000,0.419283,0.481612,-0.275404,-1.761696,-0.137485,1.223399,0.767485
6.664000,0.419240,0.481691,-0.275540,-1.760884,-0.137639,1.224274,0.767485
6.666000,0.419197,0.481770,-0.275676,-1.760070,-0.137792,1.225153,0.767485
6.668000,0.419154,0.481849,-0.275813,-1.759256,-0.137943,1.226034,0.767485
6.670000,0.419111,0.481928,-0.275951,-1.758440,-0.138094,1.226919,0.767485
6.672000,0.419068,0.482008,-0.276089,-1.757623,-0.138243,1.227806,0.767485
6.674000,0.419025,0.482087,-0.276228,-1.756804,-0.138390,1.228696,0.767485
6.676000,0.418983,0.482167,-0.276367,-1.755985,-0.138536,1.229589,0.767485
6.678000,0.418940,0.482247,-0.276506,-1.755164,-0.138680,1.230484,0.767485
6.680000,0.418898,0.482327,-0.276646,-1.754342,-0.138823,1.231383,0.767485
6.682000,0.418856,0.482408,-0.276787,-1.753519,-0.138965,1.232283,0.767485
6.684000,0.418814,0.482488,-0.276928,-1.752694,-0.139104,1.233187,0.767485
6.686000,0.418772,0.482569,-0.277070,-1.751869,-0.139242,1.234093,0.767485
6.688000,0.418730,0.482650,-0.277213,-1.751043,-0.139379,1.235002,0.767485
6.690000,0.418689,0.482731,-0.277356,-1.750215,-0.139513,1.235914,0.767485
6.692000,0.418648,0.482812,-0.277500,-1.749387,-0.139646,1.236828,0.767485
6.694000,0.418607,0.482893,-0.277644,-1.748558,-0.139778,1.237744,0.767485
6.696000,0.418566,0.482975,-0.277789,-1.747728,-0.139907,1.238663,0.767485
6.698000,0.418525,0.483057,-0.277935,-1.746897,-0.140035,1.239585,0.767485
6.700000,0.418485,0.483138,-0.278081,-1.746065,-0.140161,1.240509,0.767485
6.702000,0.418445,0.483220,-0.278228,-1.745232,-0.140285,1.241436,0.767485
6.704000,0.418405,0.483302,-0.278376,-1.744399,-0.140407,1.242366,0.767485
6.706000,0.418365,0.483384,-0.278524,-1.743564,-0.140527,1.243298,0.767485
6.708000,0.418326,0.483467,-0.278673,-1.742729,-0.140646,1.244232,0.767485
6.710000,0.418287,0.483549,-0.278823,-1.741894,-0.140763,1.245169,0.767485
6.712000,0.418248,0.483632,-0.278974,-1.741058,-0.140877,1.246109,0.767485
6.714000,0.418210,0.483714,-0.279125,-1.740221,-0.140990,1.247051,0.767485
6.716000,0.418171,0.483797,-0.279278,-1.739383,-0.141101,1.247995,0.767485
6.718000,0.418133,0.483880,-0.279430,-1.738545,-0.141210,1.248943,0.767485
6.720000,0.418095,0.483963,-0.279584,-1.737707,-0.141317,1.249892,0.767485
6.722000,0.418058,0.484046,-0.279739,-1.736868,-0.141422,1.250845,0.767485
6.724000,0.418021,0.484129,-0.279894,-1.736028,-0.141525,1.251799,0.767485
6.726000,0.417984,0.484212,-0.280051,-1.735188,-0.141625,1.252757,0.767485
6.728000,0.417948,0.484296,-0.280208,-1.734348,-0.141724,1.253717,0.767485
6.730000,0.417929,0.484337,-0.280287,-1.733928,-0.141773,1.254198,0.767485
6.732000,0.417876,0.484462,-0.280525,-1.732667,-0.141916,1.255645,0.767485
6.734000,0.417840,0.484546,-0.280684,-1.731826,-0.142009,1.256613,0.767485
6.736000,0.417822,0.484588,-0.280765,-1.731405,-0.142054,1.257098,0.767485
6.738000,0.417787,0.484671,-0.280926,-1.730563,-0.142143,1.258070,0.767485
6.740000,0.417753,0.484755,-0.281088,-1.729722,-0.142230,1.259045,0.767485
6.742000,0.417718,0.484839,-0.281251,-1.728880,-0.142315,1.260023,0.767485
6.744000,0.417685,0.484922,-0.281415,-1.728038,-0.142397,1.261004,0.767485
6.746000,0.417651,0.485006,-0.281580,-1.727195,-0.142478,1.261989,0.767485
6.748000,0.417618,0.485090,-0.281745,-1.726353,-0.142555,1.262976,0.767485
6.750000,0.417585,0.485174,-0.281912,-1.725511,-0.142631,1.263965,0.767485
6.752000,0.417553,0.485258,-0.282080,-1.724669,-0.142703,1.264958,0.767485
6.754000,0.417521,0.485342,-0.282249,-1.723827,-0.142773,1.265954,0.767485
6.756000,0.417489,0.485426,-0.282419,-1.722985,-0.142841,1.266952,0.767485
6.758000,0.417458,0.485510,-0.282590,-1.722143,-0.142906,1.267953,0.767485
6.760000,0.417428,0.485594,-0.282762,-1.721301,-0.142968,1.268957,0.767485
6.762000,0.417397,0.485678,-0.282936,-1.720459,-0.143027,1.269963,0.767485
6.764000,0.417368,0.485762,-0.283110,-1.719618,-0.143083,1.270972,0.767485
6.766000,0.417339,0.485846,-0.283285,-1.718777,-0.143137,1.271983,0.767485
6.768000,0.417310,0.485930,-0.283462,-1.717936,-0.143187,1.272998,0.767485
6.770000,0.417281,0.486014,-0.283640,-1.717096,-0.143235,1.274014,0.767485
6.772000,0.417254,0.486098,-0.283819,-1.716255,-0.143280,1.275034,0.767485
6.774000,0.417226,0.486182,-0.283999,-1.715416,-0.143321,1.276056,0.767485
6.776000,0.417200,0.486265,-0.284180,-1.714577,-0.143360,1.277081,0.767485
6.778000,0.417173,0.486349,-0.284363,-1.713738,-0.143395,1.278108,0.767485
6.780000,0.417147,0.486433,-0.284547,-1.712900,-0.143428,1.279138,0.767485
6.782000,0.417122,0.486517,-0.284732,-1.712062,-0.143457,1.280170,0.767485
6.784000,0.417098,0.486601,-0.284918,-1.711225,-0.143483,1.281205,0.767485
6.786000,0.417073,0.486685,-0.285106,-1.710389,-0.143506,1.282243,0.767485
6.788000,0.417050,0.486768,-0.285295,-1.709553,-0.143526,1.283284,0.767485
6.790000,0.417027,0.486852,-0.285485,-1.708718,-0.143543,1.284327,0.767485
6.792000,0.417004,0.486935,-0.285676,-1.707884,-0.143557,1.285372,0.767485
6.794000,0.416982,0.487019,-0.285869,-1.707051,-0.143567,1.286421,0.767485
6.796000,0.416961,0.487102,-0.286063,-1.706218,-0.143574,1.287472,0.767485
6.798000,0.416940,0.487186,-0.286259,-1.705386,-0.143578,1.288526,0.767485
6.800000,0.416920,0.487269,-0.286456,-1.704555,-0.143579,1.289582,0.767485
6.802000,0.416900,0.487352,-0.286653,-1.703725,-0.143579,1.290642,0.767485
6.804000,0.416880,0.487435,-0.286851,-1.702896,-0.143579,1.291703,0.767485
6.806000,0.416860,0.487518,-0.287050,-1.702068,-0.143579,1.292768,0.767485
6.808000,0.416840,0.487601,-0.287248,-1.701241,-0.143579,1.293835,0.767485
6.810000,0.416820,0.487683,-0.287447,-1.700416,-0.143579,1.294905,0.767485
6.812000,0.416800,0.487765,-0.287646,-1.699591,-0.143579,1.295978,0.767485
6.814000,0.416779,0.487847,-0.287846,-1.698767,-0.143579,1.297053,0.767485
6.816000,0.416769,0.487888,-0.287946,-1.698356,-0.143579,1.297592,0.767485
6.818000,0.416749,0.487970,-0.288146,-1.697534,-0.143579,1.298671,0.767485
6.820000,0.416729,0.488052,-0.288346,-1.696713,-0.143579,1.299753,0.767485
6.822000,0.416708,0.488133,-0.288547,-1.695894,-0.143579,1.300839,0.767485
6.824000,0.416688,0.488214,-0.288747,-1.695076,-0.143579,1.301928,0.767485
6.826000,0.416668,0.488295,-0.288948,-1.694259,-0.143579,1.303021,0.767485
6.828000,0.416647,0.488375,-0.289150,-1.693443,-0.143579,1.304117,0.767485
6.830000,0.416626,0.488455,-0.289351,-1.692629,-0.143579,1.305216,0.767485
6.832000,0.416605,0.488536,-0.289552,-1.691817,-0.143579,1.306318,0.767485
6.834000,0.416584,0.488615,-0.289754,-1.691006,-0.143579,1.307424,0.767485
6.836000,0.416563,0.488695,-0.289955,-1.690196,-0.143579,1.308532,0.767485
6.838000,0.416542,0.488774,-0.290157,-1.689388,-0.143579,1.309644,0.767485
6.840000,0.416520,0.488853,-0.290359,-1.688581,-0.143579,1.310759,0.767485
6.842000,0.416498,0.488932,-0.290560,-1.687776,-0.143579,1.311877,0.767485
6.844000,0.416476,0.489010,-0.290762,-1.686973,-0.143579,1.312998,0.767485
6.846000,0.416454,0.489088,-0.290963,-1.686171,-0.143579,1.314122,0.767485
6.848000,0.416431,0.489166,-0.291165,-1.685371,-0.143579,1.315249,0.767485
6.850000,0.416408,0.489243,-0.291366,-1.684573,-0.143579,1.316379,0.767485
6.852000,0.416385,0.489320,-0.291567,-1.683777,-0.143579,1.317512,0.767485
6.854000,0.416362,0.489397,-0.291768,-1.682982,-0.143579,1.318648,0.767485
6.856000,0.416338,0.489473,-0.291969,-1.682189,-0.143579,1.319788,0.767485
6.858000,0.416314,0.489549,-0.292170,-1.681399,-0.143579,1.320930,0.767485
6.860000,0.416289,0.489625,-0.292370,-1.680610,-0.143579,1.322075,0.767485
6.862000,0.416264,0.489700,-0.292570,-1.679822,-0.143579,1.323224,0.767485
6.864000,0.416239,0.489775,-0.292770,-1.679037,-0.143579,1.324375,0.767485
6.866000,0.416213,0.489849,-0.292969,-1.678254,-0.143579,1.325530,0.767485
6.868000,0.416187,0.489923,-0.293168,-1.677473,-0.143579,1.326687,0.767485
6.870000,0.416161,0.489997,-0.293367,-1.676694,-0.143579,1.327848,0.767485
6.872000,0.416134,0.490070,-0.293565,-1.675917,-0.143579,1.329011,0.767485
6.874000,0.416107,0.490143,-0.293763,-1.675142,-0.143579,1.330177,0.767485
6.876000,0.416093,0.490179,-0.293862,-1.674756,-0.143579,1.330761,0.767485
6.878000,0.416064,0.490252,-0.294059,-1.673984,-0.143579,1.331931,0.767485
6.880000,0.416036,0.490324,-0.294255,-1.673215,-0.143579,1.333104,0.767485
6.882000,0.416006,0.490395,-0.294451,-1.672448,-0.143579,1.334280,0.767485
6.884000,0.415977,0.490466,-0.294646,-1.671683,-0.143579,1.335459,0.767485
6.886000,0.415946,0.490536,-0.294841,-1.670921,-0.143579,1.336641,0.767485
6.888000,0.415915,0.490606,-0.295035,-1.670160,-0.143579,1.337825,0.767485
6.890000,0.415884,0.490676,-0.295228,-1.669403,-0.143579,1.339012,0.767485
6.892000,0.415851,0.490745,-0.295421,-1.668647,-0.143579,1.340201,0.767485
6.894000,0.415818,0.490814,-0.295612,-1.667894,-0.143579,1.341393,0.767485
6.896000,0.415785,0.490882,-0.295803,-1.667144,-0.143579,1.342587,0.767485
6.898000,0.415750,0.490949,-0.295993,-1.666396,-0.143579,1.343784,0.767485
6.900000,0.415715,0.491017,-0.296182,-1.665651,-0.143579,1.344982,0.767485
6.902000,0.415679,0.491083,-0.296370,-1.664908,-0.143579,1.346183,0.767485
6.904000,0.415642,0.491149,-0.296557,-1.664167,-0.143579,1.347385,0.767485
6.906000,0.415605,0.491215,-0.296743,-1.663430,-0.143579,1.348590,0.767485
6.908000,0.415567,0.491280,-0.296927,-1.662695,-0.143579,1.349796,0.767485
6.910000,0.415527,0.491344,-0.297111,-1.661963,-0.143579,1.351005,0.767485
6.912000,0.415487,0.491408,-0.297294,-1.661233,-0.143579,1.352215,0.767485
6.914000,0.415446,0.491472,-0.297475,-1.660507,-0.143579,1.353428,0.767485
6.916000,0.415404,0.491534,-0.297655,-1.659783,-0.143579,1.354642,0.767485
6.918000,0.415362,0.491597,-0.297834,-1.659062,-0.143579,1.355859,0.767485
6.920000,0.415318,0.491658,-0.298011,-1.658344,-0.143579,1.357077,0.767485
6.922000,0.415273,0.491719,-0.298188,-1.657628,-0.143579,1.358297,0.767485
6.924000,0.415227,0.491780,-0.298362,-1.656916,-0.143579,1.359520,0.767485
6.926000,0.415204,0.491810,-0.298449,-1.656561,-0.143579,1.360132,0.767485
6.928000,0.415157,0.491869,-0.298622,-1.655853,-0.143579,1.361357,0.767485
6.930000,0.415109,0.491928,-0.298793,-1.655148,-0.143579,1.362585,0.767485
6.932000,0.415060,0.491986,-0.298963,-1.654447,-0.143579,1.363815,0.767485
6.934000,0.415009,0.492044,-0.299132,-1.653748,-0.143579,1.365049,0.767485
6.936000,0.414958,0.492101,-0.299299,-1.653053,-0.143579,1.366285,0.767485
6.938000,0.414906,0.492157,-0.299465,-1.652361,-0.143579,1.367524,0.767485
6.940000,0.414853,0.492213,-0.299629,-1.651672,-0.143579,1.368766,0.767485
6.942000,0.414798,0.492268,-0.299791,-1.650986,-0.143579,1.370010,0.767485
6.944000,0.414743,0.492322,-0.299952,-1.650303,-0.143579,1.371257,0.767485
6.946000,0.414686,0.492376,-0.300111,-1.649624,-0.143579,1.372507,0.767485
6.948000,0.414628,0.492429,-0.300269,-1.648948,-0.143579,1.373759,0.767485
6.950000,0.414569,0.492481,-0.300425,-1.648276,-0.143579,1.375014,0.767485
6.952000,0.414509,0.492533,-0.300580,-1.647607,-0.143579,1.376271,0.767485
6.954000,0.414448,0.492584,-0.300732,-1.646941,-0.143579,1.377532,0.767485
6.956000,0.414385,0.492634,-0.300883,-1.646279,-0.143579,1.378794,0.767485
6.958000,0.414321,0.492684,-0.301032,-1.645620,-0.143579,1.380060,0.767485
6.960000,0.414257,0.492732,-0.301179,-1.644965,-0.143579,1.381328,0.767485
6.962000,0.414190,0.492781,-0.301325,-1.644314,-0.143579,1.382599,0.767485
6.964000,0.414123,0.492828,-0.301469,-1.643666,-0.143579,1.383872,0.767485
6.966000,0.414054,0.492874,-0.301610,-1.643021,-0.143579,1.385149,0.767485
6.968000,0.413984,0.492920,-0.301750,-1.642380,-0.143579,1.386428,0.767485
6.970000,0.413913,0.492965,-0.301888,-1.641743,-0.143579,1.387710,0.767485
6.972000,0.413877,0.492988,-0.301956,-1.641426,-0.143579,1.388352,0.767485
6.974000,0.413804,0.493032,-0.302092,-1.640794,-0.143579,1.389638,0.767485
6.976000,0.413729,0.493075,-0.302225,-1.640166,-0.143579,1.390927,0.767485
6.978000,0.413653,0.493117,-0.302356,-1.639542,-0.143579,1.392220,0.767485
6.980000,0.413576,0.493159,-0.302485,-1.638922,-0.143579,1.393517,0.767485
6.982000,0.413498,0.493200,-0.302613,-1.638306,-0.143579,1.394817,0.767485
6.984000,0.413418,0.493240,-0.302738,-1.637693,-0.143579,1.396121,0.767485
6.986000,0.413337,0.493279,-0.302861,-1.637084,-0.143579,1.397428,0.767485
6.988000,0.413255,0.493318,-0.302983,-1.636480,-0.143579,1.398739,0.767485
6.990000,0.413171,0.493356,-0.303102,-1.635879,-0.143579,1.400053,0.767485
6.992000,0.413086,0.493393,-0.303219,-1.635282,-0.143579,1.401371,0.767485
6.994000,0.413000,0.493429,-0.303335,-1.634689,-0.143579,1.402693,0.767485
6.996000,0.412912,0.493464,-0.303448,-1.634100,-0.143579,1.404017,0.767485
6.998000,0.412822,0.493499,-0.303559,-1.633515,-0.143579,1.405345,0.767485
7.000000,0.412732,0.493532,-0.303667,-1.632934,-0.143579,1.406677,0.767485
7.002000,0.412640,0.493565,-0.303774,-1.632357,-0.143579,1.408012,0.767485
7.004000,0.412546,0.493597,-0.303879,-1.631785,-0.143579,1.409350,0.767485
7.006000,0.412451,0.493629,-0.303981,-1.631216,-0.143579,1.410692,0.767485
7.008000,0.412355,0.493659,-0.304081,-1.630652,-0.143579,1.412038,0.767485
7.010000,0.412257,0.493689,-0.304179,-1.630091,-0.143579,1.413386,0.767485
7.012000,0.412158,0.493717,-0.304275,-1.629535,-0.143579,1.414738,0.767485
7.014000,0.412057,0.493745,-0.304368,-1.628983,-0.143579,1.416092,0.767485
7.016000,0.411954,0.493772,-0.304459,-1.628435,-0.143579,1.417449,0.767485
7.018000,0.411850,0.493799,-0.304548,-1.627892,-0.143579,1.418808,0.767485
7.020000,0.411745,0.493824,-0.304634,-1.627352,-0.143579,1.420169,0.767485
7.022000,0.411638,0.493848,-0.304718,-1.626817,-0.143579,1.421533,0.767485
7.024000,0.411529,0.493872,-0.304799,-1.626286,-0.143579,1.422898,0.767485
7.026000,0.411419,0.493895,-0.304878,-1.625759,-0.143579,1.424265,0.767485
7.028000,0.411307,0.493917,-0.304954,-1.625236,-0.143579,1.425633,0.767485
7.030000,0.411251,0.493927,-0.304992,-1.624977,-0.143579,1.426318,0.767485
7.032000,0.411136,0.493948,-0.305064,-1.624461,-0.143579,1.427689,0.767485
7.034000,0.411020,0.493968,-0.305134,-1.623949,-0.143579,1.429061,0.767485
7.036000,0.410903,0.493987,-0.305202,-1.623441,-0.143579,1.430436,0.767485
7.038000,0.410783,0.494005,-0.305267,-1.622938,-0.143579,1.431813,0.767485
7.040000,0.410663,0.494022,-0.305329,-1.622440,-0.143579,1.433191,0.767485
7.042000,0.410540,0.494038,-0.305389,-1.621945,-0.143579,1.434572,0.767485
7.044000,0.410416,0.494054,-0.305446,-1.621455,-0.143579,1.435954,0.767485
7.046000,0.410290,0.494068,-0.305500,-1.620970,-0.143579,1.437337,0.767485
7.048000,0.410162,0.494082,-0.305552,-1.620489,-0.143579,1.438722,0.767485
7.050000,0.410033,0.494094,-0.305601,-1.620012,-0.143579,1.440109,0.767485
7.052000,0.409901,0.494106,-0.305647,-1.619540,-0.143579,1.441497,0.767485
7.054000,0.409769,0.494117,-0.305691,-1.619072,-0.143579,1.442886,0.767485
7.056000,0.409634,0.494127,-0.305732,-1.618609,-0.143579,1.444277,0.767485
7.058000,0.409498,0.494136,-0.305770,-1.618150,-0.143579,1.445669,0.767485
7.060000,0.409359,0.494145,-0.305806,-1.617696,-0.143579,1.447062,0.767485
7.062000,0.409219,0.494152,-0.305838,-1.617246,-0.143579,1.448457,0.767485
7.064000,0.409078,0.494158,-0.305868,-1.616801,-0.143579,1.449853,0.767485
7.066000,0.408934,0.494164,-0.305895,-1.616361,-0.143579,1.451250,0.767485
7.068000,0.408789,0.494168,-0.305919,-1.615925,-0.143579,1.452649,0.767485
7.070000,0.408642,0.494172,-0.305941,-1.615494,-0.143579,1.454049,0.767485
7.072000,0.408493,0.494175,-0.305959,-1.615067,-0.143579,1.455451,0.767485
7.074000,0.408342,0.494176,-0.305975,-1.614645,-0.143579,1.456854,0.767485
7.076000,0.408190,0.494177,-0.305988,-1.614228,-0.143579,1.458258,0.767485
7.078000,0.408113,0.494177,-0.305993,-1.614021,-0.143579,1.458961,0.767485
7.080000,0.407958,0.494177,-0.306002,-1.613610,-0.143579,1.460366,0.767485
7.082000,0.407801,0.494177,-0.306009,-1.613202,-0.143579,1.461772,0.767485
7.084000,0.407642,0.494177,-0.306013,-1.612798,-0.143579,1.463179,0.767485
7.086000,0.407482,0.494177,-0.306014,-1.612397,-0.143579,1.464586,0.767485
7.088000,0.407321,0.494177,-0.306014,-1.612000,-0.143579,1.465993,0.767485
7.090000,0.407161,0.494177,-0.306014,-1.611607,-0.143579,1.467402,0.767485
7.092000,0.407000,0.494177,-0.306014,-1.611218,-0.143579,1.468812,0.767485
7.094000,0.406840,0.494177,-0.306014,-1.610832,-0.143579,1.470224,0.767485
7.096000,0.406680,0.494177,-0.306014,-1.610451,-0.143579,1.471636,0.767485
7.098000,0.406520,0.494177,-0.306014,-1.610073,-0.143579,1.473050,0.767485
7.100000,0.406361,0.494177,-0.306014,-1.609700,-0.143579,1.474465,0.767485
7.102000,0.406201,0.494177,-0.306014,-1.609330,-0.143579,1.475881,0.767485
7.104000,0.406042,0.494177,-0.306014,-1.608965,-0.143579,1.477298,0.767485
7.106000,0.405884,0.494177,-0.306014,-1.608603,-0.143579,1.478716,0.767485
7.108000,0.405725,0.494177,-0.306014,-1.608245,-0.143579,1.480136,0.767485
7.110000,0.405567,0.494177,-0.306014,-1.607891,-0.143579,1.481557,0.767485
7.112000,0.405409,0.494177,-0.306014,-1.607542,-0.143579,1.482979,0.767485
7.114000,0.405251,0.494177,-0.306014,-1.607196,-0.143579,1.484402,0.767485
7.116000,0.405094,0.494177,-0.306014,-1.606854,-0.143579,1.485827,0.767485
7.118000,0.404937,0.494177,-0.306014,-1.606517,-0.143579,1.487253,0.767485
7.120000,0.404780,0.494177,-0.306014,-1.606183,-0.143579,1.488680,0.767485
7.122000,0.404624,0.494177,-0.306014,-1.605854,-0.143579,1.490109,0.767485
7.124000,0.404467,0.494177,-0.306014,-1.605528,-0.143579,1.491539,0.767485
7.126000,0.404312,0.494177,-0.306014,-1.605207,-0.143579,1.492970,0.767485
7.128000,0.404156,0.494177,-0.306014,-1.604889,-0.143579,1.494403,0.767485
7.130000,0.404001,0.494177,-0.306014,-1.604576,-0.143579,1.495837,0.767485
7.132000,0.403846,0.494177,-0.306014,-1.604267,-0.143579,1.497273,0.767485
7.134000,0.403691,0.494177,-0.306014,-1.603961,-0.143579,1.498710,0.767485
7.136000,0.403537,0.494177,-0.306014,-1.603660,-0.143579,1.500149,0.767485
7.138000,0.403383,0.494177,-0.306014,-1.603363,-0.143579,1.501590,0.767485
7.140000,0.403229,0.494177,-0.306014,-1.603070,-0.143579,1.503032,0.767485
7.142000,0.403076,0.494177,-0.306014,-1.602781,-0.143579,1.504475,0.767485
7.144000,0.402923,0.494177,-0.306014,-1.602496,-0.143579,1.505921,0.767485
7.146000,0.402770,0.494177,-0.306014,-1.602216,-0.143579,1.507368,0.767485
7.148000,0.402618,0.494177,-0.306014,-1.601939,-0.143579,1.508816,0.767485
7.150000,0.402466,0.494177,-0.306014,-1.601666,-0.143579,1.510267,0.767485
7.152000,0.402315,0.494177,-0.306014,-1.601398,-0.143579,1.511718,0.767485
7.154000,0.402163,0.494177,-0.306014,-1.601134,-0.143579,1.513171,0.767485
7.156000,0.402013,0.494177,-0.306014,-1.600873,-0.143579,1.514624,0.767485
7.158000,0.401862,0.494177,-0.306014,-1.600617,-0.143579,1.516077,0.767485
7.160000,0.401712,0.494177,-0.306014,-1.600365,-0.143579,1.517531,0.767485
7.162000,0.401562,0.494177,-0.306014,-1.600116,-0.143579,1.518985,0.767485
7.164000,0.401413,0.494177,-0.306014,-1.599872,-0.143579,1.520439,0.767485
7.166000,0.401264,0.494177,-0.306014,-1.599632,-0.143579,1.521893,0.767485
7.168000,0.401116,0.494177,-0.306014,-1.599396,-0.143579,1.523347,0.767485
7.170000,0.400968,0.494177,-0.306014,-1.599163,-0.143579,1.524800,0.767485
7.172000,0.400820,0.494177,-0.306014,-1.598935,-0.143579,1.526252,0.767485
7.174000,0.400673,0.494177,-0.306014,-1.598711,-0.143579,1.527704,0.767485
7.176000,0.400526,0.494177,-0.306014,-1.598490,-0.143579,1.529155,0.767485
7.178000,0.400379,0.494177,-0.306014,-1.598274,-0.143579,1.530606,0.767485
7.180000,0.400234,0.494177,-0.306014,-1.598062,-0.143579,1.532056,0.767485
7.182000,0.400088,0.494177,-0.306014,-1.597853,-0.143579,1.533505,0.767485
7.184000,0.399943,0.494177,-0.306014,-1.597649,-0.143579,1.534953,0.767485
7.186000,0.399798,0.494177,-0.306014,-1.597448,-0.143579,1.536400,0.767485
7.188000,0.399654,0.494177,-0.306014,-1.597252,-0.143579,1.537846,0.767485
7.190000,0.399511,0.494177,-0.306014,-1.597059,-0.143579,1.539292,0.767485
7.192000,0.399367,0.494177,-0.306014,-1.596871,-0.143579,1.540737,0.767485
7.194000,0.399225,0.494177,-0.306014,-1.596686,-0.143579,1.542181,0.767485
7.196000,0.399082,0.494177,-0.306014,-1.596505,-0.143579,1.543624,0.767485
7.198000,0.398941,0.494177,-0.306014,-1.596328,-0.143579,1.545066,0.767485
7.200000,0.398799,0.494177,-0.306014,-1.596155,-0.143579,1.546507,0.767485
7.202000,0.398659,0.494177,-0.306014,-1.595987,-0.143579,1.547948,0.767485
7.204000,0.398518,0.494177,-0.306014,-1.595822,-0.143579,1.549388,0.767485
7.206000,0.398378,0.494177,-0.306014,-1.595660,-0.143579,1.550827,0.767485
7.208000,0.398239,0.494177,-0.306014,-1.595503,-0.143579,1.552265,0.767485
7.210000,0.398100,0.494177,-0.306014,-1.595350,-0.143579,1.553703,0.767485
7.212000,0.397962,0.494177,-0.306014,-1.595201,-0.143579,1.555140,0.767485
7.214000,0.397893,0.494177,-0.306014,-1.595127,-0.143579,1.555858,0.767485
7.216000,0.397755,0.494177,-0.306014,-1.594984,-0.143579,1.557294,0.767485
7.218000,0.397618,0.494177,-0.306014,-1.594844,-0.143579,1.558730,0.767485
7.220000,0.397482,0.494177,-0.306014,-1.594709,-0.143579,1.560166,0.767485
7.222000,0.397346,0.494177,-0.306014,-1.594577,-0.143579,1.561602,0.767485
7.224000,0.397210,0.494177,-0.306014,-1.594449,-0.143579,1.563038,0.767485
7.226000,0.397075,0.494177,-0.306014,-1.594325,-0.143579,1.564474,0.767485
7.228000,0.396940,0.494177,-0.306014,-1.594205,-0.143579,1.565910,0.767485
7.230000,0.396806,0.494177,-0.306014,-1.594089,-0.143579,1.567346,0.767485
7.232000,0.396673,0.494177,-0.306014,-1.593976,-0.143579,1.568782,0.767485
7.234000,0.396540,0.494177,-0.306014,-1.593868,-0.143579,1.570218,0.767485
7.236000,0.396407,0.494177,-0.306014,-1.593763,-0.143579,1.571655,0.767485
7.238000,0.396275,0.494177,-0.306014,-1.593663,-0.143579,1.573091,0.767485
7.240000,0.396144,0.494177,-0.306014,-1.593566,-0.143579,1.574527,0.767485
7.242000,0.396013,0.494177,-0.306014,-1.593473,-0.143579,1.575963,0.767485
7.244000,0.395883,0.494177,-0.306014,-1.593383,-0.143579,1.577400,0.767485
7.246000,0.395753,0.494177,-0.306014,-1.593298,-0.143579,1.578836,0.767485
7.248000,0.395624,0.494177,-0.306014,-1.593216,-0.143579,1.580273,0.767485
7.250000,0.395495,0.494177,-0.306014,-1.593138,-0.143579,1.581710,0.767485
7.252000,0.395367,0.494177,-0.306014,-1.593064,-0.143579,1.583147,0.767485
7.254000,0.395239,0.494177,-0.306014,-1.592993,-0.143579,1.584584,0.767485
7.256000,0.395112,0.494177,-0.306014,-1.592927,-0.143579,1.586022,0.767485
7.258000,0.394985,0.494177,-0.306014,-1.592864,-0.143579,1.587460,0.767485
7.260000,0.394859,0.494177,-0.306014,-1.592804,-0.143579,1.588898,0.767485
7.262000,0.394734,0.494177,-0.306014,-1.592749,-0.143579,1.590336,0.767485
7.264000,0.394671,0.494177,-0.306014,-1.592723,-0.143579,1.591056,0.767485
7.266000,0.394484,0.494177,-0.306014,-1.592649,-0.143579,1.593214,0.767485
7.268000,0.394361,0.494177,-0.306014,-1.592604,-0.143579,1.594655,0.767485
7.270000,0.394237,0.494177,-0.306014,-1.592564,-0.143579,1.596095,0.767485
7.272000,0.394114,0.494177,-0.306014,-1.592526,-0.143579,1.597536,0.767485
7.274000,0.393992,0.494177,-0.306014,-1.592493,-0.143579,1.598978,0.767485
7.276000,0.393871,0.494177,-0.306014,-1.592463,-0.143579,1.600419,0.767485
7.278000,0.393750,0.494177,-0.306014,-1.592437,-0.143579,1.601862,0.767485
7.280000,0.393629,0.494177,-0.306014,-1.592414,-0.143579,1.603305,0.767485
7.282000,0.393509,0.494177,-0.306014,-1.592395,-0.143579,1.604748,0.767485
7.284000,0.393390,0.494177,-0.306014,-1.592379,-0.143579,1.606192,0.767485
7.286000,0.393271,0.494177,-0.306014,-1.592367,-0.143579,1.607637,0.767485
7.288000,0.393152,0.494177,-0.306014,-1.592358,-0.143579,1.609083,0.767485
7.290000,0.393035,0.494177,-0.306014,-1.592353,-0.143579,1.610528,0.767485
7.292000,0.392917,0.494177,-0.306014,-1.592351,-0.143579,1.611974,0.767485
7.294000,0.392801,0.494178,-0.306014,-1.592351,-0.143579,1.613417,0.767485
7.296000,0.392684,0.494180,-0.306014,-1.592351,-0.143579,1.614852,0.767485
7.298000,0.392568,0.494183,-0.306014,-1.592351,-0.143579,1.616281,0.767485
7.300000,0.392453,0.494187,-0.306014,-1.592351,-0.143579,1.617703,0.767485
7.302000,0.392337,0.494192,-0.306014,-1.592351,-0.143579,1.619118,0.767485
7.304000,0.392223,0.494198,-0.306014,-1.592351,-0.143579,1.620527,0.767485
7.306000,0.392108,0.494205,-0.306014,-1.592351,-0.143579,1.621929,0.767485
7.308000,0.391994,0.494214,-0.306014,-1.592351,-0.143579,1.623324,0.767485
7.310000,0.391880,0.494224,-0.306014,-1.592351,-0.143579,1.624712,0.767485
7.312000,0.391767,0.494234,-0.306014,-1.592351,-0.143579,1.626094,0.767485
7.314000,0.391654,0.494246,-0.306014,-1.592351,-0.143579,1.627469,0.767485
7.316000,0.391542,0.494259,-0.306014,-1.592351,-0.143579,1.628838,0.767485
7.318000,0.391486,0.494266,-0.306014,-1.592351,-0.143579,1.629520,0.767485
7.320000,0.391374,0.494281,-0.306014,-1.592351,-0.143579,1.630879,0.767485
7.322000,0.391262,0.494297,-0.306014,-1.592351,-0.143579,1.632232,0.767485
7.324000,0.391151,0.494313,-0.306014,-1.592351,-0.143579,1.633579,0.767485
7.326000,0.391040,0.494331,-0.306014,-1.592351,-0.143579,1.634920,0.767485
7.328000,0.390930,0.494350,-0.306014,-1.592351,-0.143579,1.636255,0.767485
7.330000,0.390820,0.494371,-0.306014,-1.592351,-0.143579,1.637584,0.767485
7.332000,0.390711,0.494392,-0.306014,-1.592351,-0.143579,1.638907,0.767485
7.334000,0.390602,0.494414,-0.306014,-1.592351,-0.143579,1.640224,0.767485
7.336000,0.390493,0.494437,-0.306014,-1.592351,-0.143579,1.641536,0.767485
7.338000,0.390385,0.494462,-0.306014,-1.592351,-0.143579,1.642842,0.767485
7.340000,0.390277,0.494487,-0.306014,-1.592351,-0.143579,1.644142,0.767485
7.342000,0.390223,0.494500,-0.306014,-1.592351,-0.143579,1.644790,0.767485
7.344000,0.390116,0.494527,-0.306014,-1.592351,-0.143579,1.646081,0.767485
7.346000,0.390010,0.494555,-0.306014,-1.592351,-0.143579,1.647368,0.767485
7.348000,0.389903,0.494584,-0.306014,-1.592351,-0.143579,1.648649,0.767485
7.350000,0.389797,0.494615,-0.306014,-1.592351,-0.143579,1.649925,0.767485
7.352000,0.389692,0.494646,-0.306014,-1.592351,-0.143579,1.651195,0.767485
7.354000,0.389587,0.494678,-0.306014,-1.592351,-0.143579,1.652461,0.767485
7.356000,0.389482,0.494711,-0.306014,-1.592351,-0.143579,1.653721,0.767485
7.358000,0.389378,0.494746,-0.306014,-1.592351,-0.143579,1.654977,0.767485
7.360000,0.389274,0.494781,-0.306014,-1.592351,-0.143579,1.656227,0.767485
7.362000,0.389171,0.494817,-0.306014,-1.592351,-0.143579,1.657473,0.767485
7.364000,0.389120,0.494836,-0.306014,-1.592351,-0.143579,1.658094,0.767485
7.366000,0.388966,0.494893,-0.306014,-1.592351,-0.143579,1.659949,0.767485
7.368000,0.388864,0.494932,-0.306014,-1.592351,-0.143579,1.661180,0.767485
7.370000,0.388762,0.494972,-0.306014,-1.592351,-0.143579,1.662406,0.767485
7.372000,0.388661,0.495014,-0.306014,-1.592351,-0.143579,1.663628,0.767485
7.374000,0.388611,0.495035,-0.306014,-1.592351,-0.143579,1.664237,0.767485
7.376000,0.388510,0.495077,-0.306014,-1.592351,-0.143579,1.665451,0.767485
7.378000,0.388410,0.495121,-0.306014,-1.592351,-0.143579,1.666661,0.767485
7.380000,0.388311,0.495166,-0.306014,-1.592351,-0.143579,1.667866,0.767485
7.382000,0.388212,0.495211,-0.306014,-1.592351,-0.143579,1.669068,0.767485
7.384000,0.388113,0.495258,-0.306014,-1.592351,-0.143579,1.670265,0.767485
7.386000,0.388015,0.495305,-0.306014,-1.592351,-0.143579,1.671457,0.767485
7.388000,0.387917,0.495354,-0.306014,-1.592351,-0.143579,1.672646,0.767485
7.390000,0.387819,0.495403,-0.306014,-1.592351,-0.143579,1.673830,0.767485
7.392000,0.387723,0.495454,-0.306014,-1.592351,-0.143579,1.675011,0.767485
7.394000,0.387626,0.495505,-0.306014,-1.592351,-0.143579,1.676187,0.767485
7.396000,0.387530,0.495557,-0.306014,-1.592351,-0.143579,1.677359,0.767485
7.398000,0.387435,0.495610,-0.306014,-1.592351,-0.143579,1.678527,0.767485
7.400000,0.387339,0.495664,-0.306014,-1.592351,-0.143579,1.679691,0.767485
7.402000,0.387245,0.495719,-0.306014,-1.592351,-0.143579,1.680851,0.767485
7.404000,0.387151,0.495775,-0.306014,-1.592351,-0.143579,1.682007,0.767485
7.406000,0.387057,0.495832,-0.306014,-1.592351,-0.143579,1.683159,0.767485
7.408000,0.386964,0.495889,-0.306014,-1.592351,-0.143579,1.684307,0.767485
7.410000,0.386871,0.495948,-0.306014,-1.592351,-0.143579,1.685452,0.767485
7.412000,0.386778,0.496007,-0.306014,-1.592351,-0.143579,1.686592,0.767485
7.414000,0.386686,0.496067,-0.306014,-1.592351,-0.143579,1.687729,0.767485
7.416000,0.386595,0.496128,-0.306014,-1.592351,-0.143579,1.688862,0.767485
7.418000,0.386504,0.496190,-0.306014,-1.592351,-0.143579,1.689992,0.767485
7.420000,0.386413,0.496253,-0.306014,-1.592351,-0.143579,1.691118,0.767485
7.422000,0.386323,0.496316,-0.306014,-1.592351,-0.143579,1.692240,0.767485
7.424000,0.386234,0.496381,-0.306014,-1.592351,-0.143579,1.693359,0.767485
7.426000,0.386144,0.496446,-0.306014,-1.592351,-0.143579,1.694474,0.767485
7.428000,0.386056,0.496512,-0.306014,-1.592351,-0.143579,1.695586,0.767485
7.430000,0.386011,0.496545,-0.306014,-1.592351,-0.143579,1.696141,0.767485
7.432000,0.385879,0.496646,-0.306014,-1.592351,-0.143579,1.697799,0.767485
7.434000,0.385792,0.496715,-0.306014,-1.592351,-0.143579,1.698900,0.767485
7.436000,0.385749,0.496749,-0.306014,-1.592351,-0.143579,1.699448,0.767485
7.438000,0.385662,0.496819,-0.306014,-1.592351,-0.143579,1.700543,0.767485
7.440000,0.385576,0.496889,-0.306014,-1.592351,-0.143579,1.701633,0.767485
7.442000,0.385490,0.496960,-0.306014,-1.592351,-0.143579,1.702719,0.767485
7.444000,0.385405,0.497032,-0.306014,-1.592351,-0.143579,1.703800,0.767485
7.446000,0.385320,0.497104,-0.306014,-1.592351,-0.143579,1.704876,0.767485
7.448000,0.385236,0.497177,-0.306014,-1.592351,-0.143579,1.705948,0.767485
7.450000,0.385152,0.497251,-0.306014,-1.592351,-0.143579,1.707016,0.767485
7.452000,0.385068,0.497325,-0.306014,-1.592351,-0.143579,1.708078,0.767485
7.454000,0.384986,0.497400,-0.306014,-1.592351,-0.143579,1.709135,0.767485
7.456000,0.384903,0.497476,-0.306014,-1.592351,-0.143579,1.710187,0.767485
7.458000,0.384821,0.497553,-0.306014,-1.592351,-0.143579,1.711234,0.767485
7.460000,0.384740,0.497630,-0.306014,-1.592351,-0.143579,1.712276,0.767485
7.462000,0.384659,0.497707,-0.306014,-1.592351,-0.143579,1.713313,0.767485
7.464000,0.384579,0.497785,-0.306014,-1.592351,-0.143579,1.714345,0.767485
7.466000,0.384499,0.497864,-0.306014,-1.592351,-0.143579,1.715372,0.767485
7.468000,0.384459,0.497904,-0.306014,-1.592351,-0.143579,1.715883,0.767485
7.470000,0.384380,0.497983,-0.306014,-1.592351,-0.143579,1.716902,0.767485
7.472000,0.384301,0.498064,-0.306014,-1.592351,-0.143579,1.717915,0.767485
7.474000,0.384223,0.498144,-0.306014,-1.592351,-0.143579,1.718924,0.767485
7.476000,0.384145,0.498226,-0.306014,-1.592351,-0.143579,1.719928,0.767485
7.478000,0.384068,0.498308,-0.306014,-1.592351,-0.143579,1.720927,0.767485
7.480000,0.383991,0.498390,-0.306014,-1.592351,-0.143579,1.721921,0.767485
7.482000,0.383915,0.498473,-0.306014,-1.592351,-0.143579,1.722910,0.767485
7.484000,0.383839,0.498556,-0.306014,-1.592351,-0.143579,1.723895,0.767485
7.486000,0.383763,0.498640,-0.306014,-1.592351,-0.143579,1.724874,0.767485
7.488000,0.383689,0.498725,-0.306014,-1.592351,-0.143579,1.725848,0.767485
7.490000,0.383614,0.498810,-0.306014,-1.592351,-0.143579,1.726818,0.767485
7.492000,0.383540,0.498895,-0.306014,-1.592351,-0.143579,1.727782,0.767485
7.494000,0.383467,0.498981,-0.306014,-1.592351,-0.143579,1.728742,0.767485
7.496000,0.383394,0.499067,-0.306014,-1.592351,-0.143579,1.729697,0.767485
7.498000,0.383322,0.499154,-0.306014,-1.592351,-0.143579,1.730648,0.767485
7.500000,0.383250,0.499241,-0.306014,-1.592351,-0.143579,1.731594,0.767485
7.502000,0.383178,0.499329,-0.306014,-1.592351,-0.143579,1.732535,0.767485
7.504000,0.383107,0.499417,-0.306014,-1.592351,-0.143579,1.733471,0.767485
7.506000,0.383037,0.499505,-0.306014,-1.592351,-0.143579,1.734403,0.767485
7.508000,0.382967,0.499594,-0.306014,-1.592351,-0.143579,1.735330,0.767485
7.510000,0.382897,0.499683,-0.306014,-1.592351,-0.143579,1.736253,0.767485
7.512000,0.382828,0.499773,-0.306014,-1.592351,-0.143579,1.737171,0.767485
7.514000,0.382759,0.499863,-0.306014,-1.592351,-0.143579,1.738085,0.767485
7.516000,0.382691,0.499953,-0.306014,-1.592351,-0.143579,1.738995,0.767485
7.518000,0.382623,0.500044,-0.306014,-1.592351,-0.143579,1.739900,0.767485
7.520000,0.382556,0.500135,-0.306014,-1.592351,-0.143579,1.740800,0.767485
7.522000,0.382523,0.500180,-0.306014,-1.592351,-0.143579,1.741249,0.767485
7.524000,0.382456,0.500272,-0.306014,-1.592351,-0.143579,1.742144,0.767485
7.526000,0.382390,0.500364,-0.306014,-1.592351,-0.143579,1.743034,0.767485
7.528000,0.382324,0.500456,-0.306014,-1.592351,-0.143579,1.743920,0.767485
7.530000,0.382259,0.500549,-0.306014,-1.592351,-0.143579,1.744803,0.767485
7.532000,0.382195,0.500641,-0.306014,-1.592351,-0.143579,1.745682,0.767485
7.534000,0.382130,0.500735,-0.306014,-1.592351,-0.143579,1.746556,0.767485
7.536000,0.382066,0.500828,-0.306014,-1.592351,-0.143579,1.747427,0.767485
7.538000,0.382003,0.500922,-0.306014,-1.592351,-0.143579,1.748294,0.767485
7.540000,0.381940,0.501016,-0.306014,-1.592351,-0.143579,1.749158,0.767485
7.542000,0.381878,0.501110,-0.306014,-1.592351,-0.143579,1.750017,0.767485
7.544000,0.381816,0.501204,-0.306014,-1.592351,-0.143579,1.750873,0.767485
7.546000,0.381754,0.501299,-0.306014,-1.592351,-0.143579,1.751725,0.767485
7.548000,0.381693,0.501394,-0.306014,-1.592351,-0.143579,1.752574,0.767485
7.550000,0.381632,0.501489,-0.306014,-1.592351,-0.143579,1.753419,0.767485
7.552000,0.381572,0.501585,-0.306014,-1.592351,-0.143579,1.754260,0.767485
7.554000,0.381512,0.501681,-0.306014,-1.592351,-0.143579,1.755098,0.767485
7.556000,0.381453,0.501776,-0.306014,-1.592351,-0.143579,1.755932,0.767485
7.558000,0.381394,0.501873,-0.306014,-1.592351,-0.143579,1.756763,0.767485
7.560000,0.381335,0.501969,-0.306014,-1.592351,-0.143579,1.757590,0.767485
7.562000,0.381277,0.502065,-0.306014,-1.592351,-0.143579,1.758414,0.767485
7.564000,0.381219,0.502162,-0.306014,-1.592351,-0.143579,1.759235,0.767485
7.566000,0.381162,0.502258,-0.306014,-1.592351,-0.143579,1.760052,0.767485
7.568000,0.381105,0.502355,-0.306014,-1.592351,-0.143579,1.760866,0.767485
7.570000,0.381048,0.502452,-0.306014,-1.592351,-0.143579,1.761676,0.767485
7.572000,0.380992,0.502550,-0.306014,-1.592351,-0.143579,1.762483,0.767485
7.574000,0.380937,0.502647,-0.306014,-1.592351,-0.143579,1.763287,0.767485
7.576000,0.380881,0.502744,-0.306014,-1.592351,-0.143579,1.764086,0.767485
7.578000,0.380827,0.502841,-0.306014,-1.592351,-0.143579,1.764881,0.767485
7.580000,0.380772,0.502939,-0.306014,-1.592351,-0.143579,1.765673,0.767485
7.582000,0.380718,0.503036,-0.306014,-1.592351,-0.143579,1.766460,0.767485
7.584000,0.380691,0.503085,-0.306014,-1.592351,-0.143579,1.766852,0.767485
7.586000,0.380611,0.503231,-0.306014,-1.592351,-0.143579,1.768022,0.767485
7.588000,0.380585,0.503280,-0.306014,-1.592351,-0.143579,1.768409,0.767485
7.590000,0.380533,0.503378,-0.306014,-1.592351,-0.143579,1.769182,0.767485
7.592000,0.380480,0.503475,-0.306014,-1.592351,-0.143579,1.769950,0.767485
7.594000,0.380429,0.503572,-0.306014,-1.592351,-0.143579,1.770713,0.767485
7.596000,0.380377,0.503670,-0.306014,-1.592351,-0.143579,1.771472,0.767485
7.598000,0.380327,0.503767,-0.306014,-1.592351,-0.143579,1.772227,0.767485
7.600000,0.380276,0.503864,-0.306014,-1.592351,-0.143579,1.772977,0.767485
7.602000,0.380226,0.503962,-0.306014,-1.592351,-0.143579,1.773723,0.767485
7.604000,0.380176,0.504059,-0.306014,-1.592351,-0.143579,1.774464,0.767485
7.606000,0.380127,0.504156,-0.306014,-1.592351,-0.143579,1.775201,0.767485
7.608000,0.380078,0.504252,-0.306014,-1.592351,-0.143579,1.775933,0.767485
7.610000,0.380030,0.504349,-0.306014,-1.592351,-0.143579,1.776661,0.767485
7.612000,0.379982,0.504446,-0.306014,-1.592351,-0.143579,1.777384,0.767485
7.614000,0.379934,0.504542,-0.306014,-1.592351,-0.143579,1.778102,0.767485
7.616000,0.379887,0.504638,-0.306014,-1.592351,-0.143579,1.778817,0.767485
7.618000,0.379840,0.504734,-0.306014,-1.592351,-0.143579,1.779526,0.767485
7.620000,0.379793,0.504830,-0.306014,-1.592351,-0.143579,1.780232,0.767485
7.622000,0.379747,0.504925,-0.306014,-1.592351,-0.143579,1.780933,0.767485
7.624000,0.379701,0.505021,-0.306014,-1.592351,-0.143579,1.781629,0.767485
7.626000,0.379656,0.505116,-0.306014,-1.592351,-0.143579,1.782321,0.767485
7.628000,0.379611,0.505211,-0.306014,-1.592351,-0.143579,1.783009,0.767485
7.630000,0.379589,0.505258,-0.306014,-1.592351,-0.143579,1.783352,0.767485
7.632000,0.379522,0.505400,-0.306014,-1.592351,-0.143579,1.784372,0.767485
7.634000,0.379478,0.505494,-0.306014,-1.592351,-0.143579,1.785047,0.767485
7.636000,0.379435,0.505588,-0.306014,-1.592351,-0.143579,1.785718,0.767485
7.638000,0.379391,0.505681,-0.306014,-1.592351,-0.143579,1.786384,0.767485
7.640000,0.379349,0.505775,-0.306014,-1.592351,-0.143579,1.787047,0.767485
7.642000,0.379306,0.505868,-0.306014,-1.592351,-0.143579,1.787705,0.767485
7.644000,0.379264,0.505960,-0.306014,-1.592351,-0.143579,1.788360,0.767485
7.646000,0.379222,0.506053,-0.306014,-1.592351,-0.143579,1.789010,0.767485
7.648000,0.379181,0.506145,-0.306014,-1.592351,-0.143579,1.789656,0.767485
7.650000,0.379140,0.506236,-0.306014,-1.592351,-0.143579,1.790298,0.767485
7.652000,0.379099,0.506327,-0.306014,-1.592351,-0.143579,1.790936,0.767485
7.654000,0.379059,0.506418,-0.306014,-1.592351,-0.143579,1.791570,0.767485
7.656000,0.379019,0.506509,-0.306014,-1.592351,-0.143579,1.792201,0.767485
7.658000,0.378979,0.506599,-0.306014,-1.592351,-0.143579,1.792827,0.767485
7.660000,0.378940,0.506689,-0.306014,-1.592351,-0.143579,1.793450,0.767485
7.662000,0.378901,0.506778,-0.306014,-1.592351,-0.143579,1.794069,0.767485
7.664000,0.378901,0.506778,-0.306014,-1.592351,-0.143579,1.794069,0.767485
7.666000,0.378843,0.506911,-0.306014,-1.592351,-0.143579,1.794990,0.767485
7.668000,0.378804,0.506999,-0.306014,-1.592351,-0.143579,1.795600,0.767485
7.670000,0.378767,0.507087,-0.306014,-1.592351,-0.143579,1.796207,0.767485
7.672000,0.378729,0.507175,-0.306014,-1.592351,-0.143579,1.796809,0.767485
7.674000,0.378692,0.507262,-0.306014,-1.592351,-0.143579,1.797409,0.767485
7.676000,0.378655,0.507348,-0.306014,-1.592351,-0.143579,1.798004,0.767485
7.678000,0.378618,0.507434,-0.306014,-1.592351,-0.143579,1.798597,0.767485
7.680000,0.378600,0.507477,-0.306014,-1.592351,-0.143579,1.798892,0.767485
7.682000,0.378545,0.507605,-0.306014,-1.592351,-0.143579,1.799771,0.767485
7.684000,0.378509,0.507689,-0.306014,-1.592351,-0.143579,1.800353,0.767485
7.686000,0.378474,0.507774,-0.306014,-1.592351,-0.143579,1.800932,0.767485
7.688000,0.378439,0.507857,-0.306014,-1.592351,-0.143579,1.801508,0.767485
7.690000,0.378404,0.507940,-0.306014,-1.592351,-0.143579,1.802080,0.767485
7.692000,0.378369,0.508023,-0.306014,-1.592351,-0.143579,1.802649,0.767485
7.694000,0.378335,0.508105,-0.306014,-1.592351,-0.143579,1.803215,0.767485
7.696000,0.378301,0.508186,-0.306014,-1.592351,-0.143579,1.803778,0.767485
7.698000,0.378267,0.508267,-0.306014,-1.592351,-0.143579,1.804337,0.767485
7.700000,0.378233,0.508347,-0.306014,-1.592351,-0.143579,1.804894,0.767485
7.702000,0.378200,0.508427,-0.306014,-1.592351,-0.143579,1.805447,0.767485
7.704000,0.378167,0.508506,-0.306014,-1.592351,-0.143579,1.805997,0.767485
7.706000,0.378134,0.508585,-0.306014,-1.592351,-0.143579,1.806544,0.767485
7.708000,0.378118,0.508624,-0.306014,-1.592351,-0.143579,1.806816,0.767485
7.710000,0.378085,0.508702,-0.306014,-1.592351,-0.143579,1.807359,0.767485
7.712000,0.378053,0.508779,-0.306014,-1.592351,-0.143579,1.807898,0.767485
7.714000,0.378021,0.508855,-0.306014,-1.592350,-0.143579,1.808433,0.767485
7.716000,0.377989,0.508931,-0.306014,-1.592350,-0.143579,1.808966,0.767485
7.718000,0.377958,0.509007,-0.306014,-1.592349,-0.143579,1.809494,0.767485
7.720000,0.377926,0.509082,-0.306014,-1.592348,-0.143579,1.810019,0.767485
7.722000,0.377895,0.509156,-0.306014,-1.592347,-0.143579,1.810540,0.767485
7.724000,0.377865,0.509230,-0.306014,-1.592345,-0.143579,1.811057,0.767485
7.726000,0.377834,0.509303,-0.306014,-1.592343,-0.143579,1.811569,0.767485
7.728000,0.377804,0.509376,-0.306014,-1.592341,-0.143579,1.812078,0.767485
7.730000,0.377789,0.509412,-0.306014,-1.592340,-0.143579,1.812330,0.767485
7.732000,0.377744,0.509519,-0.306014,-1.592335,-0.143579,1.813082,0.767485
7.734000,0.377714,0.509590,-0.306014,-1.592332,-0.143579,1.813577,0.767485
7.736000,0.377684,0.509660,-0.306014,-1.592328,-0.143579,1.814068,0.767485
7.738000,0.377655,0.509730,-0.306014,-1.592323,-0.143579,1.814554,0.767485
7.740000,0.377626,0.509799,-0.306014,-1.592319,-0.143579,1.815036,0.767485
7.742000,0.377597,0.509867,-0.306014,-1.592313,-0.143579,1.815513,0.767485
7.744000,0.377568,0.509935,-0.306014,-1.592307,-0.143579,1.815986,0.767485
7.746000,0.377540,0.510002,-0.306014,-1.592301,-0.143579,1.816454,0.767485
7.748000,0.377511,0.510069,-0.306014,-1.592294,-0.143579,1.816918,0.767485
7.750000,0.377483,0.510135,-0.306014,-1.592286,-0.143579,1.817376,0.767485
7.752000,0.377455,0.510201,-0.306014,-1.592278,-0.143579,1.817830,0.767485
7.754000,0.377427,0.510265,-0.306014,-1.592269,-0.143579,1.818280,0.767485
7.756000,0.377413,0.510298,-0.306014,-1.592264,-0.143579,1.818503,0.767485
7.758000,0.377386,0.510362,-0.306014,-1.592254,-0.143579,1.818945,0.767485
7.760000,0.377358,0.510425,-0.306014,-1.592244,-0.143579,1.819383,0.767485
7.762000,0.377331,0.510488,-0.306014,-1.592232,-0.143579,1.819816,0.767485
7.764000,0.377317,0.510519,-0.306014,-1.592227,-0.143579,1.820031,0.767485
7.766000,0.377277,0.510612,-0.306014,-1.592208,-0.143579,1.820668,0.767485
7.768000,0.377250,0.510673,-0.306014,-1.592194,-0.143579,1.821087,0.767485
7.770000,0.377223,0.510733,-0.306014,-1.592180,-0.143579,1.821502,0.767485
7.772000,0.377196,0.510793,-0.306014,-1.592165,-0.143579,1.821912,0.767485
7.774000,0.377170,0.510852,-0.306014,-1.592150,-0.143579,1.822317,0.767485
7.776000,0.377143,0.510910,-0.306014,-1.592133,-0.143579,1.822717,0.767485
7.778000,0.377117,0.510968,-0.306014,-1.592116,-0.143579,1.823113,0.767485
7.780000,0.377091,0.511026,-0.306014,-1.592097,-0.143579,1.823504,0.767485
7.782000,0.377065,0.511082,-0.306014,-1.592078,-0.143579,1.823891,0.767485
7.784000,0.377039,0.511139,-0.306014,-1.592059,-0.143579,1.824273,0.767485
7.786000,0.377013,0.511194,-0.306014,-1.592038,-0.143579,1.824651,0.767485
7.788000,0.376988,0.511249,-0.306014,-1.592016,-0.143579,1.825023,0.767485
7.790000,0.376962,0.511303,-0.306014,-1.591994,-0.143579,1.825392,0.767485
7.792000,0.376937,0.511357,-0.306014,-1.591970,-0.143579,1.825755,0.767485
7.794000,0.376911,0.511410,-0.306014,-1.591946,-0.143579,1.826115,0.767485
7.796000,0.376899,0.511436,-0.306014,-1.591933,-0.143579,1.826292,0.767485
7.798000,0.376873,0.511488,-0.306014,-1.591907,-0.143579,1.826645,0.767485
7.800000,0.376848,0.511540,-0.306014,-1.591881,-0.143579,1.826993,0.767485
7.802000,0.376823,0.511591,-0.306014,-1.591853,-0.143579,1.827336,0.767485
7.804000,0.376798,0.511641,-0.306014,-1.591824,-0.143579,1.827675,0.767485
7.806000,0.376773,0.511691,-0.306014,-1.591795,-0.143579,1.828009,0.767485
7.808000,0.376748,0.511740,-0.306014,-1.591764,-0.143579,1.828339,0.767485
7.810000,0.376723,0.511788,-0.306014,-1.591732,-0.143579,1.828665,0.767485
7.812000,0.376699,0.511836,-0.306014,-1.591700,-0.143579,1.828986,0.767485
7.814000,0.376674,0.511883,-0.306014,-1.591666,-0.143579,1.829303,0.767485
7.816000,0.376649,0.511929,-0.306014,-1.591631,-0.143579,1.829615,0.767485
7.818000,0.376625,0.511975,-0.306014,-1.591596,-0.143579,1.829923,0.767485
7.820000,0.376600,0.512021,-0.306014,-1.591559,-0.143579,1.830227,0.767485
7.822000,0.376576,0.512065,-0.306014,-1.591521,-0.143579,1.830526,0.767485
7.824000,0.376551,0.512109,-0.306014,-1.591482,-0.143579,1.830821,0.767485
7.826000,0.376527,0.512153,-0.306014,-1.591442,-0.143579,1.831112,0.767485
7.828000,0.376503,0.512195,-0.306014,-1.591401,-0.143579,1.831398,0.767485
7.830000,0.376491,0.512217,-0.306015,-1.591380,-0.143579,1.831540,0.767485
7.832000,0.376455,0.512279,-0.306015,-1.591316,-0.143579,1.831958,0.767485
7.834000,0.376431,0.512320,-0.306015,-1.591272,-0.143579,1.832232,0.767485
7.836000,0.376407,0.512360,-0.306015,-1.591226,-0.143579,1.832502,0.767485
7.838000,0.376383,0.512400,-0.306016,-1.591180,-0.143579,1.832767,0.767485
7.840000,0.376359,0.512439,-0.306017,-1.591132,-0.143579,1.833028,0.767485
7.842000,0.376336,0.512477,-0.306017,-1.591084,-0.143579,1.833285,0.767485
7.844000,0.376312,0.512515,-0.306018,-1.591034,-0.143579,1.833538,0.767485
7.846000,0.376289,0.512552,-0.306019,-1.590983,-0.143579,1.833787,0.767485
7.848000,0.376266,0.512589,-0.306021,-1.590931,-0.143579,1.834031,0.767485
7.850000,0.376243,0.512625,-0.306022,-1.590878,-0.143579,1.834272,0.767485
7.852000,0.376232,0.512642,-0.306023,-1.590851,-0.143579,1.834391,0.767485
7.854000,0.376209,0.512677,-0.306025,-1.590796,-0.143579,1.834625,0.767485
7.856000,0.376187,0.512712,-0.306027,-1.590740,-0.143579,1.834855,0.767485
7.858000,0.376165,0.512745,-0.306030,-1.590683,-0.143579,1.835080,0.767485
7.860000,0.376143,0.512779,-0.306032,-1.590624,-0.143579,1.835302,0.767485
7.862000,0.376121,0.512811,-0.306035,-1.590565,-0.143579,1.835519,0.767485
7.864000,0.376099,0.512843,-0.306038,-1.590504,-0.143579,1.835731,0.767485
7.866000,0.376078,0.512874,-0.306042,-1.590442,-0.143579,1.835939,0.767485
7.868000,0.376057,0.512905,-0.306046,-1.590379,-0.143579,1.836142,0.767485
7.870000,0.376046,0.512920,-0.306048,-1.590347,-0.143579,1.836242,0.767485
7.872000,0.376015,0.512964,-0.306055,-1.590249,-0.143579,1.836535,0.767485
7.874000,0.375995,0.512993,-0.306060,-1.590182,-0.143579,1.836725,0.767485
7.876000,0.375975,0.513021,-0.306065,-1.590114,-0.143579,1.836910,0.767485
7.878000,0.375955,0.513049,-0.306071,-1.590045,-0.143579,1.837090,0.767485
7.880000,0.375936,0.513075,-0.306077,-1.589974,-0.143579,1.837266,0.767485
7.882000,0.375917,0.513102,-0.306083,-1.589902,-0.143579,1.837437,0.767485
7.884000,0.375898,0.513127,-0.306090,-1.589829,-0.143579,1.837604,0.767485
7.886000,0.375879,0.513152,-0.306097,-1.589755,-0.143579,1.837766,0.767485
7.888000,0.375861,0.513177,-0.306105,-1.589679,-0.143579,1.837923,0.767485
7.890000,0.375843,0.513200,-0.306113,-1.589602,-0.143579,1.838076,0.767485
7.892000,0.375834,0.513212,-0.306118,-1.589563,-0.143579,1.838150,0.767485
7.894000,0.375817,0.513235,-0.306127,-1.589484,-0.143579,1.838296,0.767485
7.896000,0.375800,0.513257,-0.306136,-1.589404,-0.143579,1.838437,0.767485
7.898000,0.375783,0.513279,-0.306146,-1.589323,-0.143579,1.838574,0.767485
7.900000,0.375766,0.513300,-0.306156,-1.589240,-0.143579,1.838706,0.767485
7.902000,0.375750,0.513320,-0.306167,-1.589156,-0.143579,1.838834,0.767485
7.904000,0.375734,0.513340,-0.306178,-1.589071,-0.143579,1.838957,0.767485
7.906000,0.375719,0.513359,-0.306190,-1.588984,-0.143579,1.839076,0.767485
7.908000,0.375704,0.513377,-0.306202,-1.588896,-0.143579,1.839190,0.767485
7.910000,0.375689,0.513395,-0.306215,-1.588807,-0.143579,1.839299,0.767485
7.912000,0.375675,0.513412,-0.306228,-1.588716,-0.143579,1.839405,0.767485
7.914000,0.375661,0.513429,-0.306241,-1.588625,-0.143579,1.839506,0.767485
7.916000,0.375647,0.513445,-0.306256,-1.588531,-0.143579,1.839602,0.767485
7.918000,0.375633,0.513460,-0.306270,-1.588437,-0.143579,1.839694,0.767485
7.920000,0.375620,0.513475,-0.306286,-1.588341,-0.143579,1.839782,0.767485
7.922000,0.375608,0.513489,-0.306301,-1.588244,-0.143579,1.839866,0.767485
7.924000,0.375596,0.513502,-0.306318,-1.588146,-0.143579,1.839945,0.767485
7.926000,0.375584,0.513515,-0.306334,-1.588047,-0.143579,1.840020,0.767485
7.928000,0.375572,0.513527,-0.306352,-1.587946,-0.143579,1.840090,0.767485
7.930000,0.375566,0.513533,-0.306361,-1.587895,-0.143579,1.840124,0.767485
7.932000,0.375550,0.513550,-0.306388,-1.587741,-0.143579,1.840219,0.767485
7.934000,0.375539,0.513560,-0.306407,-1.587636,-0.143579,1.840277,0.767485
7.936000,0.375529,0.513570,-0.306426,-1.587530,-0.143579,1.840332,0.767485
7.938000,0.375519,0.513579,-0.306446,-1.587423,-0.143579,1.840381,0.767485
7.940000,0.375510,0.513588,-0.306466,-1.587314,-0.143579,1.840427,0.767485
7.942000,0.375501,0.513596,-0.306487,-1.587205,-0.143579,1.840469,0.767485
7.944000,0.375492,0.513603,-0.306508,-1.587094,-0.143579,1.840507,0.767485
7.946000,0.375484,0.513609,-0.306530,-1.586982,-0.143579,1.840541,0.767485
7.948000,0.375475,0.513615,-0.306553,-1.586868,-0.143579,1.840571,0.767485
7.950000,0.375468,0.513621,-0.306575,-1.586754,-0.143579,1.840597,0.767485
7.952000,0.375460,0.513625,-0.306599,-1.586638,-0.143579,1.840619,0.767485
7.954000,0.375453,0.513630,-0.306623,-1.586521,-0.143579,1.840637,0.767485
7.956000,0.375446,0.513633,-0.306647,-1.586403,-0.143579,1.840651,0.767485
7.958000,0.375440,0.513636,-0.306672,-1.586283,-0.143579,1.840662,0.767485
7.960000,0.375434,0.513638,-0.306697,-1.586162,-0.143579,1.840668,0.767485
7.962000,0.375428,0.513640,-0.306723,-1.586040,-0.143579,1.840671,0.767485
7.964000,0.375428,0.513640,-0.306723,-1.586040,-0.143579,1.840671,0.767485
7.966000,0.375420,0.513641,-0.306762,-1.585856,-0.143579,1.840671,0.767485
7.968000,0.375416,0.513641,-0.306790,-1.585732,-0.143579,1.840671,0.767485
7.970000,0.375412,0.513641,-0.306819,-1.585607,-0.143579,1.840671,0.767485
7.972000,0.375409,0.513641,-0.306848,-1.585480,-0.143579,1.840671,0.767485
7.974000,0.375407,0.513641,-0.306880,-1.585353,-0.143579,1.840671,0.767485
7.976000,0.375405,0.513641,-0.306912,-1.585224,-0.143579,1.840671,0.767485
7.978000,0.375405,0.513641,-0.306946,-1.585093,-0.143579,1.840671,0.767485
7.980000,0.375405,0.513641,-0.306981,-1.584962,-0.143579,1.840671,0.767485
7.982000,0.375405,0.513641,-0.307016,-1.584829,-0.143579,1.840671,0.767485
7.984000,0.375405,0.513641,-0.307051,-1.584694,-0.143579,1.840671,0.767485
7.986000,0.375405,0.513641,-0.307086,-1.584559,-0.143579,1.840671,0.767485
7.988000,0.375405,0.513641,-0.307122,-1.584422,-0.143579,1.840671,0.767485
7.990000,0.375405,0.513641,-0.307158,-1.584284,-0.143579,1.840671,0.767485
7.992000,0.375405,0.513641,-0.307194,-1.584144,-0.143579,1.840671,0.767485
7.994000,0.375405,0.513641,-0.307231,-1.584004,-0.143579,1.840671,0.767485
7.996000,0.375405,0.513641,-0.307268,-1.583862,-0.143579,1.840671,0.767485
7.998000,0.375405,0.513641,-0.307305,-1.583719,-0.143579,1.840671,0.767485
8.000000,0.375405,0.513641,-0.307342,-1.583575,-0.143579,1.840671,0.767485
8.002000,0.375405,0.513641,-0.307379,-1.583430,-0.143579,1.840671,0.767485
8.004000,0.375405,0.513641,-0.307417,-1.583284,-0.143579,1.840671,0.767485
8.006000,0.375405,0.513641,-0.307455,-1.583137,-0.143579,1.840671,0.767485
8.008000,0.375405,0.513641,-0.307493,-1.582989,-0.143579,1.840671,0.767485
8.010000,0.375405,0.513641,-0.307532,-1.582840,-0.143579,1.840671,0.767485
8.012000,0.375405,0.513641,-0.307570,-1.582689,-0.143579,1.840671,0.767485
8.014000,0.375405,0.513641,-0.307609,-1.582538,-0.143579,1.840671,0.767485
8.016000,0.375405,0.513641,-0.307648,-1.582386,-0.143579,1.840671,0.767485
8.018000,0.375405,0.513641,-0.307688,-1.582233,-0.143579,1.840671,0.767485
8.020000,0.375405,0.513641,-0.307728,-1.582080,-0.143579,1.840671,0.767485
8.022000,0.375405,0.513641,-0.307767,-1.581925,-0.143579,1.840671,0.767485
8.024000,0.375405,0.513641,-0.307808,-1.581770,-0.143579,1.840671,0.767485
8.026000,0.375405,0.513641,-0.307848,-1.581613,-0.143579,1.840671,0.767485
8.028000,0.375405,0.513641,-0.307889,-1.581456,-0.143579,1.840671,0.767485
8.030000,0.375405,0.513641,-0.307929,-1.581299,-0.143579,1.840671,0.767485
8.032000,0.375405,0.513641,-0.307970,-1.581140,-0.143579,1.840671,0.767485
8.034000,0.375405,0.513641,-0.308012,-1.580981,-0.143579,1.840671,0.767485
8.036000,0.375405,0.513641,-0.308032,-1.580901,-0.143579,1.840671,0.767485
8.038000,0.375405,0.513641,-0.308074,-1.580741,-0.143579,1.840671,0.767485
8.040000,0.375405,0.513641,-0.308116,-1.580580,-0.143579,1.840671,0.767485
8.042000,0.375405,0.513641,-0.308158,-1.580419,-0.143579,1.840671,0.767485
8.044000,0.375405,0.513641,-0.308200,-1.580257,-0.143579,1.840671,0.767485
8.046000,0.375405,0.513641,-0.308243,-1.580094,-0.143579,1.840671,0.767485
8.048000,0.375405,0.513641,-0.308286,-1.579931,-0.143579,1.840671,0.767485
8.050000,0.375405,0.513641,-0.308329,-1.579768,-0.143579,1.840671,0.767485
8.052000,0.375405,0.513641,-0.308372,-1.579604,-0.143579,1.840671,0.767485
8.054000,0.375405,0.513640,-0.308415,-1.579439,-0.143579,1.840671,0.767485
8.056000,0.375405,0.513640,-0.308459,-1.579275,-0.143579,1.840671,0.767485
8.058000,0.375405,0.513639,-0.308502,-1.579110,-0.143579,1.840671,0.767485
8.060000,0.375405,0.513639,-0.308546,-1.578944,-0.143579,1.840671,0.767485
8.062000,0.375405,0.513638,-0.308590,-1.578779,-0.143579,1.840671,0.767485
8.064000,0.375405,0.513637,-0.308635,-1.578613,-0.143579,1.840671,0.767485
8.066000,0.375405,0.513636,-0.308679,-1.578448,-0.143579,1.840671,0.767485
8.068000,0.375405,0.513634,-0.308724,-1.578282,-0.143579,1.840671,0.767485
8.070000,0.375405,0.513633,-0.308768,-1.578116,-0.143579,1.840671,0.767485
8.072000,0.375405,0.513631,-0.308813,-1.577951,-0.143579,1.840671,0.767485
8.074000,0.375405,0.513628,-0.308858,-1.577785,-0.143579,1.840671,0.767485
8.076000,0.375405,0.513627,-0.308881,-1.577702,-0.143579,1.840671,0.767485
8.078000,0.375405,0.513625,-0.308926,-1.577536,-0.143579,1.840671,0.767485
8.080000,0.375405,0.513622,-0.308971,-1.577371,-0.143579,1.840671,0.767485
8.082000,0.375405,0.513618,-0.309017,-1.577206,-0.143579,1.840671,0.767485
8.084000,0.375405,0.513615,-0.309063,-1.577040,-0.143579,1.840671,0.767485
8.086000,0.375405,0.513611,-0.309108,-1.576876,-0.143579,1.840671,0.767485
8.088000,0.375405,0.513607,-0.309154,-1.576711,-0.143579,1.840671,0.767485
8.090000,0.375405,0.513602,-0.309200,-1.576546,-0.143579,1.840671,0.767485
8.092000,0.375405,0.513597,-0.309246,-1.576382,-0.143579,1.840671,0.767485
8.094000,0.375405,0.513592,-0.309292,-1.576219,-0.143579,1.840671,0.767485
8.096000,0.375405,0.513586,-0.309338,-1.576055,-0.143579,1.840671,0.767485
8.098000,0.375405,0.513580,-0.309385,-1.575892,-0.143579,1.840671,0.767485
8.100000,0.375405,0.513574,-0.309431,-1.575730,-0.143579,1.840671,0.767485
8.102000,0.375405,0.513567,-0.309478,-1.575568,-0.143579,1.840671,0.767485
8.104000,0.375405,0.513559,-0.309524,-1.575406,-0.143579,1.840671,0.767485
8.106000,0.375405,0.513551,-0.309571,-1.575245,-0.143579,1.840671,0.767485
8.108000,0.375405,0.513543,-0.309617,-1.575085,-0.143579,1.840671,0.767485
8.110000,0.375405,0.513534,-0.309664,-1.574925,-0.143579,1.840671,0.767485
8.112000,0.375405,0.513525,-0.309711,-1.574766,-0.143579,1.840671,0.767485
8.114000,0.375405,0.513515,-0.309758,-1.574607,-0.143579,1.840671,0.767485
8.116000,0.375405,0.513505,-0.309805,-1.574449,-0.143579,1.840671,0.767485
8.118000,0.375405,0.513494,-0.309852,-1.574292,-0.143579,1.840671,0.767485
8.120000,0.375405,0.513483,-0.309899,-1.574136,-0.143579,1.840671,0.767485
8.122000,0.375405,0.513471,-0.309946,-1.573980,-0.143579,1.840671,0.767485
8.124000,0.375405,0.513458,-0.309993,-1.573825,-0.143579,1.840671,0.767485
8.126000,0.375405,0.513445,-0.310040,-1.573671,-0.143579,1.840671,0.767485
8.128000,0.375405,0.513432,-0.310087,-1.573517,-0.143579,1.840671,0.767485
8.130000,0.375405,0.513418,-0.310134,-1.573365,-0.143579,1.840671,0.767485
8.132000,0.375405,0.513403,-0.310181,-1.573213,-0.143579,1.840671,0.767485
8.134000,0.375405,0.513388,-0.310228,-1.573062,-0.143579,1.840671,0.767485
8.136000,0.375405,0.513372,-0.310276,-1.572912,-0.143579,1.840671,0.767485
8.138000,0.375405,0.513364,-0.310299,-1.572837,-0.143579,1.840671,0.767485
8.140000,0.375405,0.513347,-0.310346,-1.572689,-0.143579,1.840671,0.767485
8.142000,0.375405,0.513330,-0.310394,-1.572541,-0.143579,1.840671,0.767485
8.144000,0.375405,0.513312,-0.310441,-1.572394,-0.143579,1.840671,0.767485
8.146000,0.375405,0.513293,-0.310488,-1.572249,-0.143579,1.840671,0.767485
8.148000,0.375405,0.513274,-0.310535,-1.572104,-0.143579,1.840671,0.767485
8.150000,0.375405,0.513254,-0.310582,-1.571960,-0.143579,1.840671,0.767485
8.152000,0.375405,0.513234,-0.310630,-1.571817,-0.143579,1.840671,0.767485
8.154000,0.375405,0.513213,-0.310677,-1.571675,-0.143579,1.840671,0.767485
8.156000,0.375405,0.513191,-0.310724,-1.571535,-0.143579,1.840671,0.767485
8.158000,0.375405,0.513168,-0.310771,-1.571395,-0.143579,1.840671,0.767485
8.160000,0.375405,0.513145,-0.310818,-1.571256,-0.143579,1.840671,0.767485
8.162000,0.375405,0.513122,-0.310865,-1.571119,-0.143579,1.840671,0.767485
8.164000,0.375405,0.513097,-0.310912,-1.570982,-0.143579,1.840671,0.767485
8.166000,0.375405,0.513072,-0.310959,-1.570847,-0.143579,1.840671,0.767485
8.168000,0.375405,0.513046,-0.311006,-1.570713,-0.143579,1.840671,0.767485
8.170000,0.375405,0.513020,-0.311053,-1.570580,-0.143579,1.840671,0.767485
8.172000,0.375405,0.512993,-0.311100,-1.570448,-0.143579,1.840671,0.767485
8.174000,0.375405,0.512965,-0.311147,-1.570317,-0.143579,1.840671,0.767485
8.176000,0.375405,0.512936,-0.311193,-1.570187,-0.143579,1.840671,0.767485
8.178000,0.375405,0.512907,-0.311240,-1.570059,-0.143579,1.840671,0.767485
8.180000,0.375405,0.512877,-0.311287,-1.569932,-0.143579,1.840671,0.767485
8.182000,0.375405,0.512846,-0.311333,-1.569806,-0.143579,1.840671,0.767485
8.184000,0.375405,0.512815,-0.311380,-1.569681,-0.143579,1.840671,0.767485
8.186000,0.375405,0.512783,-0.311426,-1.569557,-0.143579,1.840671,0.767485
8.188000,0.375405,0.512750,-0.311473,-1.569435,-0.143579,1.840671,0.767485
8.190000,0.375405,0.512716,-0.311519,-1.569314,-0.143579,1.840671,0.767485
8.192000,0.375405,0.512682,-0.311566,-1.569194,-0.143579,1.840671,0.767485
8.194000,0.375405,0.512647,-0.311612,-1.569075,-0.143579,1.840671,0.767485
8.196000,0.375405,0.512611,-0.311658,-1.568958,-0.143579,1.840671,0.767485
8.198000,0.375405,0.512575,-0.311704,-1.568841,-0.143579,1.840671,0.767485
8.200000,0.375405,0.512537,-0.311750,-1.568727,-0.143579,1.840671,0.767485
8.202000,0.375405,0.512499,-0.311796,-1.568613,-0.143579,1.840671,0.767485
8.204000,0.375405,0.512461,-0.311842,-1.568501,-0.143579,1.840671,0.767485
8.206000,0.375405,0.512421,-0.311887,-1.568390,-0.143579,1.840671,0.767485
8.208000,0.375405,0.512381,-0.311933,-1.568280,-0.143579,1.840671,0.767485
8.210000,0.375405,0.512340,-0.311979,-1.568171,-0.143579,1.840671,0.767485
8.212000,0.375405,0.512298,-0.312024,-1.568064,-0.143579,1.840671,0.767485
8.214000,0.375405,0.512277,-0.312047,-1.568011,-0.143579,1.840671,0.767485
8.216000,0.375405,0.512234,-0.312092,-1.567906,-0.143579,1.840671,0.767485
8.218000,0.375405,0.512191,-0.312138,-1.567802,-0.143579,1.840671,0.767485
8.220000,0.375405,0.512146,-0.312183,-1.567699,-0.143579,1.840671,0.767485
8.222000,0.375405,0.512101,-0.312228,-1.567598,-0.143579,1.840671,0.767485
8.224000,0.375405,0.512055,-0.312273,-1.567498,-0.143579,1.840671,0.767485
8.226000,0.375405,0.512009,-0.312318,-1.567399,-0.143579,1.840671,0.767485
8.228000,0.375405,0.511961,-0.312363,-1.567302,-0.143579,1.840671,0.767485
8.230000,0.375405,0.511938,-0.312385,-1.567254,-0.143579,1.840671,0.767485
8.232000,0.375405,0.511865,-0.312452,-1.567111,-0.143579,1.840671,0.767485
8.234000,0.375405,0.511815,-0.312496,-1.567017,-0.143579,1.840671,0.767485
8.236000,0.375405,0.511765,-0.312541,-1.566925,-0.143579,1.840671,0.767485
8.238000,0.375405,0.511713,-0.312585,-1.566834,-0.143579,1.840671,0.767485
8.240000,0.375405,0.511661,-0.312629,-1.566745,-0.143579,1.840671,0.767485
8.242000,0.375405,0.511609,-0.312673,-1.566657,-0.143579,1.840671,0.767485
8.244000,0.375405,0.511555,-0.312717,-1.566570,-0.143579,1.840671,0.767485
8.246000,0.375405,0.511528,-0.312739,-1.566527,-0.143579,1.840671,0.767485
8.248000,0.375405,0.511474,-0.312783,-1.566442,-0.143579,1.840671,0.767485
8.250000,0.375405,0.511419,-0.312827,-1.566358,-0.143579,1.840671,0.767485
8.252000,0.375405,0.511363,-0.312870,-1.566276,-0.143579,1.840671,0.767485
8.254000,0.375405,0.511306,-0.312914,-1.566195,-0.143579,1.840671,0.767485
8.256000,0.375405,0.511248,-0.312957,-1.566115,-0.143579,1.840671,0.767485
8.258000,0.375405,0.511190,-0.313001,-1.566037,-0.143579,1.840671,0.767485
8.260000,0.375405,0.511131,-0.313044,-1.565959,-0.143579,1.840671,0.767485
8.262000,0.375405,0.511071,-0.313087,-1.565884,-0.143579,1.840671,0.767485
8.264000,0.375405,0.511010,-0.313130,-1.565809,-0.143579,1.840671,0.767485
8.266000,0.375405,0.510949,-0.313173,-1.565736,-0.143579,1.840671,0.767485
8.268000,0.375405,0.510887,-0.313215,-1.565664,-0.143579,1.840671,0.767485
8.270000,0.375405,0.510824,-0.313258,-1.565593,-0.143579,1.840671,0.767485
8.272000,0.375405,0.510761,-0.313300,-1.565524,-0.143579,1.840671,0.767485
8.274000,0.375405,0.510696,-0.313343,-1.565456,-0.143579,1.840671,0.767485
8.276000,0.375405,0.510631,-0.313385,-1.565389,-0.143579,1.840671,0.767485
8.278000,0.375405,0.510566,-0.313427,-1.565323,-0.143579,1.840671,0.767485
8.280000,0.375405,0.510499,-0.313469,-1.565259,-0.143579,1.840671,0.767485
8.282000,0.375405,0.510432,-0.313511,-1.565196,-0.143579,1.840671,0.767485
8.284000,0.375405,0.510364,-0.313553,-1.565134,-0.143579,1.840671,0.767485
8.286000,0.375405,0.510295,-0.313594,-1.565074,-0.143579,1.840671,0.767485
8.288000,0.375405,0.510226,-0.313636,-1.565014,-0.143579,1.840671,0.767485
8.290000,0.375405,0.510156,-0.313677,-1.564956,-0.143579,1.840671,0.767485
8.292000,0.375405,0.510085,-0.313718,-1.564900,-0.143579,1.840671,0.767485
8.294000,0.375405,0.510049,-0.313739,-1.564872,-0.143579,1.840671,0.767485
8.296000,0.375405,0.509941,-0.313800,-1.564790,-0.143579,1.840671,0.767485
8.298000,0.375405,0.509904,-0.313821,-1.564763,-0.143579,1.840671,0.767485
8.300000,0.375405,0.509831,-0.313862,-1.564711,-0.143579,1.840671,0.767485
8.302000,0.375405,0.509757,-0.313902,-1.564659,-0.143579,1.840671,0.767485
8.304000,0.375405,0.509682,-0.313943,-1.564609,-0.143579,1.840671,0.767485
8.306000,0.375405,0.509607,-0.313983,-1.564561,-0.143579,1.840671,0.767485
8.308000,0.375405,0.509530,-0.314023,-1.564513,-0.143579,1.840671,0.767485
8.310000,0.375405,0.509453,-0.314063,-1.564466,-0.143579,1.840671,0.767485
8.312000,0.375405,0.509376,-0.314103,-1.564421,-0.143579,1.840671,0.767485
8.314000,0.375405,0.509297,-0.314143,-1.564377,-0.143579,1.840671,0.767485
8.316000,0.375405,0.509218,-0.314183,-1.564334,-0.143579,1.840671,0.767485
8.318000,0.375405,0.509139,-0.314223,-1.564292,-0.143579,1.840671,0.767485
8.320000,0.375405,0.509058,-0.314262,-1.564252,-0.143579,1.840671,0.767485
8.322000,0.375405,0.508977,-0.314301,-1.564212,-0.143579,1.840671,0.767485
8.324000,0.375405,0.508896,-0.314341,-1.564174,-0.143579,1.840671,0.767485
8.326000,0.375405,0.508813,-0.314380,-1.564137,-0.143579,1.840671,0.767485
8.328000,0.375405,0.508730,-0.314418,-1.564101,-0.143579,1.840671,0.767485
8.330000,0.375405,0.508688,-0.314438,-1.564083,-0.143579,1.840671,0.767485
8.332000,0.375405,0.508562,-0.314496,-1.564032,-0.143579,1.840671,0.767485
8.334000,0.375405,0.508477,-0.314534,-1.563999,-0.143579,1.840671,0.767485
8.336000,0.375405,0.508391,-0.314573,-1.563968,-0.143579,1.840671,0.767485
8.338000,0.375405,0.508305,-0.314611,-1.563937,-0.143579,1.840671,0.767485
8.340000,0.375405,0.508218,-0.314649,-1.563908,-0.143579,1.840671,0.767485
8.342000,0.375405,0.508130,-0.314687,-1.563879,-0.143579,1.840671,0.767485
8.344000,0.375405,0.508042,-0.314725,-1.563852,-0.143579,1.840671,0.767485
8.346000,0.375405,0.507953,-0.314762,-1.563826,-0.143579,1.840671,0.767485
8.348000,0.375405,0.507864,-0.314800,-1.563801,-0.143579,1.840671,0.767485
8.350000,0.375405,0.507773,-0.314837,-1.563777,-0.143579,1.840671,0.767485
8.352000,0.375405,0.507728,-0.314856,-1.563765,-0.143579,1.840671,0.767485
8.354000,0.375405,0.507637,-0.314893,-1.563742,-0.143579,1.840671,0.767485
8.356000,0.375405,0.507545,-0.314930,-1.563721,-0.143579,1.840671,0.767485
8.358000,0.375405,0.507453,-0.314967,-1.563700,-0.143579,1.840671,0.767485
8.360000,0.375405,0.507360,-0.315004,-1.563681,-0.143579,1.840671,0.767485
8.362000,0.375405,0.507266,-0.315040,-1.563662,-0.143579,1.840671,0.767485
8.364000,0.375405,0.507172,-0.315077,-1.563645,-0.143579,1.840671,0.767485
8.366000,0.375405,0.507077,-0.315113,-1.563628,-0.143579,1.840671,0.767485
8.368000,0.375405,0.506982,-0.315149,-1.563613,-0.143579,1.840671,0.767485
8.370000,0.375405,0.506886,-0.315185,-1.563598,-0.143579,1.840671,0.767485
8.372000,0.375405,0.506789,-0.315221,-1.563585,-0.143579,1.840671,0.767485
8.374000,0.375405,0.506692,-0.315257,-1.563572,-0.143579,1.840671,0.767485
8.376000,0.375405,0.506594,-0.315293,-1.563560,-0.143579,1.840671,0.767485
8.378000,0.375405,0.506496,-0.315328,-1.563550,-0.143579,1.840671,0.767485
8.380000,0.375405,0.506397,-0.315364,-1.563540,-0.143579,1.840671,0.767485
8.382000,0.375405,0.506297,-0.315399,-1.563531,-0.143579,1.840671,0.767485
8.384000,0.375405,0.506197,-0.315434,-1.563523,-0.143579,1.840671,0.767485
8.386000,0.375405,0.506096,-0.315469,-1.563516,-0.143579,1.840671,0.767485
8.388000,0.375405,0.505995,-0.315504,-1.563509,-0.143579,1.840671,0.767485
8.390000,0.375405,0.505893,-0.315539,-1.563504,-0.143579,1.840671,0.767485
8.392000,0.375405,0.505791,-0.315573,-1.563500,-0.143579,1.840671,0.767485
8.394000,0.375405,0.505688,-0.315608,-1.563496,-0.143579,1.840671,0.767485
8.396000,0.375405,0.505585,-0.315642,-1.563493,-0.143579,1.840671,0.767485
8.398000,0.375405,0.505481,-0.315676,-1.563491,-0.143579,1.840671,0.767485
8.400000,0.375405,0.505376,-0.315710,-1.563490,-0.143579,1.840671,0.767485
8.402000,0.375405,0.505271,-0.315744,-1.563490,-0.143579,1.840671,0.767485
8.404000,0.375405,0.505166,-0.315778,-1.563490,-0.143579,1.840671,0.767485
8.406000,0.375405,0.505061,-0.315812,-1.563490,-0.143579,1.840671,0.767485
8.408000,0.375405,0.504955,-0.315846,-1.563490,-0.143579,1.840671,0.767485
8.410000,0.375405,0.504902,-0.315863,-1.563490,-0.143579,1.840671,0.767485
8.412000,0.375405,0.504744,-0.315913,-1.563490,-0.143579,1.840671,0.767485
8.414000,0.375405,0.504691,-0.315930,-1.563490,-0.143579,1.840671,0.767485
8.416000,0.375405,0.504585,-0.315964,-1.563490,-0.143579,1.840671,0.767485
8.418000,0.375405,0.504479,-0.315997,-1.563490,-0.143579,1.840671,0.767485
8.420000,0.375405,0.504373,-0.316031,-1.563490,-0.143579,1.840671,0.767485
8.422000,0.375405,0.504266,-0.316064,-1.563490,-0.143579,1.840671,0.767485
8.424000,0.375405,0.504160,-0.316098,-1.563490,-0.143579,1.840671,0.767485
8.426000,0.375405,0.504053,-0.316131,-1.563490,-0.143579,1.840671,0.767485
8.428000,0.375405,0.503947,-0.316164,-1.563490,-0.143579,1.840671,0.767485
8.430000,0.375405,0.503840,-0.316198,-1.563490,-0.143579,1.840671,0.767485
8.432000,0.375405,0.503733,-0.316231,-1.563490,-0.143579,1.840671,0.767485
8.434000,0.375405,0.503626,-0.316264,-1.563490,-0.143579,1.840671,0.767485
8.436000,0.375405,0.503519,-0.316297,-1.563490,-0.143579,1.840671,0.767485
8.438000,0.375405,0.503412,-0.316330,-1.563490,-0.143579,1.840671,0.767485
8.440000,0.375405,0.503305,-0.316363,-1.563490,-0.143579,1.840671,0.767485
8.442000,0.375405,0.503198,-0.316396,-1.563490,-0.143579,1.840671,0.767485
8.444000,0.375405,0.503091,-0.316429,-1.563490,-0.143579,1.840671,0.767485
8.446000,0.375405,0.502983,-0.316462,-1.563490,-0.143579,1.840671,0.767485
8.448000,0.375405,0.502876,-0.316495,-1.563490,-0.143579,1.840671,0.767485
8.450000,0.375405,0.502768,-0.316527,-1.563490,-0.143579,1.840671,0.767485
8.452000,0.375405,0.502660,-0.316560,-1.563490,-0.143579,1.840671,0.767485
8.454000,0.375405,0.502553,-0.316593,-1.563490,-0.143579,1.840671,0.767485
8.456000,0.375405,0.502445,-0.316625,-1.563490,-0.143579,1.840671,0.767485
8.458000,0.375405,0.502337,-0.316657,-1.563490,-0.143579,1.840671,0.767485
8.460000,0.375405,0.502283,-0.316674,-1.563490,-0.143579,1.840671,0.767485
8.462000,0.375405,0.502175,-0.316706,-1.563490,-0.143579,1.840671,0.767485
8.464000,0.375405,0.502121,-0.316722,-1.563490,-0.143579,1.840671,0.767485
8.466000,0.375405,0.501959,-0.316770,-1.563490,-0.143579,1.840671,0.767485
8.468000,0.375405,0.501851,-0.316803,-1.563490,-0.143579,1.840671,0.767485
8.470000,0.375405,0.501742,-0.316835,-1.563490,-0.143579,1.840671,0.767485
8.472000,0.375405,0.501634,-0.316867,-1.563490,-0.143579,1.840671,0.767485
8.474000,0.375405,0.501526,-0.316899,-1.563490,-0.143579,1.840671,0.767485
8.476000,0.375405,0.501417,-0.316930,-1.563490,-0.143579,1.840671,0.767485
8.478000,0.375405,0.501309,-0.316962,-1.563490,-0.143579,1.840671,0.767485
8.480000,0.375405,0.501200,-0.316994,-1.563490,-0.143579,1.840671,0.767485
8.482000,0.375405,0.501092,-0.317025,-1.563490,-0.143579,1.840671,0.767485
8.484000,0.375405,0.500983,-0.317057,-1.563490,-0.143579,1.840671,0.767485
8.486000,0.375405,0.500874,-0.317088,-1.563490,-0.143579,1.840671,0.767485
8.488000,0.375405,0.500766,-0.317120,-1.563490,-0.143579,1.840671,0.767485
8.490000,0.375405,0.500657,-0.317151,-1.563490,-0.143579,1.840671,0.767485
8.492000,0.375405,0.500548,-0.317182,-1.563490,-0.143579,1.840671,0.767485
8.494000,0.375405,0.500439,-0.317214,-1.563490,-0.143579,1.840671,0.767485
8.496000,0.375405,0.500331,-0.317245,-1.563490,-0.143579,1.840671,0.767485
8.498000,0.375405,0.500222,-0.317276,-1.563490,-0.143579,1.840671,0.767485
8.500000,0.375405,0.500113,-0.317307,-1.563490,-0.143579,1.840671,0.767485
8.502000,0.375405,0.500004,-0.317338,-1.563490,-0.143579,1.840671,0.767485
8.504000,0.375405,0.499895,-0.317368,-1.563490,-0.143579,1.840671,0.767485
8.506000,0.375405,0.499786,-0.317399,-1.563490,-0.143579,1.840671,0.767485
8.508000,0.375405,0.499677,-0.317430,-1.563490,-0.143579,1.840671,0.767485
8.510000,0.375405,0.499568,-0.317460,-1.563490,-0.143579,1.840671,0.767485
8.512000,0.375405,0.499459,-0.317491,-1.563490,-0.143579,1.840671,0.767485
8.514000,0.375405,0.499350,-0.317521,-1.563490,-0.143579,1.840671,0.767485
8.516000,0.375405,0.499241,-0.317551,-1.563490,-0.143579,1.840671,0.767485
8.518000,0.375405,0.499132,-0.317582,-1.563490,-0.143579,1.840671,0.767485
8.520000,0.375405,0.499023,-0.317612,-1.563490,-0.143579,1.840671,0.767485
8.522000,0.375405,0.498915,-0.317642,-1.563490,-0.143579,1.840671,0.767485
8.524000,0.375405,0.498806,-0.317672,-1.563490,-0.143579,1.840671,0.767485
8.526000,0.375405,0.498697,-0.317702,-1.563490,-0.143579,1.840671,0.767485
8.528000,0.375405,0.498588,-0.317732,-1.563490,-0.143579,1.840671,0.767485
8.530000,0.375405,0.498533,-0.317746,-1.563490,-0.143579,1.840671,0.767485
8.532000,0.375405,0.498479,-0.317761,-1.563490,-0.143579,1.840671,0.767485
8.534000,0.375405,0.498261,-0.317820,-1.563490,-0.143579,1.840671,0.767485
8.536000,0.375405,0.498152,-0.317850,-1.563490,-0.143579,1.840671,0.767485
8.538000,0.375405,0.498098,-0.317865,-1.563490,-0.143579,1.840671,0.767485
8.540000,0.375405,0.497989,-0.317894,-1.563490,-0.143579,1.840671,0.767485
8.542000,0.375405,0.497880,-0.317923,-1.563490,-0.143579,1.840671,0.767485
8.544000,0.375405,0.497771,-0.317953,-1.563490,-0.143579,1.840671,0.767485
8.546000,0.375405,0.497662,-0.317982,-1.563490,-0.143579,1.840671,0.767485
8.548000,0.375405,0.497554,-0.318011,-1.563490,-0.143579,1.840671,0.767485
8.550000,0.375405,0.497445,-0.318040,-1.563490,-0.143579,1.840671,0.767485
8.552000,0.375405,0.497336,-0.318069,-1.563490,-0.143579,1.840671,0.767485
8.554000,0.375405,0.497227,-0.318097,-1.563490,-0.143579,1.840671,0.767485
8.556000,0.375405,0.497119,-0.318126,-1.563490,-0.143579,1.840671,0.767485
8.558000,0.375405,0.497010,-0.318155,-1.563490,-0.143579,1.840671,0.767485
8.560000,0.375405,0.496902,-0.318183,-1.563490,-0.143579,1.840671,0.767485
8.562000,0.375405,0.496793,-0.318212,-1.563490,-0.143579,1.840671,0.767485
8.564000,0.375405,0.496685,-0.318240,-1.563490,-0.143579,1.840671,0.767485
8.566000,0.375405,0.496577,-0.318269,-1.563490,-0.143579,1.840671,0.767485
8.568000,0.375405,0.496468,-0.318297,-1.563490,-0.143579,1.840671,0.767485
8.570000,0.375405,0.496360,-0.318325,-1.563490,-0.143579,1.840671,0.767485
8.572000,0.375405,0.496252,-0.318353,-1.563490,-0.143579,1.840671,0.767485
8.574000,0.375405,0.496144,-0.318381,-1.563490,-0.143579,1.840671,0.767485
8.576000,0.375405,0.496036,-0.318409,-1.563490,-0.143579,1.840671,0.767485
8.578000,0.375405,0.495928,-0.318436,-1.563490,-0.143579,1.840671,0.767485
8.580000,0.375405,0.495820,-0.318464,-1.563490,-0.143579,1.840671,0.767485
8.582000,0.375405,0.495713,-0.318492,-1.563490,-0.143579,1.840671,0.767485
8.584000,0.375405,0.495605,-0.318519,-1.563490,-0.143579,1.840671,0.767485
8.586000,0.375405,0.495498,-0.318546,-1.563490,-0.143579,1.840671,0.767485
8.588000,0.375405,0.495390,-0.318574,-1.563490,-0.143579,1.840671,0.767485
8.590000,0.375405,0.495283,-0.318601,-1.563490,-0.143579,1.840671,0.767485
8.592000,0.375405,0.495229,-0.318614,-1.563490,-0.143579,1.840671,0.767485
8.594000,0.375405,0.495122,-0.318642,-1.563490,-0.143579,1.840671,0.767485
8.596000,0.375405,0.495015,-0.318668,-1.563490,-0.143579,1.840671,0.767485
8.598000,0.375405,0.494909,-0.318695,-1.563490,-0.143579,1.840671,0.767485
8.600000,0.375405,0.494802,-0.318722,-1.563490,-0.143579,1.840671,0.767485
8.602000,0.375405,0.494695,-0.318749,-1.563490,-0.143579,1.840671,0.767485
8.604000,0.375405,0.494589,-0.318775,-1.563490,-0.143579,1.840671,0.767485
8.606000,0.375405,0.494482,-0.318802,-1.563490,-0.143579,1.840671,0.767485
8.608000,0.375405,0.494376,-0.318828,-1.563490,-0.143579,1.840671,0.767485
8.610000,0.375405,0.494270,-0.318854,-1.563490,-0.143579,1.840671,0.767485
8.612000,0.375405,0.494164,-0.318880,-1.563490,-0.143579,1.840671,0.767485
8.614000,0.375405,0.494059,-0.318906,-1.563490,-0.143579,1.840671,0.767485
8.616000,0.375405,0.493953,-0.318932,-1.563490,-0.143579,1.840671,0.767485
8.618000,0.375405,0.493848,-0.318958,-1.563490,-0.143579,1.840671,0.767485
8.620000,0.375405,0.493742,-0.318984,-1.563490,-0.143579,1.840671,0.767485
8.622000,0.375405,0.493637,-0.319010,-1.563490,-0.143579,1.840671,0.767485
8.624000,0.375405,0.493532,-0.319035,-1.563490,-0.143579,1.840671,0.767485
8.626000,0.375405,0.493428,-0.319061,-1.563490,-0.143579,1.840671,0.767485
8.628000,0.375405,0.493323,-0.319086,-1.563490,-0.143579,1.840671,0.767485
8.630000,0.375405,0.493271,-0.319099,-1.563490,-0.143579,1.840671,0.767485
8.632000,0.375405,0.493115,-0.319136,-1.563490,-0.143579,1.840671,0.767485
8.634000,0.375405,0.493011,-0.319161,-1.563490,-0.143579,1.840671,0.767485
8.636000,0.375405,0.492907,-0.319186,-1.563490,-0.143579,1.840671,0.767485
8.638000,0.375405,0.492803,-0.319211,-1.563490,-0.143579,1.840671,0.767485
8.640000,0.375405,0.492700,-0.319236,-1.563490,-0.143579,1.840671,0.767485
8.642000,0.375405,0.492597,-0.319261,-1.563490,-0.143579,1.840671,0.767485
8.644000,0.375405,0.492545,-0.319273,-1.563490,-0.143579,1.840671,0.767485
8.646000,0.375405,0.492442,-0.319297,-1.563490,-0.143579,1.840671,0.767485
8.648000,0.375405,0.492339,-0.319322,-1.563490,-0.143579,1.840671,0.767485
8.650000,0.375405,0.492237,-0.319346,-1.563490,-0.143579,1.840671,0.767485
8.652000,0.375405,0.492135,-0.319370,-1.563490,-0.143579,1.840671,0.767485
8.654000,0.375405,0.492033,-0.319394,-1.563490,-0.143579,1.840671,0.767485
8.656000,0.375405,0.491931,-0.319418,-1.563490,-0.143579,1.840671,0.767485
8.658000,0.375405,0.491829,-0.319442,-1.563490,-0.143579,1.840671,0.767485
8.660000,0.375405,0.491728,-0.319466,-1.563490,-0.143579,1.840671,0.767485
8.662000,0.375405,0.491626,-0.319490,-1.563490,-0.143579,1.840671,0.767485
8.664000,0.375405,0.491525,-0.319513,-1.563490,-0.143579,1.840671,0.767485
8.666000,0.375405,0.491425,-0.319537,-1.563490,-0.143579,1.840671,0.767485
8.668000,0.375405,0.491324,-0.319560,-1.563490,-0.143579,1.840671,0.767485
8.670000,0.375405,0.491224,-0.319584,-1.563490,-0.143579,1.840671,0.767485
8.672000,0.375405,0.491124,-0.319607,-1.563490,-0.143579,1.840671,0.767485
8.674000,0.375405,0.491024,-0.319630,-1.563490,-0.143579,1.840671,0.767485
8.676000,0.375405,0.490925,-0.319653,-1.563490,-0.143579,1.840671,0.767485
8.678000,0.375405,0.490825,-0.319676,-1.563490,-0.143579,1.840671,0.767485
8.680000,0.375405,0.490726,-0.319699,-1.563490,-0.143579,1.840671,0.767485
8.682000,0.375405,0.490628,-0.319721,-1.563490,-0.143579,1.840671,0.767485
8.684000,0.375405,0.490529,-0.319744,-1.563490,-0.143579,1.840671,0.767485
8.686000,0.375405,0.490431,-0.319767,-1.563490,-0.143579,1.840671,0.767485
8.688000,0.375405,0.490333,-0.319789,-1.563490,-0.143579,1.840671,0.767485
8.690000,0.375405,0.490235,-0.319811,-1.563490,-0.143579,1.840671,0.767485
8.692000,0.375405,0.490138,-0.319834,-1.563490,-0.143579,1.840671,0.767485
8.694000,0.375405,0.490040,-0.319856,-1.563490,-0.143579,1.840671,0.767485
8.696000,0.375405,0.489944,-0.319878,-1.563490,-0.143579,1.840671,0.767485
8.698000,0.375405,0.489847,-0.319900,-1.563490,-0.143579,1.840671,0.767485
8.700000,0.375405,0.489751,-0.319922,-1.563490,-0.143579,1.840671,0.767485
8.702000,0.375405,0.489655,-0.319944,-1.563490,-0.143579,1.840671,0.767485
8.704000,0.375405,0.489559,-0.319965,-1.563490,-0.143579,1.840671,0.767485
8.706000,0.375405,0.489463,-0.319987,-1.563490,-0.143579,1.840671,0.767485
8.708000,0.375405,0.489368,-0.320008,-1.563490,-0.143579,1.840671,0.767485
8.710000,0.375405,0.489273,-0.320030,-1.563490,-0.143579,1.840671,0.767485
8.712000,0.375405,0.489179,-0.320051,-1.563490,-0.143579,1.840671,0.767485
8.714000,0.375405,0.489085,-0.320072,-1.563490,-0.143579,1.840671,0.767485
8.716000,0.375405,0.488991,-0.320093,-1.563490,-0.143579,1.840671,0.767485
8.718000,0.375405,0.488944,-0.320104,-1.563490,-0.143579,1.840671,0.767485
8.720000,0.375405,0.488851,-0.320125,-1.563490,-0.143579,1.840671,0.767485
8.722000,0.375405,0.488758,-0.320145,-1.563490,-0.143579,1.840671,0.767485
8.724000,0.375405,0.488665,-0.320166,-1.563490,-0.143579,1.840671,0.767485
8.726000,0.375405,0.488573,-0.320187,-1.563490,-0.143579,1.840671,0.767485
8.728000,0.375405,0.488481,-0.320207,-1.563490,-0.143579,1.840671,0.767485
8.730000,0.375405,0.488389,-0.320228,-1.563490,-0.143579,1.840671,0.767485
8.732000,0.375405,0.488298,-0.320248,-1.563490,-0.143579,1.840671,0.767485
8.734000,0.375405,0.488207,-0.320268,-1.563490,-0.143579,1.840671,0.767485
8.736000,0.375405,0.488116,-0.320288,-1.563490,-0.143579,1.840671,0.767485
8.738000,0.375405,0.488026,-0.320308,-1.563490,-0.143579,1.840671,0.767485
8.740000,0.375405,0.487936,-0.320328,-1.563490,-0.143579,1.840671,0.767485
8.742000,0.375405,0.487846,-0.320348,-1.563490,-0.143579,1.840671,0.767485
8.744000,0.375405,0.487757,-0.320368,-1.563490,-0.143579,1.840671,0.767485
8.746000,0.375405,0.487668,-0.320387,-1.563490,-0.143579,1.840671,0.767485
8.748000,0.375405,0.487580,-0.320407,-1.563490,-0.143579,1.840671,0.767485
8.750000,0.375405,0.487492,-0.320426,-1.563490,-0.143579,1.840671,0.767485
8.752000,0.375404,0.487404,-0.320445,-1.563490,-0.143579,1.840671,0.767485
8.754000,0.375404,0.487317,-0.320464,-1.563490,-0.143579,1.840671,0.767485
8.756000,0.375404,0.487230,-0.320483,-1.563490,-0.143579,1.840671,0.767485
8.758000,0.375404,0.487144,-0.320502,-1.563490,-0.143579,1.840671,0.767485
8.760000,0.375404,0.487058,-0.320520,-1.563490,-0.143579,1.840671,0.767485
8.762000,0.375404,0.486972,-0.320539,-1.563490,-0.143579,1.840671,0.767485
8.764000,0.375403,0.486887,-0.320557,-1.563490,-0.143579,1.840671,0.767485
8.766000,0.375403,0.486802,-0.320575,-1.563490,-0.143579,1.840671,0.767485
8.768000,0.375403,0.486717,-0.320593,-1.563490,-0.143579,1.840671,0.767485
8.770000,0.375402,0.486633,-0.320611,-1.563490,-0.143579,1.840671,0.767485
8.772000,0.375402,0.486550,-0.320628,-1.563490,-0.143579,1.840671,0.767485
8.774000,0.375401,0.486466,-0.320646,-1.563490,-0.143579,1.840671,0.767485
8.776000,0.375400,0.486383,-0.320663,-1.563490,-0.143579,1.840671,0.767485
8.778000,0.375400,0.486342,-0.320671,-1.563490,-0.143579,1.840671,0.767485
8.780000,0.375399,0.486260,-0.320688,-1.563490,-0.143579,1.840671,0.767485
8.782000,0.375398,0.486178,-0.320705,-1.563490,-0.143579,1.840671,0.767485
8.784000,0.375398,0.486097,-0.320722,-1.563490,-0.143579,1.840671,0.767485
8.786000,0.375397,0.486016,-0.320738,-1.563490,-0.143579,1.840671,0.767485
8.788000,0.375395,0.485935,-0.320754,-1.563490,-0.143579,1.840671,0.767485
8.790000,0.375394,0.485855,-0.320770,-1.563490,-0.143579,1.840671,0.767485
8.792000,0.375393,0.485776,-0.320786,-1.563490,-0.143579,1.840671,0.767485
8.794000,0.375392,0.485696,-0.320801,-1.563490,-0.143579,1.840671,0.767485
8.796000,0.375390,0.485618,-0.320816,-1.563490,-0.143579,1.840671,0.767485
8.798000,0.375389,0.485539,-0.320831,-1.563490,-0.143579,1.840671,0.767485
8.800000,0.375387,0.485461,-0.320846,-1.563490,-0.143579,1.840671,0.767485
8.802000,0.375385,0.485384,-0.320861,-1.563490,-0.143579,1.840671,0.767485
8.804000,0.375384,0.485307,-0.320875,-1.563490,-0.143579,1.840671,0.767485
8.806000,0.375382,0.485230,-0.320889,-1.563490,-0.143579,1.840671,0.767485
8.808000,0.375380,0.485154,-0.320903,-1.563490,-0.143579,1.840671,0.767485
8.810000,0.375378,0.485078,-0.320917,-1.563490,-0.143579,1.840671,0.767485
8.812000,0.375376,0.485040,-0.320924,-1.563490,-0.143579,1.840671,0.767485
8.814000,0.375374,0.484965,-0.320937,-1.563490,-0.143579,1.840671,0.767485
8.816000,0.375372,0.484891,-0.320951,-1.563490,-0.143579,1.840671,0.767485
8.818000,0.375369,0.484817,-0.320964,-1.563490,-0.143579,1.840671,0.767485
8.820000,0.375367,0.484743,-0.320976,-1.563490,-0.143579,1.840671,0.767485
8.822000,0.375364,0.484670,-0.320989,-1.563490,-0.143579,1.840671,0.767485
8.824000,0.375361,0.484597,-0.321001,-1.563490,-0.143579,1.840671,0.767485
8.826000,0.375358,0.484525,-0.321013,-1.563490,-0.143579,1.840671,0.767485
8.828000,0.375355,0.484453,-0.321025,-1.563490,-0.143579,1.840671,0.767485
8.830000,0.375352,0.484381,-0.321037,-1.563490,-0.143579,1.840671,0.767485
8.832000,0.375349,0.484310,-0.321049,-1.563490,-0.143579,1.840671,0.767485
8.834000,0.375346,0.484240,-0.321060,-1.563490,-0.143579,1.840671,0.767485
8.836000,0.375342,0.484170,-0.321071,-1.563490,-0.143579,1.840671,0.767485
8.838000,0.375339,0.484100,-0.321082,-1.563490,-0.143579,1.840671,0.767485
8.840000,0.375335,0.484031,-0.321092,-1.563490,-0.143579,1.840671,0.767485
8.842000,0.375331,0.483962,-0.321102,-1.563490,-0.143579,1.840671,0.767485
8.844000,0.375327,0.483894,-0.321112,-1.563490,-0.143579,1.840671,0.767485
8.846000,0.375323,0.483827,-0.321122,-1.563490,-0.143579,1.840671,0.767485
8.848000,0.375319,0.483759,-0.321132,-1.563490,-0.143579,1.840671,0.767485
8.850000,0.375314,0.483693,-0.321141,-1.563490,-0.143579,1.840671,0.767485
8.852000,0.375310,0.483626,-0.321150,-1.563490,-0.143579,1.840671,0.767485
8.854000,0.375305,0.483561,-0.321158,-1.563490,-0.143579,1.840671,0.767485
8.856000,0.375300,0.483495,-0.321166,-1.563490,-0.143579,1.840671,0.767485
8.858000,0.375295,0.483431,-0.321174,-1.563490,-0.143579,1.840671,0.767485
8.860000,0.375289,0.483366,-0.321182,-1.563490,-0.143579,1.840671,0.767485
8.862000,0.375284,0.483303,-0.321190,-1.563490,-0.143579,1.840671,0.767485
8.864000,0.375278,0.483239,-0.321197,-1.563490,-0.143579,1.840671,0.767485
8.866000,0.375273,0.483177,-0.321203,-1.563490,-0.143579,1.840671,0.767485
8.868000,0.375267,0.483114,-0.321210,-1.563490,-0.143579,1.840671,0.767485
8.870000,0.375260,0.483053,-0.321216,-1.563490,-0.143579,1.840671,0.767485
8.872000,0.375254,0.482991,-0.321222,-1.563490,-0.143579,1.840671,0.767485
8.874000,0.375247,0.482931,-0.321227,-1.563490,-0.143579,1.840671,0.767485
8.876000,0.375241,0.482870,-0.321233,-1.563490,-0.143579,1.840671,0.767485
8.878000,0.375237,0.482840,-0.321235,-1.563490,-0.143579,1.840671,0.767485
8.880000,0.375230,0.482781,-0.321240,-1.563490,-0.143579,1.840671,0.767485
8.882000,0.375223,0.482722,-0.321244,-1.563490,-0.143579,1.840671,0.767485
8.884000,0.375215,0.482664,-0.321248,-1.563490,-0.143579,1.840671,0.767485
8.886000,0.375208,0.482606,-0.321252,-1.563490,-0.143579,1.840671,0.767485
8.888000,0.375200,0.482548,-0.321255,-1.563490,-0.143579,1.840671,0.767485
8.890000,0.375192,0.482491,-0.321258,-1.563490,-0.143579,1.840671,0.767485
8.892000,0.375183,0.482435,-0.321261,-1.563490,-0.143579,1.840671,0.767485
8.894000,0.375175,0.482379,-0.321263,-1.563490,-0.143579,1.840671,0.767485
8.896000,0.375166,0.482324,-0.321265,-1.563490,-0.143579,1.840671,0.767485
8.898000,0.375157,0.482269,-0.321267,-1.563490,-0.143579,1.840671,0.767485
8.900000,0.375148,0.482215,-0.321269,-1.563490,-0.143579,1.840671,0.767485
8.902000,0.375139,0.482161,-0.321270,-1.563490,-0.143579,1.840671,0.767485
8.904000,0.375129,0.482108,-0.321270,-1.563490,-0.143579,1.840671,0.767485
8.906000,0.375120,0.482055,-0.321271,-1.563490,-0.143579,1.840671,0.767485
8.908000,0.375110,0.482003,-0.321271,-1.563490,-0.143579,1.840671,0.767485
8.910000,0.375100,0.481951,-0.321271,-1.563490,-0.143579,1.840671,0.767485
8.912000,0.375090,0.481900,-0.321271,-1.563490,-0.143579,1.840671,0.767485
8.914000,0.375080,0.481850,-0.321271,-1.563490,-0.143579,1.840671,0.767485
8.916000,0.375070,0.481800,-0.321271,-1.563490,-0.143579,1.840671,0.767485
8.918000,0.375060,0.481751,-0.321271,-1.563490,-0.143579,1.840671,0.767485
8.920000,0.375051,0.481702,-0.321271,-1.563490,-0.143579,1.840671,0.767485
8.922000,0.375041,0.481654,-0.321271,-1.563490,-0.143579,1.840671,0.767485
8.924000,0.375031,0.481606,-0.321271,-1.563490,-0.143579,1.840671,0.767485
8.926000,0.375021,0.481559,-0.321271,-1.563490,-0.143579,1.840671,0.767485
8.928000,0.375017,0.481536,-0.321271,-1.563490,-0.143579,1.840671,0.767485
8.930000,0.375007,0.481490,-0.321271,-1.563490,-0.143579,1.840671,0.767485
8.932000,0.374997,0.481444,-0.321271,-1.563490,-0.143579,1.840671,0.767485
8.934000,0.374988,0.481399,-0.321271,-1.563490,-0.143579,1.840671,0.767485
8.936000,0.374978,0.481354,-0.321271,-1.563490,-0.143579,1.840671,0.767485
8.938000,0.374969,0.481310,-0.321271,-1.563490,-0.143579,1.840671,0.767485
8.940000,0.374960,0.481267,-0.321271,-1.563490,-0.143579,1.840671,0.767485
8.942000,0.374950,0.481224,-0.321271,-1.563490,-0.143579,1.840671,0.767485
8.944000,0.374941,0.481182,-0.321271,-1.563490,-0.143579,1.840671,0.767485
8.946000,0.374931,0.481140,-0.321271,-1.563490,-0.143579,1.840671,0.767485
8.948000,0.374922,0.481099,-0.321271,-1.563490,-0.143579,1.840671,0.767485
8.950000,0.374913,0.481059,-0.321271,-1.563490,-0.143579,1.840671,0.767485
8.952000,0.374904,0.481019,-0.321271,-1.563490,-0.143579,1.840671,0.767485
8.954000,0.374895,0.480980,-0.321271,-1.563490,-0.143579,1.840671,0.767485
8.956000,0.374885,0.480941,-0.321271,-1.563490,-0.143579,1.840671,0.767485
8.958000,0.374876,0.480903,-0.321271,-1.563490,-0.143579,1.840671,0.767485
8.960000,0.374867,0.480865,-0.321271,-1.563490,-0.143579,1.840671,0.767485
8.962000,0.374858,0.480828,-0.321271,-1.563490,-0.143579,1.840671,0.767485
8.964000,0.374849,0.480791,-0.321271,-1.563490,-0.143579,1.840671,0.767485
8.966000,0.374840,0.480755,-0.321271,-1.563490,-0.143579,1.840671,0.767485
8.968000,0.374831,0.480720,-0.321271,-1.563490,-0.143579,1.840671,0.767485
8.970000,0.374823,0.480685,-0.321271,-1.563490,-0.143579,1.840671,0.767485
8.972000,0.374814,0.480651,-0.321271,-1.563490,-0.143579,1.840671,0.767485
8.974000,0.374805,0.480617,-0.321271,-1.563490,-0.143579,1.840671,0.767485
8.976000,0.374796,0.480584,-0.321271,-1.563490,-0.143579,1.840671,0.767485
8.978000,0.374787,0.480551,-0.321271,-1.563490,-0.143579,1.840671,0.767485
8.980000,0.374779,0.480519,-0.321271,-1.563490,-0.143579,1.840671,0.767485
8.982000,0.374770,0.480488,-0.321271,-1.563490,-0.143579,1.840671,0.767485
8.984000,0.374762,0.480457,-0.321271,-1.563490,-0.143579,1.840671,0.767485
8.986000,0.374757,0.480441,-0.321271,-1.563490,-0.143579,1.840671,0.767485
8.988000,0.374749,0.480411,-0.321271,-1.563490,-0.143579,1.840671,0.767485
8.990000,0.374740,0.480382,-0.321271,-1.563490,-0.143579,1.840671,0.767485
8.992000,0.374732,0.480353,-0.321271,-1.563490,-0.143579,1.840671,0.767485
8.994000,0.374723,0.480325,-0.321271,-1.563490,-0.143579,1.840671,0.767485
8.996000,0.374715,0.480297,-0.321271,-1.563490,-0.143579,1.840671,0.767485
8.998000,0.374707,0.480270,-0.321271,-1.563490,-0.143579,1.840671,0.767485
9.000000,0.374699,0.480243,-0.321271,-1.563490,-0.143579,1.840671,0.767485
9.002000,0.374690,0.480217,-0.321271,-1.563490,-0.143579,1.840671,0.767485
9.004000,0.374682,0.480192,-0.321271,-1.563490,-0.143579,1.840671,0.767485
9.006000,0.374674,0.480167,-0.321271,-1.563490,-0.143579,1.840671,0.767485
9.008000,0.374666,0.480142,-0.321271,-1.563490,-0.143579,1.840671,0.767485
9.010000,0.374658,0.480118,-0.321271,-1.563490,-0.143579,1.840671,0.767485
9.012000,0.374650,0.480095,-0.321271,-1.563490,-0.143579,1.840671,0.767485
9.014000,0.374642,0.480073,-0.321271,-1.563490,-0.143579,1.840671,0.767485
9.016000,0.374634,0.480051,-0.321271,-1.563490,-0.143579,1.840671,0.767485
9.018000,0.374626,0.480029,-0.321271,-1.563490,-0.143579,1.840671,0.767485
9.020000,0.374618,0.480008,-0.321271,-1.563490,-0.143579,1.840671,0.767485
9.022000,0.374611,0.479988,-0.321271,-1.563490,-0.143579,1.840671,0.767485
9.024000,0.374603,0.479968,-0.321271,-1.563490,-0.143579,1.840671,0.767485
9.026000,0.374595,0.479949,-0.321271,-1.563490,-0.143579,1.840671,0.767485
9.028000,0.374588,0.479930,-0.321271,-1.563490,-0.143579,1.840671,0.767485
9.030000,0.374584,0.479921,-0.321271,-1.563490,-0.143579,1.840671,0.767485
9.032000,0.374576,0.479903,-0.321271,-1.563490,-0.143579,1.840671,0.767485
9.034000,0.374569,0.479886,-0.321271,-1.563490,-0.143579,1.840671,0.767485
9.036000,0.374562,0.479869,-0.321271,-1.563490,-0.143579,1.840671,0.767485
9.038000,0.374554,0.479853,-0.321271,-1.563490,-0.143579,1.840671,0.767485
9.040000,0.374547,0.479837,-0.321271,-1.563490,-0.143579,1.840671,0.767485
9.042000,0.374540,0.479822,-0.321271,-1.563490,-0.143579,1.840671,0.767485
9.044000,0.374532,0.479808,-0.321271,-1.563490,-0.143579,1.840671,0.767485
9.046000,0.374525,0.479794,-0.321271,-1.563490,-0.143579,1.840671,0.767485
9.048000,0.374518,0.479781,-0.321271,-1.563490,-0.143579,1.840671,0.767485
9.050000,0.374511,0.479768,-0.321271,-1.563490,-0.143579,1.840671,0.767485
9.052000,0.374504,0.479756,-0.321271,-1.563490,-0.143579,1.840671,0.767485
9.054000,0.374497,0.479744,-0.321271,-1.563490,-0.143579,1.840671,0.767485
9.056000,0.374490,0.479733,-0.321271,-1.563490,-0.143579,1.840671,0.767485
9.058000,0.374483,0.479722,-0.321271,-1.563490,-0.143579,1.840671,0.767485
9.060000,0.374477,0.479712,-0.321271,-1.563490,-0.143579,1.840671,0.767485
9.062000,0.374470,0.479703,-0.321271,-1.563490,-0.143579,1.840671,0.767485
9.064000,0.374463,0.479694,-0.321271,-1.563490,-0.143579,1.840671,0.767485
9.066000,0.374457,0.479685,-0.321271,-1.563490,-0.143579,1.840671,0.767485
9.068000,0.374450,0.479677,-0.321271,-1.563490,-0.143579,1.840671,0.767485
9.070000,0.374444,0.479670,-0.321271,-1.563490,-0.143579,1.840671,0.767485
9.072000,0.374437,0.479663,-0.321271,-1.563490,-0.143579,1.840671,0.767485
9.074000,0.374434,0.479660,-0.321271,-1.563490,-0.143579,1.840671,0.767485
9.076000,0.374428,0.479654,-0.321271,-1.563490,-0.143579,1.840671,0.767485
9.078000,0.374421,0.479649,-0.321271,-1.563490,-0.143579,1.840671,0.767485
9.080000,0.374415,0.479644,-0.321271,-1.563490,-0.143579,1.840671,0.767485
9.082000,0.374409,0.479639,-0.321271,-1.563490,-0.143579,1.840671,0.767485
9.084000,0.374403,0.479635,-0.321271,-1.563490,-0.143579,1.840671,0.767485
9.086000,0.374397,0.479632,-0.321271,-1.563490,-0.143579,1.840671,0.767485
9.088000,0.374391,0.479629,-0.321271,-1.563490,-0.143579,1.840671,0.767485
9.090000,0.374385,0.479627,-0.321271,-1.563490,-0.143579,1.840671,0.767485
9.092000,0.374379,0.479625,-0.321271,-1.563490,-0.143579,1.840671,0.767485
9.094000,0.374373,0.479624,-0.321271,-1.563490,-0.143579,1.840671,0.767485
9.096000,0.374367,0.479623,-0.321271,-1.563490,-0.143579,1.840671,0.767485
9.098000,0.374361,0.479623,-0.321271,-1.563490,-0.143579,1.840671,0.767485
9.100000,0.374356,0.479623,-0.321271,-1.563490,-0.143579,1.840671,0.767485
9.102000,0.374350,0.479623,-0.321271,-1.563490,-0.143579,1.840671,0.767485
9.104000,0.374345,0.479623,-0.321271,-1.563490,-0.143579,1.840671,0.767485
9.106000,0.374339,0.479623,-0.321271,-1.563490,-0.143579,1.840671,0.767485
9.108000,0.374334,0.479623,-0.321271,-1.563490,-0.143579,1.840671,0.767485
9.110000,0.374329,0.479623,-0.321271,-1.563490,-0.143579,1.840671,0.767485
9.112000,0.374324,0.479623,-0.321271,-1.563490,-0.143579,1.840671,0.767485
9.114000,0.374319,0.479623,-0.321271,-1.563490,-0.143579,1.840671,0.767485
9.116000,0.374314,0.479623,-0.321271,-1.563490,-0.143579,1.840671,0.767485
9.118000,0.374309,0.479623,-0.321271,-1.563490,-0.143579,1.840671,0.767485
9.120000,0.374304,0.479623,-0.321271,-1.563490,-0.143579,1.840671,0.767485
9.122000,0.374299,0.479623,-0.321271,-1.563490,-0.143579,1.840671,0.767485
9.124000,0.374294,0.479623,-0.321271,-1.563490,-0.143579,1.840671,0.767485
9.126000,0.374290,0.479623,-0.321271,-1.563490,-0.143579,1.840671,0.767485
9.128000,0.374285,0.479623,-0.321271,-1.563490,-0.143579,1.840671,0.767485
9.130000,0.374281,0.479623,-0.321271,-1.563490,-0.143579,1.840671,0.767485
9.132000,0.374277,0.479623,-0.321271,-1.563490,-0.143579,1.840671,0.767485
9.134000,0.374272,0.479623,-0.321271,-1.563490,-0.143579,1.840671,0.767485
9.136000,0.374268,0.479623,-0.321271,-1.563490,-0.143579,1.840671,0.767485
9.138000,0.374264,0.479623,-0.321271,-1.563490,-0.143579,1.840671,0.767485
9.140000,0.374260,0.479623,-0.321271,-1.563490,-0.143579,1.840671,0.767485
9.142000,0.374256,0.479623,-0.321271,-1.563490,-0.143579,1.840671,0.767485
9.144000,0.374252,0.479623,-0.321271,-1.563490,-0.143579,1.840671,0.767485
9.146000,0.374249,0.479623,-0.321271,-1.563490,-0.143579,1.840671,0.767485
9.148000,0.374245,0.479623,-0.321271,-1.563490,-0.143579,1.840671,0.767485
9.150000,0.374241,0.479623,-0.321271,-1.563490,-0.143579,1.840671,0.767485
9.152000,0.374238,0.479623,-0.321271,-1.563490,-0.143579,1.840671,0.767485
9.154000,0.374234,0.479623,-0.321271,-1.563490,-0.143579,1.840671,0.767485
9.156000,0.374231,0.479623,-0.321271,-1.563490,-0.143579,1.840671,0.767485
9.158000,0.374228,0.479623,-0.321271,-1.563490,-0.143579,1.840671,0.767485
9.160000,0.374225,0.479623,-0.321271,-1.563490,-0.143579,1.840671,0.767485
9.162000,0.374222,0.479623,-0.321271,-1.563490,-0.143579,1.840671,0.767485
9.164000,0.374218,0.479623,-0.321271,-1.563490,-0.143579,1.840671,0.767485
9.166000,0.374217,0.479623,-0.321271,-1.563490,-0.143579,1.840671,0.767485
9.168000,0.374214,0.479623,-0.321271,-1.563490,-0.143579,1.840671,0.767485
9.170000,0.374211,0.479623,-0.321271,-1.563490,-0.143579,1.840671,0.767485
9.172000,0.374208,0.479623,-0.321271,-1.563490,-0.143579,1.840671,0.767485
9.174000,0.374206,0.479623,-0.321271,-1.563490,-0.143579,1.840671,0.767485
9.176000,0.374203,0.479623,-0.321271,-1.563490,-0.143579,1.840671,0.767485
9.178000,0.374201,0.479623,-0.321271,-1.563490,-0.143579,1.840671,0.767485
9.180000,0.374198,0.479623,-0.321271,-1.563490,-0.143579,1.840671,0.767485
9.182000,0.374196,0.479623,-0.321271,-1.563490,-0.143579,1.840671,0.767485
9.184000,0.374193,0.479623,-0.321271,-1.563490,-0.143579,1.840671,0.767485
9.186000,0.374191,0.479623,-0.321271,-1.563490,-0.143579,1.840671,0.767485
9.188000,0.374189,0.479623,-0.321271,-1.563490,-0.143579,1.840671,0.767485
9.190000,0.374187,0.479623,-0.321271,-1.563490,-0.143579,1.840671,0.767485
9.192000,0.374185,0.479623,-0.321271,-1.563490,-0.143579,1.840671,0.767485
9.194000,0.374183,0.479623,-0.321271,-1.563490,-0.143579,1.840671,0.767485
9.196000,0.374181,0.479623,-0.321271,-1.563490,-0.143579,1.840671,0.767485
9.198000,0.374179,0.479623,-0.321271,-1.563490,-0.143579,1.840671,0.767485
9.200000,0.374177,0.479623,-0.321271,-1.563490,-0.143579,1.840671,0.767485
9.202000,0.374177,0.479623,-0.321271,-1.563490,-0.143579,1.840671,0.767485
9.204000,0.374175,0.479623,-0.321271,-1.563490,-0.143579,1.840671,0.767485
9.206000,0.374173,0.479623,-0.321271,-1.563490,-0.143579,1.840671,0.767485
9.208000,0.374172,0.479623,-0.321271,-1.563490,-0.143579,1.840671,0.767485
9.210000,0.374170,0.479623,-0.321271,-1.563490,-0.143579,1.840671,0.767485
9.212000,0.374169,0.479623,-0.321271,-1.563490,-0.143579,1.840671,0.767485
9.214000,0.374168,0.479623,-0.321271,-1.563490,-0.143579,1.840671,0.767485
9.216000,0.374167,0.479623,-0.321271,-1.563490,-0.143579,1.840671,0.767485
9.218000,0.374165,0.479623,-0.321271,-1.563490,-0.143579,1.840671,0.767485
9.220000,0.374164,0.479623,-0.321271,-1.563490,-0.143579,1.840671,0.767485
9.222000,0.374163,0.479623,-0.321271,-1.563490,-0.143579,1.840671,0.767485
9.224000,0.374162,0.479623,-0.321271,-1.563490,-0.143579,1.840671,0.767485
9.226000,0.374161,0.479623,-0.321271,-1.563490,-0.143579,1.840671,0.767485
9.228000,0.374161,0.479623,-0.321271,-1.563490,-0.143579,1.840671,0.767485
9.230000,0.374160,0.479623,-0.321271,-1.563490,-0.143579,1.840671,0.767485
9.232000,0.374159,0.479623,-0.321271,-1.563490,-0.143579,1.840671,0.767485
9.234000,0.374158,0.479623,-0.321271,-1.563490,-0.143579,1.840671,0.767485
9.236000,0.374158,0.479623,-0.321271,-1.563490,-0.143579,1.840671,0.767485
9.238000,0.374157,0.479623,-0.321271,-1.563490,-0.143579,1.840671,0.767485
9.240000,0.374157,0.479623,-0.321271,-1.563490,-0.143579,1.840671,0.767485
9.242000,0.374156,0.479623,-0.321271,-1.563490,-0.143579,1.840671,0.767485
9.244000,0.374156,0.479623,-0.321271,-1.563490,-0.143579,1.840671,0.767485
9.246000,0.374156,0.479623,-0.321271,-1.563490,-0.143579,1.840671,0.767485
9.248000,0.374156,0.479623,-0.321271,-1.563490,-0.143579,1.840671,0.767485
9.250000,0.374155,0.479623,-0.321271,-1.563490,-0.143579,1.840671,0.767485
9.252000,0.374155,0.479623,-0.321271,-1.563490,-0.143579,1.840671,0.767485
9.254000,0.374155,0.479623,-0.321271,-1.563490,-0.143579,1.840671,0.767485
9.256000,0.374155,0.479623,-0.321271,-1.563490,-0.143579,1.840671,0.767485
9.258000,0.374155,0.479623,-0.321271,-1.563490,-0.143579,1.840671,0.767485
9.260000,0.374155,0.479623,-0.321271,-1.563490,-0.143579,1.840671,0.767485
9.262000,0.374155,0.479623,-0.321271,-1.563490,-0.143579,1.840671,0.767485
9.264000,0.374155,0.479623,-0.321271,-1.563490,-0.143579,1.840671,0.767485
9.266000,0.374155,0.479623,-0.321271,-1.563490,-0.143579,1.840671,0.767485
9.268000,0.374155,0.479623,-0.321271,-1.563490,-0.143579,1.840671,0.767485
9.270000,0.374155,0.479623,-0.321271,-1.563490,-0.143579,1.840671,0.767485
9.272000,0.374155,0.479623,-0.321271,-1.563490,-0.143579,1.840671,0.767485
9.274000,0.374155,0.479623,-0.321271,-1.563490,-0.143579,1.840671,0.767485
9.276000,0.374155,0.479623,-0.321271,-1.563490,-0.143579,1.840671,0.767485
9.278000,0.374155,0.479623,-0.321271,-1.563490,-0.143579,1.840671,0.767485
9.280000,0.374155,0.479623,-0.321271,-1.563490,-0.143579,1.840671,0.767485
9.282000,0.374155,0.479623,-0.321271,-1.563490,-0.143579,1.840671,0.767485
9.284000,0.374155,0.479623,-0.321271,-1.563490,-0.143579,1.840671,0.767485
9.286000,0.374155,0.479623,-0.321271,-1.563490,-0.143579,1.840671,0.767485
9.288000,0.374155,0.479623,-0.321271,-1.563490,-0.143579,1.840671,0.767485
9.290000,0.374155,0.479623,-0.321271,-1.563490,-0.143579,1.840671,0.767485
9.292000,0.374155,0.479623,-0.321271,-1.563490,-0.143579,1.840671,0.767485
9.294000,0.374155,0.479623,-0.321271,-1.563490,-0.143579,1.840671,0.767485
9.296000,0.374155,0.479623,-0.321271,-1.563490,-0.143579,1.840671,0.767485
9.298000,0.374155,0.479623,-0.321271,-1.563490,-0.143579,1.840671,0.767485
9.300000,0.374155,0.479623,-0.321271,-1.563490,-0.143579,1.840671,0.767485
9.302000,0.374155,0.479623,-0.321271,-1.563490,-0.143579,1.840671,0.767485
9.304000,0.374155,0.479623,-0.321271,-1.563490,-0.143579,1.840671,0.767485
9.306000,0.374155,0.479623,-0.321271,-1.563490,-0.143579,1.840671,0.767485
9.308000,0.374155,0.479623,-0.321271,-1.563490,-0.143579,1.840671,0.767485
9.310000,0.374155,0.479623,-0.321271,-1.563490,-0.143579,1.840671,0.767485
9.312000,0.374155,0.479623,-0.321271,-1.563490,-0.143579,1.840671,0.767485
9.314000,0.374155,0.479623,-0.321271,-1.563490,-0.143579,1.840671,0.767485
9.316000,0.374155,0.479623,-0.321271,-1.563490,-0.143579,1.840671,0.767485
9.318000,0.374155,0.479623,-0.321271,-1.563490,-0.143579,1.840671,0.767485
9.320000,0.374155,0.479623,-0.321271,-1.563490,-0.143579,1.840671,0.767485
9.322000,0.374155,0.479623,-0.321271,-1.563490,-0.143579,1.840671,0.767485
9.324000,0.374155,0.479623,-0.321271,-1.563490,-0.143579,1.840671,0.767485
9.326000,0.374155,0.479623,-0.321271,-1.563490,-0.143579,1.840671,0.767485
9.328000,0.374155,0.479623,-0.321271,-1.563490,-0.143579,1.840671,0.767485
9.330000,0.374155,0.479623,-0.321271,-1.563490,-0.143579,1.840671,0.767485
9.332000,0.374155,0.479623,-0.321271,-1.563490,-0.143579,1.840671,0.767485
9.334000,0.374155,0.479623,-0.321271,-1.563490,-0.143579,1.840671,0.767485
9.336000,0.374155,0.479623,-0.321271,-1.563490,-0.143579,1.840671,0.767485
9.338000,0.374155,0.479623,-0.321271,-1.563490,-0.143579,1.840671,0.767485
9.340000,0.374155,0.479623,-0.321271,-1.563490,-0.143579,1.840671,0.767485
9.342000,0.374155,0.479623,-0.321271,-1.563490,-0.143579,1.840671,0.767485
9.344000,0.374155,0.479623,-0.321271,-1.563490,-0.143579,1.840671,0.767485
9.346000,0.374155,0.479623,-0.321271,-1.563490,-0.143579,1.840671,0.767485
9.348000,0.374155,0.479623,-0.321271,-1.563490,-0.143579,1.840671,0.767485
9.350000,0.374155,0.479623,-0.321271,-1.563490,-0.143579,1.840671,0.767485
9.352000,0.374155,0.479623,-0.321271,-1.563490,-0.143579,1.840671,0.767485
9.354000,0.374155,0.479623,-0.321271,-1.563490,-0.143579,1.840671,0.767485
9.356000,0.374155,0.479623,-0.321271,-1.563490,-0.143579,1.840671,0.767485
9.358000,0.374155,0.479623,-0.321271,-1.563490,-0.143579,1.840671,0.767485
9.360000,0.374155,0.479623,-0.321271,-1.563490,-0.143579,1.840671,0.767485
9.362000,0.374155,0.479623,-0.321271,-1.563490,-0.143579,1.840671,0.767485
9.364000,0.374155,0.479623,-0.321271,-1.563490,-0.143579,1.840671,0.767485
9.366000,0.374155,0.479623,-0.321271,-1.563490,-0.143579,1.840671,0.767485
9.368000,0.374155,0.479623,-0.321271,-1.563490,-0.143579,1.840671,0.767485
9.370000,0.374155,0.479623,-0.321271,-1.563490,-0.143579,1.840671,0.767485
9.372000,0.374155,0.479623,-0.321271,-1.563490,-0.143579,1.840671,0.767485
9.374000,0.374155,0.479623,-0.321271,-1.563490,-0.143579,1.840671,0.767485
9.376000,0.374155,0.479623,-0.321271,-1.563490,-0.143579,1.840671,0.767485
9.378000,0.374155,0.479623,-0.321271,-1.563490,-0.143579,1.840671,0.767485
9.380000,0.374155,0.479623,-0.321271,-1.563490,-0.143579,1.840671,0.767485
9.382000,0.374155,0.479623,-0.321271,-1.563490,-0.143579,1.840671,0.767485
9.384000,0.374155,0.479623,-0.321271,-1.563490,-0.143579,1.840671,0.767485
9.386000,0.374155,0.479623,-0.321271,-1.563490,-0.143579,1.840671,0.767485
9.388000,0.374155,0.479624,-0.321271,-1.563490,-0.143579,1.840671,0.767485
9.390000,0.374155,0.479624,-0.321271,-1.563490,-0.143579,1.840671,0.767485
9.392000,0.374155,0.479624,-0.321271,-1.563490,-0.143579,1.840671,0.767485
9.394000,0.374155,0.479624,-0.321271,-1.563490,-0.143579,1.840671,0.767485
9.396000,0.374155,0.479625,-0.321271,-1.563490,-0.143579,1.840671,0.767485
9.398000,0.374155,0.479625,-0.321271,-1.563490,-0.143579,1.840671,0.767485
9.400000,0.374155,0.479625,-0.321271,-1.563490,-0.143579,1.840671,0.767485
9.402000,0.374155,0.479625,-0.321271,-1.563490,-0.143579,1.840671,0.767485
9.404000,0.374155,0.479626,-0.321271,-1.563490,-0.143579,1.840671,0.767485
9.406000,0.374155,0.479626,-0.321271,-1.563490,-0.143579,1.840671,0.767485
9.408000,0.374155,0.479627,-0.321271,-1.563490,-0.143579,1.840671,0.767485
9.410000,0.374155,0.479627,-0.321271,-1.563490,-0.143579,1.840671,0.767485
9.412000,0.374155,0.479627,-0.321271,-1.563490,-0.143579,1.840671,0.767485
9.414000,0.374155,0.479628,-0.321271,-1.563490,-0.143579,1.840671,0.767485
9.416000,0.374155,0.479629,-0.321271,-1.563490,-0.143579,1.840671,0.767485
9.418000,0.374155,0.479629,-0.321271,-1.563490,-0.143579,1.840671,0.767485
9.420000,0.374155,0.479630,-0.321271,-1.563490,-0.143579,1.840671,0.767485
9.422000,0.374155,0.479631,-0.321271,-1.563490,-0.143579,1.840671,0.767485
9.424000,0.374155,0.479631,-0.321271,-1.563490,-0.143579,1.840671,0.767485
9.426000,0.374155,0.479632,-0.321271,-1.563490,-0.143579,1.840671,0.767485
9.428000,0.374155,0.479633,-0.321271,-1.563490,-0.143579,1.840671,0.767485
9.430000,0.374155,0.479634,-0.321271,-1.563490,-0.143579,1.840671,0.767485
9.432000,0.374155,0.479635,-0.321271,-1.563490,-0.143579,1.840671,0.767485
9.434000,0.374155,0.479636,-0.321271,-1.563490,-0.143579,1.840671,0.767485
9.436000,0.374155,0.479637,-0.321271,-1.563490,-0.143579,1.840671,0.767485
9.438000,0.374155,0.479638,-0.321271,-1.563490,-0.143579,1.840671,0.767485
9.440000,0.374155,0.479639,-0.321271,-1.563490,-0.143579,1.840671,0.767485
9.442000,0.374155,0.479641,-0.321271,-1.563490,-0.143579,1.840671,0.767485
9.444000,0.374155,0.479642,-0.321271,-1.563490,-0.143579,1.840671,0.767485
9.446000,0.374155,0.479643,-0.321271,-1.563490,-0.143579,1.840671,0.767485
9.448000,0.374155,0.479645,-0.321271,-1.563490,-0.143579,1.840671,0.767485
9.450000,0.374155,0.479646,-0.321271,-1.563490,-0.143579,1.840671,0.767485
9.452000,0.374155,0.479648,-0.321271,-1.563490,-0.143579,1.840671,0.767485
9.454000,0.374155,0.479649,-0.321271,-1.563490,-0.143579,1.840671,0.767485
9.456000,0.374155,0.479651,-0.321271,-1.563490,-0.143579,1.840671,0.767485
9.458000,0.374155,0.479653,-0.321271,-1.563490,-0.143579,1.840671,0.767485
9.460000,0.374155,0.479655,-0.321271,-1.563490,-0.143579,1.840671,0.767485
9.462000,0.374155,0.479657,-0.321271,-1.563490,-0.143579,1.840671,0.767485
9.464000,0.374155,0.479659,-0.321271,-1.563490,-0.143579,1.840671,0.767485
9.466000,0.374155,0.479661,-0.321271,-1.563490,-0.143579,1.840671,0.767485
9.468000,0.374155,0.479663,-0.321271,-1.563490,-0.143579,1.840671,0.767485
9.470000,0.374155,0.479665,-0.321271,-1.563490,-0.143579,1.840671,0.767485
9.472000,0.374155,0.479667,-0.321271,-1.563490,-0.143579,1.840671,0.767485
9.474000,0.374155,0.479670,-0.321271,-1.563490,-0.143579,1.840671,0.767485
9.476000,0.374155,0.479672,-0.321271,-1.563490,-0.143579,1.840671,0.767485
9.478000,0.374155,0.479675,-0.321271,-1.563490,-0.143579,1.840671,0.767485
9.480000,0.374155,0.479676,-0.321271,-1.563490,-0.143579,1.840671,0.767485
9.482000,0.374155,0.479679,-0.321271,-1.563490,-0.143579,1.840671,0.767485
9.484000,0.374155,0.479682,-0.321271,-1.563490,-0.143579,1.840671,0.767485
9.486000,0.374155,0.479685,-0.321271,-1.563490,-0.143579,1.840671,0.767485
9.488000,0.374155,0.479686,-0.321271,-1.563490,-0.143579,1.840671,0.767485
9.490000,0.374155,0.479690,-0.321271,-1.563490,-0.143579,1.840671,0.767485
9.492000,0.374155,0.479694,-0.321271,-1.563490,-0.143579,1.840671,0.767485
9.494000,0.374155,0.479697,-0.321271,-1.563490,-0.143579,1.840671,0.767485
9.496000,0.374155,0.479700,-0.321271,-1.563490,-0.143579,1.840671,0.767485
9.498000,0.374155,0.479704,-0.321271,-1.563490,-0.143579,1.840671,0.767485
9.500000,0.374155,0.479707,-0.321271,-1.563490,-0.143579,1.840671,0.767485
9.502000,0.374155,0.479711,-0.321271,-1.563490,-0.143579,1.840671,0.767485
9.504000,0.374155,0.479714,-0.321271,-1.563490,-0.143579,1.840671,0.767485
9.506000,0.374155,0.479718,-0.321271,-1.563490,-0.143579,1.840671,0.767485
9.508000,0.374155,0.479722,-0.321271,-1.563490,-0.143579,1.840671,0.767485
9.510000,0.374155,0.479726,-0.321271,-1.563490,-0.143579,1.840671,0.767485
9.512000,0.374155,0.479730,-0.321271,-1.563490,-0.143579,1.840671,0.767485
9.514000,0.374155,0.479734,-0.321271,-1.563490,-0.143579,1.840671,0.767485
9.516000,0.374155,0.479739,-0.321271,-1.563490,-0.143579,1.840671,0.767485
9.518000,0.374155,0.479743,-0.321271,-1.563490,-0.143579,1.840671,0.767485
9.520000,0.374155,0.479747,-0.321271,-1.563490,-0.143579,1.840671,0.767485
9.522000,0.374155,0.479752,-0.321271,-1.563490,-0.143579,1.840671,0.767485
9.524000,0.374155,0.479757,-0.321271,-1.563490,-0.143579,1.840671,0.767485
9.526000,0.374155,0.479762,-0.321271,-1.563490,-0.143579,1.840671,0.767485
9.528000,0.374155,0.479767,-0.321271,-1.563490,-0.143579,1.840671,0.767485
9.530000,0.374155,0.479769,-0.321271,-1.563490,-0.143579,1.840671,0.767485
9.532000,0.374155,0.479774,-0.321271,-1.563490,-0.143579,1.840671,0.767485
9.534000,0.374155,0.479779,-0.321271,-1.563490,-0.143579,1.840671,0.767485
9.536000,0.374155,0.479785,-0.321271,-1.563490,-0.143579,1.840671,0.767485
9.538000,0.374155,0.479790,-0.321271,-1.563490,-0.143579,1.840671,0.767485
9.540000,0.374155,0.479796,-0.321271,-1.563490,-0.143579,1.840671,0.767485
9.542000,0.374155,0.479801,-0.321271,-1.563490,-0.143579,1.840671,0.767485
9.544000,0.374155,0.479807,-0.321271,-1.563490,-0.143579,1.840671,0.767485
9.546000,0.374155,0.479813,-0.321271,-1.563490,-0.143579,1.840671,0.767485
9.548000,0.374155,0.479819,-0.321271,-1.563490,-0.143579,1.840671,0.767485
9.550000,0.374155,0.479825,-0.321271,-1.563490,-0.143579,1.840671,0.767485
9.552000,0.374155,0.479831,-0.321271,-1.563490,-0.143579,1.840671,0.767485
9.554000,0.374155,0.479838,-0.321271,-1.563490,-0.143579,1.840671,0.767485
9.556000,0.374155,0.479844,-0.321271,-1.563490,-0.143579,1.840671,0.767485
9.558000,0.374155,0.479851,-0.321271,-1.563490,-0.143579,1.840671,0.767485
9.560000,0.374155,0.479858,-0.321271,-1.563490,-0.143579,1.840671,0.767485
9.562000,0.374155,0.479861,-0.321271,-1.563490,-0.143579,1.840671,0.767485
9.564000,0.374155,0.479864,-0.321271,-1.563490,-0.143579,1.840671,0.767485
9.566000,0.374155,0.479875,-0.321271,-1.563490,-0.143579,1.840671,0.767485
9.568000,0.374155,0.479882,-0.321271,-1.563490,-0.143579,1.840671,0.767485
9.570000,0.374155,0.479889,-0.321271,-1.563490,-0.143579,1.840671,0.767485
9.572000,0.374155,0.479897,-0.321271,-1.563490,-0.143579,1.840671,0.767485
9.574000,0.374155,0.479904,-0.321271,-1.563490,-0.143579,1.840671,0.767485
9.576000,0.374155,0.479912,-0.321271,-1.563490,-0.143579,1.840671,0.767485
9.578000,0.374155,0.479920,-0.321271,-1.563490,-0.143579,1.840671,0.767485
9.580000,0.374155,0.479928,-0.321271,-1.563490,-0.143579,1.840671,0.767485
9.582000,0.374155,0.479936,-0.321271,-1.563490,-0.143579,1.840671,0.767485
9.584000,0.374155,0.479944,-0.321271,-1.563490,-0.143579,1.840671,0.767485
9.586000,0.374155,0.479952,-0.321271,-1.563490,-0.143579,1.840671,0.767485
9.588000,0.374155,0.479961,-0.321271,-1.563490,-0.143579,1.840671,0.767485
9.590000,0.374155,0.479969,-0.321271,-1.563490,-0.143579,1.840671,0.767485
9.592000,0.374155,0.479978,-0.321271,-1.563490,-0.143579,1.840671,0.767485
9.594000,0.374155,0.479987,-0.321271,-1.563490,-0.143579,1.840671,0.767485
9.596000,0.374155,0.479996,-0.321271,-1.563490,-0.143579,1.840671,0.767485
9.598000,0.374155,0.480005,-0.321271,-1.563490,-0.143579,1.840671,0.767485
9.600000,0.374155,0.480014,-0.321271,-1.563490,-0.143579,1.840671,0.767485
9.602000,0.374155,0.480023,-0.321271,-1.563490,-0.143579,1.840671,0.767485
9.604000,0.374155,0.480033,-0.321271,-1.563490,-0.143579,1.840671,0.767485
9.606000,0.374155,0.480043,-0.321271,-1.563490,-0.143579,1.840671,0.767485
9.608000,0.374155,0.480052,-0.321271,-1.563490,-0.143579,1.840671,0.767485
9.610000,0.374155,0.480062,-0.321271,-1.563490,-0.143579,1.840671,0.767485
9.612000,0.374155,0.480072,-0.321271,-1.563490,-0.143579,1.840671,0.767485
9.614000,0.374155,0.480082,-0.321271,-1.563490,-0.143579,1.840671,0.767485
9.616000,0.374155,0.480093,-0.321271,-1.563490,-0.143579,1.840671,0.767485
9.618000,0.374155,0.480103,-0.321271,-1.563490,-0.143579,1.840671,0.767485
9.620000,0.374155,0.480114,-0.321271,-1.563490,-0.143579,1.840671,0.767485
9.622000,0.374155,0.480124,-0.321271,-1.563490,-0.143579,1.840671,0.767485
9.624000,0.374155,0.480135,-0.321271,-1.563490,-0.143579,1.840671,0.767485
9.626000,0.374155,0.480146,-0.321271,-1.563490,-0.143579,1.840671,0.767485
9.628000,0.374155,0.480157,-0.321271,-1.563490,-0.143579,1.840671,0.767485
9.630000,0.374155,0.480168,-0.321271,-1.563490,-0.143579,1.840671,0.767485
9.632000,0.374155,0.480180,-0.321271,-1.563490,-0.143579,1.840671,0.767485
9.634000,0.374155,0.480191,-0.321271,-1.563490,-0.143579,1.840671,0.767485
9.636000,0.374155,0.480203,-0.321271,-1.563490,-0.143579,1.840671,0.767485
9.638000,0.374155,0.480215,-0.321271,-1.563490,-0.143579,1.840671,0.767485
9.640000,0.374155,0.480227,-0.321271,-1.563490,-0.143579,1.840671,0.767485
9.642000,0.374155,0.480239,-0.321271,-1.563490,-0.143579,1.840671,0.767485
9.644000,0.374155,0.480251,-0.321271,-1.563490,-0.143579,1.840671,0.767485
9.646000,0.374155,0.480263,-0.321271,-1.563490,-0.143579,1.840671,0.767485
9.648000,0.374155,0.480276,-0.321271,-1.563490,-0.143579,1.840671,0.767485
9.650000,0.374155,0.480288,-0.321271,-1.563490,-0.143579,1.840671,0.767485
9.652000,0.374155,0.480295,-0.321271,-1.563490,-0.143579,1.840671,0.767485
9.654000,0.374155,0.480307,-0.321271,-1.563490,-0.143579,1.840671,0.767485
9.656000,0.374155,0.480320,-0.321271,-1.563490,-0.143579,1.840671,0.767485
9.658000,0.374155,0.480333,-0.321271,-1.563490,-0.143579,1.840671,0.767485
9.660000,0.374155,0.480347,-0.321271,-1.563490,-0.143579,1.840671,0.767485
9.662000,0.374155,0.480360,-0.321271,-1.563490,-0.143579,1.840671,0.767485
9.664000,0.374155,0.480367,-0.321271,-1.563490,-0.143579,1.840671,0.767485
9.666000,0.374155,0.480387,-0.321271,-1.563490,-0.143579,1.840671,0.767485
9.668000,0.374155,0.480401,-0.321271,-1.563490,-0.143579,1.840671,0.767485
9.670000,0.374155,0.480415,-0.321271,-1.563490,-0.143579,1.840671,0.767485
9.672000,0.374155,0.480429,-0.321271,-1.563490,-0.143579,1.840671,0.767485
9.674000,0.374155,0.480443,-0.321271,-1.563490,-0.143579,1.840671,0.767485
9.676000,0.374155,0.480457,-0.321271,-1.563490,-0.143579,1.840671,0.767485
9.678000,0.374155,0.480472,-0.321271,-1.563490,-0.143579,1.840671,0.767485
9.680000,0.374155,0.480486,-0.321271,-1.563490,-0.143579,1.840671,0.767485
9.682000,0.374155,0.480501,-0.321271,-1.563490,-0.143579,1.840671,0.767485
9.684000,0.374155,0.480508,-0.321271,-1.563490,-0.143579,1.840671,0.767485
9.686000,0.374155,0.480523,-0.321271,-1.563490,-0.143579,1.840671,0.767485
9.688000,0.374155,0.480538,-0.321271,-1.563490,-0.143579,1.840671,0.767485
9.690000,0.374155,0.480553,-0.321271,-1.563490,-0.143579,1.840671,0.767485
9.692000,0.374155,0.480569,-0.321271,-1.563490,-0.143579,1.840671,0.767485
9.694000,0.374155,0.480584,-0.321271,-1.563490,-0.143579,1.840671,0.767485
9.696000,0.374155,0.480600,-0.321271,-1.563490,-0.143579,1.840671,0.767485
9.698000,0.374155,0.480615,-0.321271,-1.563490,-0.143579,1.840671,0.767485
9.700000,0.374155,0.480631,-0.321271,-1.563490,-0.143579,1.840671,0.767485
9.702000,0.374155,0.480647,-0.321271,-1.563490,-0.143579,1.840671,0.767485
9.704000,0.374155,0.480663,-0.321271,-1.563490,-0.143579,1.840671,0.767485
9.706000,0.374155,0.480679,-0.321271,-1.563490,-0.143579,1.840671,0.767485
9.708000,0.374155,0.480696,-0.321271,-1.563490,-0.143579,1.840671,0.767485
9.710000,0.374155,0.480712,-0.321271,-1.563490,-0.143579,1.840671,0.767485
9.712000,0.374155,0.480729,-0.321271,-1.563490,-0.143579,1.840671,0.767485
9.714000,0.374155,0.480746,-0.321271,-1.563490,-0.143579,1.840671,0.767485
9.716000,0.374155,0.480762,-0.321271,-1.563490,-0.143579,1.840671,0.767485
9.718000,0.374155,0.480779,-0.321271,-1.563490,-0.143579,1.840671,0.767485
9.720000,0.374155,0.480796,-0.321271,-1.563490,-0.143579,1.840671,0.767485
9.722000,0.374155,0.480814,-0.321271,-1.563490,-0.143579,1.840671,0.767485
9.724000,0.374155,0.480831,-0.321271,-1.563490,-0.143579,1.840671,0.767485
9.726000,0.374155,0.480848,-0.321271,-1.563490,-0.143579,1.840671,0.767485
9.728000,0.374155,0.480866,-0.321271,-1.563490,-0.143579,1.840671,0.767485
9.730000,0.374155,0.480875,-0.321271,-1.563490,-0.143579,1.840671,0.767485
9.732000,0.374155,0.480901,-0.321271,-1.563490,-0.143579,1.840671,0.767485
9.734000,0.374155,0.480919,-0.321271,-1.563490,-0.143579,1.840671,0.767485
9.736000,0.374155,0.480937,-0.321271,-1.563490,-0.143579,1.840671,0.767485
9.738000,0.374155,0.480955,-0.321271,-1.563490,-0.143579,1.840671,0.767485
9.740000,0.374155,0.480974,-0.321271,-1.563490,-0.143579,1.840671,0.767485
9.742000,0.374155,0.480992,-0.321271,-1.563490,-0.143579,1.840671,0.767485
9.744000,0.374155,0.481011,-0.321271,-1.563490,-0.143579,1.840671,0.767485
9.746000,0.374155,0.481029,-0.321271,-1.563490,-0.143579,1.840671,0.767485
9.748000,0.374155,0.481048,-0.321271,-1.563490,-0.143579,1.840671,0.767485
9.750000,0.374155,0.481067,-0.321271,-1.563490,-0.143579,1.840671,0.767485
9.752000,0.374155,0.481086,-0.321271,-1.563490,-0.143579,1.840671,0.767485
9.754000,0.374155,0.481105,-0.321271,-1.563490,-0.143579,1.840671,0.767485
9.756000,0.374155,0.481124,-0.321271,-1.563490,-0.143579,1.840671,0.767485
9.758000,0.374155,0.481143,-0.321271,-1.563490,-0.143579,1.840671,0.767485
9.760000,0.374155,0.481162,-0.321271,-1.563490,-0.143579,1.840671,0.767485
9.762000,0.374155,0.481182,-0.321271,-1.563490,-0.143579,1.840671,0.767485
9.764000,0.374155,0.481201,-0.321271,-1.563490,-0.143579,1.840671,0.767485
9.766000,0.374155,0.481221,-0.321271,-1.563490,-0.143579,1.840671,0.767485
9.768000,0.374155,0.481241,-0.321271,-1.563490,-0.143579,1.840671,0.767485
9.770000,0.374155,0.481261,-0.321271,-1.563490,-0.143579,1.840671,0.767485
9.772000,0.374155,0.481280,-0.321271,-1.563490,-0.143579,1.840671,0.767485
9.774000,0.374155,0.481301,-0.321271,-1.563490,-0.143579,1.840671,0.767485
9.776000,0.374155,0.481321,-0.321271,-1.563490,-0.143579,1.840671,0.767485
9.778000,0.374155,0.481341,-0.321271,-1.563490,-0.143579,1.840671,0.767485
9.780000,0.374155,0.481361,-0.321271,-1.563490,-0.143579,1.840671,0.767485
9.782000,0.374155,0.481382,-0.321271,-1.563490,-0.143579,1.840671,0.767485
9.784000,0.374155,0.481402,-0.321271,-1.563490,-0.143579,1.840671,0.767485
9.786000,0.374155,0.481423,-0.321271,-1.563490,-0.143579,1.840671,0.767485
9.788000,0.374155,0.481444,-0.321271,-1.563490,-0.143579,1.840671,0.767485
9.790000,0.374155,0.481464,-0.321271,-1.563490,-0.143579,1.840671,0.767485
9.792000,0.374155,0.481485,-0.321271,-1.563490,-0.143579,1.840671,0.767485
9.794000,0.374155,0.481506,-0.321271,-1.563490,-0.143579,1.840671,0.767485
9.796000,0.374155,0.481527,-0.321271,-1.563490,-0.143579,1.840671,0.767485
9.798000,0.374155,0.481538,-0.321271,-1.563490,-0.143579,1.840671,0.767485
9.800000,0.374155,0.481559,-0.321271,-1.563490,-0.143579,1.840671,0.767485
9.802000,0.374155,0.481580,-0.321271,-1.563490,-0.143579,1.840671,0.767485
9.804000,0.374155,0.481602,-0.321271,-1.563490,-0.143579,1.840671,0.767485
9.806000,0.374155,0.481623,-0.321271,-1.563490,-0.143579,1.840671,0.767485
9.808000,0.374155,0.481645,-0.321271,-1.563490,-0.143579,1.840671,0.767485
9.810000,0.374155,0.481666,-0.321271,-1.563490,-0.143579,1.840671,0.767485
9.812000,0.374155,0.481688,-0.321271,-1.563490,-0.143579,1.840671,0.767485
9.814000,0.374155,0.481710,-0.321271,-1.563490,-0.143579,1.840671,0.767485
9.816000,0.374155,0.481732,-0.321271,-1.563490,-0.143579,1.840671,0.767485
9.818000,0.374155,0.481753,-0.321271,-1.563490,-0.143579,1.840671,0.767485
9.820000,0.374155,0.481775,-0.321271,-1.563490,-0.143579,1.840671,0.767485
9.822000,0.374155,0.481797,-0.321271,-1.563490,-0.143579,1.840671,0.767485
9.824000,0.374155,0.481820,-0.321271,-1.563490,-0.143579,1.840671,0.767485
9.826000,0.374155,0.481842,-0.321271,-1.563490,-0.143579,1.840671,0.767485
9.828000,0.374155,0.481864,-0.321271,-1.563490,-0.143579,1.840671,0.767485
9.830000,0.374155,0.481875,-0.321271,-1.563490,-0.143579,1.840671,0.767485
9.832000,0.374155,0.481909,-0.321271,-1.563490,-0.143579,1.840671,0.767485
9.834000,0.374155,0.481920,-0.321271,-1.563490,-0.143579,1.840671,0.767485
9.836000,0.374155,0.481942,-0.321271,-1.563490,-0.143579,1.840671,0.767485
9.838000,0.374155,0.481965,-0.321271,-1.563490,-0.143579,1.840671,0.767485
9.840000,0.374155,0.481988,-0.321271,-1.563490,-0.143579,1.840671,0.767485
9.842000,0.374155,0.482010,-0.321271,-1.563490,-0.143579,1.840671,0.767485
9.844000,0.374155,0.482033,-0.321271,-1.563490,-0.143579,1.840671,0.767485
9.846000,0.374155,0.482056,-0.321271,-1.563490,-0.143579,1.840671,0.767485
9.848000,0.374155,0.482078,-0.321271,-1.563490,-0.143579,1.840671,0.767485
9.850000,0.374155,0.482101,-0.321271,-1.563490,-0.143579,1.840671,0.767485
9.852000,0.374155,0.482124,-0.321271,-1.563490,-0.143579,1.840671,0.767485
9.854000,0.374155,0.482147,-0.321271,-1.563490,-0.143579,1.840671,0.767485
9.856000,0.374155,0.482170,-0.321271,-1.563490,-0.143579,1.840671,0.767485
9.858000,0.374155,0.482193,-0.321271,-1.563490,-0.143579,1.840671,0.767485
9.860000,0.374155,0.482216,-0.321271,-1.563490,-0.143579,1.840671,0.767485
9.862000,0.374155,0.482239,-0.321271,-1.563490,-0.143579,1.840671,0.767485
9.864000,0.374155,0.482262,-0.321271,-1.563490,-0.143579,1.840671,0.767485
9.866000,0.374155,0.482286,-0.321271,-1.563490,-0.143579,1.840671,0.767485
9.868000,0.374155,0.482309,-0.321271,-1.563490,-0.143579,1.840671,0.767485
9.870000,0.374155,0.482332,-0.321271,-1.563490,-0.143579,1.840671,0.767485
9.872000,0.374155,0.482355,-0.321271,-1.563490,-0.143579,1.840671,0.767485
9.874000,0.374155,0.482379,-0.321271,-1.563490,-0.143579,1.840671,0.767485
9.876000,0.374155,0.482402,-0.321271,-1.563490,-0.143579,1.840671,0.767485
9.878000,0.374155,0.482425,-0.321271,-1.563490,-0.143579,1.840671,0.767485
9.880000,0.374155,0.482449,-0.321271,-1.563490,-0.143579,1.840671,0.767485
9.882000,0.374155,0.482472,-0.321271,-1.563490,-0.143579,1.840671,0.767485
9.884000,0.374155,0.482496,-0.321271,-1.563490,-0.143579,1.840671,0.767485
9.886000,0.374155,0.482519,-0.321271,-1.563490,-0.143579,1.840671,0.767485
9.888000,0.374155,0.482543,-0.321271,-1.563490,-0.143579,1.840671,0.767485
9.890000,0.374155,0.482566,-0.321271,-1.563490,-0.143579,1.840671,0.767485
9.892000,0.374155,0.482590,-0.321271,-1.563490,-0.143579,1.840671,0.767485
9.894000,0.374155,0.482613,-0.321271,-1.563490,-0.143579,1.840671,0.767485
9.896000,0.374155,0.482637,-0.321271,-1.563490,-0.143579,1.840671,0.767485
9.898000,0.374155,0.482660,-0.321271,-1.563490,-0.143579,1.840671,0.767485
9.900000,0.374155,0.482672,-0.321271,-1.563490,-0.143579,1.840671,0.767485
9.902000,0.374155,0.482695,-0.321271,-1.563490,-0.143579,1.840671,0.767485
9.904000,0.374155,0.482731,-0.321271,-1.563490,-0.143579,1.840671,0.767485
9.906000,0.374155,0.482743,-0.321271,-1.563490,-0.143579,1.840671,0.767485
9.908000,0.374155,0.482766,-0.321271,-1.563490,-0.143579,1.840671,0.767485
9.910000,0.374155,0.482790,-0.321271,-1.563490,-0.143579,1.840671,0.767485
9.912000,0.374155,0.482813,-0.321271,-1.563490,-0.143579,1.840671,0.767485
9.914000,0.374155,0.482837,-0.321271,-1.563490,-0.143579,1.840671,0.767485
9.916000,0.374155,0.482860,-0.321271,-1.563490,-0.143579,1.840671,0.767485
9.918000,0.374155,0.482884,-0.321271,-1.563490,-0.143579,1.840671,0.767485
9.920000,0.374155,0.482908,-0.321271,-1.563490,-0.143579,1.840671,0.767485
9.922000,0.374155,0.482931,-0.321271,-1.563490,-0.143579,1.840671,0.767485
9.924000,0.374155,0.482955,-0.321271,-1.563490,-0.143579,1.840671,0.767485
9.926000,0.374155,0.482978,-0.321271,-1.563490,-0.143579,1.840671,0.767485
9.928000,0.374155,0.483002,-0.321271,-1.563490,-0.143579,1.840671,0.767485
9.930000,0.374155,0.483013,-0.321271,-1.563490,-0.143579,1.840671,0.767485
9.932000,0.374155,0.483049,-0.321271,-1.563490,-0.143579,1.840671,0.767485
9.934000,0.374155,0.483072,-0.321271,-1.563490,-0.143579,1.840671,0.767485
9.936000,0.374155,0.483095,-0.321271,-1.563490,-0.143579,1.840671,0.767485
9.938000,0.374155,0.483119,-0.321271,-1.563490,-0.143579,1.840671,0.767485
9.940000,0.374155,0.483142,-0.321271,-1.563490,-0.143579,1.840671,0.767485
9.942000,0.374155,0.483166,-0.321271,-1.563490,-0.143579,1.840671,0.767485
9.944000,0.374155,0.483189,-0.321271,-1.563490,-0.143579,1.840671,0.767485
9.946000,0.374155,0.483212,-0.321271,-1.563490,-0.143579,1.840671,0.767485
9.948000,0.374155,0.483236,-0.321271,-1.563490,-0.143579,1.840671,0.767485
9.950000,0.374155,0.483259,-0.321271,-1.563490,-0.143579,1.840671,0.767485
9.952000,0.374155,0.483282,-0.321271,-1.563490,-0.143579,1.840671,0.767485
9.954000,0.374155,0.483305,-0.321271,-1.563490,-0.143579,1.840671,0.767485
9.956000,0.374155,0.483329,-0.321271,-1.563490,-0.143579,1.840671,0.767485
9.958000,0.374155,0.483352,-0.321271,-1.563490,-0.143579,1.840671,0.767485
9.960000,0.374155,0.483375,-0.321271,-1.563490,-0.143579,1.840671,0.767485
9.962000,0.374155,0.483398,-0.321271,-1.563490,-0.143579,1.840671,0.767485
9.964000,0.374155,0.483421,-0.321271,-1.563490,-0.143579,1.840671,0.767485
9.966000,0.374155,0.483444,-0.321271,-1.563490,-0.143579,1.840671,0.767485
9.968000,0.374155,0.483467,-0.321271,-1.563490,-0.143579,1.840671,0.767485
9.970000,0.374155,0.483490,-0.321271,-1.563490,-0.143579,1.840671,0.767485
9.972000,0.374155,0.483512,-0.321271,-1.563490,-0.143579,1.840671,0.767485
9.974000,0.374155,0.483535,-0.321271,-1.563490,-0.143579,1.840671,0.767485
9.976000,0.374155,0.483558,-0.321271,-1.563490,-0.143579,1.840671,0.767485
9.978000,0.374155,0.483581,-0.321271,-1.563490,-0.143579,1.840671,0.767485
9.980000,0.374155,0.483592,-0.321271,-1.563490,-0.143579,1.840671,0.767485
9.982000,0.374155,0.483614,-0.321271,-1.563490,-0.143579,1.840671,0.767485
9.984000,0.374155,0.483637,-0.321271,-1.563490,-0.143579,1.840671,0.767485
9.986000,0.374155,0.483659,-0.321271,-1.563490,-0.143579,1.840671,0.767485
9.988000,0.374155,0.483682,-0.321271,-1.563490,-0.143579,1.840671,0.767485
9.990000,0.374155,0.483704,-0.321271,-1.563490,-0.143579,1.840671,0.767485
9.992000,0.374155,0.483726,-0.321271,-1.563490,-0.143579,1.840671,0.767485
9.994000,0.374155,0.483748,-0.321271,-1.563490,-0.143579,1.840671,0.767485
9.996000,0.374155,0.483771,-0.321271,-1.563490,-0.143579,1.840671,0.767485
9.998000,0.374155,0.483793,-0.321271,-1.563490,-0.143579,1.840671,0.767485
10.000000,0.374155,0.483815,-0.321271,-1.563490,-0.143579,1.840671,0.767485
10.002000,0.374155,0.483836,-0.321271,-1.563490,-0.143579,1.840671,0.767485
10.004000,0.374155,0.483858,-0.321271,-1.563490,-0.143579,1.840671,0.767485
10.006000,0.374155,0.483880,-0.321271,-1.563490,-0.143579,1.840671,0.767485
10.008000,0.374155,0.483902,-0.321271,-1.563490,-0.143579,1.840671,0.767485
10.010000,0.374155,0.483923,-0.321271,-1.563490,-0.143579,1.840671,0.767485
10.012000,0.374155,0.483945,-0.321271,-1.563490,-0.143579,1.840671,0.767485
10.014000,0.374155,0.483966,-0.321271,-1.563490,-0.143579,1.840671,0.767485
10.016000,0.374155,0.483977,-0.321271,-1.563490,-0.143579,1.840671,0.767485
10.018000,0.374155,0.483998,-0.321271,-1.563490,-0.143579,1.840671,0.767485
10.020000,0.374155,0.484019,-0.321271,-1.563490,-0.143579,1.840671,0.767485
10.022000,0.374155,0.484040,-0.321271,-1.563490,-0.143579,1.840671,0.767485
10.024000,0.374155,0.484061,-0.321271,-1.563490,-0.143579,1.840671,0.767485
10.026000,0.374155,0.484082,-0.321271,-1.563490,-0.143579,1.840671,0.767485
10.028000,0.374155,0.484103,-0.321271,-1.563490,-0.143579,1.840671,0.767485
10.030000,0.374155,0.484123,-0.321271,-1.563490,-0.143579,1.840671,0.767485
10.032000,0.374155,0.484144,-0.321271,-1.563490,-0.143579,1.840671,0.767485
10.034000,0.374155,0.484164,-0.321271,-1.563490,-0.143579,1.840671,0.767485
10.036000,0.374155,0.484185,-0.321271,-1.563490,-0.143579,1.840671,0.767485
10.038000,0.374155,0.484205,-0.321271,-1.563490,-0.143579,1.840671,0.767485
10.040000,0.374155,0.484225,-0.321271,-1.563490,-0.143579,1.840671,0.767485
10.042000,0.374155,0.484245,-0.321271,-1.563490,-0.143579,1.840671,0.767485
10.044000,0.374155,0.484265,-0.321271,-1.563490,-0.143579,1.840671,0.767485
10.046000,0.374155,0.484285,-0.321271,-1.563490,-0.143579,1.840671,0.767485
10.048000,0.374155,0.484305,-0.321271,-1.563490,-0.143579,1.840671,0.767485
10.050000,0.374155,0.484324,-0.321271,-1.563490,-0.143579,1.840671,0.767485
10.052000,0.374155,0.484344,-0.321271,-1.563490,-0.143579,1.840671,0.767485
10.054000,0.374155,0.484363,-0.321271,-1.563490,-0.143579,1.840671,0.767485
10.056000,0.374155,0.484373,-0.321271,-1.563490,-0.143579,1.840671,0.767485
10.058000,0.374155,0.484392,-0.321271,-1.563490,-0.143579,1.840671,0.767485
10.060000,0.374155,0.484411,-0.321271,-1.563490,-0.143579,1.840671,0.767485
10.062000,0.374155,0.484430,-0.321271,-1.563490,-0.143579,1.840671,0.767485
10.064000,0.374155,0.484440,-0.321271,-1.563490,-0.143579,1.840671,0.767485
10.066000,0.374155,0.484468,-0.321271,-1.563490,-0.143579,1.840671,0.767485
10.068000,0.374155,0.484486,-0.321271,-1.563490,-0.143579,1.840671,0.767485
10.070000,0.374155,0.484505,-0.321271,-1.563490,-0.143579,1.840671,0.767485
10.072000,0.374155,0.484523,-0.321271,-1.563490,-0.143579,1.840671,0.767485
10.074000,0.374155,0.484541,-0.321271,-1.563490,-0.143579,1.840671,0.767485
10.076000,0.374155,0.484559,-0.321271,-1.563490,-0.143579,1.840671,0.767485
10.078000,0.374155,0.484577,-0.321271,-1.563490,-0.143579,1.840671,0.767485
10.080000,0.374155,0.484595,-0.321271,-1.563490,-0.143579,1.840671,0.767485
10.082000,0.374155,0.484613,-0.321271,-1.563490,-0.143579,1.840671,0.767485
10.084000,0.374155,0.484630,-0.321271,-1.563490,-0.143579,1.840671,0.767485
10.086000,0.374155,0.484648,-0.321271,-1.563490,-0.143579,1.840671,0.767485
10.088000,0.374155,0.484665,-0.321271,-1.563490,-0.143579,1.840671,0.767485
10.090000,0.374155,0.484682,-0.321271,-1.563490,-0.143579,1.840671,0.767485
10.092000,0.374155,0.484699,-0.321271,-1.563490,-0.143579,1.840671,0.767485
10.094000,0.374155,0.484716,-0.321271,-1.563490,-0.143579,1.840671,0.767485
10.096000,0.374155,0.484733,-0.321271,-1.563490,-0.143579,1.840671,0.767485
10.098000,0.374155,0.484749,-0.321271,-1.563490,-0.143579,1.840671,0.767485
10.100000,0.374155,0.484766,-0.321271,-1.563490,-0.143579,1.840671,0.767485
10.102000,0.374155,0.484782,-0.321271,-1.563490,-0.143579,1.840671,0.767485
10.104000,0.374155,0.484798,-0.321271,-1.563490,-0.143579,1.840671,0.767485
10.106000,0.374155,0.484814,-0.321271,-1.563490,-0.143579,1.840671,0.767485
10.108000,0.374155,0.484830,-0.321271,-1.563490,-0.143579,1.840671,0.767485
10.110000,0.374155,0.484846,-0.321271,-1.563490,-0.143579,1.840671,0.767485
10.112000,0.374155,0.484861,-0.321271,-1.563490,-0.143579,1.840671,0.767485
10.114000,0.374155,0.484877,-0.321271,-1.563490,-0.143579,1.840671,0.767485
10.116000,0.374155,0.484892,-0.321271,-1.563490,-0.143579,1.840671,0.767485
10.118000,0.374155,0.484907,-0.321271,-1.563490,-0.143579,1.840671,0.767485
10.120000,0.374155,0.484922,-0.321271,-1.563490,-0.143579,1.840671,0.767485
10.122000,0.374155,0.484937,-0.321271,-1.563490,-0.143579,1.840671,0.767485
10.124000,0.374155,0.484951,-0.321271,-1.563490,-0.143579,1.840671,0.767485
10.126000,0.374155,0.484966,-0.321271,-1.563490,-0.143579,1.840671,0.767485
10.128000,0.374155,0.484973,-0.321271,-1.563490,-0.143579,1.840671,0.767485
10.130000,0.374155,0.484987,-0.321271,-1.563490,-0.143579,1.840671,0.767485
10.132000,0.374155,0.485001,-0.321271,-1.563490,-0.143579,1.840671,0.767485
10.134000,0.374155,0.485015,-0.321271,-1.563490,-0.143579,1.840671,0.767485
10.136000,0.374155,0.485029,-0.321271,-1.563490,-0.143579,1.840671,0.767485
10.138000,0.374155,0.485042,-0.321271,-1.563490,-0.143579,1.840671,0.767485
10.140000,0.374155,0.485055,-0.321271,-1.563490,-0.143579,1.840671,0.767485
10.142000,0.374155,0.485069,-0.321271,-1.563490,-0.143579,1.840671,0.767485
10.144000,0.374155,0.485082,-0.321271,-1.563490,-0.143579,1.840671,0.767485
10.146000,0.374155,0.485094,-0.321271,-1.563490,-0.143579,1.840671,0.767485
10.148000,0.374155,0.485107,-0.321271,-1.563490,-0.143579,1.840671,0.767485
10.150000,0.374155,0.485119,-0.321271,-1.563490,-0.143579,1.840671,0.767485
10.152000,0.374155,0.485132,-0.321271,-1.563490,-0.143579,1.840671,0.767485
10.154000,0.374155,0.485144,-0.321271,-1.563490,-0.143579,1.840671,0.767485
10.156000,0.374155,0.485156,-0.321271,-1.563490,-0.143579,1.840671,0.767485
10.158000,0.374155,0.485168,-0.321271,-1.563490,-0.143579,1.840671,0.767485
10.160000,0.374155,0.485179,-0.321271,-1.563490,-0.143579,1.840671,0.767485
10.162000,0.374155,0.485191,-0.321271,-1.563490,-0.143579,1.840671,0.767485
10.164000,0.374155,0.485196,-0.321271,-1.563490,-0.143579,1.840671,0.767485
10.166000,0.374155,0.485213,-0.321271,-1.563490,-0.143579,1.840671,0.767485
10.168000,0.374155,0.485224,-0.321271,-1.563490,-0.143579,1.840671,0.767485
10.170000,0.374155,0.485234,-0.321271,-1.563490,-0.143579,1.840671,0.767485
10.172000,0.374155,0.485245,-0.321271,-1.563490,-0.143579,1.840671,0.767485
10.174000,0.374155,0.485255,-0.321271,-1.563490,-0.143579,1.840671,0.767485
10.176000,0.374155,0.485265,-0.321271,-1.563490,-0.143579,1.840671,0.767485
10.178000,0.374155,0.485275,-0.321271,-1.563490,-0.143579,1.840671,0.767485
10.180000,0.374155,0.485285,-0.321271,-1.563490,-0.143579,1.840671,0.767485
10.182000,0.374155,0.485295,-0.321271,-1.563490,-0.143579,1.840671,0.767485
10.184000,0.374155,0.485304,-0.321271,-1.563490,-0.143579,1.840671,0.767485
10.186000,0.374155,0.485313,-0.321271,-1.563490,-0.143579,1.840671,0.767485
10.188000,0.374155,0.485322,-0.321271,-1.563490,-0.143579,1.840671,0.767485
10.190000,0.374155,0.485331,-0.321271,-1.563490,-0.143579,1.840671,0.767485
10.192000,0.374155,0.485340,-0.321271,-1.563490,-0.143579,1.840671,0.767485
10.194000,0.374155,0.485348,-0.321271,-1.563490,-0.143579,1.840671,0.767485
10.196000,0.374155,0.485356,-0.321271,-1.563490,-0.143579,1.840671,0.767485
10.198000,0.374155,0.485364,-0.321271,-1.563490,-0.143579,1.840671,0.767485
10.200000,0.374155,0.485372,-0.321271,-1.563490,-0.143579,1.840671,0.767485
10.202000,0.374155,0.485380,-0.321271,-1.563490,-0.143579,1.840671,0.767485
10.204000,0.374155,0.485387,-0.321271,-1.563490,-0.143579,1.840671,0.767485
10.206000,0.374155,0.485395,-0.321271,-1.563490,-0.143579,1.840671,0.767485
10.208000,0.374155,0.485402,-0.321271,-1.563490,-0.143579,1.840671,0.767485
10.210000,0.374155,0.485409,-0.321271,-1.563490,-0.143579,1.840671,0.767485
10.212000,0.374155,0.485415,-0.321271,-1.563490,-0.143579,1.840671,0.767485
10.214000,0.374155,0.485422,-0.321271,-1.563490,-0.143579,1.840671,0.767485
10.216000,0.374155,0.485425,-0.321271,-1.563490,-0.143579,1.840671,0.767485
10.218000,0.374155,0.485431,-0.321271,-1.563490,-0.143579,1.840671,0.767485
10.220000,0.374155,0.485437,-0.321271,-1.563490,-0.143579,1.840671,0.767485
10.222000,0.374155,0.485443,-0.321271,-1.563490,-0.143579,1.840671,0.767485
10.224000,0.374155,0.485449,-0.321271,-1.563490,-0.143579,1.840671,0.767485
10.226000,0.374155,0.485454,-0.321271,-1.563490,-0.143579,1.840671,0.767485
10.228000,0.374155,0.485459,-0.321271,-1.563490,-0.143579,1.840671,0.767485
10.230000,0.374155,0.485464,-0.321271,-1.563490,-0.143579,1.840671,0.767485
10.232000,0.374155,0.485469,-0.321271,-1.563490,-0.143579,1.840671,0.767485
10.234000,0.374155,0.485474,-0.321271,-1.563490,-0.143579,1.840671,0.767485
10.236000,0.374155,0.485478,-0.321271,-1.563490,-0.143579,1.840671,0.767485
10.238000,0.374155,0.485482,-0.321271,-1.563490,-0.143579,1.840671,0.767485
10.240000,0.374155,0.485486,-0.321271,-1.563490,-0.143579,1.840671,0.767485
10.242000,0.374155,0.485490,-0.321271,-1.563490,-0.143579,1.840671,0.767485
10.244000,0.374155,0.485494,-0.321271,-1.563490,-0.143579,1.840671,0.767485
10.246000,0.374155,0.485497,-0.321271,-1.563490,-0.143579,1.840671,0.767485
10.248000,0.374155,0.485501,-0.321271,-1.563490,-0.143579,1.840671,0.767485
10.250000,0.374155,0.485504,-0.321271,-1.563490,-0.143579,1.840671,0.767485
10.252000,0.374155,0.485507,-0.321271,-1.563490,-0.143579,1.840671,0.767485
10.254000,0.374155,0.485508,-0.321271,-1.563490,-0.143579,1.840671,0.767485
10.256000,0.374155,0.485510,-0.321271,-1.563490,-0.143579,1.840671,0.767485
10.258000,0.374155,0.485513,-0.321271,-1.563490,-0.143579,1.840671,0.767485
10.260000,0.374155,0.485515,-0.321271,-1.563490,-0.143579,1.840671,0.767485
10.262000,0.374155,0.485517,-0.321271,-1.563490,-0.143579,1.840671,0.767485
10.264000,0.374155,0.485519,-0.321271,-1.563490,-0.143579,1.840671,0.767485
10.266000,0.374155,0.485520,-0.321271,-1.563490,-0.143579,1.840671,0.767485
10.268000,0.374155,0.485522,-0.321271,-1.563490,-0.143579,1.840671,0.767485
10.270000,0.374155,0.485523,-0.321271,-1.563490,-0.143579,1.840671,0.767485
10.272000,0.374155,0.485524,-0.321271,-1.563490,-0.143579,1.840671,0.767485
10.274000,0.374155,0.485524,-0.321271,-1.563490,-0.143579,1.840671,0.767485
10.276000,0.374155,0.485525,-0.321271,-1.563490,-0.143579,1.840671,0.767485
10.278000,0.374155,0.485525,-0.321271,-1.563490,-0.143579,1.840671,0.767485
10.280000,0.374155,0.485525,-0.321271,-1.563490,-0.143579,1.840671,0.767485
10.282000,0.374155,0.485525,-0.321271,-1.563490,-0.143579,1.840671,0.767485
10.284000,0.374155,0.485525,-0.321271,-1.563490,-0.143579,1.840671,0.767485
10.286000,0.374155,0.485525,-0.321271,-1.563490,-0.143579,1.840671,0.767485
10.288000,0.374155,0.485525,-0.321271,-1.563490,-0.143579,1.840671,0.767485
10.290000,0.374155,0.485525,-0.321271,-1.563490,-0.143579,1.840671,0.767485
10.292000,0.374155,0.485525,-0.321271,-1.563490,-0.143579,1.840671,0.767485
10.294000,0.374155,0.485525,-0.321271,-1.563490,-0.143579,1.840671,0.767485
10.296000,0.374155,0.485525,-0.321271,-1.563490,-0.143579,1.840671,0.767485
10.298000,0.374155,0.485525,-0.321271,-1.563490,-0.143579,1.840671,0.767485
10.300000,0.374155,0.485525,-0.321271,-1.563490,-0.143579,1.840671,0.767485
10.302000,0.374155,0.485525,-0.321271,-1.563490,-0.143579,1.840671,0.767485
10.304000,0.374155,0.485525,-0.321271,-1.563490,-0.143579,1.840671,0.767485
10.306000,0.374155,0.485525,-0.321271,-1.563490,-0.143579,1.840671,0.767485
10.308000,0.374155,0.485525,-0.321271,-1.563490,-0.143579,1.840671,0.767485
10.310000,0.374155,0.485525,-0.321271,-1.563490,-0.143579,1.840671,0.767485
10.312000,0.374155,0.485525,-0.321271,-1.563490,-0.143579,1.840671,0.767485
10.314000,0.374155,0.485525,-0.321271,-1.563490,-0.143579,1.840671,0.767485
10.316000,0.374155,0.485525,-0.321271,-1.563490,-0.143579,1.840671,0.767485
10.318000,0.374155,0.485525,-0.321271,-1.563490,-0.143579,1.840671,0.767485
10.320000,0.374155,0.485525,-0.321271,-1.563490,-0.143579,1.840671,0.767485
10.322000,0.374155,0.485525,-0.321271,-1.563490,-0.143579,1.840671,0.767485
10.324000,0.374155,0.485525,-0.321271,-1.563490,-0.143579,1.840671,0.767485
10.326000,0.374155,0.485525,-0.321271,-1.563490,-0.143579,1.840671,0.767485
10.328000,0.374155,0.485525,-0.321271,-1.563490,-0.143579,1.840671,0.767485
10.330000,0.374155,0.485525,-0.321271,-1.563490,-0.143579,1.840671,0.767485
10.332000,0.374155,0.485525,-0.321271,-1.563490,-0.143579,1.840671,0.767485
10.334000,0.374155,0.485525,-0.321271,-1.563490,-0.143579,1.840671,0.767485
10.336000,0.374155,0.485525,-0.321271,-1.563490,-0.143579,1.840671,0.767485
10.338000,0.374155,0.485525,-0.321271,-1.563490,-0.143579,1.840671,0.767485
10.340000,0.374155,0.485525,-0.321271,-1.563490,-0.143579,1.840671,0.767485
10.342000,0.374155,0.485525,-0.321271,-1.563490,-0.143579,1.840671,0.767485
10.344000,0.374155,0.485525,-0.321271,-1.563490,-0.143579,1.840671,0.767485
10.346000,0.374155,0.485525,-0.321271,-1.563490,-0.143579,1.840671,0.767485
10.348000,0.374155,0.485525,-0.321271,-1.563490,-0.143579,1.840671,0.767485
10.350000,0.374155,0.485525,-0.321271,-1.563490,-0.143579,1.840671,0.767485
10.352000,0.374155,0.485525,-0.321271,-1.563490,-0.143579,1.840671,0.767485
10.354000,0.374155,0.485525,-0.321271,-1.563490,-0.143579,1.840671,0.767485
10.356000,0.374155,0.485525,-0.321271,-1.563490,-0.143579,1.840671,0.767485
10.358000,0.374155,0.485525,-0.321271,-1.563490,-0.143579,1.840671,0.767485
10.360000,0.374155,0.485525,-0.321271,-1.563490,-0.143579,1.840671,0.767485
10.362000,0.374155,0.485525,-0.321271,-1.563490,-0.143579,1.840671,0.767485
10.364000,0.374155,0.485525,-0.321271,-1.563490,-0.143579,1.840671,0.767485
10.366000,0.374155,0.485525,-0.321271,-1.563490,-0.143579,1.840671,0.767485
10.368000,0.374155,0.485525,-0.321271,-1.563490,-0.143579,1.840671,0.767485
10.370000,0.374155,0.485525,-0.321271,-1.563490,-0.143579,1.840671,0.767485
10.372000,0.374155,0.485525,-0.321271,-1.563490,-0.143579,1.840671,0.767485
10.374000,0.374155,0.485525,-0.321271,-1.563490,-0.143579,1.840671,0.767485
10.376000,0.374155,0.485525,-0.321271,-1.563490,-0.143579,1.840671,0.767485
10.378000,0.374155,0.485525,-0.321271,-1.563490,-0.143579,1.840671,0.767485
10.380000,0.374155,0.485525,-0.321271,-1.563490,-0.143579,1.840671,0.767485
10.382000,0.374155,0.485525,-0.321271,-1.563490,-0.143579,1.840671,0.767485
10.384000,0.374155,0.485525,-0.321271,-1.563490,-0.143579,1.840671,0.767485
10.386000,0.374155,0.485525,-0.321271,-1.563490,-0.143579,1.840671,0.767485
10.388000,0.374155,0.485525,-0.321271,-1.563490,-0.143579,1.840671,0.767485
10.390000,0.374155,0.485525,-0.321271,-1.563490,-0.143579,1.840671,0.767485
10.392000,0.374155,0.485525,-0.321271,-1.563490,-0.143579,1.840671,0.767485
10.394000,0.374155,0.485525,-0.321271,-1.563490,-0.143579,1.840671,0.767485
10.396000,0.374155,0.485525,-0.321271,-1.563490,-0.143579,1.840671,0.767485
10.398000,0.374155,0.485525,-0.321271,-1.563490,-0.143579,1.840671,0.767485
10.400000,0.374155,0.485525,-0.321271,-1.563490,-0.143579,1.840671,0.767485
10.402000,0.374155,0.485525,-0.321271,-1.563490,-0.143579,1.840671,0.767485
10.404000,0.374155,0.485525,-0.321271,-1.563490,-0.143579,1.840671,0.767485
10.406000,0.374155,0.485525,-0.321271,-1.563490,-0.143579,1.840671,0.767485
10.408000,0.374155,0.485525,-0.321271,-1.563490,-0.143579,1.840671,0.767485
10.410000,0.374155,0.485525,-0.321271,-1.563490,-0.143579,1.840671,0.767485
10.412000,0.374155,0.485525,-0.321271,-1.563490,-0.143579,1.840671,0.767485
10.414000,0.374155,0.485525,-0.321271,-1.563490,-0.143579,1.840671,0.767485
10.416000,0.374155,0.485525,-0.321271,-1.563490,-0.143579,1.840671,0.767485
10.418000,0.374155,0.485525,-0.321271,-1.563490,-0.143579,1.840671,0.767485
10.420000,0.374155,0.485525,-0.321271,-1.563490,-0.143579,1.840671,0.767485
10.422000,0.374155,0.485525,-0.321271,-1.563490,-0.143579,1.840671,0.767485
10.424000,0.374155,0.485525,-0.321271,-1.563490,-0.143579,1.840671,0.767485
10.426000,0.374155,0.485525,-0.321271,-1.563490,-0.143579,1.840671,0.767485
10.428000,0.374155,0.485525,-0.321271,-1.563490,-0.143579,1.840671,0.767485
10.430000,0.374155,0.485525,-0.321271,-1.563490,-0.143579,1.840671,0.767485
10.432000,0.374155,0.485525,-0.321271,-1.563490,-0.143579,1.840671,0.767485
10.434000,0.374155,0.485525,-0.321271,-1.563490,-0.143579,1.840671,0.767485
10.436000,0.374155,0.485525,-0.321271,-1.563490,-0.143579,1.840671,0.767485
10.438000,0.374155,0.485525,-0.321271,-1.563490,-0.143579,1.840671,0.767485
10.440000,0.374155,0.485525,-0.321271,-1.563490,-0.143579,1.840671,0.767485
10.442000,0.374155,0.485525,-0.321271,-1.563490,-0.143579,1.840671,0.767485
10.444000,0.374155,0.485525,-0.321271,-1.563490,-0.143579,1.840671,0.767485
10.446000,0.374155,0.485525,-0.321271,-1.563490,-0.143579,1.840671,0.767485
10.448000,0.374155,0.485525,-0.321271,-1.563490,-0.143579,1.840671,0.767485
10.450000,0.374155,0.485525,-0.321271,-1.563490,-0.143579,1.840671,0.767485
10.452000,0.374155,0.485525,-0.321271,-1.563490,-0.143579,1.840671,0.767485
10.454000,0.374155,0.485525,-0.321271,-1.563490,-0.143579,1.840671,0.767485
10.456000,0.374155,0.485525,-0.321271,-1.563490,-0.143579,1.840671,0.767485
10.458000,0.374155,0.485525,-0.321271,-1.563490,-0.143579,1.840671,0.767485
10.460000,0.374155,0.485525,-0.321271,-1.563490,-0.143579,1.840671,0.767485
10.462000,0.374155,0.485525,-0.321271,-1.563490,-0.143579,1.840671,0.767485
10.464000,0.374155,0.485525,-0.321271,-1.563490,-0.143579,1.840671,0.767485
10.466000,0.374155,0.485525,-0.321271,-1.563490,-0.143579,1.840671,0.767485
10.468000,0.374155,0.485525,-0.321271,-1.563490,-0.143579,1.840671,0.767485
10.470000,0.374155,0.485525,-0.321271,-1.563490,-0.143579,1.840671,0.767485
10.472000,0.374155,0.485525,-0.321271,-1.563490,-0.143579,1.840671,0.767485
10.474000,0.374155,0.485525,-0.321271,-1.563490,-0.143579,1.840671,0.767485
10.476000,0.374155,0.485525,-0.321271,-1.563490,-0.143579,1.840671,0.767485
10.478000,0.374155,0.485525,-0.321271,-1.563490,-0.143579,1.840671,0.767485
10.480000,0.374155,0.485525,-0.321271,-1.563490,-0.143579,1.840671,0.767485
10.482000,0.374155,0.485525,-0.321271,-1.563490,-0.143579,1.840671,0.767485
10.484000,0.374155,0.485525,-0.321271,-1.563490,-0.143579,1.840671,0.767485
10.486000,0.374155,0.485525,-0.321271,-1.563490,-0.143579,1.840671,0.767485
10.488000,0.374155,0.485525,-0.321271,-1.563490,-0.143579,1.840671,0.767485
10.490000,0.374155,0.485525,-0.321271,-1.563490,-0.143579,1.840671,0.767485
10.492000,0.374155,0.485525,-0.321271,-1.563490,-0.143579,1.840671,0.767485
10.494000,0.374155,0.485525,-0.321271,-1.563490,-0.143579,1.840671,0.767485
10.496000,0.374155,0.485525,-0.321271,-1.563490,-0.143579,1.840671,0.767485
10.498000,0.374155,0.485525,-0.321271,-1.563490,-0.143579,1.840671,0.767485
10.500000,0.374155,0.485525,-0.321271,-1.563490,-0.143579,1.840671,0.767485
10.502000,0.374155,0.485525,-0.321271,-1.563490,-0.143579,1.840671,0.767485
10.504000,0.374155,0.485525,-0.321271,-1.563490,-0.143579,1.840671,0.767485
10.506000,0.374155,0.485525,-0.321271,-1.563490,-0.143579,1.840671,0.767485
10.508000,0.374155,0.485525,-0.321271,-1.563490,-0.143579,1.840671,0.767485
10.510000,0.374155,0.485525,-0.321271,-1.563490,-0.143579,1.840671,0.767485
10.512000,0.374155,0.485525,-0.321271,-1.563490,-0.143579,1.840671,0.767485
10.514000,0.374155,0.485525,-0.321271,-1.563490,-0.143579,1.840671,0.767485
10.516000,0.374155,0.485525,-0.321271,-1.563490,-0.143579,1.840671,0.767485
10.518000,0.374155,0.485525,-0.321271,-1.563490,-0.143579,1.840671,0.767485
10.520000,0.374155,0.485525,-0.321271,-1.563490,-0.143579,1.840671,0.767485
10.522000,0.374155,0.485525,-0.321271,-1.563490,-0.143579,1.840671,0.767485
10.524000,0.374155,0.485525,-0.321271,-1.563490,-0.143579,1.840671,0.767485
10.526000,0.374155,0.485525,-0.321271,-1.563490,-0.143579,1.840671,0.767485
10.528000,0.374155,0.485525,-0.321271,-1.563490,-0.143579,1.840671,0.767485
10.530000,0.374155,0.485525,-0.321271,-1.563490,-0.143579,1.840671,0.767485
10.532000,0.374155,0.485525,-0.321271,-1.563490,-0.143579,1.840671,0.767485
10.534000,0.374155,0.485525,-0.321271,-1.563490,-0.143579,1.840671,0.767485
10.536000,0.374155,0.485525,-0.321271,-1.563490,-0.143579,1.840671,0.767485
10.538000,0.374155,0.485525,-0.321271,-1.563490,-0.143579,1.840671,0.767485
10.540000,0.374155,0.485525,-0.321271,-1.563490,-0.143579,1.840671,0.767485
10.542000,0.374155,0.485525,-0.321271,-1.563490,-0.143579,1.840671,0.767485
10.544000,0.374155,0.485525,-0.321271,-1.563490,-0.143579,1.840671,0.767485
10.546000,0.374155,0.485525,-0.321271,-1.563490,-0.143579,1.840671,0.767485
10.548000,0.374155,0.485525,-0.321271,-1.563490,-0.143579,1.840671,0.767485
10.550000,0.374155,0.485525,-0.321271,-1.563490,-0.143579,1.840671,0.767485
10.552000,0.374155,0.485525,-0.321271,-1.563490,-0.143579,1.840671,0.767485
10.554000,0.374155,0.485525,-0.321271,-1.563490,-0.143579,1.840671,0.767485
10.556000,0.374155,0.485525,-0.321271,-1.563490,-0.143579,1.840671,0.767485
10.558000,0.374155,0.485525,-0.321271,-1.563490,-0.143579,1.840671,0.767485
10.560000,0.374155,0.485525,-0.321271,-1.563490,-0.143579,1.840671,0.767485
10.562000,0.374155,0.485525,-0.321271,-1.563490,-0.143579,1.840671,0.767485
10.564000,0.374155,0.485525,-0.321271,-1.563490,-0.143579,1.840671,0.767485
10.566000,0.374155,0.485525,-0.321271,-1.563490,-0.143579,1.840671,0.767485
10.568000,0.374155,0.485525,-0.321271,-1.563490,-0.143579,1.840671,0.767485
10.570000,0.374155,0.485525,-0.321271,-1.563490,-0.143579,1.840671,0.767485
10.572000,0.374155,0.485525,-0.321271,-1.563490,-0.143579,1.840671,0.767485
10.574000,0.374155,0.485525,-0.321271,-1.563490,-0.143579,1.840671,0.767485
10.576000,0.374155,0.485525,-0.321271,-1.563490,-0.143579,1.840671,0.767485
10.578000,0.374155,0.485525,-0.321271,-1.563490,-0.143579,1.840671,0.767485
10.580000,0.374155,0.485525,-0.321271,-1.563490,-0.143579,1.840671,0.767485
10.582000,0.374155,0.485525,-0.321271,-1.563490,-0.143579,1.840671,0.767485
10.584000,0.374155,0.485525,-0.321271,-1.563490,-0.143579,1.840671,0.767485
10.586000,0.374155,0.485525,-0.321271,-1.563490,-0.143579,1.840671,0.767485
10.588000,0.374155,0.485525,-0.321271,-1.563490,-0.143579,1.840671,0.767485
10.590000,0.374155,0.485525,-0.321271,-1.563490,-0.143579,1.840671,0.767485
10.592000,0.374155,0.485525,-0.321271,-1.563490,-0.143579,1.840671,0.767485
10.594000,0.374155,0.485525,-0.321271,-1.563490,-0.143579,1.840671,0.767485
10.596000,0.374155,0.485525,-0.321271,-1.563490,-0.143579,1.840671,0.767485
10.598000,0.374155,0.485525,-0.321271,-1.563490,-0.143579,1.840671,0.767485
10.600000,0.374155,0.485525,-0.321271,-1.563490,-0.143579,1.840671,0.767485
10.602000,0.374155,0.485525,-0.321271,-1.563490,-0.143579,1.840671,0.767485
10.604000,0.374155,0.485525,-0.321271,-1.563490,-0.143579,1.840671,0.767485
10.606000,0.374155,0.485525,-0.321271,-1.563490,-0.143579,1.840671,0.767485
10.608000,0.374155,0.485525,-0.321271,-1.563490,-0.143579,1.840671,0.767485
10.610000,0.374155,0.485525,-0.321271,-1.563490,-0.143579,1.840671,0.767485
10.612000,0.374155,0.485525,-0.321271,-1.563490,-0.143579,1.840671,0.767485
10.614000,0.374155,0.485525,-0.321271,-1.563490,-0.143579,1.840671,0.767485
10.616000,0.374155,0.485525,-0.321271,-1.563490,-0.143579,1.840671,0.767485
10.618000,0.374155,0.485525,-0.321271,-1.563490,-0.143579,1.840671,0.767485
10.620000,0.374155,0.485525,-0.321271,-1.563490,-0.143579,1.840671,0.767485
10.622000,0.374155,0.485525,-0.321271,-1.563490,-0.143579,1.840671,0.767485
10.624000,0.374155,0.485525,-0.321271,-1.563490,-0.143579,1.840671,0.767485
10.626000,0.374155,0.485525,-0.321271,-1.563490,-0.143579,1.840671,0.767485
10.628000,0.374155,0.485525,-0.321271,-1.563490,-0.143579,1.840671,0.767485
10.630000,0.374155,0.485525,-0.321271,-1.563490,-0.143579,1.840671,0.767485
10.632000,0.374155,0.485525,-0.321271,-1.563490,-0.143579,1.840671,0.767485
10.634000,0.374155,0.485525,-0.321271,-1.563490,-0.143579,1.840671,0.767485
10.636000,0.374155,0.485525,-0.321271,-1.563490,-0.143579,1.840671,0.767485
10.638000,0.374155,0.485525,-0.321271,-1.563490,-0.143579,1.840671,0.767485
10.640000,0.374155,0.485525,-0.321271,-1.563490,-0.143579,1.840671,0.767485
10.642000,0.374155,0.485525,-0.321271,-1.563490,-0.143579,1.840671,0.767485
10.644000,0.374155,0.485525,-0.321271,-1.563490,-0.143579,1.840671,0.767485
10.646000,0.374155,0.485525,-0.321271,-1.563490,-0.143579,1.840671,0.767485
10.648000,0.374155,0.485525,-0.321271,-1.563490,-0.143579,1.840671,0.767485
10.650000,0.374155,0.485525,-0.321271,-1.563490,-0.143579,1.840671,0.767485
10.652000,0.374155,0.485525,-0.321271,-1.563490,-0.143579,1.840671,0.767485
10.654000,0.374155,0.485525,-0.321271,-1.563490,-0.143579,1.840671,0.767485
10.656000,0.374155,0.485525,-0.321271,-1.563490,-0.143579,1.840671,0.767485
10.658000,0.374155,0.485525,-0.321271,-1.563490,-0.143579,1.840671,0.767485
10.660000,0.374155,0.485525,-0.321271,-1.563490,-0.143579,1.840671,0.767485
10.662000,0.374155,0.485525,-0.321271,-1.563490,-0.143579,1.840671,0.767485
10.664000,0.374155,0.485525,-0.321271,-1.563490,-0.143579,1.840671,0.767485
10.666000,0.374155,0.485525,-0.321271,-1.563490,-0.143579,1.840671,0.767485
10.668000,0.374155,0.485525,-0.321271,-1.563490,-0.143579,1.840671,0.767485
10.670000,0.374155,0.485525,-0.321271,-1.563490,-0.143579,1.840671,0.767485
10.672000,0.374155,0.485525,-0.321271,-1.563490,-0.143579,1.840671,0.767485
10.674000,0.374155,0.485525,-0.321271,-1.563490,-0.143579,1.840671,0.767485
10.676000,0.374155,0.485525,-0.321271,-1.563490,-0.143579,1.840671,0.767485
10.678000,0.374155,0.485525,-0.321271,-1.563490,-0.143579,1.840671,0.767485
10.680000,0.374155,0.485525,-0.321271,-1.563490,-0.143579,1.840671,0.767485
10.682000,0.374155,0.485525,-0.321271,-1.563490,-0.143579,1.840671,0.767485
10.684000,0.374155,0.485525,-0.321271,-1.563490,-0.143579,1.840671,0.767485
10.686000,0.374155,0.485525,-0.321271,-1.563490,-0.143579,1.840671,0.767485
10.688000,0.374155,0.485525,-0.321271,-1.563490,-0.143579,1.840671,0.767485
10.690000,0.374155,0.485525,-0.321271,-1.563490,-0.143579,1.840671,0.767485
10.692000,0.374155,0.485525,-0.321271,-1.563490,-0.143579,1.840671,0.767485
10.694000,0.374155,0.485525,-0.321271,-1.563490,-0.143579,1.840671,0.767485
10.696000,0.374155,0.485525,-0.321271,-1.563490,-0.143579,1.840671,0.767485
10.698000,0.374155,0.485525,-0.321271,-1.563490,-0.143579,1.840671,0.767485
10.700000,0.374155,0.485525,-0.321271,-1.563490,-0.143579,1.840671,0.767485
10.702000,0.374155,0.485525,-0.321271,-1.563490,-0.143579,1.840671,0.767485
10.704000,0.374155,0.485525,-0.321271,-1.563490,-0.143579,1.840671,0.767485
10.706000,0.374155,0.485525,-0.321271,-1.563490,-0.143579,1.840671,0.767485
10.708000,0.374155,0.485525,-0.321271,-1.563490,-0.143579,1.840671,0.767485
10.710000,0.374155,0.485525,-0.321271,-1.563490,-0.143579,1.840671,0.767485
10.712000,0.374155,0.485525,-0.321271,-1.563490,-0.143579,1.840671,0.767485
10.714000,0.374155,0.485525,-0.321271,-1.563490,-0.143579,1.840671,0.767485
10.716000,0.374155,0.485525,-0.321271,-1.563490,-0.143579,1.840671,0.767485
10.718000,0.374155,0.485525,-0.321271,-1.563490,-0.143579,1.840671,0.767485
10.720000,0.374155,0.485525,-0.321271,-1.563490,-0.143579,1.840671,0.767485
10.722000,0.374155,0.485525,-0.321271,-1.563490,-0.143579,1.840671,0.767485
10.724000,0.374155,0.485525,-0.321271,-1.563490,-0.143579,1.840671,0.767485
10.726000,0.374155,0.485525,-0.321271,-1.563490,-0.143579,1.840671,0.767485
10.728000,0.374155,0.485525,-0.321271,-1.563490,-0.143579,1.840671,0.767485
10.730000,0.374155,0.485525,-0.321271,-1.563490,-0.143579,1.840671,0.767485
10.732000,0.374155,0.485525,-0.321271,-1.563490,-0.143579,1.840671,0.767485
10.734000,0.374155,0.485525,-0.321271,-1.563490,-0.143579,1.840671,0.767485
10.736000,0.374155,0.485525,-0.321271,-1.563490,-0.143579,1.840671,0.767485
10.738000,0.374155,0.485525,-0.321271,-1.563490,-0.143579,1.840671,0.767485
10.740000,0.374155,0.485525,-0.321271,-1.563490,-0.143579,1.840671,0.767485
10.742000,0.374155,0.485525,-0.321271,-1.563490,-0.143579,1.840671,0.767485
10.744000,0.374155,0.485525,-0.321271,-1.563490,-0.143579,1.840671,0.767485
10.746000,0.374155,0.485525,-0.321271,-1.563490,-0.143579,1.840671,0.767485
10.748000,0.374155,0.485525,-0.321271,-1.563490,-0.143579,1.840671,0.767485
10.750000,0.374155,0.485525,-0.321271,-1.563490,-0.143579,1.840671,0.767485
10.752000,0.374155,0.485525,-0.321271,-1.563490,-0.143579,1.840671,0.767485
10.754000,0.374155,0.485525,-0.321271,-1.563490,-0.143579,1.840671,0.767485
10.756000,0.374155,0.485525,-0.321271,-1.563490,-0.143579,1.840671,0.767485
10.758000,0.374155,0.485525,-0.321271,-1.563490,-0.143579,1.840671,0.767485
10.760000,0.374155,0.485525,-0.321271,-1.563490,-0.143579,1.840671,0.767485
10.762000,0.374155,0.485525,-0.321271,-1.563490,-0.143579,1.840671,0.767485
10.764000,0.374155,0.485525,-0.321271,-1.563490,-0.143579,1.840671,0.767485
10.766000,0.374155,0.485525,-0.321271,-1.563490,-0.143579,1.840671,0.767485
10.768000,0.374155,0.485525,-0.321271,-1.563490,-0.143579,1.840671,0.767485
10.770000,0.374155,0.485525,-0.321271,-1.563490,-0.143579,1.840671,0.767485
10.772000,0.374155,0.485525,-0.321271,-1.563490,-0.143579,1.840671,0.767485
10.774000,0.374155,0.485525,-0.321271,-1.563490,-0.143579,1.840671,0.767485
10.776000,0.374155,0.485525,-0.321271,-1.563490,-0.143579,1.840671,0.767485
10.778000,0.374155,0.485525,-0.321271,-1.563490,-0.143579,1.840671,0.767485
10.780000,0.374155,0.485525,-0.321271,-1.563490,-0.143579,1.840671,0.767485
10.782000,0.374155,0.485525,-0.321271,-1.563490,-0.143579,1.840671,0.767485
10.784000,0.374155,0.485525,-0.321271,-1.563490,-0.143579,1.840671,0.767485
10.786000,0.374155,0.485525,-0.321271,-1.563490,-0.143579,1.840671,0.767485
10.788000,0.374155,0.485525,-0.321271,-1.563490,-0.143579,1.840671,0.767485
10.790000,0.374155,0.485525,-0.321271,-1.563490,-0.143579,1.840671,0.767485
10.792000,0.374155,0.485525,-0.321271,-1.563490,-0.143579,1.840671,0.767485
10.794000,0.374155,0.485525,-0.321271,-1.563490,-0.143579,1.840671,0.767485
10.796000,0.374155,0.485525,-0.321271,-1.563489,-0.143579,1.840671,0.767485
10.798000,0.374155,0.485525,-0.321271,-1.563489,-0.143579,1.840671,0.767485
10.800000,0.374155,0.485525,-0.321271,-1.563489,-0.143579,1.840671,0.767485
10.802000,0.374155,0.485525,-0.321271,-1.563489,-0.143579,1.840671,0.767485
10.804000,0.374155,0.485525,-0.321271,-1.563488,-0.143579,1.840671,0.767485
10.806000,0.374155,0.485525,-0.321271,-1.563488,-0.143579,1.840671,0.767485
10.808000,0.374155,0.485525,-0.321271,-1.563488,-0.143579,1.840671,0.767485
10.810000,0.374155,0.485525,-0.321271,-1.563487,-0.143579,1.840671,0.767485
10.812000,0.374155,0.485525,-0.321271,-1.563487,-0.143579,1.840671,0.767485
10.814000,0.374155,0.485525,-0.321271,-1.563486,-0.143579,1.840671,0.767485
10.816000,0.374155,0.485525,-0.321271,-1.563485,-0.143579,1.840671,0.767485
10.818000,0.374155,0.485525,-0.321271,-1.563485,-0.143579,1.840671,0.767485
10.820000,0.374155,0.485525,-0.321271,-1.563484,-0.143579,1.840671,0.767485
10.822000,0.374155,0.485525,-0.321271,-1.563483,-0.143579,1.840671,0.767485
10.824000,0.374155,0.485525,-0.321271,-1.563482,-0.143579,1.840671,0.767485
10.826000,0.374155,0.485525,-0.321271,-1.563481,-0.143579,1.840671,0.767485
10.828000,0.374155,0.485525,-0.321271,-1.563480,-0.143579,1.840671,0.767485
10.830000,0.374155,0.485525,-0.321271,-1.563479,-0.143579,1.840671,0.767485
10.832000,0.374155,0.485525,-0.321271,-1.563477,-0.143579,1.840671,0.767485
10.834000,0.374155,0.485525,-0.321271,-1.563476,-0.143579,1.840671,0.767485
10.836000,0.374155,0.485525,-0.321271,-1.563475,-0.143579,1.840671,0.767485
10.838000,0.374155,0.485525,-0.321271,-1.563473,-0.143579,1.840671,0.767485
10.840000,0.374155,0.485525,-0.321271,-1.563472,-0.143579,1.840671,0.767485
10.842000,0.374155,0.485525,-0.321271,-1.563470,-0.143579,1.840671,0.767485
10.844000,0.374155,0.485525,-0.321271,-1.563468,-0.143579,1.840671,0.767485
10.846000,0.374155,0.485525,-0.321271,-1.563466,-0.143579,1.840671,0.767485
10.848000,0.374155,0.485525,-0.321271,-1.563464,-0.143579,1.840671,0.767485
10.850000,0.374155,0.485525,-0.321271,-1.563463,-0.143579,1.840671,0.767485
10.852000,0.374155,0.485525,-0.321271,-1.563461,-0.143579,1.840671,0.767485
10.854000,0.374155,0.485525,-0.321271,-1.563458,-0.143579,1.840671,0.767485
10.856000,0.374155,0.485525,-0.321271,-1.563457,-0.143579,1.840671,0.767485
10.858000,0.374155,0.485525,-0.321271,-1.563454,-0.143579,1.840671,0.767485
10.860000,0.374155,0.485525,-0.321271,-1.563452,-0.143579,1.840671,0.767485
10.862000,0.374155,0.485525,-0.321271,-1.563449,-0.143579,1.840671,0.767485
10.864000,0.374155,0.485525,-0.321271,-1.563446,-0.143579,1.840671,0.767485
10.866000,0.374155,0.485525,-0.321271,-1.563443,-0.143579,1.840671,0.767485
10.868000,0.374155,0.485525,-0.321271,-1.563440,-0.143579,1.840671,0.767485
10.870000,0.374155,0.485525,-0.321271,-1.563437,-0.143579,1.840671,0.767485
10.872000,0.374155,0.485525,-0.321271,-1.563434,-0.143579,1.840671,0.767485
10.874000,0.374155,0.485525,-0.321271,-1.563431,-0.143579,1.840671,0.767485
10.876000,0.374155,0.485525,-0.321271,-1.563427,-0.143579,1.840671,0.767485
10.878000,0.374155,0.485525,-0.321271,-1.563424,-0.143579,1.840671,0.767485
10.880000,0.374155,0.485525,-0.321271,-1.563420,-0.143579,1.840671,0.767485
10.882000,0.374155,0.485525,-0.321271,-1.563416,-0.143579,1.840671,0.767485
10.884000,0.374155,0.485525,-0.321271,-1.563412,-0.143579,1.840671,0.767485
10.886000,0.374155,0.485525,-0.321271,-1.563408,-0.143579,1.840671,0.767485
10.888000,0.374155,0.485525,-0.321271,-1.563404,-0.143579,1.840671,0.767485
10.890000,0.374155,0.485525,-0.321271,-1.563400,-0.143579,1.840671,0.767485
10.892000,0.374155,0.485525,-0.321271,-1.563396,-0.143579,1.840671,0.767485
10.894000,0.374155,0.485525,-0.321271,-1.563391,-0.143579,1.840671,0.767485
10.896000,0.374155,0.485525,-0.321271,-1.563389,-0.143579,1.840671,0.767485
10.898000,0.374155,0.485525,-0.321271,-1.563384,-0.143579,1.840671,0.767485
10.900000,0.374155,0.485525,-0.321271,-1.563379,-0.143579,1.840671,0.767485
10.902000,0.374155,0.485525,-0.321271,-1.563374,-0.143579,1.840671,0.767485
10.904000,0.374155,0.485525,-0.321271,-1.563369,-0.143579,1.840671,0.767485
10.906000,0.374155,0.485525,-0.321271,-1.563363,-0.143579,1.840671,0.767485
10.908000,0.374155,0.485525,-0.321271,-1.563358,-0.143579,1.840671,0.767485
10.910000,0.374155,0.485525,-0.321271,-1.563353,-0.143579,1.840671,0.767485
10.912000,0.374155,0.485525,-0.321271,-1.563347,-0.143579,1.840671,0.767485
10.914000,0.374155,0.485525,-0.321271,-1.563341,-0.143579,1.840671,0.767485
10.916000,0.374155,0.485525,-0.321271,-1.563335,-0.143579,1.840671,0.767485
10.918000,0.374155,0.485525,-0.321271,-1.563329,-0.143579,1.840671,0.767485
10.920000,0.374155,0.485525,-0.321271,-1.563323,-0.143579,1.840671,0.767485
10.922000,0.374155,0.485525,-0.321271,-1.563316,-0.143579,1.840671,0.767485
10.924000,0.374155,0.485525,-0.321271,-1.563310,-0.143579,1.840671,0.767485
10.926000,0.374155,0.485525,-0.321271,-1.563303,-0.143579,1.840671,0.767485
10.928000,0.374155,0.485525,-0.321271,-1.563296,-0.143579,1.840671,0.767485
10.930000,0.374155,0.485525,-0.321271,-1.563293,-0.143579,1.840671,0.767485
10.932000,0.374155,0.485525,-0.321271,-1.563282,-0.143579,1.840671,0.767485
10.934000,0.374155,0.485525,-0.321271,-1.563275,-0.143579,1.840671,0.767485
10.936000,0.374155,0.485525,-0.321271,-1.563268,-0.143579,1.840671,0.767485
10.938000,0.374155,0.485525,-0.321271,-1.563260,-0.143579,1.840671,0.767485
10.940000,0.374155,0.485525,-0.321271,-1.563252,-0.143579,1.840671,0.767485
10.942000,0.374155,0.485525,-0.321271,-1.563245,-0.143579,1.840671,0.767485
10.944000,0.374155,0.485525,-0.321271,-1.563241,-0.143579,1.840671,0.767485
10.946000,0.374155,0.485525,-0.321271,-1.563229,-0.143579,1.840671,0.767485
10.948000,0.374155,0.485525,-0.321271,-1.563224,-0.143579,1.840671,0.767485
10.950000,0.374155,0.485525,-0.321271,-1.563216,-0.143579,1.840671,0.767485
10.952000,0.374155,0.485525,-0.321271,-1.563208,-0.143579,1.840671,0.767485
10.954000,0.374155,0.485525,-0.321271,-1.563199,-0.143579,1.840671,0.767485
10.956000,0.374155,0.485525,-0.321271,-1.563190,-0.143579,1.840671,0.767485
10.958000,0.374155,0.485525,-0.321271,-1.563182,-0.143579,1.840671,0.767485
10.960000,0.374155,0.485525,-0.321271,-1.563173,-0.143579,1.840671,0.767485
10.962000,0.374155,0.485525,-0.321271,-1.563163,-0.143579,1.840671,0.767485
10.964000,0.374155,0.485525,-0.321271,-1.563154,-0.143579,1.840671,0.767485
10.966000,0.374155,0.485525,-0.321271,-1.563145,-0.143579,1.840671,0.767485
10.968000,0.374155,0.485525,-0.321271,-1.563135,-0.143579,1.840671,0.767485
10.970000,0.374155,0.485525,-0.321271,-1.563126,-0.143579,1.840671,0.767485
10.972000,0.374155,0.485525,-0.321271,-1.563116,-0.143579,1.840671,0.767485
10.974000,0.374155,0.485525,-0.321271,-1.563106,-0.143579,1.840671,0.767485
10.976000,0.374155,0.485525,-0.321271,-1.563096,-0.143579,1.840671,0.767485
10.978000,0.374155,0.485525,-0.321271,-1.563085,-0.143579,1.840671,0.767485
10.980000,0.374155,0.485525,-0.321271,-1.563075,-0.143579,1.840671,0.767485
10.982000,0.374155,0.485525,-0.321271,-1.563064,-0.143579,1.840671,0.767485
10.984000,0.374155,0.485525,-0.321271,-1.563054,-0.143579,1.840671,0.767485
10.986000,0.374155,0.485525,-0.321271,-1.563043,-0.143579,1.840671,0.767485
10.988000,0.374155,0.485525,-0.321271,-1.563032,-0.143579,1.840671,0.767485
10.990000,0.374155,0.485525,-0.321271,-1.563021,-0.143579,1.840671,0.767485
10.992000,0.374155,0.485525,-0.321271,-1.563010,-0.143579,1.840671,0.767485
10.994000,0.374155,0.485525,-0.321271,-1.562998,-0.143579,1.840671,0.767485
10.996000,0.374155,0.485525,-0.321271,-1.562987,-0.143579,1.840671,0.767485
10.998000,0.374155,0.485525,-0.321271,-1.562981,-0.143579,1.840671,0.767485
11.000000,0.374155,0.485525,-0.321271,-1.562970,-0.143579,1.840671,0.767485
11.002000,0.374155,0.485525,-0.321271,-1.562958,-0.143579,1.840671,0.767485
11.004000,0.374155,0.485525,-0.321271,-1.562946,-0.143579,1.840671,0.767485
11.006000,0.374155,0.485525,-0.321271,-1.562934,-0.143579,1.840671,0.767485
11.008000,0.374155,0.485525,-0.321271,-1.562922,-0.143579,1.840671,0.767485
11.010000,0.374155,0.485525,-0.321271,-1.562909,-0.143579,1.840671,0.767485
11.012000,0.374155,0.485525,-0.321271,-1.562897,-0.143579,1.840671,0.767485
11.014000,0.374155,0.485525,-0.321271,-1.562884,-0.143579,1.840671,0.767485
11.016000,0.374155,0.485525,-0.321271,-1.562872,-0.143579,1.840671,0.767485
11.018000,0.374155,0.485525,-0.321271,-1.562859,-0.143579,1.840671,0.767485
11.020000,0.374155,0.485525,-0.321271,-1.562846,-0.143579,1.840671,0.767485
11.022000,0.374155,0.485525,-0.321271,-1.562833,-0.143579,1.840671,0.767485
11.024000,0.374155,0.485525,-0.321271,-1.562820,-0.143579,1.840671,0.767485
11.026000,0.374155,0.485525,-0.321271,-1.562807,-0.143579,1.840671,0.767485
11.028000,0.374155,0.485525,-0.321271,-1.562793,-0.143579,1.840671,0.767485
11.030000,0.374155,0.485525,-0.321271,-1.562786,-0.143579,1.840671,0.767485
11.032000,0.374155,0.485525,-0.321271,-1.562766,-0.143579,1.840671,0.767485
11.034000,0.374155,0.485525,-0.321271,-1.562752,-0.143579,1.840671,0.767485
11.036000,0.374155,0.485525,-0.321271,-1.562738,-0.143579,1.840671,0.767485
11.038000,0.374155,0.485525,-0.321271,-1.562725,-0.143579,1.840671,0.767485
11.040000,0.374155,0.485525,-0.321271,-1.562710,-0.143579,1.840671,0.767485
11.042000,0.374155,0.485525,-0.321271,-1.562696,-0.143579,1.840671,0.767485
11.044000,0.374155,0.485525,-0.321271,-1.562682,-0.143579,1.840671,0.767485
11.046000,0.374155,0.485525,-0.321271,-1.562668,-0.143579,1.840671,0.767485
11.048000,0.374155,0.485525,-0.321271,-1.562653,-0.143579,1.840671,0.767485
11.050000,0.374155,0.485525,-0.321271,-1.562638,-0.143579,1.840671,0.767485
11.052000,0.374155,0.485525,-0.321271,-1.562624,-0.143579,1.840671,0.767485
11.054000,0.374155,0.485525,-0.321271,-1.562609,-0.143579,1.840671,0.767485
11.056000,0.374155,0.485525,-0.321271,-1.562594,-0.143579,1.840671,0.767485
11.058000,0.374155,0.485525,-0.321271,-1.562579,-0.143579,1.840671,0.767485
11.060000,0.374155,0.485525,-0.321271,-1.562564,-0.143579,1.840671,0.767485
11.062000,0.374155,0.485525,-0.321271,-1.562548,-0.143579,1.840671,0.767485
11.064000,0.374155,0.485525,-0.321271,-1.562548,-0.143579,1.840671,0.767485
11.066000,0.374155,0.485525,-0.321271,-1.562541,-0.143579,1.840671,0.767485
11.068000,0.374155,0.485525,-0.321271,-1.562518,-0.143579,1.840671,0.767485
11.070000,0.374155,0.485525,-0.321271,-1.562494,-0.143579,1.840671,0.767485
11.072000,0.374155,0.485525,-0.321271,-1.562479,-0.143579,1.840671,0.767485
11.074000,0.374155,0.485525,-0.321271,-1.562463,-0.143579,1.840671,0.767485
11.076000,0.374155,0.485525,-0.321271,-1.562447,-0.143579,1.840671,0.767485
11.078000,0.374155,0.485525,-0.321271,-1.562431,-0.143579,1.840671,0.767485
11.080000,0.374155,0.485525,-0.321271,-1.562415,-0.143579,1.840671,0.767485
11.082000,0.374155,0.485525,-0.321271,-1.562399,-0.143579,1.840671,0.767485
11.084000,0.374155,0.485525,-0.321271,-1.562383,-0.143579,1.840671,0.767485
11.086000,0.374155,0.485525,-0.321271,-1.562366,-0.143579,1.840671,0.767485
11.088000,0.374155,0.485525,-0.321271,-1.562350,-0.143579,1.840671,0.767485
11.090000,0.374155,0.485525,-0.321271,-1.562333,-0.143579,1.840671,0.767485
11.092000,0.374155,0.485525,-0.321271,-1.562317,-0.143579,1.840671,0.767485
11.094000,0.374155,0.485525,-0.321271,-1.562300,-0.143579,1.840671,0.767485
11.096000,0.374155,0.485525,-0.321271,-1.562284,-0.143579,1.840671,0.767485
11.098000,0.374155,0.485525,-0.321271,-1.562275,-0.143579,1.840671,0.767485
11.100000,0.374155,0.485525,-0.321271,-1.562250,-0.143579,1.840671,0.767485
11.102000,0.374155,0.485525,-0.321271,-1.562242,-0.143579,1.840671,0.767485
11.104000,0.374155,0.485525,-0.321271,-1.562225,-0.143579,1.840671,0.767485
11.106000,0.374155,0.485525,-0.321271,-1.562208,-0.143579,1.840671,0.767485
11.108000,0.374155,0.485525,-0.321271,-1.562190,-0.143579,1.840671,0.767485
11.110000,0.374155,0.485525,-0.321271,-1.562173,-0.143579,1.840671,0.767485
11.112000,0.374155,0.485525,-0.321271,-1.562156,-0.143579,1.840671,0.767485
11.114000,0.374155,0.485525,-0.321271,-1.562139,-0.143579,1.840671,0.767485
11.116000,0.374155,0.485525,-0.321271,-1.562121,-0.143579,1.840671,0.767485
11.118000,0.374155,0.485525,-0.321271,-1.562104,-0.143579,1.840671,0.767485
11.120000,0.374155,0.485525,-0.321271,-1.562087,-0.143579,1.840671,0.767485
11.122000,0.374155,0.485525,-0.321271,-1.562069,-0.143579,1.840671,0.767485
11.124000,0.374155,0.485525,-0.321271,-1.562051,-0.143579,1.840671,0.767485
11.126000,0.374155,0.485525,-0.321271,-1.562034,-0.143579,1.840671,0.767485
11.128000,0.374155,0.485525,-0.321271,-1.562016,-0.143579,1.840671,0.767485
11.130000,0.374155,0.485525,-0.321271,-1.562007,-0.143579,1.840671,0.767485
11.132000,0.374155,0.485525,-0.321271,-1.561981,-0.143579,1.840671,0.767485
11.134000,0.374155,0.485525,-0.321271,-1.561963,-0.143579,1.840671,0.767485
11.136000,0.374155,0.485525,-0.321271,-1.561945,-0.143579,1.840671,0.767485
11.138000,0.374155,0.485525,-0.321271,-1.561927,-0.143579,1.840671,0.767485
11.140000,0.374155,0.485525,-0.321271,-1.561909,-0.143579,1.840671,0.767485
11.142000,0.374155,0.485525,-0.321271,-1.561891,-0.143579,1.840671,0.767485
11.144000,0.374155,0.485525,-0.321271,-1.561873,-0.143579,1.840671,0.767485
11.146000,0.374155,0.485525,-0.321271,-1.561855,-0.143579,1.840671,0.767485
11.148000,0.374155,0.485525,-0.321271,-1.561837,-0.143579,1.840671,0.767485
11.150000,0.374155,0.485525,-0.321271,-1.561818,-0.143579,1.840671,0.767485
11.152000,0.374155,0.485525,-0.321271,-1.561800,-0.143579,1.840671,0.767485
11.154000,0.374155,0.485525,-0.321271,-1.561782,-0.143579,1.840671,0.767485
11.156000,0.374155,0.485525,-0.321271,-1.561764,-0.143579,1.840671,0.767485
11.158000,0.374155,0.485525,-0.321271,-1.561745,-0.143579,1.840671,0.767485
11.160000,0.374155,0.485525,-0.321271,-1.561727,-0.143579,1.840671,0.767485
11.162000,0.374155,0.485525,-0.321271,-1.561709,-0.143579,1.840671,0.767485
11.164000,0.374155,0.485525,-0.321271,-1.561690,-0.143579,1.840671,0.767485
11.166000,0.374155,0.485525,-0.321271,-1.561672,-0.143579,1.840671,0.767485
11.168000,0.374155,0.485525,-0.321271,-1.561654,-0.143579,1.840671,0.767485
11.170000,0.374155,0.485525,-0.321271,-1.561635,-0.143579,1.840671,0.767485
11.172000,0.374155,0.485525,-0.321271,-1.561626,-0.143579,1.840671,0.767485
11.174000,0.374155,0.485525,-0.321271,-1.561607,-0.143579,1.840671,0.767485
11.176000,0.374155,0.485525,-0.321271,-1.561589,-0.143579,1.840671,0.767485
11.178000,0.374155,0.485525,-0.321271,-1.561570,-0.143579,1.840671,0.767485
11.180000,0.374155,0.485525,-0.321271,-1.561552,-0.143579,1.840671,0.767485
11.182000,0.374155,0.485525,-0.321271,-1.561533,-0.143579,1.840671,0.767485
11.184000,0.374155,0.485525,-0.321271,-1.561515,-0.143579,1.840671,0.767485
11.186000,0.374155,0.485525,-0.321271,-1.561496,-0.143579,1.840671,0.767485
11.188000,0.374155,0.485525,-0.321271,-1.561478,-0.143579,1.840671,0.767485
11.190000,0.374155,0.485525,-0.321271,-1.561459,-0.143579,1.840671,0.767485
11.192000,0.374155,0.485525,-0.321271,-1.561440,-0.143579,1.840671,0.767485
11.194000,0.374155,0.485525,-0.321271,-1.561422,-0.143579,1.840671,0.767485
11.196000,0.374155,0.485525,-0.321271,-1.561403,-0.143579,1.840671,0.767485
11.198000,0.374155,0.485525,-0.321271,-1.561384,-0.143579,1.840671,0.767485
11.200000,0.374155,0.485525,-0.321271,-1.561366,-0.143579,1.840671,0.767485
11.202000,0.374155,0.485525,-0.321271,-1.561347,-0.143579,1.840671,0.767485
11.204000,0.374155,0.485525,-0.321271,-1.561329,-0.143579,1.840671,0.767485
11.206000,0.374155,0.485525,-0.321271,-1.561319,-0.143579,1.840671,0.767485
11.208000,0.374155,0.485525,-0.321271,-1.561291,-0.143579,1.840671,0.767485
11.210000,0.374155,0.485525,-0.321271,-1.561282,-0.143579,1.840671,0.767485
11.212000,0.374155,0.485525,-0.321271,-1.561263,-0.143579,1.840671,0.767485
11.214000,0.374155,0.485525,-0.321271,-1.561245,-0.143579,1.840671,0.767485
11.216000,0.374155,0.485525,-0.321271,-1.561226,-0.143579,1.840671,0.767485
11.218000,0.374155,0.485525,-0.321271,-1.561207,-0.143579,1.840671,0.767485
11.220000,0.374155,0.485525,-0.321271,-1.561189,-0.143579,1.840671,0.767485
11.222000,0.374155,0.485525,-0.321271,-1.561170,-0.143579,1.840671,0.767485
11.224000,0.374155,0.485525,-0.321271,-1.561151,-0.143579,1.840671,0.767485
11.226000,0.374155,0.485525,-0.321271,-1.561133,-0.143579,1.840671,0.767485
11.228000,0.374155,0.485525,-0.321271,-1.561114,-0.143579,1.840671,0.767485
11.230000,0.374155,0.485525,-0.321271,-1.561096,-0.143579,1.840671,0.767485
11.232000,0.374155,0.485525,-0.321271,-1.561077,-0.143579,1.840671,0.767485
11.234000,0.374155,0.485525,-0.321271,-1.561059,-0.143579,1.840671,0.767485
11.236000,0.374155,0.485525,-0.321271,-1.561040,-0.143579,1.840671,0.767485
11.238000,0.374155,0.485525,-0.321271,-1.561022,-0.143579,1.840671,0.767485
11.240000,0.374155,0.485525,-0.321271,-1.561003,-0.143579,1.840671,0.767485
11.242000,0.374155,0.485525,-0.321271,-1.560985,-0.143579,1.840671,0.767485
11.244000,0.374155,0.485525,-0.321271,-1.560966,-0.143579,1.840671,0.767485
11.246000,0.374155,0.485525,-0.321271,-1.560948,-0.143579,1.840671,0.767485
11.248000,0.374155,0.485525,-0.321271,-1.560929,-0.143579,1.840671,0.767485
11.250000,0.374155,0.485525,-0.321271,-1.560911,-0.143579,1.840671,0.767485
11.252000,0.374155,0.485525,-0.321271,-1.560893,-0.143579,1.840671,0.767485
11.254000,0.374155,0.485525,-0.321271,-1.560874,-0.143579,1.840671,0.767485
11.256000,0.374155,0.485525,-0.321271,-1.560856,-0.143579,1.840671,0.767485
11.258000,0.374155,0.485525,-0.321271,-1.560847,-0.143579,1.840671,0.767485
11.260000,0.374155,0.485525,-0.321271,-1.560829,-0.143579,1.840671,0.767485
11.262000,0.374155,0.485525,-0.321271,-1.560802,-0.143579,1.840671,0.767485
11.264000,0.374155,0.485525,-0.321271,-1.560802,-0.143579,1.840671,0.767485
11.266000,0.374155,0.485525,-0.321271,-1.560774,-0.143579,1.840671,0.767485
11.268000,0.374155,0.485525,-0.321271,-1.560756,-0.143579,1.840671,0.767485
11.270000,0.374155,0.485525,-0.321271,-1.560738,-0.143579,1.840671,0.767485
11.272000,0.374155,0.485525,-0.321271,-1.560720,-0.143579,1.840671,0.767485
11.274000,0.374155,0.485525,-0.321271,-1.560702,-0.143579,1.840671,0.767485
11.276000,0.374155,0.485525,-0.321271,-1.560684,-0.143579,1.840671,0.767485
11.278000,0.374155,0.485525,-0.321271,-1.560666,-0.143579,1.840671,0.767485
11.280000,0.374155,0.485525,-0.321271,-1.560649,-0.143579,1.840671,0.767485
11.282000,0.374155,0.485525,-0.321271,-1.560631,-0.143579,1.840671,0.767485
11.284000,0.374155,0.485525,-0.321271,-1.560613,-0.143579,1.840671,0.767485
11.286000,0.374155,0.485525,-0.321271,-1.560595,-0.143579,1.840671,0.767485
11.288000,0.374155,0.485525,-0.321271,-1.560578,-0.143579,1.840671,0.767485
11.290000,0.374155,0.485525,-0.321271,-1.560560,-0.143579,1.840671,0.767485
11.292000,0.374155,0.485525,-0.321271,-1.560542,-0.143579,1.840671,0.767485
11.294000,0.374155,0.485525,-0.321271,-1.560525,-0.143579,1.840671,0.767485
11.296000,0.374155,0.485525,-0.321271,-1.560507,-0.143579,1.840671,0.767485
11.298000,0.374155,0.485525,-0.321271,-1.560490,-0.143579,1.840671,0.767485
11.300000,0.374155,0.485525,-0.321271,-1.560472,-0.143579,1.840671,0.767485
11.302000,0.374155,0.485525,-0.321271,-1.560455,-0.143579,1.840671,0.767485
11.304000,0.374155,0.485525,-0.321271,-1.560438,-0.143579,1.840671,0.767485
11.306000,0.374155,0.485525,-0.321271,-1.560421,-0.143579,1.840671,0.767485
11.308000,0.374155,0.485525,-0.321271,-1.560403,-0.143579,1.840671,0.767485
11.310000,0.374155,0.485525,-0.321271,-1.560386,-0.143579,1.840671,0.767485
11.312000,0.374155,0.485525,-0.321271,-1.560369,-0.143579,1.840671,0.767485
11.314000,0.374155,0.485525,-0.321271,-1.560352,-0.143579,1.840671,0.767485
11.316000,0.374155,0.485525,-0.321271,-1.560335,-0.143579,1.840671,0.767485
11.318000,0.374155,0.485525,-0.321271,-1.560318,-0.143579,1.840671,0.767485
11.320000,0.374155,0.485525,-0.321271,-1.560301,-0.143579,1.840671,0.767485
11.322000,0.374155,0.485525,-0.321271,-1.560285,-0.143579,1.840671,0.767485
11.324000,0.374155,0.485525,-0.321271,-1.560268,-0.143579,1.840671,0.767485
11.326000,0.374155,0.485525,-0.321271,-1.560251,-0.143579,1.840671,0.767485
11.328000,0.374155,0.485525,-0.321271,-1.560235,-0.143579,1.840671,0.767485
11.330000,0.374155,0.485525,-0.321271,-1.560226,-0.143579,1.840671,0.767485
11.332000,0.374155,0.485525,-0.321271,-1.560201,-0.143579,1.840671,0.767485
11.334000,0.374155,0.485525,-0.321271,-1.560185,-0.143579,1.840671,0.767485
11.336000,0.374155,0.485525,-0.321271,-1.560169,-0.143579,1.840671,0.767485
11.338000,0.374155,0.485525,-0.321271,-1.560152,-0.143579,1.840671,0.767485
11.340000,0.374155,0.485525,-0.321271,-1.560136,-0.143579,1.840671,0.767485
11.342000,0.374155,0.485525,-0.321271,-1.560120,-0.143579,1.840671,0.767485
11.344000,0.374155,0.485525,-0.321271,-1.560104,-0.143579,1.840671,0.767485
11.346000,0.374155,0.485525,-0.321271,-1.560088,-0.143579,1.840671,0.767485
11.348000,0.374155,0.485525,-0.321271,-1.560072,-0.143579,1.840671,0.767485
11.350000,0.374155,0.485525,-0.321271,-1.560056,-0.143579,1.840671,0.767485
11.352000,0.374155,0.485525,-0.321271,-1.560040,-0.143579,1.840671,0.767485
11.354000,0.374155,0.485525,-0.321271,-1.560024,-0.143579,1.840671,0.767485
11.356000,0.374155,0.485525,-0.321271,-1.560008,-0.143579,1.840671,0.767485
11.358000,0.374155,0.485525,-0.321271,-1.559992,-0.143579,1.840671,0.767485
11.360000,0.374155,0.485525,-0.321271,-1.559977,-0.143579,1.840671,0.767485
11.362000,0.374155,0.485525,-0.321271,-1.559961,-0.143579,1.840671,0.767485
11.364000,0.374155,0.485525,-0.321271,-1.559946,-0.143579,1.840671,0.767485
11.366000,0.374155,0.485525,-0.321271,-1.559930,-0.143579,1.840671,0.767485
11.368000,0.374155,0.485525,-0.321271,-1.559915,-0.143579,1.840671,0.767485
11.370000,0.374155,0.485525,-0.321271,-1.559900,-0.143579,1.840671,0.767485
11.372000,0.374155,0.485525,-0.321271,-1.559884,-0.143579,1.840671,0.767485
11.374000,0.374155,0.485525,-0.321271,-1.559877,-0.143579,1.840671,0.767485
11.376000,0.374155,0.485525,-0.321271,-1.559862,-0.143579,1.840671,0.767485
11.378000,0.374155,0.485525,-0.321271,-1.559847,-0.143579,1.840671,0.767485
11.380000,0.374155,0.485525,-0.321271,-1.559832,-0.143579,1.840671,0.767485
11.382000,0.374155,0.485525,-0.321271,-1.559817,-0.143579,1.840671,0.767485
11.384000,0.374155,0.485525,-0.321271,-1.559802,-0.143579,1.840671,0.767485
11.386000,0.374155,0.485525,-0.321271,-1.559787,-0.143579,1.840671,0.767485
11.388000,0.374155,0.485525,-0.321271,-1.559772,-0.143579,1.840671,0.767485
11.390000,0.374155,0.485525,-0.321271,-1.559758,-0.143579,1.840671,0.767485
11.392000,0.374155,0.485525,-0.321271,-1.559743,-0.143579,1.840671,0.767485
11.394000,0.374155,0.485525,-0.321271,-1.559729,-0.143579,1.840671,0.767485
11.396000,0.374155,0.485525,-0.321271,-1.559714,-0.143579,1.840671,0.767485
11.398000,0.374155,0.485525,-0.321271,-1.559700,-0.143579,1.840671,0.767485
11.400000,0.374155,0.485525,-0.321271,-1.559686,-0.143579,1.840671,0.767485
11.402000,0.374155,0.485525,-0.321271,-1.559671,-0.143579,1.840671,0.767485
11.404000,0.374155,0.485525,-0.321271,-1.559657,-0.143579,1.840671,0.767485
11.406000,0.374155,0.485525,-0.321271,-1.559643,-0.143579,1.840671,0.767485
11.408000,0.374155,0.485525,-0.321271,-1.559629,-0.143579,1.840671,0.767485
11.410000,0.374155,0.485525,-0.321271,-1.559615,-0.143579,1.840671,0.767485
11.412000,0.374155,0.485525,-0.321271,-1.559608,-0.143579,1.840671,0.767485
11.414000,0.374155,0.485525,-0.321271,-1.559588,-0.143579,1.840671,0.767485
11.416000,0.374155,0.485525,-0.321271,-1.559581,-0.143579,1.840671,0.767485
11.418000,0.374155,0.485525,-0.321271,-1.559567,-0.143579,1.840671,0.767485
11.420000,0.374155,0.485525,-0.321271,-1.559554,-0.143579,1.840671,0.767485
11.422000,0.374155,0.485525,-0.321271,-1.559540,-0.143579,1.840671,0.767485
11.424000,0.374155,0.485525,-0.321271,-1.559527,-0.143579,1.840671,0.767485
11.426000,0.374155,0.485525,-0.321271,-1.559514,-0.143579,1.840671,0.767485
11.428000,0.374155,0.485525,-0.321271,-1.559500,-0.143579,1.840671,0.767485
11.430000,0.374155,0.485525,-0.321271,-1.559487,-0.143579,1.840671,0.767485
11.432000,0.374155,0.485525,-0.321271,-1.559474,-0.143579,1.840671,0.767485
11.434000,0.374155,0.485525,-0.321271,-1.559461,-0.143579,1.840671,0.767485
11.436000,0.374155,0.485525,-0.321271,-1.559448,-0.143579,1.840671,0.767485
11.438000,0.374155,0.485525,-0.321271,-1.559435,-0.143579,1.840671,0.767485
11.440000,0.374155,0.485525,-0.321271,-1.559422,-0.143579,1.840671,0.767485
11.442000,0.374155,0.485525,-0.321271,-1.559410,-0.143579,1.840671,0.767485
11.444000,0.374155,0.485525,-0.321271,-1.559397,-0.143579,1.840671,0.767485
11.446000,0.374155,0.485525,-0.321271,-1.559384,-0.143579,1.840671,0.767485
11.448000,0.374155,0.485525,-0.321271,-1.559372,-0.143579,1.840671,0.767485
11.450000,0.374155,0.485525,-0.321271,-1.559359,-0.143579,1.840671,0.767485
11.452000,0.374155,0.485525,-0.321271,-1.559347,-0.143579,1.840671,0.767485
11.454000,0.374155,0.485525,-0.321271,-1.559335,-0.143579,1.840671,0.767485
11.456000,0.374155,0.485525,-0.321271,-1.559323,-0.143579,1.840671,0.767485
11.458000,0.374155,0.485525,-0.321271,-1.559310,-0.143579,1.840671,0.767485
11.460000,0.374155,0.485525,-0.321271,-1.559298,-0.143579,1.840671,0.767485
11.462000,0.374155,0.485525,-0.321271,-1.559286,-0.143579,1.840671,0.767485
11.464000,0.374155,0.485525,-0.321271,-1.559274,-0.143579,1.840671,0.767485
11.466000,0.374155,0.485525,-0.321271,-1.559263,-0.143579,1.840671,0.767485
11.468000,0.374155,0.485525,-0.321271,-1.559257,-0.143579,1.840671,0.767485
11.470000,0.374155,0.485525,-0.321271,-1.559245,-0.143579,1.840671,0.767485
11.472000,0.374155,0.485525,-0.321271,-1.559233,-0.143579,1.840671,0.767485
11.474000,0.374155,0.485525,-0.321271,-1.559222,-0.143579,1.840671,0.767485
11.476000,0.374155,0.485525,-0.321271,-1.559210,-0.143579,1.840671,0.767485
11.478000,0.374155,0.485525,-0.321271,-1.559199,-0.143579,1.840671,0.767485
11.480000,0.374155,0.485525,-0.321271,-1.559187,-0.143579,1.840671,0.767485
11.482000,0.374155,0.485525,-0.321271,-1.559176,-0.143579,1.840671,0.767485
11.484000,0.374155,0.485525,-0.321271,-1.559165,-0.143579,1.840671,0.767485
11.486000,0.374155,0.485525,-0.321271,-1.559153,-0.143579,1.840671,0.767485
11.488000,0.374155,0.485525,-0.321271,-1.559142,-0.143579,1.840671,0.767485
11.490000,0.374155,0.485525,-0.321271,-1.559131,-0.143579,1.840671,0.767485
11.492000,0.374155,0.485525,-0.321271,-1.559120,-0.143579,1.840671,0.767485
11.494000,0.374155,0.485525,-0.321271,-1.559109,-0.143579,1.840671,0.767485
11.496000,0.374155,0.485525,-0.321271,-1.559099,-0.143579,1.840671,0.767485
11.498000,0.374155,0.485525,-0.321271,-1.559088,-0.143579,1.840671,0.767485
11.500000,0.374155,0.485525,-0.321271,-1.559077,-0.143579,1.840671,0.767485
11.502000,0.374155,0.485525,-0.321271,-1.559066,-0.143579,1.840671,0.767485
11.504000,0.374155,0.485525,-0.321271,-1.559056,-0.143579,1.840671,0.767485
11.506000,0.374155,0.485525,-0.321271,-1.559045,-0.143579,1.840671,0.767485
11.508000,0.374155,0.485525,-0.321271,-1.559035,-0.143579,1.840671,0.767485
11.510000,0.374155,0.485525,-0.321271,-1.559025,-0.143579,1.840671,0.767485
11.512000,0.374155,0.485525,-0.321271,-1.559014,-0.143579,1.840671,0.767485
11.514000,0.374155,0.485525,-0.321271,-1.559009,-0.143579,1.840671,0.767485
11.516000,0.374155,0.485525,-0.321271,-1.558994,-0.143579,1.840671,0.767485
11.518000,0.374155,0.485525,-0.321271,-1.558989,-0.143579,1.840671,0.767485
11.520000,0.374155,0.485525,-0.321271,-1.558979,-0.143579,1.840671,0.767485
11.522000,0.374155,0.485525,-0.321271,-1.558969,-0.143579,1.840671,0.767485
11.524000,0.374155,0.485525,-0.321271,-1.558959,-0.143579,1.840671,0.767485
11.526000,0.374155,0.485525,-0.321271,-1.558949,-0.143579,1.840671,0.767485
11.528000,0.374155,0.485525,-0.321271,-1.558939,-0.143579,1.840671,0.767485
11.530000,0.374155,0.485525,-0.321271,-1.558929,-0.143579,1.840671,0.767485
11.532000,0.374155,0.485525,-0.321271,-1.558920,-0.143579,1.840671,0.767485
11.534000,0.374155,0.485525,-0.321271,-1.558910,-0.143579,1.840671,0.767485
11.536000,0.374155,0.485525,-0.321271,-1.558901,-0.143579,1.840671,0.767485
11.538000,0.374155,0.485525,-0.321271,-1.558891,-0.143579,1.840671,0.767485
11.540000,0.374155,0.485525,-0.321271,-1.558882,-0.143579,1.840671,0.767485
11.542000,0.374155,0.485525,-0.321271,-1.558872,-0.143579,1.840671,0.767485
11.544000,0.374155,0.485525,-0.321271,-1.558863,-0.143579,1.840671,0.767485
11.546000,0.374155,0.485525,-0.321271,-1.558854,-0.143579,1.840671,0.767485
11.548000,0.374155,0.485525,-0.321271,-1.558845,-0.143579,1.840671,0.767485
11.550000,0.374155,0.485525,-0.321271,-1.558836,-0.143579,1.840671,0.767485
11.552000,0.374155,0.485525,-0.321271,-1.558827,-0.143579,1.840671,0.767485
11.554000,0.374155,0.485525,-0.321271,-1.558818,-0.143579,1.840671,0.767485
11.556000,0.374155,0.485525,-0.321271,-1.558809,-0.143579,1.840671,0.767485
11.558000,0.374155,0.485525,-0.321271,-1.558800,-0.143579,1.840671,0.767485
11.560000,0.374155,0.485525,-0.321271,-1.558796,-0.143579,1.840671,0.767485
11.562000,0.374155,0.485525,-0.321271,-1.558787,-0.143579,1.840671,0.767485
11.564000,0.374155,0.485525,-0.321271,-1.558783,-0.143579,1.840671,0.767485
11.566000,0.374155,0.485525,-0.321271,-1.558770,-0.143579,1.840671,0.767485
11.568000,0.374155,0.485525,-0.321271,-1.558761,-0.143579,1.840671,0.767485
11.570000,0.374155,0.485525,-0.321271,-1.558753,-0.143579,1.840671,0.767485
11.572000,0.374155,0.485525,-0.321271,-1.558744,-0.143579,1.840671,0.767485
11.574000,0.374155,0.485525,-0.321271,-1.558736,-0.143579,1.840671,0.767485
11.576000,0.374155,0.485525,-0.321271,-1.558728,-0.143579,1.840671,0.767485
11.578000,0.374155,0.485525,-0.321271,-1.558719,-0.143579,1.840671,0.767485
11.580000,0.374155,0.485525,-0.321271,-1.558711,-0.143579,1.840671,0.767485
11.582000,0.374155,0.485525,-0.321271,-1.558703,-0.143579,1.840671,0.767485
11.584000,0.374155,0.485525,-0.321271,-1.558695,-0.143579,1.840671,0.767485
11.586000,0.374155,0.485525,-0.321271,-1.558687,-0.143579,1.840671,0.767485
11.588000,0.374155,0.485525,-0.321271,-1.558679,-0.143579,1.840671,0.767485
11.590000,0.374155,0.485525,-0.321271,-1.558671,-0.143579,1.840671,0.767485
11.592000,0.374155,0.485525,-0.321271,-1.558664,-0.143579,1.840671,0.767485
11.594000,0.374155,0.485525,-0.321271,-1.558656,-0.143579,1.840671,0.767485
11.596000,0.374155,0.485525,-0.321271,-1.558648,-0.143579,1.840671,0.767485
11.598000,0.374155,0.485525,-0.321271,-1.558640,-0.143579,1.840671,0.767485
11.600000,0.374155,0.485525,-0.321271,-1.558633,-0.143579,1.840671,0.767485
11.602000,0.374155,0.485525,-0.321271,-1.558625,-0.143579,1.840671,0.767485
11.604000,0.374155,0.485525,-0.321271,-1.558621,-0.143579,1.840671,0.767485
11.606000,0.374155,0.485525,-0.321271,-1.558610,-0.143579,1.840671,0.767485
11.608000,0.374155,0.485525,-0.321271,-1.558603,-0.143579,1.840671,0.767485
11.610000,0.374155,0.485525,-0.321271,-1.558596,-0.143579,1.840671,0.767485
11.612000,0.374155,0.485525,-0.321271,-1.558588,-0.143579,1.840671,0.767485
11.614000,0.374155,0.485525,-0.321271,-1.558581,-0.143579,1.840671,0.767485
11.616000,0.374155,0.485525,-0.321271,-1.558578,-0.143579,1.840671,0.767485
11.618000,0.374155,0.485525,-0.321271,-1.558567,-0.143579,1.840671,0.767485
11.620000,0.374155,0.485525,-0.321271,-1.558560,-0.143579,1.840671,0.767485
11.622000,0.374155,0.485525,-0.321271,-1.558556,-0.143579,1.840671,0.767485
11.624000,0.374155,0.485525,-0.321271,-1.558549,-0.143579,1.840671,0.767485
11.626000,0.374155,0.485525,-0.321271,-1.558542,-0.143579,1.840671,0.767485
11.628000,0.374155,0.485525,-0.321271,-1.558535,-0.143579,1.840671,0.767485
11.630000,0.374155,0.485525,-0.321271,-1.558528,-0.143579,1.840671,0.767485
11.632000,0.374155,0.485525,-0.321271,-1.558522,-0.143579,1.840671,0.767485
11.634000,0.374155,0.485525,-0.321271,-1.558515,-0.143579,1.840671,0.767485
11.636000,0.374155,0.485525,-0.321271,-1.558508,-0.143579,1.840671,0.767485
11.638000,0.374155,0.485525,-0.321271,-1.558502,-0.143579,1.840671,0.767485
11.640000,0.374155,0.485525,-0.321271,-1.558495,-0.143579,1.840671,0.767485
11.642000,0.374155,0.485525,-0.321271,-1.558488,-0.143579,1.840671,0.767485
11.644000,0.374155,0.485525,-0.321271,-1.558482,-0.143579,1.840671,0.767485
11.646000,0.374155,0.485525,-0.321271,-1.558475,-0.143579,1.840671,0.767485
11.648000,0.374155,0.485525,-0.321271,-1.558469,-0.143579,1.840671,0.767485
11.650000,0.374155,0.485525,-0.321271,-1.558462,-0.143579,1.840671,0.767485
11.652000,0.374155,0.485525,-0.321271,-1.558456,-0.143579,1.840671,0.767485
11.654000,0.374155,0.485525,-0.321271,-1.558450,-0.143579,1.840671,0.767485
11.656000,0.374155,0.485525,-0.321271,-1.558444,-0.143579,1.840671,0.767485
11.658000,0.374155,0.485525,-0.321271,-1.558437,-0.143579,1.840671,0.767485
11.660000,0.374155,0.485525,-0.321271,-1.558431,-0.143579,1.840671,0.767485
11.662000,0.374155,0.485525,-0.321271,-1.558425,-0.143579,1.840671,0.767485
11.664000,0.374155,0.485525,-0.321271,-1.558419,-0.143579,1.840671,0.767485
11.666000,0.374155,0.485525,-0.321271,-1.558413,-0.143579,1.840671,0.767485
11.668000,0.374155,0.485525,-0.321271,-1.558407,-0.143579,1.840671,0.767485
11.670000,0.374155,0.485525,-0.321271,-1.558401,-0.143579,1.840671,0.767485
11.672000,0.374155,0.485525,-0.321271,-1.558395,-0.143579,1.840671,0.767485
11.674000,0.374155,0.485525,-0.321271,-1.558389,-0.143579,1.840671,0.767485
11.676000,0.374155,0.485525,-0.321271,-1.558383,-0.143579,1.840671,0.767485
11.678000,0.374155,0.485525,-0.321271,-1.558378,-0.143579,1.840671,0.767485
11.680000,0.374155,0.485525,-0.321271,-1.558372,-0.143579,1.840671,0.767485
11.682000,0.374155,0.485525,-0.321271,-1.558366,-0.143579,1.840671,0.767485
11.684000,0.374155,0.485525,-0.321271,-1.558361,-0.143579,1.840671,0.767485
11.686000,0.374155,0.485525,-0.321271,-1.558355,-0.143579,1.840671,0.767485
11.688000,0.374155,0.485525,-0.321271,-1.558350,-0.143579,1.840671,0.767485
11.690000,0.374155,0.485525,-0.321271,-1.558344,-0.143579,1.840671,0.767485
11.692000,0.374155,0.485525,-0.321271,-1.558339,-0.143579,1.840671,0.767485
11.694000,0.374155,0.485525,-0.321271,-1.558336,-0.143579,1.840671,0.767485
11.696000,0.374155,0.485525,-0.321271,-1.558328,-0.143579,1.840671,0.767485
11.698000,0.374155,0.485525,-0.321271,-1.558322,-0.143579,1.840671,0.767485
11.700000,0.374155,0.485525,-0.321271,-1.558317,-0.143579,1.840671,0.767485
11.702000,0.374155,0.485525,-0.321271,-1.558312,-0.143579,1.840671,0.767485
11.704000,0.374155,0.485525,-0.321271,-1.558307,-0.143579,1.840671,0.767485
11.706000,0.374155,0.485525,-0.321271,-1.558302,-0.143579,1.840671,0.767485
11.708000,0.374155,0.485525,-0.321271,-1.558296,-0.143579,1.840671,0.767485
11.710000,0.374155,0.485525,-0.321271,-1.558291,-0.143579,1.840671,0.767485
11.712000,0.374155,0.485525,-0.321271,-1.558286,-0.143579,1.840671,0.767485
11.714000,0.374155,0.485525,-0.321271,-1.558281,-0.143579,1.840671,0.767485
11.716000,0.374155,0.485525,-0.321271,-1.558276,-0.143579,1.840671,0.767485
11.718000,0.374155,0.485525,-0.321271,-1.558274,-0.143579,1.840671,0.767485
11.720000,0.374155,0.485525,-0.321271,-1.558269,-0.143579,1.840671,0.767485
11.722000,0.374155,0.485525,-0.321271,-1.558264,-0.143579,1.840671,0.767485
11.724000,0.374155,0.485525,-0.321271,-1.558259,-0.143579,1.840671,0.767485
11.726000,0.374155,0.485525,-0.321271,-1.558254,-0.143579,1.840671,0.767485
11.728000,0.374155,0.485525,-0.321271,-1.558250,-0.143579,1.840671,0.767485
11.730000,0.374155,0.485525,-0.321271,-1.558245,-0.143579,1.840671,0.767485
11.732000,0.374155,0.485525,-0.321271,-1.558240,-0.143579,1.840671,0.767485
11.734000,0.374155,0.485525,-0.321271,-1.558235,-0.143579,1.840671,0.767485
11.736000,0.374155,0.485525,-0.321271,-1.558231,-0.143579,1.840671,0.767485
11.738000,0.374155,0.485525,-0.321271,-1.558226,-0.143579,1.840671,0.767485
11.740000,0.374155,0.485525,-0.321271,-1.558222,-0.143579,1.840671,0.767485
11.742000,0.374155,0.485525,-0.321271,-1.558217,-0.143579,1.840671,0.767485
11.744000,0.374155,0.485525,-0.321271,-1.558213,-0.143579,1.840671,0.767485
11.746000,0.374155,0.485525,-0.321271,-1.558208,-0.143579,1.840671,0.767485
11.748000,0.374155,0.485525,-0.321271,-1.558204,-0.143579,1.840671,0.767485
11.750000,0.374155,0.485525,-0.321271,-1.558199,-0.143579,1.840671,0.767485
11.752000,0.374155,0.485525,-0.321271,-1.558195,-0.143579,1.840671,0.767485
11.754000,0.374155,0.485525,-0.321271,-1.558193,-0.143579,1.840671,0.767485
11.756000,0.374155,0.485525,-0.321271,-1.558189,-0.143579,1.840671,0.767485
11.758000,0.374155,0.485525,-0.321271,-1.558184,-0.143579,1.840671,0.767485
11.760000,0.374155,0.485525,-0.321271,-1.558180,-0.143579,1.840671,0.767485
11.762000,0.374155,0.485525,-0.321271,-1.558176,-0.143579,1.840671,0.767485
11.764000,0.374155,0.485525,-0.321271,-1.558172,-0.143579,1.840671,0.767485
11.766000,0.374155,0.485525,-0.321271,-1.558167,-0.143579,1.840671,0.767485
11.768000,0.374155,0.485525,-0.321271,-1.558163,-0.143579,1.840671,0.767485
11.770000,0.374155,0.485525,-0.321271,-1.558159,-0.143579,1.840671,0.767485
11.772000,0.374155,0.485525,-0.321271,-1.558155,-0.143579,1.840671,0.767485
11.774000,0.374155,0.485525,-0.321271,-1.558151,-0.143579,1.840671,0.767485
11.776000,0.374155,0.485525,-0.321271,-1.558147,-0.143579,1.840671,0.767485
11.778000,0.374155,0.485525,-0.321271,-1.558143,-0.143579,1.840671,0.767485
11.780000,0.374155,0.485525,-0.321271,-1.558139,-0.143579,1.840671,0.767485
11.782000,0.374155,0.485525,-0.321271,-1.558135,-0.143579,1.840671,0.767485
11.784000,0.374155,0.485525,-0.321271,-1.558131,-0.143579,1.840671,0.767485
11.786000,0.374155,0.485525,-0.321271,-1.558127,-0.143579,1.840671,0.767485
11.788000,0.374155,0.485525,-0.321271,-1.558124,-0.143579,1.840671,0.767485
11.790000,0.374155,0.485525,-0.321271,-1.558120,-0.143579,1.840671,0.767485
11.792000,0.374155,0.485525,-0.321271,-1.558116,-0.143579,1.840671,0.767485
11.794000,0.374155,0.485525,-0.321271,-1.558112,-0.143579,1.840671,0.767485
11.796000,0.374155,0.485525,-0.321271,-1.558108,-0.143579,1.840671,0.767485
11.798000,0.374155,0.485525,-0.321271,-1.558107,-0.143579,1.840671,0.767485
11.800000,0.374155,0.485525,-0.321271,-1.558103,-0.143579,1.840671,0.767485
11.802000,0.374155,0.485525,-0.321271,-1.558099,-0.143579,1.840671,0.767485
11.804000,0.374155,0.485525,-0.321271,-1.558096,-0.143579,1.840671,0.767485
11.806000,0.374155,0.485525,-0.321271,-1.558092,-0.143579,1.840671,0.767485
11.808000,0.374155,0.485525,-0.321271,-1.558088,-0.143579,1.840671,0.767485
11.810000,0.374155,0.485525,-0.321271,-1.558085,-0.143579,1.840671,0.767485
11.812000,0.374155,0.485525,-0.321271,-1.558081,-0.143579,1.840671,0.767485
11.814000,0.374155,0.485525,-0.321271,-1.558078,-0.143579,1.840671,0.767485
11.816000,0.374155,0.485525,-0.321271,-1.558074,-0.143579,1.840671,0.767485
11.818000,0.374155,0.485525,-0.321271,-1.558071,-0.143579,1.840671,0.767485
11.820000,0.374155,0.485525,-0.321271,-1.558067,-0.143579,1.840671,0.767485
11.822000,0.374155,0.485525,-0.321271,-1.558064,-0.143579,1.840671,0.767485
11.824000,0.374155,0.485525,-0.321271,-1.558061,-0.143579,1.840671,0.767485
11.826000,0.374155,0.485525,-0.321271,-1.558057,-0.143579,1.840671,0.767485
11.828000,0.374155,0.485525,-0.321271,-1.558054,-0.143579,1.840671,0.767485
11.830000,0.374155,0.485525,-0.321271,-1.558053,-0.143579,1.840671,0.767485
11.832000,0.374155,0.485525,-0.321271,-1.558048,-0.143579,1.840671,0.767485
11.834000,0.374155,0.485525,-0.321271,-1.558044,-0.143579,1.840671,0.767485
11.836000,0.374155,0.485525,-0.321271,-1.558041,-0.143579,1.840671,0.767485
11.838000,0.374155,0.485525,-0.321271,-1.558038,-0.143579,1.840671,0.767485
11.840000,0.374155,0.485525,-0.321271,-1.558035,-0.143579,1.840671,0.767485
11.842000,0.374155,0.485525,-0.321271,-1.558032,-0.143579,1.840671,0.767485
11.844000,0.374155,0.485525,-0.321271,-1.558029,-0.143579,1.840671,0.767485
11.846000,0.374155,0.485525,-0.321271,-1.558027,-0.143579,1.840671,0.767485
11.848000,0.374155,0.485525,-0.321271,-1.558024,-0.143579,1.840671,0.767485
11.850000,0.374155,0.485525,-0.321271,-1.558021,-0.143579,1.840671,0.767485
11.852000,0.374155,0.485525,-0.321271,-1.558018,-0.143579,1.840671,0.767485
11.854000,0.374155,0.485525,-0.321271,-1.558015,-0.143579,1.840671,0.767485
11.856000,0.374155,0.485525,-0.321271,-1.558012,-0.143579,1.840671,0.767485
11.858000,0.374155,0.485525,-0.321271,-1.558010,-0.143579,1.840671,0.767485
11.860000,0.374155,0.485525,-0.321271,-1.558007,-0.143579,1.840671,0.767485
11.862000,0.374155,0.485525,-0.321271,-1.558004,-0.143579,1.840671,0.767485
11.864000,0.374155,0.485525,-0.321271,-1.558001,-0.143579,1.840671,0.767485
11.866000,0.374155,0.485525,-0.321271,-1.557998,-0.143579,1.840671,0.767485
11.868000,0.374155,0.485525,-0.321271,-1.557996,-0.143579,1.840671,0.767485
11.870000,0.374155,0.485525,-0.321271,-1.557993,-0.143579,1.840671,0.767485
11.872000,0.374155,0.485525,-0.321271,-1.557990,-0.143579,1.840671,0.767485
11.874000,0.374155,0.485525,-0.321271,-1.557987,-0.143579,1.840671,0.767485
11.876000,0.374155,0.485525,-0.321271,-1.557985,-0.143579,1.840671,0.767485
11.878000,0.374155,0.485525,-0.321271,-1.557982,-0.143579,1.840671,0.767485
11.880000,0.374155,0.485525,-0.321271,-1.557979,-0.143579,1.840671,0.767485
11.882000,0.374155,0.485525,-0.321271,-1.557977,-0.143579,1.840671,0.767485
11.884000,0.374155,0.485525,-0.321271,-1.557974,-0.143579,1.840671,0.767485
11.886000,0.374155,0.485525,-0.321271,-1.557972,-0.143579,1.840671,0.767485
11.888000,0.374155,0.485525,-0.321271,-1.557969,-0.143579,1.840671,0.767485
11.890000,0.374155,0.485525,-0.321271,-1.557967,-0.143579,1.840671,0.767485
11.892000,0.374155,0.485525,-0.321271,-1.557964,-0.143579,1.840671,0.767485
11.894000,0.374155,0.485525,-0.321271,-1.557962,-0.143579,1.840671,0.767485
11.896000,0.374155,0.485525,-0.321271,-1.557960,-0.143579,1.840671,0.767485
11.898000,0.374155,0.485525,-0.321271,-1.557957,-0.143579,1.840671,0.767485
11.900000,0.374155,0.485525,-0.321271,-1.557955,-0.143579,1.840671,0.767485
11.902000,0.374155,0.485525,-0.321271,-1.557952,-0.143579,1.840671,0.767485
11.904000,0.374155,0.485525,-0.321271,-1.557950,-0.143579,1.840671,0.767485
11.906000,0.374155,0.485525,-0.321271,-1.557948,-0.143579,1.840671,0.767485
11.908000,0.374155,0.485525,-0.321271,-1.557946,-0.143579,1.840671,0.767485
11.910000,0.374155,0.485525,-0.321271,-1.557943,-0.143579,1.840671,0.767485
11.912000,0.374155,0.485525,-0.321271,-1.557941,-0.143579,1.840671,0.767485
11.914000,0.374155,0.485525,-0.321271,-1.557939,-0.143579,1.840671,0.767485
11.916000,0.374155,0.485525,-0.321271,-1.557937,-0.143579,1.840671,0.767485
11.918000,0.374155,0.485525,-0.321271,-1.557935,-0.143579,1.840671,0.767485
11.920000,0.374155,0.485525,-0.321271,-1.557932,-0.143579,1.840671,0.767485
11.922000,0.374155,0.485525,-0.321271,-1.557930,-0.143579,1.840671,0.767485
11.924000,0.374155,0.485525,-0.321271,-1.557928,-0.143579,1.840671,0.767485
11.926000,0.374155,0.485525,-0.321271,-1.557926,-0.143579,1.840671,0.767485
11.928000,0.374155,0.485525,-0.321271,-1.557924,-0.143579,1.840671,0.767485
11.930000,0.374155,0.485525,-0.321271,-1.557923,-0.143579,1.840671,0.767485
11.932000,0.374155,0.485525,-0.321271,-1.557920,-0.143579,1.840671,0.767485
11.934000,0.374155,0.485525,-0.321271,-1.557918,-0.143579,1.840671,0.767485
11.936000,0.374155,0.485525,-0.321271,-1.557916,-0.143579,1.840671,0.767485
11.938000,0.374155,0.485525,-0.321271,-1.557914,-0.143579,1.840671,0.767485
11.940000,0.374155,0.485525,-0.321271,-1.557912,-0.143579,1.840671,0.767485
11.942000,0.374155,0.485525,-0.321271,-1.557910,-0.143579,1.840671,0.767485
11.944000,0.374155,0.485525,-0.321271,-1.557909,-0.143579,1.840671,0.767485
11.946000,0.374155,0.485525,-0.321271,-1.557907,-0.143579,1.840671,0.767485
11.948000,0.374155,0.485525,-0.321271,-1.557905,-0.143579,1.840671,0.767485
11.950000,0.374155,0.485525,-0.321271,-1.557903,-0.143579,1.840671,0.767485
11.952000,0.374155,0.485525,-0.321271,-1.557901,-0.143579,1.840671,0.767485
11.954000,0.374155,0.485525,-0.321271,-1.557900,-0.143579,1.840671,0.767485
11.956000,0.374155,0.485525,-0.321271,-1.557898,-0.143579,1.840671,0.767485
11.958000,0.374155,0.485525,-0.321271,-1.557896,-0.143579,1.840671,0.767485
11.960000,0.374155,0.485525,-0.321271,-1.557895,-0.143579,1.840671,0.767485
11.962000,0.374155,0.485525,-0.321271,-1.557893,-0.143579,1.840671,0.767485
11.964000,0.374155,0.485525,-0.321271,-1.557892,-0.143579,1.840671,0.767485
11.966000,0.374155,0.485525,-0.321271,-1.557890,-0.143579,1.840671,0.767485
11.968000,0.374155,0.485525,-0.321271,-1.557888,-0.143579,1.840671,0.767485
11.970000,0.374155,0.485525,-0.321271,-1.557887,-0.143579,1.840671,0.767485
11.972000,0.374155,0.485525,-0.321271,-1.557885,-0.143579,1.840671,0.767485
11.974000,0.374155,0.485525,-0.321271,-1.557884,-0.143579,1.840671,0.767485
11.976000,0.374155,0.485525,-0.321271,-1.557883,-0.143579,1.840671,0.767485
11.978000,0.374155,0.485525,-0.321271,-1.557881,-0.143579,1.840671,0.767485
11.980000,0.374155,0.485525,-0.321271,-1.557880,-0.143579,1.840671,0.767485
11.982000,0.374155,0.485525,-0.321271,-1.557879,-0.143579,1.840671,0.767485
11.984000,0.374155,0.485525,-0.321271,-1.557878,-0.143579,1.840671,0.767485
11.986000,0.374155,0.485525,-0.321271,-1.557876,-0.143579,1.840671,0.767485
11.988000,0.374155,0.485525,-0.321271,-1.557875,-0.143579,1.840671,0.767485
11.990000,0.374155,0.485525,-0.321271,-1.557874,-0.143579,1.840671,0.767485
11.992000,0.374155,0.485525,-0.321271,-1.557873,-0.143579,1.840671,0.767485
11.994000,0.374155,0.485525,-0.321271,-1.557871,-0.143579,1.840671,0.767485
11.996000,0.374155,0.485525,-0.321271,-1.557870,-0.143579,1.840671,0.767485
11.998000,0.374155,0.485525,-0.321271,-1.557869,-0.143579,1.840671,0.767485
12.000000,0.374155,0.485525,-0.321271,-1.557868,-0.143579,1.840671,0.767485
12.002000,0.374155,0.485525,-0.321271,-1.557867,-0.143579,1.840671,0.767485
12.004000,0.374155,0.485525,-0.321271,-1.557866,-0.143579,1.840671,0.767485
12.006000,0.374155,0.485525,-0.321271,-1.557865,-0.143579,1.840671,0.767485
12.008000,0.374155,0.485525,-0.321271,-1.557864,-0.143579,1.840671,0.767485
12.010000,0.374155,0.485525,-0.321271,-1.557863,-0.143579,1.840671,0.767485
12.012000,0.374155,0.485525,-0.321271,-1.557862,-0.143579,1.840671,0.767485
12.014000,0.374155,0.485525,-0.321271,-1.557861,-0.143579,1.840671,0.767485
12.016000,0.374155,0.485525,-0.321271,-1.557860,-0.143579,1.840671,0.767485
12.018000,0.374155,0.485525,-0.321271,-1.557859,-0.143579,1.840671,0.767485
12.020000,0.374155,0.485525,-0.321271,-1.557858,-0.143579,1.840671,0.767485
12.022000,0.374155,0.485525,-0.321271,-1.557858,-0.143579,1.840671,0.767485
12.024000,0.374155,0.485525,-0.321271,-1.557857,-0.143579,1.840671,0.767485
12.026000,0.374155,0.485525,-0.321271,-1.557856,-0.143579,1.840671,0.767485
12.028000,0.374155,0.485525,-0.321271,-1.557855,-0.143579,1.840671,0.767485
12.030000,0.374155,0.485525,-0.321271,-1.557855,-0.143579,1.840671,0.767485
12.032000,0.374155,0.485525,-0.321271,-1.557854,-0.143579,1.840671,0.767485
12.034000,0.374155,0.485525,-0.321271,-1.557853,-0.143579,1.840671,0.767485
12.036000,0.374155,0.485525,-0.321271,-1.557853,-0.143579,1.840671,0.767485
12.038000,0.374155,0.485525,-0.321271,-1.557852,-0.143579,1.840671,0.767485
12.040000,0.374155,0.485525,-0.321271,-1.557851,-0.143579,1.840671,0.767485
12.042000,0.374155,0.485525,-0.321271,-1.557851,-0.143579,1.840671,0.767485
12.044000,0.374155,0.485525,-0.321271,-1.557850,-0.143579,1.840671,0.767485
12.046000,0.374155,0.485525,-0.321271,-1.557850,-0.143579,1.840671,0.767485
12.048000,0.374155,0.485525,-0.321271,-1.557849,-0.143579,1.840671,0.767485
12.050000,0.374155,0.485525,-0.321271,-1.557849,-0.143579,1.840671,0.767485
12.052000,0.374155,0.485525,-0.321271,-1.557848,-0.143579,1.840671,0.767485
12.054000,0.374155,0.485525,-0.321271,-1.557848,-0.143579,1.840671,0.767485
12.056000,0.374155,0.485525,-0.321271,-1.557847,-0.143579,1.840671,0.767485
12.058000,0.374155,0.485525,-0.321271,-1.557847,-0.143579,1.840671,0.767485
12.060000,0.374155,0.485525,-0.321271,-1.557846,-0.143579,1.840671,0.767485
12.062000,0.374155,0.485525,-0.321271,-1.557846,-0.143579,1.840671,0.767485
12.064000,0.374155,0.485525,-0.321271,-1.557846,-0.143579,1.840671,0.767485
12.066000,0.374155,0.485525,-0.321271,-1.557846,-0.143579,1.840671,0.767485
12.068000,0.374155,0.485525,-0.321271,-1.557845,-0.143579,1.840671,0.767485
12.070000,0.374155,0.485525,-0.321271,-1.557845,-0.143579,1.840671,0.767485
12.072000,0.374155,0.485525,-0.321271,-1.557845,-0.143579,1.840671,0.767485
12.074000,0.374155,0.485525,-0.321271,-1.557845,-0.143579,1.840671,0.767485
12.076000,0.374155,0.485525,-0.321271,-1.557844,-0.143579,1.840671,0.767485
12.078000,0.374155,0.485525,-0.321271,-1.557844,-0.143579,1.840671,0.767485
12.080000,0.374155,0.485525,-0.321271,-1.557844,-0.143579,1.840671,0.767485
12.082000,0.374155,0.485525,-0.321271,-1.557844,-0.143579,1.840671,0.767485
12.084000,0.374155,0.485525,-0.321271,-1.557844,-0.143579,1.840671,0.767485
12.086000,0.374155,0.485525,-0.321271,-1.557844,-0.143579,1.840671,0.767485
12.088000,0.374155,0.485525,-0.321271,-1.557844,-0.143579,1.840671,0.767485
12.090000,0.374155,0.485525,-0.321271,-1.557844,-0.143579,1.840671,0.767485
12.092000,0.374155,0.485525,-0.321271,-1.557844,-0.143579,1.840671,0.767485
12.094000,0.374155,0.485525,-0.321271,-1.557844,-0.143579,1.840671,0.767485
12.096000,0.374155,0.485525,-0.321271,-1.557844,-0.143579,1.840671,0.767485
12.098000,0.374155,0.485525,-0.321271,-1.557844,-0.143579,1.840671,0.767485
12.100000,0.374155,0.485525,-0.321271,-1.557844,-0.143579,1.840671,0.767485
12.102000,0.374155,0.485525,-0.321271,-1.557844,-0.143579,1.840671,0.767485
12.104000,0.374155,0.485525,-0.321271,-1.557844,-0.143579,1.840671,0.767485
12.106000,0.374155,0.485525,-0.321271,-1.557844,-0.143579,1.840671,0.767485
12.108000,0.374155,0.485525,-0.321271,-1.557844,-0.143579,1.840671,0.767485
12.110000,0.374155,0.485525,-0.321271,-1.557844,-0.143579,1.840671,0.767485
12.112000,0.374155,0.485525,-0.321271,-1.557844,-0.143579,1.840671,0.767485
12.114000,0.374155,0.485525,-0.321271,-1.557844,-0.143579,1.840671,0.767485
12.116000,0.374155,0.485525,-0.321271,-1.557844,-0.143579,1.840671,0.767485
12.118000,0.374155,0.485525,-0.321271,-1.557844,-0.143579,1.840671,0.767485
12.120000,0.374155,0.485525,-0.321271,-1.557844,-0.143579,1.840671,0.767485
12.122000,0.374155,0.485525,-0.321271,-1.557844,-0.143579,1.840671,0.767485
12.124000,0.374155,0.485525,-0.321271,-1.557844,-0.143579,1.840671,0.767485
12.126000,0.374155,0.485525,-0.321271,-1.557844,-0.143579,1.840671,0.767485
12.128000,0.374155,0.485525,-0.321271,-1.557844,-0.143579,1.840671,0.767485
12.130000,0.374155,0.485525,-0.321271,-1.557844,-0.143579,1.840671,0.767485
12.132000,0.374155,0.485525,-0.321271,-1.557844,-0.143579,1.840671,0.767485
12.134000,0.374155,0.485525,-0.321271,-1.557844,-0.143579,1.840671,0.767485
12.136000,0.374155,0.485525,-0.321271,-1.557844,-0.143579,1.840671,0.767485
12.138000,0.374155,0.485525,-0.321271,-1.557844,-0.143579,1.840671,0.767485
12.140000,0.374155,0.485525,-0.321271,-1.557844,-0.143579,1.840671,0.767485
12.142000,0.374155,0.485525,-0.321271,-1.557844,-0.143579,1.840671,0.767485
12.144000,0.374155,0.485525,-0.321271,-1.557844,-0.143579,1.840671,0.767485
12.146000,0.374155,0.485525,-0.321271,-1.557844,-0.143579,1.840671,0.767485
12.148000,0.374155,0.485525,-0.321271,-1.557844,-0.143579,1.840671,0.767485
12.150000,0.374155,0.485525,-0.321271,-1.557844,-0.143579,1.840671,0.767485
12.152000,0.374155,0.485525,-0.321271,-1.557844,-0.143579,1.840671,0.767485
12.154000,0.374155,0.485525,-0.321271,-1.557844,-0.143579,1.840671,0.767485
12.156000,0.374155,0.485525,-0.321271,-1.557844,-0.143579,1.840671,0.767485
12.158000,0.374155,0.485525,-0.321271,-1.557844,-0.143579,1.840671,0.767485
12.160000,0.374155,0.485525,-0.321271,-1.557844,-0.143579,1.840671,0.767485
12.162000,0.374155,0.485525,-0.321271,-1.557844,-0.143579,1.840671,0.767485
12.164000,0.374155,0.485525,-0.321271,-1.557844,-0.143579,1.840671,0.767485
12.166000,0.374155,0.485525,-0.321271,-1.557844,-0.143579,1.840671,0.767485
12.168000,0.374155,0.485525,-0.321271,-1.557844,-0.143579,1.840671,0.767485
12.170000,0.374155,0.485525,-0.321271,-1.557844,-0.143579,1.840671,0.767485
12.172000,0.374155,0.485525,-0.321271,-1.557844,-0.143579,1.840671,0.767485
12.174000,0.374155,0.485525,-0.321271,-1.557844,-0.143579,1.840671,0.767485
12.176000,0.374155,0.485525,-0.321271,-1.557844,-0.143579,1.840671,0.767485
12.178000,0.374155,0.485525,-0.321271,-1.557844,-0.143579,1.840671,0.767485
12.180000,0.374155,0.485525,-0.321271,-1.557844,-0.143579,1.840671,0.767485
12.182000,0.374155,0.485525,-0.321271,-1.557844,-0.143579,1.840671,0.767485
12.184000,0.374155,0.485525,-0.321271,-1.557844,-0.143579,1.840671,0.767485
12.186000,0.374155,0.485525,-0.321271,-1.557844,-0.143579,1.840671,0.767485
12.188000,0.374155,0.485525,-0.321271,-1.557844,-0.143579,1.840671,0.767485
12.190000,0.374155,0.485525,-0.321271,-1.557844,-0.143579,1.840671,0.767485
12.192000,0.374155,0.485525,-0.321271,-1.557844,-0.143579,1.840671,0.767485
12.194000,0.374155,0.485525,-0.321271,-1.557844,-0.143579,1.840671,0.767485
12.196000,0.374155,0.485525,-0.321271,-1.557844,-0.143579,1.840671,0.767485
12.198000,0.374155,0.485525,-0.321271,-1.557844,-0.143579,1.840671,0.767485
12.200000,0.374155,0.485525,-0.321271,-1.557844,-0.143579,1.840671,0.767485
12.202000,0.374155,0.485525,-0.321271,-1.557844,-0.143579,1.840671,0.767485
12.204000,0.374155,0.485525,-0.321271,-1.557844,-0.143579,1.840671,0.767485
12.206000,0.374155,0.485525,-0.321271,-1.557844,-0.143579,1.840671,0.767485
12.208000,0.374155,0.485525,-0.321271,-1.557844,-0.143579,1.840671,0.767485
12.210000,0.374155,0.485525,-0.321271,-1.557844,-0.143579,1.840671,0.767485
12.212000,0.374155,0.485525,-0.321271,-1.557844,-0.143579,1.840671,0.767485
12.214000,0.374155,0.485525,-0.321271,-1.557844,-0.143579,1.840671,0.767485
12.216000,0.374155,0.485525,-0.321271,-1.557844,-0.143579,1.840671,0.767485
12.218000,0.374155,0.485525,-0.321271,-1.557844,-0.143579,1.840671,0.767485
12.220000,0.374155,0.485525,-0.321271,-1.557844,-0.143579,1.840671,0.767485
12.222000,0.374155,0.485525,-0.321271,-1.557844,-0.143579,1.840671,0.767485
12.224000,0.374155,0.485525,-0.321271,-1.557844,-0.143579,1.840671,0.767485
12.226000,0.374155,0.485525,-0.321271,-1.557844,-0.143579,1.840671,0.767485
12.228000,0.374155,0.485525,-0.321271,-1.557844,-0.143579,1.840671,0.767485
12.230000,0.374155,0.485525,-0.321271,-1.557844,-0.143579,1.840671,0.767485
12.232000,0.374155,0.485525,-0.321271,-1.557844,-0.143579,1.840671,0.767485
12.234000,0.374155,0.485525,-0.321271,-1.557844,-0.143579,1.840671,0.767485
12.236000,0.374155,0.485525,-0.321271,-1.557844,-0.143579,1.840671,0.767485
12.238000,0.374155,0.485525,-0.321271,-1.557844,-0.143579,1.840671,0.767485
12.240000,0.374155,0.485525,-0.321271,-1.557844,-0.143579,1.840671,0.767485
12.242000,0.374155,0.485525,-0.321271,-1.557844,-0.143579,1.840671,0.767485
12.244000,0.374155,0.485525,-0.321271,-1.557844,-0.143579,1.840671,0.767485
12.246000,0.374155,0.485525,-0.321271,-1.557844,-0.143579,1.840671,0.767485
12.248000,0.374155,0.485525,-0.321271,-1.557844,-0.143579,1.840671,0.767485
12.250000,0.374155,0.485525,-0.321271,-1.557844,-0.143579,1.840671,0.767485
12.252000,0.374155,0.485525,-0.321271,-1.557844,-0.143579,1.840671,0.767485
12.254000,0.374155,0.485525,-0.321271,-1.557844,-0.143579,1.840671,0.767485
12.256000,0.374155,0.485525,-0.321271,-1.557844,-0.143579,1.840671,0.767485
12.258000,0.374155,0.485525,-0.321271,-1.557844,-0.143579,1.840671,0.767485
12.260000,0.374155,0.485525,-0.321271,-1.557844,-0.143579,1.840671,0.767485
12.262000,0.374155,0.485525,-0.321271,-1.557844,-0.143579,1.840671,0.767485
12.264000,0.374155,0.485525,-0.321271,-1.557844,-0.143579,1.840671,0.767485
12.266000,0.374155,0.485525,-0.321271,-1.557844,-0.143579,1.840671,0.767485
12.268000,0.374155,0.485525,-0.321271,-1.557844,-0.143579,1.840671,0.767485
12.270000,0.374155,0.485525,-0.321271,-1.557844,-0.143579,1.840671,0.767485
12.272000,0.374155,0.485525,-0.321271,-1.557844,-0.143579,1.840671,0.767485
12.274000,0.374155,0.485525,-0.321271,-1.557844,-0.143579,1.840671,0.767485
12.276000,0.374155,0.485525,-0.321271,-1.557844,-0.143579,1.840671,0.767485
12.278000,0.374155,0.485525,-0.321271,-1.557844,-0.143579,1.840671,0.767485
12.280000,0.374155,0.485525,-0.321271,-1.557844,-0.143579,1.840671,0.767485
12.282000,0.374155,0.485525,-0.321271,-1.557844,-0.143579,1.840671,0.767485
12.284000,0.374155,0.485525,-0.321271,-1.557844,-0.143579,1.840671,0.767485
12.286000,0.374155,0.485525,-0.321271,-1.557844,-0.143579,1.840671,0.767485
12.288000,0.374155,0.485525,-0.321271,-1.557844,-0.143579,1.840671,0.767485
12.290000,0.374155,0.485525,-0.321271,-1.557844,-0.143579,1.840671,0.767485
12.292000,0.374155,0.485525,-0.321271,-1.557844,-0.143579,1.840671,0.767485
12.294000,0.374155,0.485525,-0.321271,-1.557844,-0.143579,1.840671,0.767485
12.296000,0.374155,0.485525,-0.321271,-1.557844,-0.143579,1.840671,0.767485
12.298000,0.374155,0.485525,-0.321271,-1.557844,-0.143579,1.840671,0.767485
12.300000,0.374155,0.485525,-0.321271,-1.557844,-0.143579,1.840671,0.767485
12.302000,0.374155,0.485525,-0.321271,-1.557844,-0.143579,1.840671,0.767485
12.304000,0.374155,0.485525,-0.321271,-1.557844,-0.143579,1.840671,0.767485
12.306000,0.374155,0.485525,-0.321271,-1.557844,-0.143579,1.840671,0.767485
12.308000,0.374155,0.485525,-0.321271,-1.557844,-0.143579,1.840671,0.767485
12.310000,0.374155,0.485525,-0.321271,-1.557844,-0.143579,1.840671,0.767485
12.312000,0.374155,0.485525,-0.321271,-1.557844,-0.143579,1.840671,0.767485
12.314000,0.374155,0.485525,-0.321271,-1.557844,-0.143579,1.840671,0.767485
12.316000,0.374155,0.485525,-0.321271,-1.557844,-0.143579,1.840671,0.767485
12.318000,0.374155,0.485525,-0.321271,-1.557844,-0.143579,1.840671,0.767485
12.320000,0.374155,0.485525,-0.321271,-1.557844,-0.143579,1.840671,0.767485
12.322000,0.374155,0.485525,-0.321271,-1.557844,-0.143579,1.840671,0.767485
12.324000,0.374155,0.485525,-0.321271,-1.557844,-0.143579,1.840671,0.767485
12.326000,0.374155,0.485525,-0.321271,-1.557844,-0.143579,1.840671,0.767485
12.328000,0.374155,0.485525,-0.321271,-1.557844,-0.143579,1.840671,0.767485
12.330000,0.374155,0.485525,-0.321271,-1.557844,-0.143579,1.840671,0.767485
12.332000,0.374155,0.485525,-0.321271,-1.557844,-0.143579,1.840671,0.767485
12.334000,0.374155,0.485525,-0.321271,-1.557844,-0.143579,1.840671,0.767485
12.336000,0.374155,0.485525,-0.321271,-1.557844,-0.143579,1.840671,0.767485
12.338000,0.374155,0.485525,-0.321271,-1.557844,-0.143579,1.840671,0.767485
12.340000,0.374155,0.485525,-0.321271,-1.557844,-0.143579,1.840671,0.767485
12.342000,0.374155,0.485525,-0.321271,-1.557844,-0.143579,1.840671,0.767485
12.344000,0.374155,0.485525,-0.321271,-1.557844,-0.143579,1.840671,0.767485
12.346000,0.374155,0.485525,-0.321271,-1.557844,-0.143579,1.840671,0.767485
12.348000,0.374155,0.485525,-0.321271,-1.557844,-0.143579,1.840671,0.767485
12.350000,0.374155,0.485525,-0.321271,-1.557844,-0.143579,1.840671,0.767485
12.352000,0.374155,0.485525,-0.321271,-1.557844,-0.143579,1.840671,0.767485
12.354000,0.374155,0.485525,-0.321271,-1.557844,-0.143579,1.840671,0.767485
12.356000,0.374155,0.485525,-0.321271,-1.557844,-0.143579,1.840671,0.767485
12.358000,0.374155,0.485525,-0.321271,-1.557844,-0.143579,1.840671,0.767485
12.360000,0.374155,0.485525,-0.321271,-1.557844,-0.143579,1.840671,0.767485
12.362000,0.374155,0.485525,-0.321271,-1.557844,-0.143579,1.840671,0.767485
12.364000,0.374155,0.485525,-0.321271,-1.557844,-0.143579,1.840671,0.767485
12.366000,0.374155,0.485525,-0.321271,-1.557844,-0.143579,1.840671,0.767485
12.368000,0.374155,0.485525,-0.321271,-1.557844,-0.143579,1.840671,0.767485
12.370000,0.374155,0.485525,-0.321271,-1.557844,-0.143579,1.840671,0.767485
12.372000,0.374155,0.485525,-0.321271,-1.557844,-0.143579,1.840671,0.767485
12.374000,0.374155,0.485525,-0.321271,-1.557844,-0.143579,1.840671,0.767485
12.376000,0.374155,0.485525,-0.321271,-1.557844,-0.143579,1.840671,0.767485
12.378000,0.374155,0.485525,-0.321271,-1.557844,-0.143579,1.840671,0.767485
12.380000,0.374155,0.485525,-0.321271,-1.557844,-0.143579,1.840671,0.767485
12.382000,0.374155,0.485525,-0.321271,-1.557844,-0.143579,1.840671,0.767485
12.384000,0.374155,0.485525,-0.321271,-1.557844,-0.143579,1.840671,0.767485
12.386000,0.374155,0.485525,-0.321271,-1.557844,-0.143579,1.840671,0.767485
12.388000,0.374155,0.485525,-0.321271,-1.557844,-0.143579,1.840671,0.767485
12.390000,0.374155,0.485525,-0.321271,-1.557844,-0.143579,1.840671,0.767485
12.392000,0.374155,0.485525,-0.321271,-1.557844,-0.143579,1.840671,0.767485
12.394000,0.374155,0.485525,-0.321271,-1.557844,-0.143579,1.840671,0.767485
12.396000,0.374155,0.485525,-0.321271,-1.557844,-0.143579,1.840671,0.767485
12.398000,0.374155,0.485525,-0.321271,-1.557844,-0.143579,1.840671,0.767485
12.400000,0.374155,0.485525,-0.321271,-1.557844,-0.143579,1.840671,0.767485
12.402000,0.374155,0.485525,-0.321271,-1.557844,-0.143579,1.840671,0.767485
12.404000,0.374155,0.485525,-0.321271,-1.557844,-0.143579,1.840671,0.767485
12.406000,0.374155,0.485525,-0.321271,-1.557844,-0.143579,1.840671,0.767485
12.408000,0.374155,0.485525,-0.321271,-1.557844,-0.143579,1.840671,0.767485
12.410000,0.374155,0.485525,-0.321271,-1.557844,-0.143579,1.840671,0.767485
12.412000,0.374155,0.485525,-0.321271,-1.557844,-0.143579,1.840671,0.767485
12.414000,0.374155,0.485525,-0.321271,-1.557844,-0.143579,1.840671,0.767485
12.416000,0.374155,0.485525,-0.321271,-1.557844,-0.143579,1.840671,0.767485
12.418000,0.374155,0.485525,-0.321271,-1.557844,-0.143579,1.840671,0.767485
12.420000,0.374155,0.485525,-0.321271,-1.557844,-0.143579,1.840671,0.767485
12.422000,0.374155,0.485525,-0.321271,-1.557844,-0.143579,1.840671,0.767485
12.424000,0.374155,0.485525,-0.321271,-1.557844,-0.143579,1.840671,0.767485
12.426000,0.374155,0.485525,-0.321271,-1.557844,-0.143579,1.840671,0.767485
12.428000,0.374155,0.485525,-0.321271,-1.557844,-0.143579,1.840671,0.767485
12.430000,0.374155,0.485525,-0.321271,-1.557844,-0.143579,1.840671,0.767485
12.432000,0.374155,0.485525,-0.321271,-1.557844,-0.143579,1.840671,0.767485
12.434000,0.374155,0.485525,-0.321271,-1.557844,-0.143579,1.840671,0.767485
12.436000,0.374155,0.485525,-0.321271,-1.557844,-0.143579,1.840671,0.767485
12.438000,0.374155,0.485525,-0.321271,-1.557844,-0.143579,1.840671,0.767485
12.440000,0.374155,0.485525,-0.321271,-1.557844,-0.143579,1.840671,0.767485
12.442000,0.374155,0.485525,-0.321271,-1.557844,-0.143579,1.840671,0.767485
12.444000,0.374155,0.485525,-0.321271,-1.557844,-0.143579,1.840671,0.767485
12.446000,0.374155,0.485525,-0.321271,-1.557844,-0.143579,1.840671,0.767485
12.448000,0.374155,0.485525,-0.321271,-1.557844,-0.143579,1.840671,0.767485
12.450000,0.374155,0.485525,-0.321271,-1.557844,-0.143579,1.840671,0.767485
12.452000,0.374155,0.485525,-0.321271,-1.557844,-0.143579,1.840671,0.767485
12.454000,0.374155,0.485525,-0.321271,-1.557844,-0.143579,1.840671,0.767485
12.456000,0.374155,0.485525,-0.321271,-1.557844,-0.143579,1.840671,0.767485
12.458000,0.374155,0.485525,-0.321271,-1.557844,-0.143579,1.840671,0.767485
12.460000,0.374155,0.485525,-0.321271,-1.557844,-0.143579,1.840671,0.767485
12.462000,0.374155,0.485525,-0.321271,-1.557844,-0.143579,1.840671,0.767485
12.464000,0.374155,0.485525,-0.321271,-1.557844,-0.143579,1.840671,0.767485
12.466000,0.374155,0.485525,-0.321271,-1.557844,-0.143579,1.840671,0.767485
12.468000,0.374155,0.485525,-0.321271,-1.557844,-0.143579,1.840671,0.767485
12.470000,0.374155,0.485525,-0.321271,-1.557844,-0.143579,1.840671,0.767485
12.472000,0.374155,0.485525,-0.321271,-1.557844,-0.143579,1.840671,0.767485
12.474000,0.374155,0.485525,-0.321271,-1.557844,-0.143579,1.840671,0.767485
12.476000,0.374155,0.485525,-0.321271,-1.557844,-0.143579,1.840671,0.767485
12.478000,0.374155,0.485525,-0.321271,-1.557844,-0.143579,1.840671,0.767485
12.480000,0.374155,0.485525,-0.321271,-1.557844,-0.143579,1.840671,0.767485
12.482000,0.374155,0.485525,-0.321271,-1.557844,-0.143579,1.840671,0.767485
12.484000,0.374155,0.485525,-0.321271,-1.557844,-0.143579,1.840671,0.767485
12.486000,0.374155,0.485525,-0.321271,-1.557844,-0.143579,1.840671,0.767485
12.488000,0.374155,0.485525,-0.321271,-1.557844,-0.143579,1.840671,0.767485
12.490000,0.374155,0.485525,-0.321271,-1.557844,-0.143579,1.840671,0.767485
12.492000,0.374155,0.485525,-0.321271,-1.557844,-0.143579,1.840671,0.767485
12.494000,0.374155,0.485525,-0.321271,-1.557844,-0.143579,1.840671,0.767485
12.496000,0.374155,0.485525,-0.321271,-1.557844,-0.143579,1.840671,0.767485
12.498000,0.374155,0.485525,-0.321271,-1.557844,-0.143579,1.840671,0.767485
12.500000,0.374155,0.485525,-0.321271,-1.557844,-0.143579,1.840671,0.767485
12.502000,0.374155,0.485525,-0.321271,-1.557844,-0.143579,1.840671,0.767485
12.504000,0.374155,0.485525,-0.321271,-1.557844,-0.143579,1.840671,0.767485
12.506000,0.374155,0.485525,-0.321271,-1.557844,-0.143579,1.840671,0.767485
12.508000,0.374155,0.485525,-0.321271,-1.557844,-0.143579,1.840671,0.767485
12.510000,0.374155,0.485525,-0.321271,-1.557844,-0.143579,1.840671,0.767485
12.512000,0.374155,0.485525,-0.321271,-1.557844,-0.143579,1.840671,0.767485
12.514000,0.374155,0.485525,-0.321271,-1.557844,-0.143579,1.840671,0.767485
12.516000,0.374155,0.485525,-0.321271,-1.557844,-0.143579,1.840671,0.767485
12.518000,0.374155,0.485525,-0.321271,-1.557844,-0.143579,1.840671,0.767485
12.520000,0.374155,0.485525,-0.321271,-1.557844,-0.143579,1.840671,0.767485
12.522000,0.374155,0.485525,-0.321271,-1.557844,-0.143579,1.840671,0.767485
12.524000,0.374155,0.485525,-0.321271,-1.557844,-0.143579,1.840671,0.767485
12.526000,0.374155,0.485525,-0.321271,-1.557844,-0.143579,1.840671,0.767485
12.528000,0.374155,0.485525,-0.321271,-1.557844,-0.143579,1.840671,0.767485
12.530000,0.374155,0.485525,-0.321271,-1.557844,-0.143579,1.840671,0.767485
12.532000,0.374155,0.485525,-0.321271,-1.557844,-0.143579,1.840671,0.767485
12.534000,0.374155,0.485525,-0.321271,-1.557844,-0.143579,1.840671,0.767485
12.536000,0.374155,0.485525,-0.321271,-1.557844,-0.143579,1.840671,0.767485
12.538000,0.374155,0.485525,-0.321271,-1.557844,-0.143579,1.840671,0.767485
12.540000,0.374155,0.485525,-0.321271,-1.557844,-0.143579,1.840671,0.767485
12.542000,0.374155,0.485525,-0.321271,-1.557844,-0.143579,1.840671,0.767485
12.544000,0.374155,0.485525,-0.321271,-1.557844,-0.143579,1.840671,0.767485
12.546000,0.374155,0.485525,-0.321271,-1.557844,-0.143579,1.840671,0.767485
12.548000,0.374155,0.485525,-0.321271,-1.557844,-0.143579,1.840671,0.767485
12.550000,0.374155,0.485525,-0.321271,-1.557844,-0.143579,1.840671,0.767485
12.552000,0.374155,0.485525,-0.321271,-1.557844,-0.143579,1.840671,0.767485
12.554000,0.374155,0.485525,-0.321271,-1.557844,-0.143579,1.840671,0.767485
12.556000,0.374155,0.485525,-0.321271,-1.557844,-0.143579,1.840671,0.767485
12.558000,0.374155,0.485525,-0.321271,-1.557844,-0.143579,1.840671,0.767485
12.560000,0.374155,0.485525,-0.321271,-1.557844,-0.143579,1.840671,0.767485
12.562000,0.374155,0.485525,-0.321271,-1.557844,-0.143579,1.840671,0.767485
12.564000,0.374155,0.485525,-0.321271,-1.557844,-0.143579,1.840671,0.767485
12.566000,0.374155,0.485525,-0.321271,-1.557844,-0.143579,1.840671,0.767485
12.568000,0.374155,0.485525,-0.321271,-1.557844,-0.143579,1.840671,0.767485
12.570000,0.374155,0.485525,-0.321271,-1.557844,-0.143579,1.840671,0.767485
12.572000,0.374155,0.485525,-0.321271,-1.557844,-0.143579,1.840671,0.767485
12.574000,0.374155,0.485525,-0.321271,-1.557844,-0.143579,1.840671,0.767485
12.576000,0.374155,0.485525,-0.321271,-1.557844,-0.143579,1.840671,0.767485
12.578000,0.374155,0.485525,-0.321271,-1.557844,-0.143579,1.840671,0.767485
12.580000,0.374155,0.485525,-0.321271,-1.557844,-0.143579,1.840671,0.767485
12.582000,0.374155,0.485525,-0.321271,-1.557844,-0.143579,1.840671,0.767485
12.584000,0.374155,0.485525,-0.321271,-1.557844,-0.143579,1.840671,0.767485
12.586000,0.374155,0.485525,-0.321271,-1.557844,-0.143579,1.840671,0.767485
12.588000,0.374155,0.485525,-0.321271,-1.557844,-0.143579,1.840671,0.767485
12.590000,0.374155,0.485525,-0.321271,-1.557844,-0.143579,1.840671,0.767485
12.592000,0.374155,0.485525,-0.321271,-1.557844,-0.143579,1.840671,0.767485
12.594000,0.374155,0.485525,-0.321271,-1.557844,-0.143579,1.840671,0.767485
12.596000,0.374155,0.485525,-0.321271,-1.557844,-0.143579,1.840671,0.767485
12.598000,0.374155,0.485525,-0.321271,-1.557844,-0.143579,1.840671,0.767485
12.600000,0.374155,0.485525,-0.321271,-1.557844,-0.143579,1.840671,0.767485
12.602000,0.374155,0.485525,-0.321271,-1.557844,-0.143579,1.840671,0.767485
12.604000,0.374155,0.485525,-0.321271,-1.557844,-0.143579,1.840671,0.767485
12.606000,0.374155,0.485525,-0.321271,-1.557844,-0.143579,1.840671,0.767485
12.608000,0.374155,0.485525,-0.321271,-1.557844,-0.143579,1.840671,0.767485
12.610000,0.374155,0.485525,-0.321271,-1.557844,-0.143579,1.840671,0.767485
12.612000,0.374155,0.485525,-0.321271,-1.557844,-0.143579,1.840671,0.767485
12.614000,0.374155,0.485525,-0.321271,-1.557844,-0.143579,1.840671,0.767485
12.616000,0.374155,0.485525,-0.321271,-1.557844,-0.143579,1.840671,0.767485
12.618000,0.374155,0.485525,-0.321271,-1.557844,-0.143579,1.840671,0.767485
12.620000,0.374155,0.485525,-0.321271,-1.557844,-0.143579,1.840671,0.767485
12.622000,0.374155,0.485525,-0.321271,-1.557844,-0.143579,1.840671,0.767485
12.624000,0.374155,0.485525,-0.321271,-1.557844,-0.143579,1.840671,0.767485
12.626000,0.374155,0.485525,-0.321271,-1.557844,-0.143579,1.840671,0.767485
12.628000,0.374155,0.485525,-0.321271,-1.557844,-0.143579,1.840671,0.767485
12.630000,0.374155,0.485525,-0.321271,-1.557844,-0.143579,1.840671,0.767485
12.632000,0.374155,0.485525,-0.321271,-1.557844,-0.143579,1.840671,0.767485
12.634000,0.374155,0.485525,-0.321271,-1.557844,-0.143579,1.840671,0.767485
12.636000,0.374155,0.485525,-0.321271,-1.557844,-0.143579,1.840671,0.767485
12.638000,0.374155,0.485525,-0.321271,-1.557844,-0.143579,1.840671,0.767485
12.640000,0.374155,0.485525,-0.321271,-1.557844,-0.143579,1.840671,0.767485
12.642000,0.374155,0.485525,-0.321271,-1.557844,-0.143579,1.840671,0.767485
12.644000,0.374155,0.485525,-0.321271,-1.557844,-0.143579,1.840671,0.767485
12.646000,0.374155,0.485525,-0.321271,-1.557844,-0.143579,1.840671,0.767485
12.648000,0.374155,0.485525,-0.321271,-1.557844,-0.143579,1.840671,0.767485
12.650000,0.374155,0.485525,-0.321271,-1.557844,-0.143579,1.840671,0.767485
12.652000,0.374155,0.485525,-0.321271,-1.557844,-0.143579,1.840671,0.767485
12.654000,0.374155,0.485525,-0.321271,-1.557844,-0.143579,1.840671,0.767485
12.656000,0.374155,0.485525,-0.321271,-1.557844,-0.143579,1.840671,0.767485
12.658000,0.374155,0.485525,-0.321271,-1.557844,-0.143579,1.840671,0.767485
12.660000,0.374155,0.485525,-0.321271,-1.557844,-0.143579,1.840671,0.767485
12.662000,0.374155,0.485525,-0.321271,-1.557844,-0.143579,1.840671,0.767485
12.664000,0.374155,0.485525,-0.321271,-1.557844,-0.143579,1.840671,0.767485
12.666000,0.374155,0.485525,-0.321271,-1.557844,-0.143579,1.840671,0.767485
12.668000,0.374155,0.485525,-0.321271,-1.557844,-0.143579,1.840671,0.767485
12.670000,0.374155,0.485525,-0.321271,-1.557844,-0.143579,1.840671,0.767485
12.672000,0.374155,0.485525,-0.321271,-1.557844,-0.143579,1.840671,0.767485
12.674000,0.374155,0.485525,-0.321271,-1.557844,-0.143579,1.840671,0.767485
12.676000,0.374155,0.485525,-0.321271,-1.557844,-0.143579,1.840671,0.767485
12.678000,0.374155,0.485525,-0.321271,-1.557844,-0.143579,1.840671,0.767485
12.680000,0.374155,0.485525,-0.321271,-1.557844,-0.143579,1.840671,0.767485
12.682000,0.374155,0.485525,-0.321271,-1.557844,-0.143579,1.840671,0.767485
12.684000,0.374155,0.485525,-0.321271,-1.557844,-0.143579,1.840671,0.767485
12.686000,0.374155,0.485525,-0.321271,-1.557844,-0.143579,1.840671,0.767485
12.688000,0.374155,0.485525,-0.321271,-1.557844,-0.143579,1.840671,0.767485
12.690000,0.374155,0.485525,-0.321271,-1.557844,-0.143579,1.840671,0.767485
12.692000,0.374155,0.485525,-0.321271,-1.557844,-0.143579,1.840671,0.767485
12.694000,0.374155,0.485525,-0.321271,-1.557844,-0.143579,1.840671,0.767485
12.696000,0.374155,0.485525,-0.321271,-1.557844,-0.143579,1.840671,0.767485
12.698000,0.374155,0.485525,-0.321271,-1.557844,-0.143579,1.840671,0.767485
12.700000,0.374155,0.485525,-0.321271,-1.557844,-0.143579,1.840671,0.767485
12.702000,0.374155,0.485525,-0.321271,-1.557844,-0.143579,1.840671,0.767485
12.704000,0.374155,0.485525,-0.321271,-1.557844,-0.143579,1.840671,0.767485
12.706000,0.374155,0.485525,-0.321271,-1.557844,-0.143579,1.840671,0.767485
12.708000,0.374155,0.485525,-0.321271,-1.557844,-0.143579,1.840671,0.767485
12.710000,0.374155,0.485525,-0.321271,-1.557844,-0.143579,1.840671,0.767485
12.712000,0.374155,0.485525,-0.321271,-1.557844,-0.143579,1.840671,0.767485
12.714000,0.374155,0.485525,-0.321271,-1.557844,-0.143579,1.840671,0.767485
12.716000,0.374155,0.485525,-0.321271,-1.557844,-0.143579,1.840671,0.767485
12.718000,0.374155,0.485525,-0.321271,-1.557844,-0.143579,1.840671,0.767485
12.720000,0.374155,0.485525,-0.321271,-1.557844,-0.143579,1.840671,0.767485
12.722000,0.374155,0.485525,-0.321271,-1.557844,-0.143579,1.840671,0.767485
12.724000,0.374155,0.485525,-0.321271,-1.557844,-0.143579,1.840671,0.767485
12.726000,0.374155,0.485525,-0.321271,-1.557844,-0.143579,1.840671,0.767485
12.728000,0.374155,0.485525,-0.321271,-1.557844,-0.143579,1.840671,0.767485
12.730000,0.374155,0.485525,-0.321271,-1.557844,-0.143579,1.840671,0.767485
12.732000,0.374155,0.485525,-0.321271,-1.557844,-0.143579,1.840671,0.767485
12.734000,0.374155,0.485525,-0.321271,-1.557844,-0.143579,1.840671,0.767485
12.736000,0.374155,0.485525,-0.321271,-1.557844,-0.143579,1.840671,0.767485
12.738000,0.374155,0.485525,-0.321271,-1.557844,-0.143579,1.840671,0.767485
12.740000,0.374155,0.485525,-0.321271,-1.557844,-0.143579,1.840671,0.767485
12.742000,0.374155,0.485525,-0.321271,-1.557844,-0.143579,1.840671,0.767485
12.744000,0.374155,0.485525,-0.321271,-1.557844,-0.143579,1.840671,0.767485
12.746000,0.374155,0.485525,-0.321271,-1.557844,-0.143579,1.840671,0.767485
12.748000,0.374155,0.485525,-0.321271,-1.557844,-0.143579,1.840671,0.767485
12.750000,0.374155,0.485525,-0.321271,-1.557844,-0.143579,1.840671,0.767485
12.752000,0.374155,0.485525,-0.321271,-1.557844,-0.143579,1.840671,0.767485
12.754000,0.374155,0.485525,-0.321271,-1.557844,-0.143579,1.840671,0.767485
12.756000,0.374155,0.485525,-0.321271,-1.557844,-0.143579,1.840671,0.767485
12.758000,0.374155,0.485525,-0.321271,-1.557844,-0.143579,1.840671,0.767485
12.760000,0.374155,0.485525,-0.321271,-1.557844,-0.143579,1.840671,0.767485
12.762000,0.374155,0.485525,-0.321271,-1.557844,-0.143579,1.840671,0.767485
12.764000,0.374155,0.485525,-0.321271,-1.557844,-0.143579,1.840671,0.767485
12.766000,0.374155,0.485525,-0.321271,-1.557844,-0.143579,1.840671,0.767485
12.768000,0.374155,0.485525,-0.321271,-1.557844,-0.143579,1.840671,0.767485
12.770000,0.374155,0.485525,-0.321271,-1.557844,-0.143579,1.840671,0.767485
12.772000,0.374155,0.485525,-0.321271,-1.557844,-0.143579,1.840671,0.767485
12.774000,0.374155,0.485525,-0.321271,-1.557844,-0.143579,1.840671,0.767485
12.776000,0.374155,0.485525,-0.321271,-1.557844,-0.143579,1.840671,0.767485
12.778000,0.374155,0.485525,-0.321271,-1.557844,-0.143579,1.840671,0.767485
12.780000,0.374155,0.485525,-0.321271,-1.557844,-0.143579,1.840671,0.767485
12.782000,0.374155,0.485525,-0.321271,-1.557844,-0.143579,1.840671,0.767485
12.784000,0.374155,0.485525,-0.321271,-1.557844,-0.143579,1.840671,0.767485
12.786000,0.374155,0.485525,-0.321271,-1.557844,-0.143579,1.840671,0.767485
12.788000,0.374155,0.485525,-0.321271,-1.557844,-0.143579,1.840671,0.767485
12.790000,0.374155,0.485525,-0.321271,-1.557844,-0.143579,1.840671,0.767485
12.792000,0.374155,0.485525,-0.321271,-1.557844,-0.143579,1.840671,0.767485
12.794000,0.374155,0.485525,-0.321271,-1.557844,-0.143579,1.840671,0.767485
12.796000,0.374155,0.485525,-0.321271,-1.557844,-0.143579,1.840671,0.767485
12.798000,0.374155,0.485525,-0.321271,-1.557844,-0.143579,1.840671,0.767485
12.800000,0.374155,0.485525,-0.321271,-1.557844,-0.143579,1.840671,0.767485
12.802000,0.374155,0.485525,-0.321271,-1.557844,-0.143579,1.840671,0.767485
12.804000,0.374155,0.485525,-0.321271,-1.557844,-0.143579,1.840671,0.767485
12.806000,0.374155,0.485525,-0.321271,-1.557844,-0.143579,1.840671,0.767485
12.808000,0.374155,0.485525,-0.321271,-1.557844,-0.143579,1.840671,0.767485
12.810000,0.374155,0.485525,-0.321271,-1.557844,-0.143579,1.840671,0.767485
12.812000,0.374155,0.485525,-0.321271,-1.557844,-0.143579,1.840671,0.767485
12.814000,0.374155,0.485525,-0.321271,-1.557844,-0.143579,1.840671,0.767485
12.816000,0.374155,0.485525,-0.321271,-1.557844,-0.143579,1.840671,0.767485
12.818000,0.374155,0.485525,-0.321271,-1.557844,-0.143579,1.840671,0.767485
12.820000,0.374155,0.485525,-0.321271,-1.557844,-0.143579,1.840671,0.767485
12.822000,0.374155,0.485525,-0.321271,-1.557844,-0.143579,1.840671,0.767485
12.824000,0.374155,0.485525,-0.321271,-1.557844,-0.143579,1.840671,0.767485
12.826000,0.374155,0.485525,-0.321271,-1.557844,-0.143579,1.840671,0.767485
12.828000,0.374155,0.485525,-0.321271,-1.557844,-0.143579,1.840671,0.767485
12.830000,0.374155,0.485525,-0.321271,-1.557844,-0.143579,1.840671,0.767485
12.832000,0.374155,0.485525,-0.321271,-1.557844,-0.143579,1.840671,0.767485
12.834000,0.374155,0.485525,-0.321271,-1.557844,-0.143579,1.840671,0.767485
12.836000,0.374155,0.485525,-0.321271,-1.557844,-0.143579,1.840671,0.767485
12.838000,0.374155,0.485525,-0.321271,-1.557844,-0.143579,1.840671,0.767485
12.840000,0.374155,0.485525,-0.321271,-1.557844,-0.143579,1.840671,0.767485
12.842000,0.374155,0.485525,-0.321271,-1.557844,-0.143579,1.840671,0.767485
12.844000,0.374155,0.485525,-0.321271,-1.557844,-0.143579,1.840671,0.767485
12.846000,0.374155,0.485525,-0.321271,-1.557844,-0.143579,1.840671,0.767485
12.848000,0.374155,0.485525,-0.321271,-1.557844,-0.143579,1.840671,0.767485
12.850000,0.374155,0.485525,-0.321271,-1.557844,-0.143579,1.840671,0.767485
12.852000,0.374155,0.485525,-0.321271,-1.557844,-0.143579,1.840671,0.767485
12.854000,0.374155,0.485525,-0.321271,-1.557844,-0.143579,1.840671,0.767485
12.856000,0.374155,0.485525,-0.321271,-1.557844,-0.143579,1.840671,0.767485
12.858000,0.374155,0.485525,-0.321271,-1.557844,-0.143579,1.840671,0.767485
12.860000,0.374155,0.485525,-0.321271,-1.557844,-0.143579,1.840671,0.767485
12.862000,0.374155,0.485525,-0.321271,-1.557844,-0.143579,1.840671,0.767485
12.864000,0.374155,0.485525,-0.321271,-1.557844,-0.143579,1.840671,0.767485
12.866000,0.374155,0.485525,-0.321271,-1.557844,-0.143579,1.840671,0.767485
12.868000,0.374155,0.485525,-0.321271,-1.557844,-0.143579,1.840671,0.767485
12.870000,0.374155,0.485525,-0.321271,-1.557844,-0.143579,1.840671,0.767485
12.872000,0.374155,0.485525,-0.321271,-1.557844,-0.143579,1.840671,0.767485
12.874000,0.374155,0.485525,-0.321271,-1.557844,-0.143579,1.840671,0.767485
12.876000,0.374155,0.485525,-0.321271,-1.557844,-0.143579,1.840671,0.767485
12.878000,0.374155,0.485525,-0.321271,-1.557844,-0.143579,1.840671,0.767485
12.880000,0.374155,0.485525,-0.321271,-1.557844,-0.143579,1.840671,0.767485
12.882000,0.374155,0.485525,-0.321271,-1.557844,-0.143579,1.840671,0.767485
12.884000,0.374155,0.485525,-0.321271,-1.557844,-0.143579,1.840671,0.767485
12.886000,0.374155,0.485525,-0.321271,-1.557844,-0.143579,1.840671,0.767485
12.888000,0.374155,0.485525,-0.321271,-1.557844,-0.143579,1.840671,0.767485
12.890000,0.374155,0.485525,-0.321271,-1.557844,-0.143579,1.840671,0.767485
12.892000,0.374155,0.485525,-0.321271,-1.557844,-0.143579,1.840671,0.767485
12.894000,0.374155,0.485525,-0.321271,-1.557844,-0.143579,1.840671,0.767485
12.896000,0.374155,0.485525,-0.321271,-1.557844,-0.143579,1.840671,0.767485
12.898000,0.374155,0.485525,-0.321271,-1.557844,-0.143579,1.840671,0.767485
12.900000,0.374155,0.485525,-0.321271,-1.557844,-0.143579,1.840671,0.767485
12.902000,0.374155,0.485525,-0.321271,-1.557844,-0.143579,1.840671,0.767485
12.904000,0.374155,0.485525,-0.321271,-1.557844,-0.143579,1.840671,0.767485
12.906000,0.374155,0.485525,-0.321271,-1.557844,-0.143579,1.840671,0.767485
12.908000,0.374155,0.485525,-0.321271,-1.557844,-0.143579,1.840671,0.767485
12.910000,0.374155,0.485525,-0.321271,-1.557844,-0.143579,1.840671,0.767485
12.912000,0.374155,0.485525,-0.321271,-1.557844,-0.143579,1.840671,0.767485
12.914000,0.374155,0.485525,-0.321271,-1.557844,-0.143579,1.840671,0.767485
12.916000,0.374155,0.485525,-0.321271,-1.557844,-0.143579,1.840671,0.767485
12.918000,0.374155,0.485525,-0.321271,-1.557844,-0.143579,1.840671,0.767485
12.920000,0.374155,0.485525,-0.321271,-1.557844,-0.143579,1.840671,0.767485
12.922000,0.374155,0.485525,-0.321271,-1.557844,-0.143579,1.840671,0.767485
12.924000,0.374155,0.485525,-0.321271,-1.557844,-0.143579,1.840671,0.767485
12.926000,0.374155,0.485525,-0.321271,-1.557844,-0.143579,1.840671,0.767485
12.928000,0.374155,0.485525,-0.321271,-1.557844,-0.143579,1.840671,0.767485
12.930000,0.374155,0.485525,-0.321271,-1.557844,-0.143579,1.840671,0.767485
12.932000,0.374155,0.485525,-0.321271,-1.557844,-0.143579,1.840671,0.767485
12.934000,0.374155,0.485525,-0.321271,-1.557844,-0.143579,1.840671,0.767485
12.936000,0.374155,0.485525,-0.321271,-1.557844,-0.143579,1.840671,0.767485
12.938000,0.374155,0.485525,-0.321271,-1.557844,-0.143579,1.840671,0.767485
12.940000,0.374155,0.485525,-0.321271,-1.557844,-0.143579,1.840671,0.767485
12.942000,0.374155,0.485525,-0.321271,-1.557844,-0.143579,1.840671,0.767485
12.944000,0.374155,0.485525,-0.321271,-1.557844,-0.143579,1.840671,0.767485
12.946000,0.374155,0.485525,-0.321271,-1.557844,-0.143579,1.840671,0.767485
12.948000,0.374155,0.485525,-0.321271,-1.557844,-0.143579,1.840671,0.767485
12.950000,0.374155,0.485525,-0.321271,-1.557844,-0.143579,1.840671,0.767485
12.952000,0.374155,0.485525,-0.321271,-1.557844,-0.143579,1.840671,0.767485
12.954000,0.374155,0.485525,-0.321271,-1.557844,-0.143579,1.840671,0.767485
12.956000,0.374155,0.485525,-0.321271,-1.557844,-0.143579,1.840671,0.767485
12.958000,0.374155,0.485525,-0.321271,-1.557844,-0.143579,1.840671,0.767485
12.960000,0.374155,0.485525,-0.321271,-1.557844,-0.143579,1.840671,0.767485
12.962000,0.374155,0.485525,-0.321271,-1.557844,-0.143579,1.840671,0.767485
12.964000,0.374155,0.485525,-0.321271,-1.557844,-0.143579,1.840671,0.767485
12.966000,0.374155,0.485525,-0.321271,-1.557844,-0.143579,1.840671,0.767485
12.968000,0.374155,0.485525,-0.321271,-1.557844,-0.143579,1.840671,0.767485
12.970000,0.374155,0.485525,-0.321271,-1.557844,-0.143579,1.840671,0.767485
12.972000,0.374155,0.485525,-0.321271,-1.557844,-0.143579,1.840671,0.767485
12.974000,0.374155,0.485525,-0.321271,-1.557844,-0.143579,1.840671,0.767485
12.976000,0.374155,0.485525,-0.321271,-1.557844,-0.143579,1.840671,0.767485
12.978000,0.374155,0.485525,-0.321271,-1.557844,-0.143579,1.840671,0.767485
12.980000,0.374155,0.485525,-0.321271,-1.557844,-0.143579,1.840671,0.767485
12.982000,0.374155,0.485525,-0.321271,-1.557844,-0.143579,1.840671,0.767485
12.984000,0.374155,0.485525,-0.321271,-1.557844,-0.143579,1.840671,0.767485
12.986000,0.374155,0.485525,-0.321271,-1.557844,-0.143579,1.840671,0.767485
12.988000,0.374155,0.485525,-0.321271,-1.557844,-0.143579,1.840671,0.767485
12.990000,0.374155,0.485525,-0.321271,-1.557844,-0.143579,1.840671,0.767485
12.992000,0.374155,0.485525,-0.321271,-1.557844,-0.143579,1.840671,0.767485
12.994000,0.374155,0.485525,-0.321271,-1.557844,-0.143579,1.840671,0.767485
12.996000,0.374155,0.485525,-0.321271,-1.557844,-0.143579,1.840671,0.767485
12.998000,0.374155,0.485525,-0.321271,-1.557844,-0.143579,1.840671,0.767485
13.000000,0.374155,0.485525,-0.321271,-1.557844,-0.143579,1.840671,0.767485
13.002000,0.374155,0.485525,-0.321271,-1.557844,-0.143579,1.840671,0.767485
13.004000,0.374155,0.485525,-0.321271,-1.557844,-0.143579,1.840671,0.767485
13.006000,0.374155,0.485525,-0.321271,-1.557844,-0.143579,1.840671,0.767485
13.008000,0.374155,0.485525,-0.321271,-1.557844,-0.143579,1.840671,0.767485
13.010000,0.374155,0.485525,-0.321271,-1.557844,-0.143579,1.840671,0.767485
13.012000,0.374155,0.485525,-0.321271,-1.557844,-0.143579,1.840671,0.767485
13.014000,0.374155,0.485525,-0.321271,-1.557844,-0.143579,1.840671,0.767485
13.016000,0.374155,0.485525,-0.321271,-1.557844,-0.143579,1.840671,0.767485
13.018000,0.374155,0.485525,-0.321271,-1.557844,-0.143579,1.840671,0.767485
13.020000,0.374155,0.485525,-0.321271,-1.557844,-0.143579,1.840671,0.767485
13.022000,0.374155,0.485525,-0.321271,-1.557844,-0.143579,1.840671,0.767485
13.024000,0.374155,0.485525,-0.321271,-1.557844,-0.143579,1.840671,0.767485
13.026000,0.374155,0.485525,-0.321271,-1.557844,-0.143579,1.840671,0.767485
13.028000,0.374155,0.485525,-0.321271,-1.557844,-0.143579,1.840671,0.767485
13.030000,0.374155,0.485525,-0.321271,-1.557844,-0.143579,1.840671,0.767485
13.032000,0.374155,0.485525,-0.321271,-1.557844,-0.143579,1.840671,0.767485
13.034000,0.374155,0.485525,-0.321271,-1.557844,-0.143579,1.840671,0.767485
13.036000,0.374155,0.485525,-0.321271,-1.557844,-0.143579,1.840671,0.767485
13.038000,0.374155,0.485525,-0.321271,-1.557844,-0.143579,1.840671,0.767485
13.040000,0.374155,0.485525,-0.321271,-1.557844,-0.143579,1.840671,0.767485
13.042000,0.374155,0.485525,-0.321271,-1.557844,-0.143579,1.840671,0.767485
13.044000,0.374155,0.485525,-0.321271,-1.557844,-0.143579,1.840671,0.767485
13.046000,0.374155,0.485525,-0.321271,-1.557844,-0.143579,1.840671,0.767485
13.048000,0.374155,0.485525,-0.321271,-1.557844,-0.143579,1.840671,0.767485
13.050000,0.374155,0.485525,-0.321271,-1.557844,-0.143579,1.840671,0.767485
13.052000,0.374155,0.485525,-0.321271,-1.557844,-0.143579,1.840671,0.767485
13.054000,0.374155,0.485525,-0.321271,-1.557844,-0.143579,1.840671,0.767485
13.056000,0.374155,0.485525,-0.321271,-1.557844,-0.143579,1.840671,0.767485
13.058000,0.374155,0.485525,-0.321271,-1.557844,-0.143579,1.840671,0.767485
13.060000,0.374155,0.485525,-0.321271,-1.557844,-0.143579,1.840671,0.767485
13.062000,0.374155,0.485525,-0.321271,-1.557844,-0.143579,1.840671,0.767485
13.064000,0.374155,0.485525,-0.321271,-1.557844,-0.143579,1.840671,0.767485
13.066000,0.374155,0.485525,-0.321271,-1.557844,-0.143579,1.840671,0.767485
13.068000,0.374155,0.485525,-0.321271,-1.557844,-0.143579,1.840671,0.767485
13.070000,0.374155,0.485525,-0.321271,-1.557844,-0.143579,1.840671,0.767485
13.072000,0.374155,0.485525,-0.321271,-1.557844,-0.143579,1.840671,0.767485
13.074000,0.374155,0.485525,-0.321271,-1.557844,-0.143579,1.840671,0.767485
13.076000,0.374155,0.485525,-0.321271,-1.557844,-0.143579,1.840671,0.767485
13.078000,0.374155,0.485525,-0.321271,-1.557844,-0.143579,1.840671,0.767485
13.080000,0.374155,0.485525,-0.321271,-1.557844,-0.143579,1.840671,0.767485
13.082000,0.374155,0.485525,-0.321271,-1.557844,-0.143579,1.840671,0.767485
13.084000,0.374155,0.485525,-0.321271,-1.557844,-0.143579,1.840671,0.767485
13.086000,0.374155,0.485525,-0.321271,-1.557844,-0.143579,1.840671,0.767485
13.088000,0.374155,0.485525,-0.321271,-1.557844,-0.143579,1.840671,0.767485
13.090000,0.374155,0.485525,-0.321271,-1.557844,-0.143579,1.840671,0.767485
13.092000,0.374155,0.485525,-0.321271,-1.557844,-0.143579,1.840671,0.767485
13.094000,0.374155,0.485525,-0.321271,-1.557844,-0.143579,1.840671,0.767485
13.096000,0.374155,0.485525,-0.321271,-1.557844,-0.143579,1.840671,0.767485
13.098000,0.374155,0.485525,-0.321271,-1.557844,-0.143579,1.840671,0.767485
13.100000,0.374155,0.485525,-0.321271,-1.557844,-0.143579,1.840671,0.767485
13.102000,0.374155,0.485525,-0.321271,-1.557844,-0.143579,1.840671,0.767485
13.104000,0.374155,0.485525,-0.321271,-1.557844,-0.143579,1.840671,0.767485
13.106000,0.374155,0.485525,-0.321271,-1.557844,-0.143579,1.840671,0.767485
13.108000,0.374155,0.485525,-0.321271,-1.557844,-0.143579,1.840671,0.767485
13.110000,0.374155,0.485525,-0.321271,-1.557844,-0.143579,1.840671,0.767485
13.112000,0.374155,0.485525,-0.321271,-1.557844,-0.143579,1.840671,0.767485
13.114000,0.374155,0.485525,-0.321271,-1.557844,-0.143579,1.840671,0.767485
13.116000,0.374155,0.485525,-0.321271,-1.557844,-0.143579,1.840671,0.767485
13.118000,0.374155,0.485525,-0.321271,-1.557844,-0.143579,1.840671,0.767485
13.120000,0.374155,0.485525,-0.321271,-1.557844,-0.143579,1.840671,0.767485
13.122000,0.374155,0.485525,-0.321271,-1.557844,-0.143579,1.840671,0.767485
13.124000,0.374155,0.485525,-0.321271,-1.557844,-0.143579,1.840671,0.767485
13.126000,0.374155,0.485525,-0.321271,-1.557844,-0.143579,1.840671,0.767485
13.128000,0.374155,0.485525,-0.321271,-1.557844,-0.143579,1.840671,0.767485
13.130000,0.374155,0.485525,-0.321271,-1.557844,-0.143579,1.840671,0.767485
13.132000,0.374155,0.485525,-0.321271,-1.557844,-0.143579,1.840671,0.767485
13.134000,0.374155,0.485525,-0.321271,-1.557844,-0.143579,1.840671,0.767485
13.136000,0.374155,0.485525,-0.321271,-1.557844,-0.143579,1.840671,0.767485
13.138000,0.374155,0.485525,-0.321271,-1.557844,-0.143579,1.840671,0.767485
13.140000,0.374155,0.485525,-0.321271,-1.557844,-0.143579,1.840671,0.767485
13.142000,0.374155,0.485525,-0.321271,-1.557844,-0.143579,1.840671,0.767485
13.144000,0.374155,0.485525,-0.321271,-1.557844,-0.143579,1.840671,0.767485
13.146000,0.374155,0.485525,-0.321271,-1.557844,-0.143579,1.840671,0.767485
13.148000,0.374155,0.485525,-0.321271,-1.557844,-0.143579,1.840671,0.767485
13.150000,0.374155,0.485525,-0.321271,-1.557844,-0.143579,1.840671,0.767485
13.152000,0.374155,0.485525,-0.321271,-1.557844,-0.143579,1.840671,0.767485
13.154000,0.374155,0.485525,-0.321271,-1.557844,-0.143579,1.840671,0.767485
13.156000,0.374155,0.485525,-0.321271,-1.557844,-0.143579,1.840671,0.767485
13.158000,0.374155,0.485525,-0.321271,-1.557844,-0.143579,1.840671,0.767485
13.160000,0.374155,0.485525,-0.321271,-1.557844,-0.143579,1.840671,0.767485
13.162000,0.374155,0.485525,-0.321271,-1.557844,-0.143579,1.840671,0.767485
13.164000,0.374155,0.485525,-0.321271,-1.557844,-0.143579,1.840671,0.767485
13.166000,0.374155,0.485525,-0.321271,-1.557844,-0.143579,1.840671,0.767485
13.168000,0.374155,0.485525,-0.321271,-1.557844,-0.143579,1.840671,0.767485
13.170000,0.374155,0.485525,-0.321271,-1.557844,-0.143579,1.840671,0.767485
13.172000,0.374155,0.485525,-0.321271,-1.557844,-0.143579,1.840671,0.767485
13.174000,0.374155,0.485525,-0.321271,-1.557844,-0.143579,1.840671,0.767485
13.176000,0.374155,0.485525,-0.321271,-1.557844,-0.143579,1.840671,0.767485
13.178000,0.374155,0.485525,-0.321271,-1.557844,-0.143579,1.840671,0.767485
13.180000,0.374155,0.485525,-0.321271,-1.557844,-0.143579,1.840671,0.767485
13.182000,0.374155,0.485525,-0.321271,-1.557844,-0.143579,1.840671,0.767485
13.184000,0.374155,0.485525,-0.321271,-1.557844,-0.143579,1.840671,0.767485
13.186000,0.374155,0.485525,-0.321271,-1.557844,-0.143579,1.840671,0.767485
13.188000,0.374155,0.485525,-0.321271,-1.557844,-0.143579,1.840671,0.767485
13.190000,0.374155,0.485525,-0.321271,-1.557844,-0.143579,1.840671,0.767485
13.192000,0.374155,0.485525,-0.321271,-1.557844,-0.143579,1.840671,0.767485
13.194000,0.374155,0.485525,-0.321271,-1.557844,-0.143579,1.840671,0.767485
13.196000,0.374155,0.485525,-0.321271,-1.557844,-0.143579,1.840671,0.767485
13.198000,0.374155,0.485525,-0.321271,-1.557844,-0.143579,1.840671,0.767485
13.200000,0.374155,0.485525,-0.321271,-1.557844,-0.143579,1.840671,0.767485
13.202000,0.374155,0.485525,-0.321271,-1.557844,-0.143579,1.840671,0.767485
13.204000,0.374155,0.485525,-0.321271,-1.557844,-0.143579,1.840671,0.767485
13.206000,0.374155,0.485525,-0.321271,-1.557844,-0.143579,1.840671,0.767485
13.208000,0.374155,0.485525,-0.321271,-1.557844,-0.143579,1.840671,0.767485
13.210000,0.374155,0.485525,-0.321271,-1.557844,-0.143579,1.840671,0.767485
13.212000,0.374155,0.485525,-0.321271,-1.557844,-0.143579,1.840671,0.767485
13.214000,0.374155,0.485525,-0.321271,-1.557844,-0.143579,1.840671,0.767485
13.216000,0.374155,0.485525,-0.321271,-1.557844,-0.143579,1.840671,0.767485
13.218000,0.374155,0.485525,-0.321271,-1.557844,-0.143579,1.840671,0.767485
13.220000,0.374155,0.485525,-0.321271,-1.557844,-0.143579,1.840671,0.767485
13.222000,0.374155,0.485525,-0.321271,-1.557844,-0.143579,1.840671,0.767485
13.224000,0.374155,0.485525,-0.321271,-1.557844,-0.143579,1.840671,0.767485
13.226000,0.374155,0.485525,-0.321271,-1.557844,-0.143579,1.840671,0.767485
13.228000,0.374155,0.485525,-0.321271,-1.557844,-0.143579,1.840671,0.767485
13.230000,0.374155,0.485525,-0.321271,-1.557844,-0.143579,1.840671,0.767485
13.232000,0.374155,0.485525,-0.321271,-1.557844,-0.143579,1.840671,0.767485
13.234000,0.374155,0.485525,-0.321271,-1.557844,-0.143579,1.840671,0.767485
13.236000,0.374155,0.485525,-0.321271,-1.557844,-0.143579,1.840671,0.767485
13.238000,0.374155,0.485525,-0.321271,-1.557844,-0.143579,1.840671,0.767485
13.240000,0.374155,0.485525,-0.321271,-1.557844,-0.143579,1.840671,0.767485
13.242000,0.374155,0.485525,-0.321271,-1.557844,-0.143579,1.840671,0.767485
13.244000,0.374155,0.485525,-0.321271,-1.557844,-0.143579,1.840671,0.767485
13.246000,0.374155,0.485525,-0.321271,-1.557844,-0.143579,1.840671,0.767485
13.248000,0.374155,0.485525,-0.321271,-1.557844,-0.143579,1.840671,0.767485
13.250000,0.374155,0.485525,-0.321271,-1.557844,-0.143579,1.840671,0.767485
13.252000,0.374155,0.485525,-0.321271,-1.557844,-0.143579,1.840671,0.767485
13.254000,0.374155,0.485525,-0.321271,-1.557844,-0.143579,1.840671,0.767485
13.256000,0.374155,0.485525,-0.321271,-1.557844,-0.143579,1.840671,0.767485
13.258000,0.374155,0.485525,-0.321271,-1.557844,-0.143579,1.840671,0.767485
13.260000,0.374155,0.485525,-0.321271,-1.557844,-0.143579,1.840671,0.767485
13.262000,0.374155,0.485525,-0.321271,-1.557844,-0.143579,1.840671,0.767485
13.264000,0.374155,0.485525,-0.321271,-1.557844,-0.143579,1.840671,0.767485
13.266000,0.374155,0.485525,-0.321271,-1.557844,-0.143579,1.840671,0.767485
13.268000,0.374155,0.485525,-0.321271,-1.557844,-0.143579,1.840671,0.767485
13.270000,0.374155,0.485525,-0.321271,-1.557844,-0.143579,1.840671,0.767485
13.272000,0.374155,0.485525,-0.321271,-1.557844,-0.143579,1.840671,0.767485
13.274000,0.374155,0.485525,-0.321271,-1.557844,-0.143579,1.840671,0.767485
13.276000,0.374155,0.485525,-0.321271,-1.557844,-0.143579,1.840671,0.767485
13.278000,0.374155,0.485525,-0.321271,-1.557844,-0.143579,1.840671,0.767485
13.280000,0.374155,0.485525,-0.321271,-1.557844,-0.143579,1.840671,0.767485
13.282000,0.374155,0.485525,-0.321271,-1.557844,-0.143579,1.840671,0.767485
13.284000,0.374155,0.485525,-0.321271,-1.557844,-0.143579,1.840671,0.767485
13.286000,0.374155,0.485525,-0.321271,-1.557844,-0.143579,1.840671,0.767485
13.288000,0.374155,0.485525,-0.321271,-1.557844,-0.143579,1.840671,0.767485
13.290000,0.374155,0.485525,-0.321271,-1.557844,-0.143579,1.840671,0.767485
13.292000,0.374155,0.485525,-0.321271,-1.557844,-0.143579,1.840671,0.767485
13.294000,0.374155,0.485525,-0.321271,-1.557844,-0.143579,1.840671,0.767485
13.296000,0.374155,0.485525,-0.321271,-1.557844,-0.143579,1.840671,0.767485
13.298000,0.374155,0.485525,-0.321271,-1.557844,-0.143579,1.840671,0.767485
13.300000,0.374155,0.485525,-0.321271,-1.557844,-0.143579,1.840671,0.767485
13.302000,0.374155,0.485525,-0.321271,-1.557844,-0.143579,1.840671,0.767485
13.304000,0.374155,0.485525,-0.321271,-1.557844,-0.143579,1.840671,0.767485
13.306000,0.374155,0.485525,-0.321271,-1.557844,-0.143579,1.840671,0.767485
13.308000,0.374155,0.485525,-0.321271,-1.557844,-0.143579,1.840671,0.767485
13.310000,0.374155,0.485525,-0.321271,-1.557844,-0.143579,1.840671,0.767485
13.312000,0.374155,0.485525,-0.321271,-1.557844,-0.143579,1.840671,0.767485
13.314000,0.374155,0.485525,-0.321271,-1.557844,-0.143579,1.840671,0.767485
13.316000,0.374155,0.485525,-0.321271,-1.557844,-0.143579,1.840671,0.767485
13.318000,0.374155,0.485525,-0.321271,-1.557844,-0.143579,1.840671,0.767485
13.320000,0.374155,0.485525,-0.321271,-1.557844,-0.143579,1.840671,0.767485
13.322000,0.374155,0.485525,-0.321271,-1.557844,-0.143579,1.840671,0.767485
13.324000,0.374155,0.485525,-0.321271,-1.557844,-0.143579,1.840671,0.767485
13.326000,0.374155,0.485525,-0.321271,-1.557844,-0.143579,1.840671,0.767485
13.328000,0.374155,0.485525,-0.321271,-1.557844,-0.143579,1.840671,0.767485
13.330000,0.374155,0.485525,-0.321271,-1.557844,-0.143579,1.840671,0.767485
13.332000,0.374155,0.485525,-0.321271,-1.557844,-0.143579,1.840671,0.767485
13.334000,0.374155,0.485525,-0.321271,-1.557844,-0.143579,1.840671,0.767485
13.336000,0.374155,0.485525,-0.321271,-1.557844,-0.143579,1.840671,0.767485
13.338000,0.374155,0.485525,-0.321271,-1.557844,-0.143579,1.840671,0.767485
13.340000,0.374155,0.485525,-0.321271,-1.557844,-0.143579,1.840671,0.767485
13.342000,0.374155,0.485525,-0.321271,-1.557844,-0.143579,1.840671,0.767485
13.344000,0.374155,0.485525,-0.321271,-1.557844,-0.143579,1.840671,0.767485
13.346000,0.374155,0.485525,-0.321271,-1.557844,-0.143579,1.840671,0.767485
13.348000,0.374155,0.485525,-0.321271,-1.557844,-0.143579,1.840671,0.767485
13.350000,0.374155,0.485525,-0.321271,-1.557844,-0.143579,1.840671,0.767485
13.352000,0.374155,0.485525,-0.321271,-1.557844,-0.143579,1.840671,0.767485
13.354000,0.374155,0.485525,-0.321271,-1.557844,-0.143579,1.840671,0.767485
13.356000,0.374155,0.485525,-0.321271,-1.557844,-0.143579,1.840671,0.767485
13.358000,0.374155,0.485525,-0.321271,-1.557844,-0.143579,1.840671,0.767485
13.360000,0.374155,0.485525,-0.321271,-1.557844,-0.143579,1.840671,0.767485
13.362000,0.374155,0.485525,-0.321271,-1.557844,-0.143579,1.840671,0.767485
13.364000,0.374155,0.485525,-0.321271,-1.557844,-0.143579,1.840671,0.767485
13.366000,0.374155,0.485525,-0.321271,-1.557844,-0.143579,1.840671,0.767485
13.368000,0.374155,0.485525,-0.321271,-1.557844,-0.143579,1.840671,0.767485
13.370000,0.374155,0.485525,-0.321271,-1.557844,-0.143579,1.840671,0.767485
13.372000,0.374155,0.485525,-0.321271,-1.557844,-0.143579,1.840671,0.767485
13.374000,0.374155,0.485525,-0.321271,-1.557844,-0.143579,1.840671,0.767485
13.376000,0.374155,0.485525,-0.321271,-1.557844,-0.143579,1.840671,0.767485
13.378000,0.374155,0.485525,-0.321271,-1.557844,-0.143579,1.840671,0.767485
13.380000,0.374155,0.485525,-0.321271,-1.557844,-0.143579,1.840671,0.767485
13.382000,0.374155,0.485525,-0.321271,-1.557844,-0.143579,1.840671,0.767485
13.384000,0.374155,0.485525,-0.321271,-1.557844,-0.143579,1.840671,0.767485
13.386000,0.374155,0.485525,-0.321271,-1.557844,-0.143579,1.840671,0.767485
13.388000,0.374155,0.485525,-0.321271,-1.557844,-0.143579,1.840671,0.767485
13.390000,0.374155,0.485525,-0.321271,-1.557844,-0.143579,1.840671,0.767485
13.392000,0.374155,0.485525,-0.321271,-1.557844,-0.143579,1.840671,0.767485
13.394000,0.374155,0.485525,-0.321271,-1.557844,-0.143579,1.840671,0.767485
13.396000,0.374155,0.485525,-0.321271,-1.557844,-0.143579,1.840671,0.767485
13.398000,0.374155,0.485525,-0.321271,-1.557844,-0.143579,1.840671,0.767485
13.400000,0.374155,0.485525,-0.321271,-1.557844,-0.143579,1.840671,0.767485
13.402000,0.374155,0.485525,-0.321271,-1.557844,-0.143579,1.840671,0.767485
13.404000,0.374155,0.485525,-0.321271,-1.557844,-0.143579,1.840671,0.767485
13.406000,0.374155,0.485525,-0.321271,-1.557844,-0.143579,1.840671,0.767485
13.408000,0.374155,0.485525,-0.321271,-1.557844,-0.143579,1.840671,0.767485
13.410000,0.374155,0.485525,-0.321271,-1.557844,-0.143579,1.840671,0.767485
13.412000,0.374155,0.485525,-0.321271,-1.557844,-0.143579,1.840671,0.767485
13.414000,0.374155,0.485525,-0.321271,-1.557844,-0.143579,1.840671,0.767485
13.416000,0.374155,0.485525,-0.321271,-1.557844,-0.143579,1.840671,0.767485
13.418000,0.374155,0.485525,-0.321271,-1.557844,-0.143579,1.840671,0.767485
13.420000,0.374155,0.485525,-0.321271,-1.557844,-0.143579,1.840671,0.767485
13.422000,0.374155,0.485525,-0.321271,-1.557844,-0.143579,1.840671,0.767485
13.424000,0.374155,0.485525,-0.321271,-1.557844,-0.143579,1.840671,0.767485
13.426000,0.374155,0.485525,-0.321271,-1.557844,-0.143579,1.840671,0.767485
13.428000,0.374155,0.485525,-0.321271,-1.557844,-0.143579,1.840671,0.767485
13.430000,0.374155,0.485525,-0.321271,-1.557844,-0.143579,1.840671,0.767485
13.432000,0.374155,0.485525,-0.321271,-1.557844,-0.143579,1.840671,0.767485
13.434000,0.374155,0.485525,-0.321271,-1.557844,-0.143579,1.840671,0.767485
13.436000,0.374155,0.485525,-0.321271,-1.557844,-0.143579,1.840671,0.767485
13.438000,0.374155,0.485525,-0.321271,-1.557844,-0.143579,1.840671,0.767485
13.440000,0.374155,0.485525,-0.321271,-1.557844,-0.143579,1.840671,0.767485
13.442000,0.374155,0.485525,-0.321271,-1.557844,-0.143579,1.840671,0.767485
13.444000,0.374155,0.485525,-0.321271,-1.557844,-0.143579,1.840671,0.767485
13.446000,0.374155,0.485525,-0.321271,-1.557844,-0.143579,1.840671,0.767485
13.448000,0.374155,0.485525,-0.321271,-1.557844,-0.143579,1.840671,0.767485
13.450000,0.374155,0.485525,-0.321271,-1.557844,-0.143579,1.840671,0.767485
13.452000,0.374155,0.485525,-0.321271,-1.557844,-0.143579,1.840671,0.767485
13.454000,0.374155,0.485525,-0.321271,-1.557844,-0.143579,1.840671,0.767485
13.456000,0.374155,0.485525,-0.321271,-1.557844,-0.143579,1.840671,0.767485
13.458000,0.374155,0.485525,-0.321271,-1.557844,-0.143579,1.840671,0.767485
13.460000,0.374155,0.485525,-0.321271,-1.557844,-0.143579,1.840671,0.767485
13.462000,0.374155,0.485525,-0.321271,-1.557844,-0.143579,1.840671,0.767485
13.464000,0.374155,0.485525,-0.321271,-1.557844,-0.143579,1.840671,0.767485
13.466000,0.374155,0.485525,-0.321271,-1.557844,-0.143579,1.840671,0.767485
13.468000,0.374155,0.485525,-0.321271,-1.557844,-0.143579,1.840671,0.767485
13.470000,0.374155,0.485525,-0.321271,-1.557844,-0.143579,1.840671,0.767485
13.472000,0.374155,0.485525,-0.321271,-1.557844,-0.143579,1.840671,0.767485
13.474000,0.374155,0.485525,-0.321271,-1.557844,-0.143579,1.840671,0.767485
13.476000,0.374155,0.485525,-0.321271,-1.557844,-0.143579,1.840671,0.767485
13.478000,0.374155,0.485525,-0.321271,-1.557844,-0.143579,1.840671,0.767485
13.480000,0.374155,0.485525,-0.321271,-1.557844,-0.143579,1.840671,0.767485
13.482000,0.374155,0.485525,-0.321271,-1.557844,-0.143579,1.840671,0.767485
13.484000,0.374155,0.485525,-0.321271,-1.557844,-0.143579,1.840671,0.767485
13.486000,0.374155,0.485525,-0.321271,-1.557844,-0.143579,1.840671,0.767485
13.488000,0.374155,0.485525,-0.321271,-1.557844,-0.143579,1.840671,0.767485
13.490000,0.374155,0.485525,-0.321271,-1.557844,-0.143579,1.840671,0.767485
13.492000,0.374155,0.485525,-0.321271,-1.557844,-0.143579,1.840671,0.767485
13.494000,0.374155,0.485525,-0.321271,-1.557844,-0.143579,1.840671,0.767485
13.496000,0.374155,0.485525,-0.321271,-1.557844,-0.143579,1.840671,0.767485
13.498000,0.374155,0.485525,-0.321271,-1.557844,-0.143579,1.840671,0.767485
13.500000,0.374155,0.485525,-0.321271,-1.557844,-0.143579,1.840671,0.767485
13.502000,0.374155,0.485525,-0.321271,-1.557844,-0.143579,1.840671,0.767485
13.504000,0.374155,0.485525,-0.321271,-1.557844,-0.143579,1.840671,0.767485
13.506000,0.374155,0.485525,-0.321271,-1.557844,-0.143579,1.840671,0.767485
13.508000,0.374155,0.485525,-0.321271,-1.557844,-0.143579,1.840671,0.767485
13.510000,0.374155,0.485525,-0.321271,-1.557844,-0.143579,1.840671,0.767485
13.512000,0.374155,0.485525,-0.321271,-1.557844,-0.143579,1.840671,0.767485
13.514000,0.374155,0.485525,-0.321271,-1.557844,-0.143579,1.840671,0.767485
13.516000,0.374155,0.485525,-0.321271,-1.557844,-0.143579,1.840671,0.767485
13.518000,0.374155,0.485525,-0.321271,-1.557844,-0.143579,1.840671,0.767485
13.520000,0.374155,0.485525,-0.321271,-1.557844,-0.143579,1.840671,0.767485
13.522000,0.374155,0.485525,-0.321271,-1.557844,-0.143579,1.840671,0.767485
13.524000,0.374155,0.485525,-0.321271,-1.557844,-0.143579,1.840671,0.767485
13.526000,0.374155,0.485525,-0.321271,-1.557844,-0.143579,1.840671,0.767485
13.528000,0.374155,0.485525,-0.321271,-1.557844,-0.143579,1.840671,0.767485
13.530000,0.374155,0.485525,-0.321271,-1.557844,-0.143579,1.840671,0.767485
13.532000,0.374155,0.485525,-0.321271,-1.557844,-0.143579,1.840671,0.767485
13.534000,0.374155,0.485525,-0.321271,-1.557844,-0.143579,1.840671,0.767485
13.536000,0.374155,0.485525,-0.321271,-1.557844,-0.143579,1.840671,0.767485
13.538000,0.374155,0.485525,-0.321271,-1.557844,-0.143579,1.840671,0.767485
13.540000,0.374155,0.485525,-0.321271,-1.557844,-0.143579,1.840671,0.767485
13.542000,0.374155,0.485525,-0.321271,-1.557844,-0.143579,1.840671,0.767485
13.544000,0.374155,0.485525,-0.321271,-1.557844,-0.143579,1.840671,0.767485
13.546000,0.374155,0.485525,-0.321271,-1.557844,-0.143579,1.840671,0.767485
13.548000,0.374155,0.485525,-0.321271,-1.557844,-0.143579,1.840671,0.767485
13.550000,0.374155,0.485525,-0.321271,-1.557844,-0.143579,1.840671,0.767485
13.552000,0.374155,0.485525,-0.321271,-1.557844,-0.143579,1.840671,0.767485
13.554000,0.374155,0.485525,-0.321271,-1.557844,-0.143579,1.840671,0.767485
13.556000,0.374155,0.485525,-0.321271,-1.557844,-0.143579,1.840671,0.767485
13.558000,0.374155,0.485525,-0.321271,-1.557844,-0.143579,1.840671,0.767485
13.560000,0.374155,0.485525,-0.321271,-1.557844,-0.143579,1.840671,0.767485
13.562000,0.374155,0.485525,-0.321271,-1.557844,-0.143579,1.840671,0.767485
13.564000,0.374155,0.485525,-0.321271,-1.557844,-0.143579,1.840671,0.767485
13.566000,0.374155,0.485525,-0.321271,-1.557844,-0.143579,1.840671,0.767485
13.568000,0.374155,0.485525,-0.321271,-1.557844,-0.143579,1.840671,0.767485
13.570000,0.374155,0.485525,-0.321271,-1.557844,-0.143579,1.840671,0.767485
13.572000,0.374155,0.485525,-0.321271,-1.557844,-0.143579,1.840671,0.767485
13.574000,0.374155,0.485525,-0.321271,-1.557844,-0.143579,1.840671,0.767485
13.576000,0.374155,0.485525,-0.321271,-1.557844,-0.143579,1.840671,0.767485
13.578000,0.374155,0.485525,-0.321271,-1.557844,-0.143579,1.840671,0.767485
13.580000,0.374155,0.485525,-0.321271,-1.557844,-0.143579,1.840671,0.767485
13.582000,0.374155,0.485525,-0.321271,-1.557844,-0.143579,1.840671,0.767485
13.584000,0.374155,0.485525,-0.321271,-1.557844,-0.143579,1.840671,0.767485
13.586000,0.374155,0.485525,-0.321271,-1.557844,-0.143579,1.840671,0.767485
13.588000,0.374155,0.485525,-0.321271,-1.557844,-0.143579,1.840671,0.767485
13.590000,0.374155,0.485525,-0.321271,-1.557844,-0.143579,1.840671,0.767485
13.592000,0.374155,0.485525,-0.321271,-1.557844,-0.143579,1.840671,0.767485
13.594000,0.374155,0.485525,-0.321271,-1.557844,-0.143579,1.840671,0.767485
13.596000,0.374155,0.485525,-0.321271,-1.557844,-0.143579,1.840671,0.767485
13.598000,0.374155,0.485525,-0.321271,-1.557844,-0.143579,1.840671,0.767485
13.600000,0.374155,0.485525,-0.321271,-1.557844,-0.143579,1.840671,0.767485
13.602000,0.374155,0.485525,-0.321271,-1.557844,-0.143579,1.840671,0.767485
13.604000,0.374155,0.485525,-0.321271,-1.557844,-0.143579,1.840671,0.767485
13.606000,0.374155,0.485525,-0.321271,-1.557844,-0.143579,1.840671,0.767485
13.608000,0.374155,0.485525,-0.321271,-1.557844,-0.143579,1.840671,0.767485
13.610000,0.374155,0.485525,-0.321271,-1.557844,-0.143579,1.840671,0.767485
13.612000,0.374155,0.485525,-0.321271,-1.557844,-0.143579,1.840671,0.767485
13.614000,0.374155,0.485525,-0.321271,-1.557844,-0.143579,1.840671,0.767485
13.616000,0.374155,0.485525,-0.321271,-1.557844,-0.143579,1.840671,0.767485
13.618000,0.374155,0.485525,-0.321271,-1.557844,-0.143579,1.840671,0.767485
13.620000,0.374155,0.485525,-0.321271,-1.557844,-0.143579,1.840671,0.767485
13.622000,0.374155,0.485525,-0.321271,-1.557844,-0.143579,1.840671,0.767485
13.624000,0.374155,0.485525,-0.321271,-1.557844,-0.143579,1.840671,0.767485
13.626000,0.374155,0.485525,-0.321271,-1.557844,-0.143579,1.840671,0.767485
13.628000,0.374155,0.485525,-0.321271,-1.557844,-0.143579,1.840671,0.767485
13.630000,0.374155,0.485525,-0.321271,-1.557844,-0.143579,1.840671,0.767485
13.632000,0.374155,0.485525,-0.321271,-1.557844,-0.143579,1.840671,0.767485
13.634000,0.374155,0.485525,-0.321271,-1.557844,-0.143579,1.840671,0.767485
13.636000,0.374155,0.485525,-0.321271,-1.557844,-0.143579,1.840671,0.767485
13.638000,0.374155,0.485525,-0.321271,-1.557844,-0.143579,1.840671,0.767485
13.640000,0.374155,0.485525,-0.321271,-1.557844,-0.143579,1.840671,0.767485
13.642000,0.374155,0.485525,-0.321271,-1.557844,-0.143579,1.840671,0.767485
13.644000,0.374155,0.485525,-0.321271,-1.557844,-0.143579,1.840671,0.767485
13.646000,0.374155,0.485525,-0.321271,-1.557844,-0.143579,1.840671,0.767485
13.648000,0.374155,0.485525,-0.321271,-1.557844,-0.143579,1.840671,0.767485
13.650000,0.374155,0.485525,-0.321271,-1.557844,-0.143579,1.840671,0.767485
13.652000,0.374155,0.485525,-0.321271,-1.557844,-0.143579,1.840671,0.767485
13.654000,0.374155,0.485525,-0.321271,-1.557844,-0.143579,1.840671,0.767485
13.656000,0.374155,0.485525,-0.321271,-1.557844,-0.143579,1.840671,0.767485
13.658000,0.374155,0.485525,-0.321271,-1.557844,-0.143579,1.840671,0.767485
13.660000,0.374155,0.485525,-0.321271,-1.557844,-0.143579,1.840671,0.767485
13.662000,0.374155,0.485525,-0.321271,-1.557844,-0.143579,1.840671,0.767485
13.664000,0.374155,0.485525,-0.321271,-1.557844,-0.143579,1.840671,0.767485
13.666000,0.374155,0.485525,-0.321271,-1.557844,-0.143579,1.840671,0.767485
13.668000,0.374155,0.485525,-0.321271,-1.557844,-0.143579,1.840671,0.767485
13.670000,0.374155,0.485525,-0.321271,-1.557844,-0.143579,1.840671,0.767485
13.672000,0.374155,0.485525,-0.321271,-1.557844,-0.143579,1.840671,0.767485
13.674000,0.374155,0.485525,-0.321271,-1.557844,-0.143579,1.840671,0.767485
13.676000,0.374155,0.485525,-0.321271,-1.557844,-0.143579,1.840671,0.767485
13.678000,0.374155,0.485525,-0.321271,-1.557844,-0.143579,1.840671,0.767485
13.680000,0.374155,0.485525,-0.321271,-1.557844,-0.143579,1.840671,0.767485
13.682000,0.374155,0.485525,-0.321271,-1.557844,-0.143579,1.840671,0.767485
13.684000,0.374155,0.485525,-0.321271,-1.557844,-0.143579,1.840671,0.767485
13.686000,0.374155,0.485525,-0.321271,-1.557844,-0.143579,1.840671,0.767485
13.688000,0.374155,0.485525,-0.321271,-1.557844,-0.143579,1.840671,0.767485
13.690000,0.374155,0.485525,-0.321271,-1.557844,-0.143579,1.840671,0.767485
13.692000,0.374155,0.485525,-0.321271,-1.557844,-0.143579,1.840671,0.767485
13.694000,0.374155,0.485525,-0.321271,-1.557844,-0.143579,1.840671,0.767485
13.696000,0.374155,0.485525,-0.321271,-1.557844,-0.143579,1.840671,0.767485
13.698000,0.374155,0.485525,-0.321271,-1.557844,-0.143579,1.840671,0.767485
13.700000,0.374155,0.485525,-0.321271,-1.557844,-0.143579,1.840671,0.767485
13.702000,0.374155,0.485525,-0.321271,-1.557844,-0.143579,1.840671,0.767485
13.704000,0.374155,0.485525,-0.321271,-1.557844,-0.143579,1.840671,0.767485
13.706000,0.374155,0.485525,-0.321271,-1.557844,-0.143579,1.840671,0.767485
13.708000,0.374155,0.485525,-0.321271,-1.557844,-0.143579,1.840671,0.767485
13.710000,0.374155,0.485525,-0.321271,-1.557844,-0.143579,1.840671,0.767485
13.712000,0.374155,0.485525,-0.321271,-1.557844,-0.143579,1.840671,0.767485
13.714000,0.374155,0.485525,-0.321271,-1.557844,-0.143579,1.840671,0.767485
13.716000,0.374155,0.485525,-0.321271,-1.557844,-0.143579,1.840671,0.767485
13.718000,0.374155,0.485525,-0.321271,-1.557844,-0.143579,1.840671,0.767485
13.720000,0.374155,0.485525,-0.321271,-1.557844,-0.143579,1.840671,0.767485
13.722000,0.374155,0.485525,-0.321271,-1.557844,-0.143579,1.840671,0.767485
13.724000,0.374155,0.485525,-0.321271,-1.557844,-0.143579,1.840671,0.767485
13.726000,0.374155,0.485525,-0.321271,-1.557844,-0.143579,1.840671,0.767485
13.728000,0.374155,0.485525,-0.321271,-1.557844,-0.143579,1.840671,0.767485
13.730000,0.374155,0.485525,-0.321271,-1.557844,-0.143579,1.840671,0.767485
13.732000,0.374155,0.485525,-0.321271,-1.557844,-0.143579,1.840671,0.767485
13.734000,0.374155,0.485525,-0.321271,-1.557844,-0.143579,1.840671,0.767485
13.736000,0.374155,0.485525,-0.321271,-1.557844,-0.143579,1.840671,0.767485
13.738000,0.374155,0.485525,-0.321271,-1.557844,-0.143579,1.840671,0.767485
13.740000,0.374155,0.485525,-0.321271,-1.557844,-0.143579,1.840671,0.767485
13.742000,0.374155,0.485525,-0.321271,-1.557844,-0.143579,1.840671,0.767485
13.744000,0.374155,0.485525,-0.321271,-1.557844,-0.143579,1.840671,0.767485
13.746000,0.374155,0.485525,-0.321271,-1.557844,-0.143579,1.840671,0.767485
13.748000,0.374155,0.485525,-0.321271,-1.557844,-0.143579,1.840671,0.767485
13.750000,0.374155,0.485525,-0.321271,-1.557844,-0.143579,1.840671,0.767485
13.752000,0.374155,0.485525,-0.321271,-1.557844,-0.143579,1.840671,0.767485
13.754000,0.374155,0.485525,-0.321271,-1.557844,-0.143579,1.840671,0.767485
13.756000,0.374155,0.485525,-0.321271,-1.557844,-0.143579,1.840671,0.767485
13.758000,0.374155,0.485525,-0.321271,-1.557844,-0.143579,1.840671,0.767485
13.760000,0.374155,0.485525,-0.321271,-1.557844,-0.143579,1.840671,0.767485
13.762000,0.374155,0.485525,-0.321271,-1.557844,-0.143579,1.840671,0.767485
13.764000,0.374155,0.485525,-0.321271,-1.557844,-0.143579,1.840671,0.767485
13.766000,0.374155,0.485525,-0.321271,-1.557844,-0.143579,1.840671,0.767485
13.768000,0.374155,0.485525,-0.321271,-1.557844,-0.143579,1.840671,0.767485
13.770000,0.374155,0.485525,-0.321271,-1.557844,-0.143579,1.840671,0.767485
13.772000,0.374155,0.485525,-0.321271,-1.557844,-0.143579,1.840671,0.767485
13.774000,0.374155,0.485525,-0.321271,-1.557844,-0.143579,1.840671,0.767485
13.776000,0.374155,0.485525,-0.321271,-1.557844,-0.143579,1.840671,0.767485
13.778000,0.374155,0.485525,-0.321271,-1.557844,-0.143579,1.840671,0.767485
13.780000,0.374155,0.485525,-0.321271,-1.557844,-0.143579,1.840671,0.767485
13.782000,0.374155,0.485525,-0.321271,-1.557844,-0.143579,1.840671,0.767485
13.784000,0.374155,0.485525,-0.321271,-1.557844,-0.143579,1.840671,0.767485
13.786000,0.374155,0.485525,-0.321271,-1.557844,-0.143579,1.840671,0.767485
13.788000,0.374155,0.485525,-0.321271,-1.557844,-0.143579,1.840671,0.767485
13.790000,0.374155,0.485525,-0.321271,-1.557844,-0.143579,1.840671,0.767485
13.792000,0.374155,0.485525,-0.321271,-1.557844,-0.143579,1.840671,0.767485
13.794000,0.374155,0.485525,-0.321271,-1.557844,-0.143579,1.840671,0.767485
13.796000,0.374155,0.485525,-0.321271,-1.557844,-0.143579,1.840671,0.767485
13.798000,0.374155,0.485525,-0.321271,-1.557844,-0.143579,1.840671,0.767485
13.800000,0.374155,0.485525,-0.321271,-1.557844,-0.143579,1.840671,0.767485
13.802000,0.374155,0.485525,-0.321271,-1.557844,-0.143579,1.840671,0.767485
13.804000,0.374155,0.485525,-0.321271,-1.557844,-0.143579,1.840671,0.767485
13.806000,0.374155,0.485525,-0.321271,-1.557844,-0.143579,1.840671,0.767485
13.808000,0.374155,0.485525,-0.321271,-1.557844,-0.143579,1.840671,0.767485
13.810000,0.374155,0.485525,-0.321271,-1.557844,-0.143579,1.840671,0.767485
13.812000,0.374155,0.485525,-0.321271,-1.557844,-0.143579,1.840671,0.767485
13.814000,0.374155,0.485525,-0.321271,-1.557844,-0.143579,1.840671,0.767485
13.816000,0.374155,0.485525,-0.321271,-1.557844,-0.143579,1.840671,0.767485
13.818000,0.374155,0.485525,-0.321271,-1.557844,-0.143579,1.840671,0.767485
13.820000,0.374155,0.485525,-0.321271,-1.557844,-0.143579,1.840671,0.767485
13.822000,0.374155,0.485525,-0.321271,-1.557844,-0.143579,1.840671,0.767485
13.824000,0.374155,0.485525,-0.321271,-1.557844,-0.143579,1.840671,0.767485
13.826000,0.374155,0.485525,-0.321271,-1.557844,-0.143579,1.840671,0.767485
13.828000,0.374155,0.485525,-0.321271,-1.557844,-0.143579,1.840671,0.767485
13.830000,0.374155,0.485525,-0.321271,-1.557844,-0.143579,1.840671,0.767485
13.832000,0.374155,0.485525,-0.321271,-1.557844,-0.143579,1.840671,0.767485
13.834000,0.374155,0.485525,-0.321271,-1.557844,-0.143579,1.840671,0.767485
13.836000,0.374155,0.485525,-0.321271,-1.557844,-0.143579,1.840671,0.767485
13.838000,0.374155,0.485525,-0.321271,-1.557844,-0.143579,1.840671,0.767485
13.840000,0.374155,0.485525,-0.321271,-1.557844,-0.143579,1.840671,0.767485
13.842000,0.374155,0.485525,-0.321271,-1.557844,-0.143579,1.840671,0.767485
13.844000,0.374155,0.485525,-0.321271,-1.557844,-0.143579,1.840671,0.767485
13.846000,0.374155,0.485525,-0.321271,-1.557844,-0.143579,1.840671,0.767485
13.848000,0.374155,0.485525,-0.321271,-1.557844,-0.143579,1.840671,0.767485
13.850000,0.374155,0.485525,-0.321271,-1.557844,-0.143579,1.840671,0.767485
13.852000,0.374155,0.485525,-0.321271,-1.557844,-0.143579,1.840671,0.767485
13.854000,0.374155,0.485525,-0.321271,-1.557844,-0.143579,1.840671,0.767485
13.856000,0.374155,0.485525,-0.321271,-1.557844,-0.143579,1.840671,0.767485
13.858000,0.374155,0.485525,-0.321271,-1.557844,-0.143579,1.840671,0.767485
13.860000,0.374155,0.485525,-0.321271,-1.557844,-0.143579,1.840671,0.767485
13.862000,0.374155,0.485525,-0.321271,-1.557844,-0.143579,1.840671,0.767485
13.864000,0.374155,0.485525,-0.321271,-1.557844,-0.143579,1.840671,0.767485
13.866000,0.374155,0.485525,-0.321271,-1.557844,-0.143579,1.840671,0.767485
13.868000,0.374155,0.485525,-0.321271,-1.557844,-0.143579,1.840671,0.767485
13.869998,0.374155,0.485525,-0.321271,-1.557844,-0.143579,1.840671,0.767485
