time,x,y,z
0.000000,0.614038,0.309161,0.240136
0.002000,0.614076,0.309145,0.240148
0.004000,0.614075,0.309140,0.240148
0.006000,0.614117,0.309121,0.240163
0.008000,0.614144,0.309114,0.240173
0.010000,0.614153,0.309114,0.240178
0.012000,0.614164,0.309122,0.240184
0.014000,0.614167,0.309140,0.240188
0.016000,0.614164,0.309162,0.240190
0.018000,0.614156,0.309188,0.240191
0.020000,0.614145,0.309217,0.240191
0.022000,0.614130,0.309249,0.240190
0.024000,0.614112,0.309283,0.240187
0.026000,0.614092,0.309320,0.240185
0.028000,0.614070,0.309360,0.240182
0.030000,0.614058,0.309381,0.240180
0.032000,0.614021,0.309448,0.240175
0.034000,0.613995,0.309496,0.240171
0.036000,0.613967,0.309547,0.240166
0.038000,0.613937,0.309599,0.240162
0.040000,0.613907,0.309654,0.240157
0.042000,0.613891,0.309681,0.240154
0.044000,0.613842,0.309768,0.240146
0.046000,0.613809,0.309827,0.240141
0.048000,0.613792,0.309858,0.240138
0.050000,0.613757,0.309920,0.240133
0.052000,0.613721,0.309983,0.240127
0.054000,0.613685,0.310047,0.240121
0.056000,0.613648,0.310113,0.240115
0.058000,0.613611,0.310178,0.240109
0.060000,0.613575,0.310244,0.240104
0.062000,0.613540,0.310309,0.240099
0.064000,0.613522,0.310342,0.240097
0.066000,0.613469,0.310439,0.240091
0.068000,0.613434,0.310504,0.240086
0.070000,0.613399,0.310568,0.240082
0.072000,0.613365,0.310632,0.240078
0.074000,0.613331,0.310695,0.240075
0.076000,0.613297,0.310758,0.240071
0.078000,0.613263,0.310821,0.240067
0.080000,0.613230,0.310883,0.240064
0.082000,0.613197,0.310945,0.240060
0.084000,0.613164,0.311006,0.240057
0.086000,0.613132,0.311067,0.240054
0.088000,0.613100,0.311128,0.240051
0.090000,0.613068,0.311188,0.240048
0.092000,0.613037,0.311248,0.240045
0.094000,0.613006,0.311307,0.240042
0.096000,0.612975,0.311366,0.240040
0.098000,0.612944,0.311425,0.240037
0.100000,0.612914,0.311483,0.240035
0.102000,0.612884,0.311540,0.240033
0.104000,0.612855,0.311598,0.240031
0.106000,0.612825,0.311654,0.240029
0.108000,0.612796,0.311711,0.240027
0.110000,0.612767,0.311768,0.240025
0.112000,0.612752,0.311796,0.240024
0.114000,0.612707,0.311883,0.240021
0.116000,0.612692,0.311913,0.240020
0.118000,0.612662,0.311972,0.240018
0.120000,0.612631,0.312032,0.240016
0.122000,0.612600,0.312093,0.240014
0.124000,0.612568,0.312154,0.240012
0.126000,0.612537,0.312216,0.240010
0.128000,0.612505,0.312278,0.240008
0.130000,0.612472,0.312341,0.240006
0.132000,0.612440,0.312404,0.240004
0.134000,0.612407,0.312468,0.240002
0.136000,0.612374,0.312532,0.240000
0.138000,0.612340,0.312597,0.239998
0.140000,0.612307,0.312662,0.239996
0.142000,0.612273,0.312728,0.239994
0.144000,0.612239,0.312794,0.239992
0.146000,0.612205,0.312860,0.239989
0.148000,0.612170,0.312927,0.239987
0.150000,0.612136,0.312994,0.239985
0.152000,0.612101,0.313061,0.239983
0.154000,0.612066,0.313129,0.239981
0.156000,0.612031,0.313197,0.239979
0.158000,0.611995,0.313265,0.239977
0.160000,0.611960,0.313334,0.239974
0.162000,0.611924,0.313403,0.239972
0.164000,0.611907,0.313437,0.239971
0.166000,0.611853,0.313541,0.239968
0.168000,0.611817,0.313611,0.239966
0.170000,0.611781,0.313680,0.239964
0.172000,0.611745,0.313750,0.239961
0.174000,0.611708,0.313820,0.239959
0.176000,0.611672,0.313890,0.239957
0.178000,0.611654,0.313926,0.239956
0.180000,0.611617,0.313996,0.239954
0.182000,0.611581,0.314067,0.239952
0.184000,0.611544,0.314137,0.239949
0.186000,0.611507,0.314208,0.239947
0.188000,0.611471,0.314279,0.239945
0.190000,0.611434,0.314350,0.239943
0.192000,0.611397,0.314421,0.239941
0.194000,0.611360,0.314492,0.239939
0.196000,0.611323,0.314563,0.239937
0.198000,0.611286,0.314634,0.239934
0.200000,0.611249,0.314705,0.239932
0.202000,0.611213,0.314776,0.239930
0.204000,0.611176,0.314847,0.239928
0.206000,0.611139,0.314918,0.239926
0.208000,0.611102,0.314989,0.239924
0.210000,0.611065,0.315060,0.239922
0.212000,0.611028,0.315130,0.239920
0.214000,0.610992,0.315201,0.239918
0.216000,0.610955,0.315271,0.239916
0.218000,0.610918,0.315342,0.239914
0.220000,0.610882,0.315412,0.239912
0.222000,0.610845,0.315482,0.239910
0.224000,0.610809,0.315552,0.239908
0.226000,0.610773,0.315622,0.239906
0.228000,0.610736,0.315691,0.239904
0.230000,0.610718,0.315726,0.239904
0.232000,0.610682,0.315795,0.239902
0.234000,0.610646,0.315865,0.239900
0.236000,0.610610,0.315933,0.239898
0.238000,0.610574,0.316002,0.239896
0.240000,0.610539,0.316071,0.239895
0.242000,0.610503,0.316139,0.239893
0.244000,0.610468,0.316207,0.239891
0.246000,0.610432,0.316275,0.239890
0.248000,0.610397,0.316343,0.239888
0.250000,0.610362,0.316410,0.239886
0.252000,0.610327,0.316477,0.239885
0.254000,0.610292,0.316544,0.239883
0.256000,0.610257,0.316611,0.239882
0.258000,0.610222,0.316677,0.239880
0.260000,0.610188,0.316743,0.239879
0.262000,0.610154,0.316809,0.239877
0.264000,0.610119,0.316874,0.239876
0.266000,0.610085,0.316939,0.239875
0.268000,0.610051,0.317004,0.239873
0.270000,0.610018,0.317069,0.239872
0.272000,0.609984,0.317133,0.239871
0.274000,0.609951,0.317197,0.239869
0.276000,0.609917,0.317260,0.239868
0.278000,0.609884,0.317324,0.239867
0.280000,0.609851,0.317387,0.239866
0.282000,0.609818,0.317449,0.239865
0.284000,0.609786,0.317512,0.239864
0.286000,0.609753,0.317574,0.239862
0.288000,0.609721,0.317635,0.239861
0.290000,0.609689,0.317697,0.239860
0.292000,0.609657,0.317758,0.239859
0.294000,0.609625,0.317818,0.239858
0.296000,0.609594,0.317879,0.239858
0.298000,0.609562,0.317939,0.239857
0.300000,0.609531,0.317998,0.239856
0.302000,0.609500,0.318058,0.239855
0.304000,0.609469,0.318117,0.239854
0.306000,0.609438,0.318175,0.239853
0.308000,0.609408,0.318234,0.239853
0.310000,0.609377,0.318292,0.239852
0.312000,0.609347,0.318349,0.239851
0.314000,0.609317,0.318406,0.239851
0.316000,0.609287,0.318463,0.239850
0.318000,0.609272,0.318491,0.239849
0.320000,0.609243,0.318548,0.239849
0.322000,0.609213,0.318604,0.239848
0.324000,0.609184,0.318659,0.239848
0.326000,0.609155,0.318715,0.239847
0.328000,0.609126,0.318769,0.239846
0.330000,0.609097,0.318824,0.239845
0.332000,0.609069,0.318878,0.239845
0.334000,0.609040,0.318932,0.239844
0.336000,0.609012,0.318985,0.239843
0.338000,0.608984,0.319038,0.239843
0.340000,0.608955,0.319091,0.239842
0.342000,0.608928,0.319143,0.239841
0.344000,0.608900,0.319195,0.239840
0.346000,0.608872,0.319247,0.239839
0.348000,0.608845,0.319298,0.239838
0.350000,0.608817,0.319349,0.239837
0.352000,0.608790,0.319400,0.239836
0.354000,0.608763,0.319450,0.239835
0.356000,0.608736,0.319499,0.239834
0.358000,0.608709,0.319549,0.239833
0.360000,0.608682,0.319598,0.239832
0.362000,0.608656,0.319647,0.239831
0.364000,0.608629,0.319696,0.239829
0.366000,0.608602,0.319745,0.239828
0.368000,0.608575,0.319793,0.239826
0.370000,0.608548,0.319842,0.239825
0.372000,0.608522,0.319890,0.239823
0.374000,0.608495,0.319938,0.239821
0.376000,0.608468,0.319986,0.239819
0.378000,0.608442,0.320034,0.239817
0.380000,0.608415,0.320081,0.239815
0.382000,0.608388,0.320129,0.239813
0.384000,0.608362,0.320176,0.239811
0.386000,0.608335,0.320223,0.239809
0.388000,0.608322,0.320247,0.239808
0.390000,0.608295,0.320294,0.239805
0.392000,0.608268,0.320340,0.239803
0.394000,0.608242,0.320387,0.239800
0.396000,0.608215,0.320433,0.239797
0.398000,0.608188,0.320479,0.239794
0.400000,0.608162,0.320525,0.239791
0.402000,0.608135,0.320571,0.239788
0.404000,0.608108,0.320617,0.239785
0.406000,0.608082,0.320662,0.239782
0.408000,0.608055,0.320707,0.239778
0.410000,0.608029,0.320752,0.239775
0.412000,0.608002,0.320797,0.239771
0.414000,0.607975,0.320842,0.239767
0.416000,0.607949,0.320886,0.239763
0.418000,0.607922,0.320930,0.239759
0.420000,0.607896,0.320974,0.239755
0.422000,0.607869,0.321018,0.239751
0.424000,0.607842,0.321062,0.239746
0.426000,0.607815,0.321105,0.239742
0.428000,0.607788,0.321148,0.239737
0.430000,0.607775,0.321170,0.239735
0.432000,0.607734,0.321233,0.239727
0.434000,0.607707,0.321276,0.239722
0.436000,0.607680,0.321317,0.239717
0.438000,0.607652,0.321359,0.239712
0.440000,0.607624,0.321400,0.239706
0.442000,0.607596,0.321441,0.239700
0.444000,0.607568,0.321482,0.239694
0.446000,0.607554,0.321502,0.239691
0.448000,0.607525,0.321542,0.239685
0.450000,0.607496,0.321581,0.239679
0.452000,0.607467,0.321621,0.239673
0.454000,0.607438,0.321659,0.239666
0.456000,0.607408,0.321698,0.239659
0.458000,0.607379,0.321736,0.239652
0.460000,0.607349,0.321774,0.239645
0.462000,0.607318,0.321811,0.239638
0.464000,0.607288,0.321848,0.239631
0.466000,0.607257,0.321884,0.239623
0.468000,0.607226,0.321921,0.239615
0.470000,0.607194,0.321956,0.239608
0.472000,0.607163,0.321992,0.239600
0.474000,0.607131,0.322027,0.239592
0.476000,0.607098,0.322061,0.239583
0.478000,0.607066,0.322095,0.239575
0.480000,0.607033,0.322129,0.239566
0.482000,0.607000,0.322163,0.239558
0.484000,0.606967,0.322196,0.239549
0.486000,0.606934,0.322228,0.239540
0.488000,0.606900,0.322260,0.239531
0.490000,0.606866,0.322292,0.239522
0.492000,0.606832,0.322324,0.239513
0.494000,0.606797,0.322355,0.239504
0.496000,0.606763,0.322386,0.239494
0.498000,0.606728,0.322416,0.239485
0.500000,0.606693,0.322446,0.239475
0.502000,0.606657,0.322475,0.239466
0.504000,0.606621,0.322505,0.239456
0.506000,0.606586,0.322533,0.239446
0.508000,0.606550,0.322562,0.239436
0.510000,0.606513,0.322590,0.239426
0.512000,0.606477,0.322618,0.239416
0.514000,0.606440,0.322645,0.239406
0.516000,0.606403,0.322672,0.239396
0.518000,0.606366,0.322699,0.239386
0.520000,0.606329,0.322725,0.239376
0.522000,0.606291,0.322751,0.239365
0.524000,0.606253,0.322776,0.239355
0.526000,0.606215,0.322802,0.239344
0.528000,0.606177,0.322827,0.239334
0.530000,0.606158,0.322839,0.239329
0.532000,0.606100,0.322875,0.239313
0.534000,0.606061,0.322899,0.239302
0.536000,0.606042,0.322911,0.239297
0.538000,0.605983,0.322946,0.239281
0.540000,0.605964,0.322957,0.239276
0.542000,0.605924,0.322980,0.239265
0.544000,0.605885,0.323002,0.239255
0.546000,0.605845,0.323024,0.239244
0.548000,0.605805,0.323046,0.239233
0.550000,0.605765,0.323067,0.239223
0.552000,0.605725,0.323089,0.239212
0.554000,0.605684,0.323109,0.239201
0.556000,0.605644,0.323130,0.239190
0.558000,0.605603,0.323150,0.239179
0.560000,0.605563,0.323170,0.239169
0.562000,0.605522,0.323190,0.239158
0.564000,0.605481,0.323209,0.239147
0.566000,0.605440,0.323228,0.239136
0.568000,0.605398,0.323247,0.239125
0.570000,0.605357,0.323266,0.239114
0.572000,0.605315,0.323284,0.239103
0.574000,0.605273,0.323302,0.239092
0.576000,0.605231,0.323319,0.239081
0.578000,0.605189,0.323336,0.239070
0.580000,0.605146,0.323353,0.239059
0.582000,0.605104,0.323370,0.239048
0.584000,0.605061,0.323386,0.239037
0.586000,0.605039,0.323394,0.239031
0.588000,0.604996,0.323410,0.239020
0.590000,0.604952,0.323425,0.239009
0.592000,0.604908,0.323440,0.238998
0.594000,0.604864,0.323455,0.238987
0.596000,0.604819,0.323469,0.238976
0.598000,0.604775,0.323483,0.238964
0.600000,0.604730,0.323496,0.238953
0.602000,0.604684,0.323509,0.238942
0.604000,0.604639,0.323522,0.238930
0.606000,0.604593,0.323535,0.238919
0.608000,0.604547,0.323547,0.238908
0.610000,0.604500,0.323559,0.238897
0.612000,0.604454,0.323570,0.238885
0.614000,0.604407,0.323581,0.238874
0.616000,0.604359,0.323592,0.238863
0.618000,0.604312,0.323602,0.238851
0.620000,0.604264,0.323612,0.238840
0.622000,0.604216,0.323622,0.238829
0.624000,0.604167,0.323631,0.238818
0.626000,0.604119,0.323640,0.238807
0.628000,0.604070,0.323648,0.238796
0.630000,0.604045,0.323653,0.238790
0.632000,0.603996,0.323661,0.238779
0.634000,0.603946,0.323668,0.238768
0.636000,0.603897,0.323676,0.238757
0.638000,0.603846,0.323683,0.238746
0.640000,0.603796,0.323690,0.238735
0.642000,0.603745,0.323696,0.238724
0.644000,0.603694,0.323702,0.238713
0.646000,0.603643,0.323708,0.238702
0.648000,0.603592,0.323714,0.238692
0.650000,0.603540,0.323719,0.238681
0.652000,0.603488,0.323724,0.238670
0.654000,0.603436,0.323728,0.238660
0.656000,0.603383,0.323732,0.238649
0.658000,0.603330,0.323736,0.238639
0.660000,0.603277,0.323740,0.238629
0.662000,0.603224,0.323743,0.238619
0.664000,0.603171,0.323746,0.238608
0.666000,0.603117,0.323749,0.238598
0.668000,0.603063,0.323751,0.238588
0.670000,0.603009,0.323754,0.238579
0.672000,0.602955,0.323756,0.238569
0.674000,0.602900,0.323757,0.238559
0.676000,0.602845,0.323759,0.238550
0.678000,0.602790,0.323760,0.238540
0.680000,0.602735,0.323761,0.238531
0.682000,0.602680,0.323761,0.238522
0.684000,0.602624,0.323762,0.238513
0.686000,0.602596,0.323762,0.238508
0.688000,0.602540,0.323762,0.238499
0.690000,0.602484,0.323761,0.238491
0.692000,0.602428,0.323761,0.238482
0.694000,0.602371,0.323760,0.238473
0.696000,0.602315,0.323759,0.238465
0.698000,0.602258,0.323757,0.238457
0.700000,0.602200,0.323756,0.238449
0.702000,0.602143,0.323754,0.238441
0.704000,0.602085,0.323752,0.238433
0.706000,0.602028,0.323750,0.238425
0.708000,0.601969,0.323747,0.238418
0.710000,0.601911,0.323744,0.238410
0.712000,0.601852,0.323741,0.238403
0.714000,0.601794,0.323738,0.238396
0.716000,0.601734,0.323734,0.238389
0.718000,0.601675,0.323730,0.238382
0.720000,0.601615,0.323725,0.238375
0.722000,0.601555,0.323721,0.238368
0.724000,0.601494,0.323716,0.238362
0.726000,0.601433,0.323711,0.238355
0.728000,0.601372,0.323705,0.238349
0.730000,0.601342,0.323702,0.238346
0.732000,0.601249,0.323693,0.238336
0.734000,0.601187,0.323686,0.238330
0.736000,0.601124,0.323679,0.238325
0.738000,0.601061,0.323672,0.238319
0.740000,0.600997,0.323664,0.238313
0.742000,0.600934,0.323656,0.238307
0.744000,0.600869,0.323648,0.238302
0.746000,0.600805,0.323639,0.238297
0.748000,0.600740,0.323630,0.238291
0.750000,0.600675,0.323621,0.238286
0.752000,0.600609,0.323611,0.238281
0.754000,0.600543,0.323601,0.238277
0.756000,0.600477,0.323591,0.238272
0.758000,0.600410,0.323580,0.238267
0.760000,0.600343,0.323569,0.238263
0.762000,0.600275,0.323558,0.238258
0.764000,0.600207,0.323546,0.238254
0.766000,0.600139,0.323534,0.238250
0.768000,0.600070,0.323522,0.238246
0.770000,0.600001,0.323510,0.238242
0.772000,0.599932,0.323497,0.238239
0.774000,0.599862,0.323483,0.238235
0.776000,0.599792,0.323470,0.238232
0.778000,0.599721,0.323456,0.238228
0.780000,0.599686,0.323449,0.238227
0.782000,0.599579,0.323427,0.238222
0.784000,0.599508,0.323413,0.238220
0.786000,0.599436,0.323397,0.238217
0.788000,0.599364,0.323382,0.238214
0.790000,0.599327,0.323374,0.238213
0.792000,0.599255,0.323358,0.238211
0.794000,0.599181,0.323342,0.238209
0.796000,0.599108,0.323326,0.238207
0.798000,0.599034,0.323309,0.238205
0.800000,0.598960,0.323292,0.238203
0.802000,0.598885,0.323275,0.238201
0.804000,0.598810,0.323257,0.238200
0.806000,0.598735,0.323239,0.238199
0.808000,0.598660,0.323221,0.238198
0.810000,0.598584,0.323202,0.238197
0.812000,0.598507,0.323184,0.238196
0.814000,0.598431,0.323165,0.238195
0.816000,0.598354,0.323145,0.238195
0.818000,0.598277,0.323126,0.238194
0.820000,0.598199,0.323106,0.238194
0.822000,0.598121,0.323086,0.238194
0.824000,0.598043,0.323065,0.238195
0.826000,0.597965,0.323045,0.238195
0.828000,0.597886,0.323024,0.238196
0.830000,0.597847,0.323014,0.238196
0.832000,0.597728,0.322982,0.238197
0.834000,0.597648,0.322960,0.238198
0.836000,0.597568,0.322938,0.238200
0.838000,0.597488,0.322916,0.238201
0.840000,0.597408,0.322894,0.238203
0.842000,0.597327,0.322872,0.238204
0.844000,0.597246,0.322849,0.238206
0.846000,0.597165,0.322826,0.238209
0.848000,0.597083,0.322803,0.238211
0.850000,0.597001,0.322780,0.238214
0.852000,0.596919,0.322756,0.238216
0.854000,0.596836,0.322732,0.238219
0.856000,0.596753,0.322708,0.238222
0.858000,0.596670,0.322683,0.238225
0.860000,0.596586,0.322658,0.238228
0.862000,0.596501,0.322633,0.238232
0.864000,0.596459,0.322620,0.238233
0.866000,0.596331,0.322582,0.238239
0.868000,0.596246,0.322555,0.238242
0.870000,0.596202,0.322542,0.238244
0.872000,0.596116,0.322515,0.238248
0.874000,0.596029,0.322488,0.238252
0.876000,0.595941,0.322460,0.238256
0.878000,0.595853,0.322432,0.238260
0.880000,0.595765,0.322404,0.238265
0.882000,0.595675,0.322375,0.238269
0.884000,0.595586,0.322346,0.238274
0.886000,0.595496,0.322316,0.238278
0.888000,0.595405,0.322287,0.238283
0.890000,0.595313,0.322256,0.238288
0.892000,0.595222,0.322225,0.238293
0.894000,0.595129,0.322194,0.238298
0.896000,0.595036,0.322163,0.238303
0.898000,0.594943,0.322131,0.238308
0.900000,0.594849,0.322099,0.238313
0.902000,0.594755,0.322066,0.238318
0.904000,0.594660,0.322033,0.238324
0.906000,0.594612,0.322017,0.238327
0.908000,0.594517,0.321983,0.238332
0.910000,0.594420,0.321949,0.238338
0.912000,0.594324,0.321915,0.238344
0.914000,0.594226,0.321880,0.238350
0.916000,0.594129,0.321845,0.238355
0.918000,0.594030,0.321810,0.238362
0.920000,0.593931,0.321774,0.238368
0.922000,0.593832,0.321738,0.238374
0.924000,0.593732,0.321701,0.238380
0.926000,0.593632,0.321664,0.238387
0.928000,0.593531,0.321627,0.238393
0.930000,0.593430,0.321589,0.238400
0.932000,0.593328,0.321551,0.238406
0.934000,0.593226,0.321513,0.238413
0.936000,0.593123,0.321475,0.238420
0.938000,0.593020,0.321436,0.238427
0.940000,0.592917,0.321396,0.238434
0.942000,0.592813,0.321357,0.238442
0.944000,0.592708,0.321317,0.238449
0.946000,0.592603,0.321277,0.238456
0.948000,0.592498,0.321236,0.238464
0.950000,0.592392,0.321195,0.238471
0.952000,0.592339,0.321175,0.238475
0.954000,0.592233,0.321134,0.238483
0.956000,0.592127,0.321092,0.238491
0.958000,0.592019,0.321050,0.238499
0.960000,0.591912,0.321008,0.238507
0.962000,0.591804,0.320966,0.238515
0.964000,0.591695,0.320923,0.238523
0.966000,0.591587,0.320880,0.238532
0.968000,0.591477,0.320836,0.238540
0.970000,0.591368,0.320793,0.238549
0.972000,0.591258,0.320749,0.238557
0.974000,0.591147,0.320704,0.238566
0.976000,0.591037,0.320660,0.238575
0.978000,0.590925,0.320615,0.238584
0.980000,0.590814,0.320570,0.238593
0.982000,0.590702,0.320525,0.238602
0.984000,0.590590,0.320479,0.238611
0.986000,0.590477,0.320434,0.238621
0.988000,0.590364,0.320387,0.238630
0.990000,0.590251,0.320341,0.238639
0.992000,0.590137,0.320294,0.238649
0.994000,0.590080,0.320271,0.238654
0.996000,0.589966,0.320224,0.238663
0.998000,0.589851,0.320176,0.238673
1.000000,0.589735,0.320128,0.238683
1.002000,0.589619,0.320080,0.238693
1.004000,0.589502,0.320031,0.238702
1.006000,0.589384,0.319982,0.238712
1.008000,0.589266,0.319932,0.238722
1.010000,0.589148,0.319882,0.238732
1.012000,0.589028,0.319831,0.238742
1.014000,0.588908,0.319780,0.238751
1.016000,0.588788,0.319729,0.238761
1.018000,0.588667,0.319677,0.238771
1.020000,0.588545,0.319625,0.238781
1.022000,0.588422,0.319572,0.238791
1.024000,0.588299,0.319519,0.238801
1.026000,0.588176,0.319465,0.238811
1.028000,0.588051,0.319411,0.238820
1.030000,0.587989,0.319384,0.238825
1.032000,0.587801,0.319302,0.238840
1.034000,0.587675,0.319246,0.238850
1.036000,0.587548,0.319191,0.238860
1.038000,0.587484,0.319163,0.238865
1.040000,0.587293,0.319078,0.238880
1.042000,0.587229,0.319049,0.238884
1.044000,0.587100,0.318992,0.238894
1.046000,0.586970,0.318934,0.238904
1.048000,0.586840,0.318876,0.238914
1.050000,0.586709,0.318817,0.238924
1.052000,0.586578,0.318758,0.238933
1.054000,0.586446,0.318698,0.238943
1.056000,0.586313,0.318638,0.238953
1.058000,0.586180,0.318578,0.238963
1.060000,0.586046,0.318517,0.238972
1.062000,0.585912,0.318456,0.238982
1.064000,0.585777,0.318394,0.238992
1.066000,0.585641,0.318332,0.239001
1.068000,0.585505,0.318269,0.239011
1.070000,0.585369,0.318207,0.239021
1.072000,0.585232,0.318143,0.239030
1.074000,0.585094,0.318080,0.239040
1.076000,0.584956,0.318016,0.239050
1.078000,0.584817,0.317951,0.239059
1.080000,0.584678,0.317886,0.239069
1.082000,0.584538,0.317821,0.239079
1.084000,0.584398,0.317756,0.239088
1.086000,0.584258,0.317690,0.239098
1.088000,0.584117,0.317624,0.239107
1.090000,0.583975,0.317557,0.239117
1.092000,0.583833,0.317490,0.239127
1.094000,0.583691,0.317423,0.239136
1.096000,0.583548,0.317356,0.239146
1.098000,0.583405,0.317288,0.239155
1.100000,0.583261,0.317220,0.239165
1.102000,0.583117,0.317151,0.239174
1.104000,0.582972,0.317082,0.239184
1.106000,0.582827,0.317013,0.239194
1.108000,0.582682,0.316944,0.239203
1.110000,0.582609,0.316909,0.239208
1.112000,0.582390,0.316804,0.239222
1.114000,0.582317,0.316769,0.239227
1.116000,0.582170,0.316698,0.239236
1.118000,0.582023,0.316627,0.239246
1.120000,0.581875,0.316556,0.239255
1.122000,0.581727,0.316485,0.239265
1.124000,0.581578,0.316413,0.239274
1.126000,0.581429,0.316341,0.239283
1.128000,0.581280,0.316268,0.239293
1.130000,0.581205,0.316232,0.239297
1.132000,0.580979,0.316122,0.239311
1.134000,0.580828,0.316049,0.239320
1.136000,0.580676,0.315974,0.239330
1.138000,0.580524,0.315900,0.239339
1.140000,0.580371,0.315825,0.239348
1.142000,0.580218,0.315750,0.239357
1.144000,0.580064,0.315674,0.239365
1.146000,0.579909,0.315598,0.239374
1.148000,0.579754,0.315521,0.239383
1.150000,0.579598,0.315444,0.239391
1.152000,0.579441,0.315366,0.239400
1.154000,0.579284,0.315288,0.239408
1.156000,0.579126,0.315209,0.239417
1.158000,0.578967,0.315130,0.239425
1.160000,0.578808,0.315050,0.239433
1.162000,0.578648,0.314970,0.239441
1.164000,0.578487,0.314890,0.239449
1.166000,0.578407,0.314849,0.239453
1.168000,0.578164,0.314727,0.239465
1.170000,0.578001,0.314645,0.239473
1.172000,0.577838,0.314562,0.239480
1.174000,0.577674,0.314479,0.239488
1.176000,0.577510,0.314396,0.239495
1.178000,0.577344,0.314311,0.239503
1.180000,0.577178,0.314227,0.239510
1.182000,0.577012,0.314142,0.239517
1.184000,0.576845,0.314057,0.239524
1.186000,0.576677,0.313971,0.239531
1.188000,0.576508,0.313884,0.239538
1.190000,0.576339,0.313797,0.239545
1.192000,0.576170,0.313710,0.239552
1.194000,0.575999,0.313622,0.239558
1.196000,0.575829,0.313534,0.239565
1.198000,0.575657,0.313445,0.239571
1.200000,0.575485,0.313356,0.239578
1.202000,0.575312,0.313267,0.239584
1.204000,0.575139,0.313177,0.239590
1.206000,0.574965,0.313086,0.239596
1.208000,0.574791,0.312995,0.239602
1.210000,0.574616,0.312904,0.239608
1.212000,0.574529,0.312858,0.239611
1.214000,0.574353,0.312766,0.239617
1.216000,0.574177,0.312674,0.239623
1.218000,0.574000,0.312581,0.239628
1.220000,0.573822,0.312487,0.239634
1.222000,0.573644,0.312394,0.239639
1.224000,0.573465,0.312299,0.239645
1.226000,0.573286,0.312205,0.239650
1.228000,0.573106,0.312109,0.239655
1.230000,0.572925,0.312014,0.239660
1.232000,0.572744,0.311918,0.239665
1.234000,0.572563,0.311821,0.239670
1.236000,0.572381,0.311725,0.239675
1.238000,0.572198,0.311627,0.239679
1.240000,0.572015,0.311530,0.239684
1.242000,0.571831,0.311432,0.239689
1.244000,0.571647,0.311333,0.239693
1.246000,0.571463,0.311235,0.239698
1.248000,0.571278,0.311136,0.239702
1.250000,0.571093,0.311036,0.239706
1.252000,0.570907,0.310936,0.239710
1.254000,0.570720,0.310836,0.239715
1.256000,0.570627,0.310786,0.239717
1.258000,0.570440,0.310685,0.239721
1.260000,0.570253,0.310584,0.239724
1.262000,0.570065,0.310483,0.239728
1.264000,0.569876,0.310381,0.239732
1.266000,0.569687,0.310279,0.239736
1.268000,0.569498,0.310176,0.239739
1.270000,0.569308,0.310073,0.239743
1.272000,0.569117,0.309969,0.239746
1.274000,0.568926,0.309865,0.239749
1.276000,0.568734,0.309761,0.239753
1.278000,0.568542,0.309656,0.239756
1.280000,0.568348,0.309551,0.239759
1.282000,0.568155,0.309445,0.239761
1.284000,0.567960,0.309338,0.239764
1.286000,0.567765,0.309231,0.239767
1.288000,0.567569,0.309124,0.239769
1.290000,0.567372,0.309016,0.239772
1.292000,0.567175,0.308907,0.239774
1.294000,0.566977,0.308798,0.239776
1.296000,0.566778,0.308688,0.239778
1.298000,0.566579,0.308578,0.239780
1.300000,0.566378,0.308467,0.239782
1.302000,0.566278,0.308412,0.239783
1.304000,0.565976,0.308244,0.239786
1.306000,0.565773,0.308132,0.239787
1.308000,0.565570,0.308019,0.239789
1.310000,0.565366,0.307905,0.239790
1.312000,0.565264,0.307848,0.239791
1.314000,0.565059,0.307734,0.239792
1.316000,0.564854,0.307619,0.239793
1.318000,0.564647,0.307503,0.239794
1.320000,0.564440,0.307387,0.239795
1.322000,0.564232,0.307271,0.239796
1.324000,0.564023,0.307153,0.239797
1.326000,0.563813,0.307036,0.239797
1.328000,0.563603,0.306917,0.239798
1.330000,0.563392,0.306798,0.239798
1.332000,0.563180,0.306679,0.239798
1.334000,0.562968,0.306559,0.239799
1.336000,0.562755,0.306438,0.239799
1.338000,0.562541,0.306317,0.239799
1.340000,0.562326,0.306195,0.239799
1.342000,0.562111,0.306073,0.239799
1.344000,0.561895,0.305950,0.239799
1.346000,0.561679,0.305827,0.239799
1.348000,0.561570,0.305766,0.239798
1.350000,0.561244,0.305579,0.239798
1.352000,0.561026,0.305455,0.239798
1.354000,0.560807,0.305330,0.239797
1.356000,0.560587,0.305204,0.239797
1.358000,0.560367,0.305078,0.239796
1.360000,0.560257,0.305015,0.239796
1.362000,0.559925,0.304824,0.239795
1.364000,0.559925,0.304824,0.239795
1.366000,0.559592,0.304633,0.239794
1.368000,0.559369,0.304505,0.239793
1.370000,0.559145,0.304376,0.239792
1.372000,0.558921,0.304247,0.239791
1.374000,0.558696,0.304117,0.239790
1.376000,0.558471,0.303987,0.239789
1.378000,0.558245,0.303856,0.239788
1.380000,0.558019,0.303725,0.239786
1.382000,0.557792,0.303593,0.239785
1.384000,0.557564,0.303462,0.239784
1.386000,0.557336,0.303329,0.239783
1.388000,0.557107,0.303196,0.239781
1.390000,0.556878,0.303063,0.239780
1.392000,0.556649,0.302930,0.239779
1.394000,0.556419,0.302796,0.239777
1.396000,0.556188,0.302661,0.239776
1.398000,0.555957,0.302527,0.239774
1.400000,0.555726,0.302392,0.239773
1.402000,0.555494,0.302256,0.239771
1.404000,0.555262,0.302120,0.239770
1.406000,0.555029,0.301984,0.239768
1.408000,0.554796,0.301847,0.239766
1.410000,0.554563,0.301710,0.239765
1.412000,0.554446,0.301642,0.239764
1.414000,0.554211,0.301504,0.239762
1.416000,0.553976,0.301366,0.239760
1.418000,0.553740,0.301227,0.239759
1.420000,0.553503,0.301088,0.239757
1.422000,0.553266,0.300948,0.239755
1.424000,0.553028,0.300808,0.239753
1.426000,0.552789,0.300667,0.239751
1.428000,0.552549,0.300525,0.239749
1.430000,0.552309,0.300383,0.239747
1.432000,0.552068,0.300240,0.239745
1.434000,0.551826,0.300097,0.239743
1.436000,0.551583,0.299953,0.239741
1.438000,0.551340,0.299808,0.239739
1.440000,0.551095,0.299663,0.239737
1.442000,0.550850,0.299518,0.239735
1.444000,0.550605,0.299372,0.239733
1.446000,0.550358,0.299225,0.239731
1.448000,0.550111,0.299077,0.239729
1.450000,0.549863,0.298930,0.239727
1.452000,0.549739,0.298855,0.239726
1.454000,0.549365,0.298632,0.239723
1.456000,0.549240,0.298557,0.239722
1.458000,0.548990,0.298407,0.239720
1.460000,0.548738,0.298257,0.239718
1.462000,0.548486,0.298106,0.239716
1.464000,0.548233,0.297954,0.239714
1.466000,0.547979,0.297801,0.239712
1.468000,0.547725,0.297649,0.239710
1.470000,0.547470,0.297495,0.239708
1.472000,0.547214,0.297341,0.239706
1.474000,0.546957,0.297186,0.239704
1.476000,0.546699,0.297031,0.239702
1.478000,0.546441,0.296875,0.239700
1.480000,0.546182,0.296719,0.239698
1.482000,0.545923,0.296562,0.239696
1.484000,0.545663,0.296404,0.239695
1.486000,0.545402,0.296247,0.239693
1.488000,0.545140,0.296088,0.239691
1.490000,0.544878,0.295929,0.239690
1.492000,0.544615,0.295770,0.239688
1.494000,0.544352,0.295610,0.239687
1.496000,0.544088,0.295450,0.239685
1.498000,0.543824,0.295289,0.239684
1.500000,0.543559,0.295127,0.239682
1.502000,0.543293,0.294966,0.239681
1.504000,0.543027,0.294804,0.239680
1.506000,0.542760,0.294641,0.239679
1.508000,0.542627,0.294559,0.239678
1.510000,0.542359,0.294396,0.239677
1.512000,0.542091,0.294232,0.239676
1.514000,0.541822,0.294068,0.239675
1.516000,0.541553,0.293903,0.239674
1.518000,0.541283,0.293738,0.239673
1.520000,0.541012,0.293572,0.239673
1.522000,0.540741,0.293406,0.239672
1.524000,0.540469,0.293239,0.239672
1.526000,0.540197,0.293072,0.239671
1.528000,0.539924,0.292904,0.239671
1.530000,0.539787,0.292820,0.239670
1.532000,0.539376,0.292568,0.239670
1.534000,0.539102,0.292399,0.239670
1.536000,0.538827,0.292230,0.239670
1.538000,0.538552,0.292060,0.239670
1.540000,0.538276,0.291890,0.239670
1.542000,0.537999,0.291720,0.239670
1.544000,0.537723,0.291549,0.239670
1.546000,0.537446,0.291378,0.239671
1.548000,0.537168,0.291206,0.239671
1.550000,0.536890,0.291034,0.239671
1.552000,0.536611,0.290862,0.239672
1.554000,0.536332,0.290689,0.239673
1.556000,0.536052,0.290516,0.239674
1.558000,0.535772,0.290342,0.239674
1.560000,0.535491,0.290168,0.239675
1.562000,0.535210,0.289993,0.239677
1.564000,0.534927,0.289818,0.239678
1.566000,0.534645,0.289643,0.239679
1.568000,0.534362,0.289467,0.239681
1.570000,0.534078,0.289290,0.239682
1.572000,0.533793,0.289113,0.239684
1.574000,0.533508,0.288936,0.239686
1.576000,0.533222,0.288758,0.239687
1.578000,0.532936,0.288579,0.239690
1.580000,0.532649,0.288400,0.239692
1.582000,0.532361,0.288221,0.239694
1.584000,0.532073,0.288041,0.239696
1.586000,0.531929,0.287951,0.239698
1.588000,0.531495,0.287680,0.239702
1.590000,0.531205,0.287498,0.239704
1.592000,0.531059,0.287407,0.239706
1.594000,0.530768,0.287225,0.239709
1.596000,0.530476,0.287042,0.239712
1.598000,0.530184,0.286859,0.239715
1.600000,0.529890,0.286675,0.239719
1.602000,0.529596,0.286491,0.239722
1.604000,0.529302,0.286306,0.239726
1.606000,0.529006,0.286120,0.239730
1.608000,0.528710,0.285934,0.239734
1.610000,0.528413,0.285748,0.239738
1.612000,0.528116,0.285561,0.239742
1.614000,0.527818,0.285373,0.239747
1.616000,0.527519,0.285185,0.239752
1.618000,0.527220,0.284997,0.239756
1.620000,0.526920,0.284808,0.239761
1.622000,0.526620,0.284618,0.239767
1.624000,0.526319,0.284429,0.239772
1.626000,0.526017,0.284238,0.239777
1.628000,0.525715,0.284048,0.239783
1.630000,0.525413,0.283856,0.239789
1.632000,0.525110,0.283665,0.239795
1.634000,0.524806,0.283473,0.239801
1.636000,0.524502,0.283280,0.239807
1.638000,0.524197,0.283088,0.239813
1.640000,0.523892,0.282894,0.239820
1.642000,0.523586,0.282701,0.239827
1.644000,0.523280,0.282507,0.239834
1.646000,0.522974,0.282312,0.239841
1.648000,0.522667,0.282118,0.239848
1.650000,0.522359,0.281922,0.239855
1.652000,0.522051,0.281727,0.239863
1.654000,0.521743,0.281531,0.239871
1.656000,0.521434,0.281335,0.239879
1.658000,0.521125,0.281138,0.239887
1.660000,0.520816,0.280941,0.239895
1.662000,0.520506,0.280744,0.239903
1.664000,0.520195,0.280546,0.239912
1.666000,0.519884,0.280348,0.239921
1.668000,0.519573,0.280150,0.239929
1.670000,0.519262,0.279951,0.239938
1.672000,0.518950,0.279753,0.239948
1.674000,0.518794,0.279653,0.239952
1.676000,0.518481,0.279454,0.239962
1.678000,0.518168,0.279254,0.239971
1.680000,0.517855,0.279054,0.239981
1.682000,0.517540,0.278854,0.239991
1.684000,0.517226,0.278653,0.240001
1.686000,0.516911,0.278452,0.240011
1.688000,0.516595,0.278251,0.240022
1.690000,0.516279,0.278050,0.240032
1.692000,0.515962,0.277848,0.240043
1.694000,0.515645,0.277647,0.240054
1.696000,0.515327,0.277445,0.240065
1.698000,0.515009,0.277242,0.240076
1.700000,0.514690,0.277040,0.240087
1.702000,0.514370,0.276837,0.240099
1.704000,0.514051,0.276634,0.240110
1.706000,0.513730,0.276431,0.240122
1.708000,0.513410,0.276228,0.240134
1.710000,0.513088,0.276024,0.240146
1.712000,0.512767,0.275820,0.240158
1.714000,0.512444,0.275616,0.240171
1.716000,0.512122,0.275411,0.240183
1.718000,0.511799,0.275207,0.240195
1.720000,0.511475,0.275002,0.240208
1.722000,0.511151,0.274797,0.240221
1.724000,0.510826,0.274592,0.240234
1.726000,0.510501,0.274386,0.240247
1.728000,0.510176,0.274181,0.240260
1.730000,0.510013,0.274078,0.240266
1.732000,0.509523,0.273769,0.240286
1.734000,0.509196,0.273563,0.240299
1.736000,0.508869,0.273356,0.240313
1.738000,0.508705,0.273253,0.240320
1.740000,0.508213,0.272943,0.240340
1.742000,0.508049,0.272839,0.240347
1.744000,0.507720,0.272632,0.240361
1.746000,0.507390,0.272424,0.240374
1.748000,0.507060,0.272217,0.240388
1.750000,0.506729,0.272009,0.240402
1.752000,0.506398,0.271800,0.240417
1.754000,0.506067,0.271592,0.240431
1.756000,0.505735,0.271383,0.240445
1.758000,0.505402,0.271174,0.240459
1.760000,0.505069,0.270965,0.240474
1.762000,0.504736,0.270756,0.240488
1.764000,0.504402,0.270546,0.240503
1.766000,0.504068,0.270337,0.240517
1.768000,0.503733,0.270127,0.240532
1.770000,0.503398,0.269917,0.240547
1.772000,0.503063,0.269707,0.240561
1.774000,0.502727,0.269496,0.240576
1.776000,0.502391,0.269286,0.240591
1.778000,0.502054,0.269075,0.240605
1.780000,0.501717,0.268865,0.240620
1.782000,0.501380,0.268654,0.240635
1.784000,0.501042,0.268443,0.240650
1.786000,0.500705,0.268232,0.240664
1.788000,0.500366,0.268021,0.240679
1.790000,0.500028,0.267809,0.240694
1.792000,0.499689,0.267598,0.240708
1.794000,0.499350,0.267386,0.240723
1.796000,0.499011,0.267174,0.240737
1.798000,0.498671,0.266963,0.240752
1.800000,0.498331,0.266751,0.240766
1.802000,0.497991,0.266539,0.240781
1.804000,0.497650,0.266327,0.240795
1.806000,0.497309,0.266115,0.240810
1.808000,0.496968,0.265902,0.240824
1.810000,0.496627,0.265690,0.240838
1.812000,0.496285,0.265478,0.240852
1.814000,0.495943,0.265265,0.240866
1.816000,0.495601,0.265053,0.240880
1.818000,0.495259,0.264840,0.240894
1.820000,0.494916,0.264627,0.240908
1.822000,0.494573,0.264415,0.240921
1.824000,0.494230,0.264202,0.240935
1.826000,0.493887,0.263989,0.240948
1.828000,0.493543,0.263776,0.240962
1.830000,0.493372,0.263669,0.240968
1.832000,0.492856,0.263350,0.240988
1.834000,0.492684,0.263243,0.240995
1.836000,0.492339,0.263030,0.241008
1.838000,0.491995,0.262817,0.241020
1.840000,0.491650,0.262603,0.241033
1.842000,0.491305,0.262390,0.241046
1.844000,0.490959,0.262176,0.241058
1.846000,0.490613,0.261963,0.241071
1.848000,0.490267,0.261749,0.241083
1.850000,0.489921,0.261535,0.241095
1.852000,0.489575,0.261321,0.241107
1.854000,0.489228,0.261107,0.241118
1.856000,0.488882,0.260894,0.241130
1.858000,0.488535,0.260680,0.241141
1.860000,0.488188,0.260466,0.241152
1.862000,0.487841,0.260252,0.241163
1.864000,0.487493,0.260038,0.241173
1.866000,0.487146,0.259824,0.241184
1.868000,0.486798,0.259610,0.241194
1.870000,0.486451,0.259396,0.241204
1.872000,0.486103,0.259182,0.241214
1.874000,0.485755,0.258968,0.241223
1.876000,0.485407,0.258754,0.241232
1.878000,0.485059,0.258540,0.241241
1.880000,0.484711,0.258326,0.241250
1.882000,0.484363,0.258113,0.241258
1.884000,0.484014,0.257899,0.241266
1.886000,0.483666,0.257685,0.241274
1.888000,0.483317,0.257471,0.241282
1.890000,0.482969,0.257257,0.241289
1.892000,0.482795,0.257150,0.241292
1.894000,0.482446,0.256937,0.241299
1.896000,0.482097,0.256723,0.241306
1.898000,0.481748,0.256509,0.241312
1.900000,0.481399,0.256295,0.241318
1.902000,0.481049,0.256081,0.241324
1.904000,0.480700,0.255868,0.241329
1.906000,0.480350,0.255654,0.241334
1.908000,0.480000,0.255440,0.241339
1.910000,0.479650,0.255226,0.241344
1.912000,0.479300,0.255012,0.241348
1.914000,0.478950,0.254798,0.241352
1.916000,0.478599,0.254584,0.241355
1.918000,0.478249,0.254370,0.241359
1.920000,0.477898,0.254156,0.241362
1.922000,0.477548,0.253942,0.241364
1.924000,0.477197,0.253728,0.241366
1.926000,0.476846,0.253514,0.241368
1.928000,0.476495,0.253300,0.241370
1.930000,0.476320,0.253193,0.241370
1.932000,0.475969,0.252979,0.241371
1.934000,0.475618,0.252765,0.241372
1.936000,0.475266,0.252551,0.241373
1.938000,0.474915,0.252337,0.241373
1.940000,0.474563,0.252122,0.241372
1.942000,0.474211,0.251908,0.241372
1.944000,0.473859,0.251694,0.241371
1.946000,0.473507,0.251479,0.241369
1.948000,0.473155,0.251265,0.241368
1.950000,0.472803,0.251051,0.241366
1.952000,0.472450,0.250836,0.241363
1.954000,0.472098,0.250621,0.241360
1.956000,0.471745,0.250407,0.241357
1.958000,0.471393,0.250192,0.241354
1.960000,0.471040,0.249978,0.241350
1.962000,0.470687,0.249763,0.241345
1.964000,0.470334,0.249548,0.241341
1.966000,0.469982,0.249333,0.241336
1.968000,0.469629,0.249119,0.241330
1.970000,0.469276,0.248904,0.241324
1.972000,0.468923,0.248689,0.241318
1.974000,0.468571,0.248474,0.241311
1.976000,0.468219,0.248260,0.241303
1.978000,0.467866,0.248045,0.241295
1.980000,0.467515,0.247831,0.241287
1.982000,0.467163,0.247616,0.241278
1.984000,0.466811,0.247402,0.241268
1.986000,0.466460,0.247187,0.241258
1.988000,0.466285,0.247080,0.241253
1.990000,0.465934,0.246866,0.241242
1.992000,0.465583,0.246652,0.241231
1.994000,0.465233,0.246438,0.241219
1.996000,0.464883,0.246224,0.241206
1.998000,0.464533,0.246010,0.241193
2.000000,0.464183,0.245796,0.241179
2.002000,0.463834,0.245582,0.241165
2.004000,0.463485,0.245368,0.241151
2.006000,0.463136,0.245154,0.241135
2.008000,0.462787,0.244940,0.241119
2.010000,0.462439,0.244727,0.241103
2.012000,0.462091,0.244513,0.241086
2.014000,0.461743,0.244300,0.241068
2.016000,0.461396,0.244087,0.241050
2.018000,0.461049,0.243873,0.241031
2.020000,0.460703,0.243660,0.241011
2.022000,0.460530,0.243554,0.241001
2.024000,0.460183,0.243341,0.240981
2.026000,0.459838,0.243128,0.240960
2.028000,0.459492,0.242915,0.240938
2.030000,0.459147,0.242702,0.240916
2.032000,0.458802,0.242489,0.240893
2.034000,0.458457,0.242276,0.240869
2.036000,0.458112,0.242063,0.240846
2.038000,0.457768,0.241850,0.240821
2.040000,0.457424,0.241637,0.240796
2.042000,0.457080,0.241424,0.240770
2.044000,0.456737,0.241212,0.240744
2.046000,0.456394,0.240999,0.240717
2.048000,0.456051,0.240786,0.240689
2.050000,0.455708,0.240574,0.240661
2.052000,0.455366,0.240361,0.240632
2.054000,0.455024,0.240148,0.240603
2.056000,0.454683,0.239936,0.240573
2.058000,0.454341,0.239723,0.240542
2.060000,0.454001,0.239511,0.240511
2.062000,0.453660,0.239298,0.240479
2.064000,0.453320,0.239086,0.240447
2.066000,0.452979,0.238874,0.240414
2.068000,0.452640,0.238661,0.240380
2.070000,0.452300,0.238449,0.240346
2.072000,0.451961,0.238237,0.240312
2.074000,0.451622,0.238024,0.240276
2.076000,0.451284,0.237812,0.240240
2.078000,0.450946,0.237600,0.240204
2.080000,0.450608,0.237387,0.240167
2.082000,0.450270,0.237175,0.240129
2.084000,0.449933,0.236963,0.240091
2.086000,0.449596,0.236750,0.240052
2.088000,0.449259,0.236538,0.240013
2.090000,0.448922,0.236326,0.239973
2.092000,0.448586,0.236113,0.239932
2.094000,0.448418,0.236007,0.239912
2.096000,0.447914,0.235689,0.239850
2.098000,0.447579,0.235476,0.239808
2.100000,0.447244,0.235264,0.239765
2.102000,0.446909,0.235051,0.239722
2.104000,0.446574,0.234839,0.239679
2.106000,0.446406,0.234733,0.239657
2.108000,0.446072,0.234520,0.239612
2.110000,0.445738,0.234308,0.239567
2.112000,0.445404,0.234095,0.239522
2.114000,0.445071,0.233883,0.239476
2.116000,0.444738,0.233670,0.239429
2.118000,0.444405,0.233458,0.239382
2.120000,0.444073,0.233246,0.239334
2.122000,0.443741,0.233033,0.239285
2.124000,0.443410,0.232821,0.239236
2.126000,0.443080,0.232609,0.239187
2.128000,0.442750,0.232397,0.239136
2.130000,0.442585,0.232292,0.239111
2.132000,0.442092,0.231974,0.239033
2.134000,0.441763,0.231763,0.238981
2.136000,0.441436,0.231552,0.238928
2.138000,0.441109,0.231341,0.238874
2.140000,0.440782,0.231130,0.238819
2.142000,0.440457,0.230919,0.238764
2.144000,0.440132,0.230709,0.238708
2.146000,0.439808,0.230499,0.238652
2.148000,0.439484,0.230289,0.238595
2.150000,0.439161,0.230079,0.238537
2.152000,0.439000,0.229974,0.238507
2.154000,0.438678,0.229764,0.238448
2.156000,0.438357,0.229555,0.238389
2.158000,0.438037,0.229346,0.238329
2.160000,0.437717,0.229137,0.238268
2.162000,0.437398,0.228928,0.238206
2.164000,0.437079,0.228719,0.238144
2.166000,0.436761,0.228511,0.238081
2.168000,0.436444,0.228303,0.238018
2.170000,0.436127,0.228094,0.237954
2.172000,0.435811,0.227886,0.237890
2.174000,0.435495,0.227679,0.237824
2.176000,0.435181,0.227471,0.237759
2.178000,0.434866,0.227264,0.237692
2.180000,0.434553,0.227056,0.237626
2.182000,0.434240,0.226849,0.237558
2.184000,0.433928,0.226642,0.237490
2.186000,0.433616,0.226435,0.237422
2.188000,0.433305,0.226229,0.237352
2.190000,0.432995,0.226022,0.237283
2.192000,0.432685,0.225816,0.237213
2.194000,0.432376,0.225610,0.237142
2.196000,0.432067,0.225404,0.237071
2.198000,0.431759,0.225198,0.236999
2.200000,0.431452,0.224992,0.236927
2.202000,0.431145,0.224787,0.236855
2.204000,0.430838,0.224581,0.236782
2.206000,0.430533,0.224376,0.236708
2.208000,0.430228,0.224171,0.236634
2.210000,0.429923,0.223966,0.236560
2.212000,0.429619,0.223761,0.236485
2.214000,0.429316,0.223556,0.236410
2.216000,0.429013,0.223352,0.236334
2.218000,0.428710,0.223147,0.236259
2.220000,0.428409,0.222943,0.236182
2.222000,0.428107,0.222738,0.236106
2.224000,0.427806,0.222534,0.236029
2.226000,0.427506,0.222330,0.235951
2.228000,0.427206,0.222126,0.235874
2.230000,0.427057,0.222024,0.235835
2.232000,0.426608,0.221719,0.235718
2.234000,0.426310,0.221515,0.235639
2.236000,0.426012,0.221312,0.235561
2.238000,0.425715,0.221108,0.235482
2.240000,0.425418,0.220905,0.235402
2.242000,0.425121,0.220701,0.235323
2.244000,0.424825,0.220498,0.235243
2.246000,0.424530,0.220295,0.235163
2.248000,0.424235,0.220092,0.235083
2.250000,0.424088,0.219991,0.235043
2.252000,0.423794,0.219788,0.234963
2.254000,0.423500,0.219586,0.234882
2.256000,0.423207,0.219383,0.234801
2.258000,0.422915,0.219181,0.234720
2.260000,0.422623,0.218979,0.234638
2.262000,0.422332,0.218777,0.234556
2.264000,0.422042,0.218576,0.234474
2.266000,0.421753,0.218374,0.234392
2.268000,0.421464,0.218173,0.234309
2.270000,0.421176,0.217973,0.234226
2.272000,0.420889,0.217772,0.234142
2.274000,0.420603,0.217572,0.234059
2.276000,0.420318,0.217372,0.233975
2.278000,0.420176,0.217272,0.233933
2.280000,0.419892,0.217073,0.233848
2.282000,0.419609,0.216874,0.233763
2.284000,0.419327,0.216675,0.233678
2.286000,0.419045,0.216477,0.233593
2.288000,0.418765,0.216279,0.233507
2.290000,0.418485,0.216081,0.233421
2.292000,0.418206,0.215884,0.233335
2.294000,0.417928,0.215686,0.233249
2.296000,0.417651,0.215490,0.233162
2.298000,0.417375,0.215293,0.233075
2.300000,0.417100,0.215097,0.232988
2.302000,0.416826,0.214901,0.232901
2.304000,0.416553,0.214706,0.232813
2.306000,0.416280,0.214511,0.232726
2.308000,0.416009,0.214316,0.232638
2.310000,0.415738,0.214122,0.232550
2.312000,0.415468,0.213928,0.232462
2.314000,0.415199,0.213734,0.232373
2.316000,0.414931,0.213541,0.232285
2.318000,0.414664,0.213348,0.232196
2.320000,0.414531,0.213252,0.232152
2.322000,0.414133,0.212963,0.232019
2.324000,0.414001,0.212867,0.231974
2.326000,0.413737,0.212675,0.231886
2.328000,0.413473,0.212484,0.231797
2.330000,0.413211,0.212293,0.231708
2.332000,0.412950,0.212102,0.231619
2.334000,0.412689,0.211911,0.231530
2.336000,0.412429,0.211721,0.231441
2.338000,0.412170,0.211531,0.231353
2.340000,0.411912,0.211341,0.231264
2.342000,0.411654,0.211152,0.231175
2.344000,0.411398,0.210963,0.231087
2.346000,0.411142,0.210774,0.230998
2.348000,0.410887,0.210586,0.230910
2.350000,0.410633,0.210398,0.230822
2.352000,0.410379,0.210210,0.230734
2.354000,0.410127,0.210023,0.230646
2.356000,0.409875,0.209835,0.230558
2.358000,0.409624,0.209649,0.230471
2.360000,0.409373,0.209462,0.230383
2.362000,0.409124,0.209276,0.230296
2.364000,0.408875,0.209090,0.230209
2.366000,0.408627,0.208904,0.230123
2.368000,0.408380,0.208719,0.230036
2.370000,0.408133,0.208534,0.229950
2.372000,0.408010,0.208441,0.229907
2.374000,0.407765,0.208256,0.229822
2.376000,0.407520,0.208072,0.229736
2.378000,0.407276,0.207888,0.229652
2.380000,0.407033,0.207704,0.229567
2.382000,0.406790,0.207520,0.229483
2.384000,0.406548,0.207337,0.229399
2.386000,0.406307,0.207154,0.229315
2.388000,0.406066,0.206971,0.229232
2.390000,0.405826,0.206788,0.229150
2.392000,0.405587,0.206606,0.229067
2.394000,0.405349,0.206424,0.228985
2.396000,0.405112,0.206243,0.228904
2.398000,0.404875,0.206062,0.228822
2.400000,0.404640,0.205881,0.228741
2.402000,0.404405,0.205701,0.228660
2.404000,0.404172,0.205521,0.228580
2.406000,0.403939,0.205341,0.228500
2.408000,0.403708,0.205162,0.228420
2.410000,0.403477,0.204984,0.228340
2.412000,0.403248,0.204806,0.228261
2.414000,0.403020,0.204628,0.228182
2.416000,0.402906,0.204540,0.228142
2.418000,0.402679,0.204363,0.228064
2.420000,0.402454,0.204186,0.227985
2.422000,0.402229,0.204011,0.227907
2.424000,0.402006,0.203835,0.227830
2.426000,0.401784,0.203660,0.227752
2.428000,0.401563,0.203486,0.227675
2.430000,0.401343,0.203312,0.227599
2.432000,0.401233,0.203226,0.227560
2.434000,0.401015,0.203053,0.227484
2.436000,0.400689,0.202794,0.227371
2.438000,0.400473,0.202622,0.227295
2.440000,0.400259,0.202451,0.227220
2.442000,0.400046,0.202280,0.227146
2.444000,0.399833,0.202110,0.227072
2.446000,0.399622,0.201940,0.226998
2.448000,0.399413,0.201771,0.226925
2.450000,0.399204,0.201602,0.226852
2.452000,0.398996,0.201434,0.226780
2.454000,0.398790,0.201267,0.226708
2.456000,0.398584,0.201100,0.226636
2.458000,0.398380,0.200933,0.226565
2.460000,0.398177,0.200767,0.226495
2.462000,0.397975,0.200602,0.226425
2.464000,0.397774,0.200437,0.226355
2.466000,0.397574,0.200273,0.226286
2.468000,0.397376,0.200109,0.226218
2.470000,0.397178,0.199946,0.226150
2.472000,0.396982,0.199783,0.226082
2.474000,0.396787,0.199621,0.226016
2.476000,0.396592,0.199459,0.225950
2.478000,0.396399,0.199298,0.225884
2.480000,0.396207,0.199137,0.225819
2.482000,0.396016,0.198977,0.225755
2.484000,0.395827,0.198818,0.225691
2.486000,0.395638,0.198659,0.225628
2.488000,0.395450,0.198500,0.225566
2.490000,0.395264,0.198342,0.225504
2.492000,0.395171,0.198263,0.225473
2.494000,0.394893,0.198027,0.225382
2.496000,0.394802,0.197949,0.225353
2.498000,0.394619,0.197793,0.225293
2.500000,0.394437,0.197637,0.225235
2.502000,0.394256,0.197482,0.225177
2.504000,0.394076,0.197327,0.225120
2.506000,0.393897,0.197173,0.225063
2.508000,0.393719,0.197019,0.225008
2.510000,0.393543,0.196866,0.224953
2.512000,0.393367,0.196713,0.224899
2.514000,0.393192,0.196561,0.224846
2.516000,0.393018,0.196409,0.224794
2.518000,0.392845,0.196257,0.224742
2.520000,0.392673,0.196106,0.224691
2.522000,0.392503,0.195956,0.224641
2.524000,0.392333,0.195806,0.224592
2.526000,0.392164,0.195657,0.224544
2.528000,0.391996,0.195508,0.224497
2.530000,0.391829,0.195359,0.224450
2.532000,0.391663,0.195212,0.224404
2.534000,0.391499,0.195064,0.224359
2.536000,0.391335,0.194917,0.224315
2.538000,0.391173,0.194771,0.224271
2.540000,0.391011,0.194625,0.224229
2.542000,0.390851,0.194480,0.224187
2.544000,0.390692,0.194336,0.224145
2.546000,0.390535,0.194192,0.224105
2.548000,0.390378,0.194049,0.224065
2.550000,0.390223,0.193906,0.224026
2.552000,0.390069,0.193764,0.223988
2.554000,0.389916,0.193623,0.223950
2.556000,0.389764,0.193482,0.223913
2.558000,0.389614,0.193342,0.223877
2.560000,0.389465,0.193202,0.223841
2.562000,0.389317,0.193063,0.223807
2.564000,0.389170,0.192925,0.223773
2.566000,0.389025,0.192787,0.223739
2.568000,0.388881,0.192650,0.223707
2.570000,0.388738,0.192514,0.223675
2.572000,0.388597,0.192378,0.223644
2.574000,0.388457,0.192243,0.223613
2.576000,0.388318,0.192109,0.223584
2.578000,0.388180,0.191975,0.223555
2.580000,0.388044,0.191842,0.223526
2.582000,0.387909,0.191710,0.223499
2.584000,0.387775,0.191578,0.223472
2.586000,0.387642,0.191447,0.223446
2.588000,0.387511,0.191316,0.223421
2.590000,0.387381,0.191187,0.223396
2.592000,0.387317,0.191122,0.223384
2.594000,0.387189,0.190993,0.223361
2.596000,0.387062,0.190865,0.223338
2.598000,0.386937,0.190737,0.223316
2.600000,0.386812,0.190611,0.223295
2.602000,0.386689,0.190484,0.223275
2.604000,0.386568,0.190359,0.223256
2.606000,0.386447,0.190234,0.223237
2.608000,0.386328,0.190109,0.223219
2.610000,0.386210,0.189986,0.223202
2.612000,0.386093,0.189863,0.223185
2.614000,0.385978,0.189740,0.223170
2.616000,0.385863,0.189619,0.223155
2.618000,0.385750,0.189497,0.223141
2.620000,0.385639,0.189377,0.223128
2.622000,0.385583,0.189317,0.223121
2.624000,0.385473,0.189197,0.223109
2.626000,0.385364,0.189078,0.223098
2.628000,0.385257,0.188960,0.223088
2.630000,0.385151,0.188842,0.223078
2.632000,0.385045,0.188725,0.223069
2.634000,0.384941,0.188608,0.223061
2.636000,0.384839,0.188492,0.223054
2.638000,0.384737,0.188377,0.223048
2.640000,0.384637,0.188262,0.223042
2.642000,0.384537,0.188148,0.223038
2.644000,0.384439,0.188035,0.223034
2.646000,0.384342,0.187922,0.223031
2.648000,0.384247,0.187809,0.223029
2.650000,0.384152,0.187698,0.223027
2.652000,0.384059,0.187587,0.223027
2.654000,0.383966,0.187476,0.223027
2.656000,0.383875,0.187366,0.223028
2.658000,0.383785,0.187256,0.223030
2.660000,0.383696,0.187148,0.223033
2.662000,0.383609,0.187039,0.223037
2.664000,0.383522,0.186932,0.223041
2.666000,0.383436,0.186824,0.223047
2.668000,0.383352,0.186718,0.223053
2.670000,0.383269,0.186612,0.223059
2.672000,0.383187,0.186507,0.223067
2.674000,0.383106,0.186402,0.223075
2.676000,0.383026,0.186298,0.223085
2.678000,0.382948,0.186194,0.223094
2.680000,0.382870,0.186091,0.223105
2.682000,0.382794,0.185989,0.223116
2.684000,0.382719,0.185887,0.223128
2.686000,0.382646,0.185786,0.223141
2.688000,0.382573,0.185685,0.223154
2.690000,0.382502,0.185586,0.223168
2.692000,0.382432,0.185486,0.223183
2.694000,0.382363,0.185388,0.223198
2.696000,0.382329,0.185339,0.223206
2.698000,0.382263,0.185241,0.223222
2.700000,0.382165,0.185096,0.223248
2.702000,0.382133,0.185048,0.223257
2.704000,0.382070,0.184952,0.223275
2.706000,0.382008,0.184857,0.223293
2.708000,0.381947,0.184762,0.223313
2.710000,0.381888,0.184668,0.223333
2.712000,0.381830,0.184575,0.223353
2.714000,0.381773,0.184483,0.223374
2.716000,0.381717,0.184391,0.223396
2.718000,0.381663,0.184299,0.223418
2.720000,0.381610,0.184209,0.223441
2.722000,0.381558,0.184118,0.223464
2.724000,0.381508,0.184029,0.223488
2.726000,0.381458,0.183940,0.223513
2.728000,0.381410,0.183852,0.223538
2.730000,0.381387,0.183808,0.223550
2.732000,0.381318,0.183677,0.223589
2.734000,0.381273,0.183591,0.223616
2.736000,0.381230,0.183505,0.223643
2.738000,0.381188,0.183420,0.223671
2.740000,0.381147,0.183335,0.223699
2.742000,0.381107,0.183251,0.223728
2.744000,0.381069,0.183167,0.223757
2.746000,0.381032,0.183085,0.223786
2.748000,0.380996,0.183002,0.223817
2.750000,0.380961,0.182921,0.223847
2.752000,0.380927,0.182839,0.223879
2.754000,0.380894,0.182759,0.223911
2.756000,0.380863,0.182679,0.223943
2.758000,0.380833,0.182599,0.223976
2.760000,0.380804,0.182521,0.224009
2.762000,0.380776,0.182442,0.224042
2.764000,0.380749,0.182365,0.224077
2.766000,0.380723,0.182287,0.224111
2.768000,0.380698,0.182211,0.224146
2.770000,0.380675,0.182135,0.224182
2.772000,0.380652,0.182059,0.224218
2.774000,0.380631,0.181984,0.224255
2.776000,0.380611,0.181910,0.224292
2.778000,0.380601,0.181872,0.224310
2.780000,0.380582,0.181799,0.224348
2.782000,0.380565,0.181726,0.224386
2.784000,0.380549,0.181653,0.224425
2.786000,0.380533,0.181581,0.224464
2.788000,0.380519,0.181509,0.224503
2.790000,0.380505,0.181438,0.224542
2.792000,0.380493,0.181367,0.224581
2.794000,0.380482,0.181297,0.224619
2.796000,0.380471,0.181227,0.224656
2.798000,0.380462,0.181157,0.224693
2.800000,0.380453,0.181088,0.224730
2.802000,0.380446,0.181019,0.224766
2.804000,0.380439,0.180951,0.224802
2.806000,0.380433,0.180883,0.224837
2.808000,0.380428,0.180815,0.224872
2.810000,0.380424,0.180748,0.224906
2.812000,0.380421,0.180681,0.224940
2.814000,0.380419,0.180614,0.224974
2.816000,0.380418,0.180581,0.224990
2.818000,0.380418,0.180515,0.225023
2.820000,0.380418,0.180450,0.225055
2.822000,0.380419,0.180384,0.225087
2.824000,0.380421,0.180320,0.225118
2.826000,0.380424,0.180255,0.225149
2.828000,0.380427,0.180191,0.225180
2.830000,0.380432,0.180127,0.225210
2.832000,0.380438,0.180064,0.225239
2.834000,0.380444,0.180001,0.225268
2.836000,0.380452,0.179938,0.225296
2.838000,0.380460,0.179876,0.225324
2.840000,0.380469,0.179814,0.225352
2.842000,0.380479,0.179753,0.225379
2.844000,0.380490,0.179692,0.225406
2.846000,0.380502,0.179631,0.225432
2.848000,0.380515,0.179570,0.225457
2.850000,0.380528,0.179510,0.225483
2.852000,0.380536,0.179480,0.225495
2.854000,0.380550,0.179420,0.225520
2.856000,0.380566,0.179361,0.225544
2.858000,0.380583,0.179302,0.225568
2.860000,0.380600,0.179243,0.225591
2.862000,0.380619,0.179185,0.225614
2.864000,0.380638,0.179127,0.225636
2.866000,0.380658,0.179069,0.225658
2.868000,0.380678,0.179012,0.225680
2.870000,0.380700,0.178955,0.225701
2.872000,0.380722,0.178898,0.225722
2.874000,0.380745,0.178842,0.225742
2.876000,0.380769,0.178786,0.225762
2.878000,0.380794,0.178730,0.225782
2.880000,0.380819,0.178674,0.225801
2.882000,0.380846,0.178619,0.225820
2.884000,0.380872,0.178564,0.225839
2.886000,0.380900,0.178509,0.225857
2.888000,0.380929,0.178454,0.225875
2.890000,0.380958,0.178400,0.225892
2.892000,0.380987,0.178346,0.225910
2.894000,0.381018,0.178292,0.225927
2.896000,0.381048,0.178238,0.225945
2.898000,0.381078,0.178184,0.225963
2.900000,0.381108,0.178130,0.225981
2.902000,0.381139,0.178076,0.225999
2.904000,0.381154,0.178049,0.226008
2.906000,0.381200,0.177967,0.226037
2.908000,0.381216,0.177940,0.226046
2.910000,0.381246,0.177886,0.226066
2.912000,0.381277,0.177832,0.226085
2.914000,0.381308,0.177777,0.226105
2.916000,0.381340,0.177723,0.226125
2.918000,0.381371,0.177668,0.226146
2.920000,0.381402,0.177614,0.226166
2.922000,0.381434,0.177559,0.226187
2.924000,0.381466,0.177505,0.226208
2.926000,0.381498,0.177450,0.226230
2.928000,0.381530,0.177396,0.226251
2.930000,0.381546,0.177369,0.226262
2.932000,0.381595,0.177287,0.226296
2.934000,0.381627,0.177232,0.226318
2.936000,0.381660,0.177178,0.226341
2.938000,0.381693,0.177123,0.226364
2.940000,0.381726,0.177069,0.226387
2.942000,0.381760,0.177014,0.226410
2.944000,0.381793,0.176959,0.226434
2.946000,0.381827,0.176905,0.226458
2.948000,0.381861,0.176850,0.226482
2.950000,0.381895,0.176796,0.226507
2.952000,0.381930,0.176741,0.226532
2.954000,0.381947,0.176714,0.226544
2.956000,0.381982,0.176659,0.226569
2.958000,0.382017,0.176605,0.226595
2.960000,0.382052,0.176550,0.226620
2.962000,0.382088,0.176496,0.226646
2.964000,0.382124,0.176442,0.226672
2.966000,0.382160,0.176387,0.226699
2.968000,0.382196,0.176333,0.226726
2.970000,0.382233,0.176279,0.226752
2.972000,0.382270,0.176224,0.226780
2.974000,0.382308,0.176170,0.226807
2.976000,0.382345,0.176116,0.226835
2.978000,0.382383,0.176062,0.226862
2.980000,0.382422,0.176008,0.226890
2.982000,0.382460,0.175954,0.226919
2.984000,0.382499,0.175900,0.226947
2.986000,0.382539,0.175846,0.226976
2.988000,0.382579,0.175792,0.227005
2.990000,0.382619,0.175739,0.227035
2.992000,0.382659,0.175685,0.227064
2.994000,0.382700,0.175631,0.227094
2.996000,0.382742,0.175578,0.227124
2.998000,0.382783,0.175525,0.227154
3.000000,0.382825,0.175471,0.227184
3.002000,0.382868,0.175418,0.227215
3.004000,0.382889,0.175391,0.227230
3.006000,0.382932,0.175338,0.227261
3.008000,0.382976,0.175285,0.227292
3.010000,0.383020,0.175232,0.227324
3.012000,0.383064,0.175179,0.227355
3.014000,0.383109,0.175127,0.227387
3.016000,0.383154,0.175074,0.227419
3.018000,0.383199,0.175022,0.227452
3.020000,0.383245,0.174969,0.227484
3.022000,0.383292,0.174917,0.227517
3.024000,0.383339,0.174864,0.227550
3.026000,0.383386,0.174812,0.227583
3.028000,0.383434,0.174760,0.227616
3.030000,0.383482,0.174708,0.227649
3.032000,0.383531,0.174656,0.227683
3.034000,0.383580,0.174605,0.227717
3.036000,0.383630,0.174553,0.227751
3.038000,0.383680,0.174502,0.227785
3.040000,0.383730,0.174450,0.227820
3.042000,0.383781,0.174399,0.227854
3.044000,0.383833,0.174348,0.227889
3.046000,0.383885,0.174297,0.227924
3.048000,0.383937,0.174246,0.227959
3.050000,0.383990,0.174195,0.227995
3.052000,0.384044,0.174144,0.228030
3.054000,0.384098,0.174094,0.228066
3.056000,0.384152,0.174043,0.228102
3.058000,0.384207,0.173993,0.228138
3.060000,0.384262,0.173942,0.228174
3.062000,0.384318,0.173892,0.228210
3.064000,0.384374,0.173842,0.228247
3.066000,0.384431,0.173793,0.228283
3.068000,0.384488,0.173743,0.228320
3.070000,0.384546,0.173693,0.228357
3.072000,0.384604,0.173644,0.228394
3.074000,0.384663,0.173594,0.228431
3.076000,0.384722,0.173545,0.228469
3.078000,0.384781,0.173496,0.228506
3.080000,0.384811,0.173471,0.228525
3.082000,0.384872,0.173422,0.228563
3.084000,0.384933,0.173374,0.228601
3.086000,0.384994,0.173325,0.228639
3.088000,0.385056,0.173276,0.228677
3.090000,0.385118,0.173228,0.228715
3.092000,0.385181,0.173180,0.228754
3.094000,0.385244,0.173131,0.228792
3.096000,0.385308,0.173083,0.228831
3.098000,0.385373,0.173035,0.228870
3.100000,0.385438,0.172988,0.228909
3.102000,0.385504,0.172940,0.228948
3.104000,0.385570,0.172893,0.228987
3.106000,0.385636,0.172845,0.229026
3.108000,0.385704,0.172798,0.229065
3.110000,0.385772,0.172751,0.229105
3.112000,0.385840,0.172704,0.229144
3.114000,0.385909,0.172658,0.229184
3.116000,0.385979,0.172611,0.229224
3.118000,0.386049,0.172565,0.229264
3.120000,0.386120,0.172519,0.229304
3.122000,0.386192,0.172473,0.229344
3.124000,0.386264,0.172427,0.229384
3.126000,0.386337,0.172382,0.229424
3.128000,0.386410,0.172336,0.229465
3.130000,0.386447,0.172314,0.229485
3.132000,0.386559,0.172246,0.229546
3.134000,0.386597,0.172224,0.229566
3.136000,0.386672,0.172179,0.229607
3.138000,0.386749,0.172134,0.229647
3.140000,0.386826,0.172090,0.229688
3.142000,0.386904,0.172046,0.229729
3.144000,0.386982,0.172002,0.229770
3.146000,0.387061,0.171958,0.229811
3.148000,0.387141,0.171914,0.229852
3.150000,0.387221,0.171871,0.229893
3.152000,0.387303,0.171828,0.229935
3.154000,0.387385,0.171785,0.229976
3.156000,0.387467,0.171742,0.230017
3.158000,0.387550,0.171700,0.230059
3.160000,0.387634,0.171657,0.230100
3.162000,0.387719,0.171615,0.230141
3.164000,0.387804,0.171573,0.230183
3.166000,0.387891,0.171531,0.230225
3.168000,0.387977,0.171490,0.230266
3.170000,0.388065,0.171448,0.230308
3.172000,0.388152,0.171407,0.230350
3.174000,0.388240,0.171365,0.230392
3.176000,0.388328,0.171324,0.230435
3.178000,0.388417,0.171283,0.230478
3.180000,0.388506,0.171242,0.230521
3.182000,0.388596,0.171200,0.230564
3.184000,0.388685,0.171159,0.230608
3.186000,0.388776,0.171118,0.230651
3.188000,0.388867,0.171078,0.230695
3.190000,0.388959,0.171037,0.230739
3.192000,0.389051,0.170996,0.230782
3.194000,0.389144,0.170956,0.230826
3.196000,0.389237,0.170916,0.230869
3.198000,0.389332,0.170876,0.230912
3.200000,0.389379,0.170856,0.230934
3.202000,0.389474,0.170817,0.230977
3.204000,0.389571,0.170777,0.231019
3.206000,0.389668,0.170738,0.231061
3.208000,0.389766,0.170699,0.231103
3.210000,0.389865,0.170661,0.231145
3.212000,0.389964,0.170622,0.231186
3.214000,0.390065,0.170584,0.231227
3.216000,0.390166,0.170547,0.231267
3.218000,0.390269,0.170509,0.231307
3.220000,0.390372,0.170472,0.231346
3.222000,0.390477,0.170435,0.231385
3.224000,0.390582,0.170398,0.231424
3.226000,0.390688,0.170362,0.231462
3.228000,0.390795,0.170326,0.231499
3.230000,0.390849,0.170308,0.231517
3.232000,0.391013,0.170255,0.231572
3.234000,0.391124,0.170220,0.231607
3.236000,0.391235,0.170186,0.231641
3.238000,0.391348,0.170152,0.231675
3.240000,0.391462,0.170118,0.231708
3.242000,0.391578,0.170085,0.231740
3.244000,0.391695,0.170052,0.231771
3.246000,0.391753,0.170036,0.231786
3.248000,0.391872,0.170003,0.231816
3.250000,0.391992,0.169972,0.231845
3.252000,0.392114,0.169940,0.231873
3.254000,0.392237,0.169910,0.231900
3.256000,0.392361,0.169879,0.231926
3.258000,0.392487,0.169849,0.231951
3.260000,0.392614,0.169820,0.231974
3.262000,0.392743,0.169791,0.231997
3.264000,0.392873,0.169763,0.232019
3.266000,0.393004,0.169735,0.232040
3.268000,0.393138,0.169708,0.232059
3.270000,0.393272,0.169681,0.232078
3.272000,0.393408,0.169655,0.232095
3.274000,0.393546,0.169629,0.232112
3.276000,0.393685,0.169603,0.232127
3.278000,0.393825,0.169578,0.232141
3.280000,0.393967,0.169554,0.232155
3.282000,0.394110,0.169530,0.232167
3.284000,0.394255,0.169507,0.232178
3.286000,0.394401,0.169484,0.232189
3.288000,0.394549,0.169461,0.232198
3.290000,0.394698,0.169439,0.232206
3.292000,0.394848,0.169417,0.232213
3.294000,0.395000,0.169396,0.232220
3.296000,0.395153,0.169375,0.232225
3.298000,0.395307,0.169355,0.232229
3.300000,0.395463,0.169335,0.232233
3.302000,0.395621,0.169316,0.232235
3.304000,0.395779,0.169297,0.232237
3.306000,0.395939,0.169278,0.232237
3.308000,0.396100,0.169260,0.232237
3.310000,0.396263,0.169242,0.232236
3.312000,0.396426,0.169225,0.232234
3.314000,0.396592,0.169208,0.232231
3.316000,0.396675,0.169200,0.232229
3.318000,0.396841,0.169184,0.232225
3.320000,0.397010,0.169168,0.232220
3.322000,0.397179,0.169152,0.232214
3.324000,0.397350,0.169137,0.232208
3.326000,0.397522,0.169122,0.232200
3.328000,0.397695,0.169108,0.232192
3.330000,0.397870,0.169094,0.232183
3.332000,0.398046,0.169080,0.232173
3.334000,0.398223,0.169067,0.232162
3.336000,0.398401,0.169054,0.232151
3.338000,0.398580,0.169041,0.232139
3.340000,0.398760,0.169029,0.232126
3.342000,0.398942,0.169017,0.232113
3.344000,0.399124,0.169006,0.232099
3.346000,0.399308,0.168994,0.232084
3.348000,0.399400,0.168989,0.232077
3.350000,0.399679,0.168972,0.232053
3.352000,0.399772,0.168967,0.232045
3.354000,0.399959,0.168957,0.232028
3.356000,0.400148,0.168947,0.232011
3.358000,0.400337,0.168937,0.231993
3.360000,0.400528,0.168928,0.231975
3.362000,0.400720,0.168919,0.231956
3.364000,0.400912,0.168910,0.231936
3.366000,0.401106,0.168901,0.231916
3.368000,0.401300,0.168893,0.231895
3.370000,0.401496,0.168885,0.231874
3.372000,0.401693,0.168877,0.231853
3.374000,0.401891,0.168870,0.231830
3.376000,0.402090,0.168863,0.231808
3.378000,0.402290,0.168856,0.231784
3.380000,0.402491,0.168850,0.231760
3.382000,0.402694,0.168844,0.231736
3.384000,0.402898,0.168838,0.231710
3.386000,0.403103,0.168833,0.231685
3.388000,0.403309,0.168828,0.231658
3.390000,0.403517,0.168824,0.231631
3.392000,0.403726,0.168819,0.231603
3.394000,0.403936,0.168816,0.231575
3.396000,0.404148,0.168812,0.231546
3.398000,0.404361,0.168809,0.231517
3.400000,0.404575,0.168807,0.231487
3.402000,0.404683,0.168805,0.231472
3.404000,0.404899,0.168803,0.231441
3.406000,0.405226,0.168801,0.231393
3.408000,0.405336,0.168801,0.231377
3.410000,0.405556,0.168800,0.231344
3.412000,0.405778,0.168800,0.231311
3.414000,0.406002,0.168800,0.231277
3.416000,0.406227,0.168800,0.231243
3.418000,0.406453,0.168801,0.231208
3.420000,0.406681,0.168802,0.231172
3.422000,0.406910,0.168804,0.231136
3.424000,0.407140,0.168806,0.231100
3.426000,0.407372,0.168809,0.231063
3.428000,0.407605,0.168812,0.231025
3.430000,0.407722,0.168814,0.231006
3.432000,0.408076,0.168819,0.230949
3.434000,0.408313,0.168823,0.230910
3.436000,0.408552,0.168828,0.230871
3.438000,0.408792,0.168833,0.230832
3.440000,0.409034,0.168838,0.230792
3.442000,0.409277,0.168844,0.230752
3.444000,0.409521,0.168850,0.230711
3.446000,0.409766,0.168856,0.230671
3.448000,0.410013,0.168863,0.230630
3.450000,0.410261,0.168870,0.230589
3.452000,0.410510,0.168877,0.230547
3.454000,0.410761,0.168885,0.230506
3.456000,0.411012,0.168893,0.230464
3.458000,0.411265,0.168902,0.230423
3.460000,0.411392,0.168906,0.230402
3.462000,0.411775,0.168920,0.230339
3.464000,0.412032,0.168929,0.230296
3.466000,0.412161,0.168934,0.230275
3.468000,0.412419,0.168944,0.230233
3.470000,0.412679,0.168954,0.230191
3.472000,0.412940,0.168965,0.230148
3.474000,0.413202,0.168976,0.230106
3.476000,0.413466,0.168987,0.230063
3.478000,0.413731,0.168999,0.230021
3.480000,0.413997,0.169011,0.229978
3.482000,0.414264,0.169023,0.229935
3.484000,0.414532,0.169035,0.229893
3.486000,0.414802,0.169048,0.229850
3.488000,0.415073,0.169061,0.229808
3.490000,0.415345,0.169075,0.229766
3.492000,0.415617,0.169089,0.229724
3.494000,0.415892,0.169102,0.229682
3.496000,0.416167,0.169117,0.229640
3.498000,0.416443,0.169131,0.229598
3.500000,0.416720,0.169146,0.229557
3.502000,0.416999,0.169161,0.229515
3.504000,0.417278,0.169176,0.229474
3.506000,0.417559,0.169192,0.229434
3.508000,0.417841,0.169208,0.229393
3.510000,0.418123,0.169224,0.229353
3.512000,0.418407,0.169240,0.229313
3.514000,0.418692,0.169257,0.229273
3.516000,0.418979,0.169273,0.229233
3.518000,0.419266,0.169291,0.229193
3.520000,0.419410,0.169300,0.229174
3.522000,0.419700,0.169317,0.229134
3.524000,0.420137,0.169345,0.229076
3.526000,0.420283,0.169354,0.229056
3.528000,0.420577,0.169373,0.229017
3.530000,0.420872,0.169392,0.228979
3.532000,0.421169,0.169412,0.228940
3.534000,0.421467,0.169432,0.228901
3.536000,0.421766,0.169452,0.228863
3.538000,0.422068,0.169473,0.228825
3.540000,0.422370,0.169494,0.228787
3.542000,0.422675,0.169516,0.228749
3.544000,0.422981,0.169538,0.228711
3.546000,0.423288,0.169560,0.228674
3.548000,0.423597,0.169583,0.228636
3.550000,0.423907,0.169606,0.228599
3.552000,0.424219,0.169629,0.228562
3.554000,0.424533,0.169653,0.228526
3.556000,0.424848,0.169677,0.228490
3.558000,0.425165,0.169701,0.228454
3.560000,0.425483,0.169726,0.228418
3.562000,0.425803,0.169751,0.228383
3.564000,0.425963,0.169764,0.228365
3.566000,0.426446,0.169803,0.228313
3.568000,0.426771,0.169829,0.228279
3.570000,0.427097,0.169856,0.228245
3.572000,0.427424,0.169883,0.228211
3.574000,0.427588,0.169896,0.228195
3.576000,0.427918,0.169924,0.228162
3.578000,0.428249,0.169952,0.228129
3.580000,0.428582,0.169980,0.228097
3.582000,0.428916,0.170009,0.228065
3.584000,0.429252,0.170038,0.228034
3.586000,0.429590,0.170067,0.228003
3.588000,0.429929,0.170097,0.227973
3.590000,0.430269,0.170127,0.227943
3.592000,0.430612,0.170157,0.227913
3.594000,0.430955,0.170188,0.227884
3.596000,0.431300,0.170219,0.227856
3.598000,0.431647,0.170251,0.227828
3.600000,0.431995,0.170283,0.227801
3.602000,0.432344,0.170315,0.227774
3.604000,0.432695,0.170348,0.227748
3.606000,0.433048,0.170381,0.227723
3.608000,0.433401,0.170414,0.227698
3.610000,0.433756,0.170448,0.227674
3.612000,0.434113,0.170482,0.227650
3.614000,0.434471,0.170516,0.227628
3.616000,0.434830,0.170551,0.227605
3.618000,0.435190,0.170586,0.227584
3.620000,0.435552,0.170622,0.227563
3.622000,0.435915,0.170658,0.227543
3.624000,0.436279,0.170694,0.227524
3.626000,0.436645,0.170731,0.227506
3.628000,0.437012,0.170768,0.227488
3.630000,0.437380,0.170806,0.227471
3.632000,0.437749,0.170843,0.227455
3.634000,0.438120,0.170881,0.227439
3.636000,0.438492,0.170920,0.227424
3.638000,0.438678,0.170939,0.227417
3.640000,0.439052,0.170979,0.227404
3.642000,0.439427,0.171018,0.227391
3.644000,0.439803,0.171058,0.227379
3.646000,0.440181,0.171098,0.227368
3.648000,0.440560,0.171139,0.227358
3.650000,0.440940,0.171179,0.227348
3.652000,0.441322,0.171221,0.227339
3.654000,0.441705,0.171262,0.227331
3.656000,0.442089,0.171304,0.227324
3.658000,0.442475,0.171347,0.227317
3.660000,0.442862,0.171390,0.227312
3.662000,0.443250,0.171433,0.227307
3.664000,0.443445,0.171454,0.227305
3.666000,0.444031,0.171520,0.227300
3.668000,0.444424,0.171564,0.227297
3.670000,0.444818,0.171609,0.227296
3.672000,0.445213,0.171654,0.227295
3.674000,0.445610,0.171699,0.227295
3.676000,0.446008,0.171744,0.227296
3.678000,0.446407,0.171790,0.227298
3.680000,0.446807,0.171837,0.227300
3.682000,0.447209,0.171884,0.227304
3.684000,0.447612,0.171931,0.227308
3.686000,0.448017,0.171978,0.227314
3.688000,0.448422,0.172026,0.227320
3.690000,0.448829,0.172074,0.227327
3.692000,0.449237,0.172123,0.227335
3.694000,0.449647,0.172171,0.227344
3.696000,0.450058,0.172221,0.227354
3.698000,0.450264,0.172245,0.227359
3.700000,0.450676,0.172295,0.227371
3.702000,0.451090,0.172345,0.227383
3.704000,0.451506,0.172396,0.227396
3.706000,0.451923,0.172447,0.227410
3.708000,0.452341,0.172498,0.227424
3.710000,0.452761,0.172549,0.227440
3.712000,0.453182,0.172601,0.227456
3.714000,0.453605,0.172653,0.227474
3.716000,0.454029,0.172706,0.227492
3.718000,0.454454,0.172758,0.227512
3.720000,0.454880,0.172811,0.227532
3.722000,0.455308,0.172865,0.227553
3.724000,0.455737,0.172918,0.227575
3.726000,0.456167,0.172972,0.227598
3.728000,0.456599,0.173026,0.227622
3.730000,0.457032,0.173080,0.227648
3.732000,0.457466,0.173135,0.227674
3.734000,0.457901,0.173190,0.227701
3.736000,0.458338,0.173245,0.227729
3.738000,0.458775,0.173300,0.227758
3.740000,0.459214,0.173356,0.227788
3.742000,0.459654,0.173412,0.227819
3.744000,0.460095,0.173468,0.227851
3.746000,0.460537,0.173524,0.227884
3.748000,0.460981,0.173581,0.227918
3.750000,0.461425,0.173637,0.227953
3.752000,0.461871,0.173694,0.227990
3.754000,0.462318,0.173751,0.228027
3.756000,0.462542,0.173780,0.228046
3.758000,0.462990,0.173838,0.228084
3.760000,0.463440,0.173895,0.228124
3.762000,0.464116,0.173983,0.228185
3.764000,0.464116,0.173983,0.228185
3.766000,0.464796,0.174070,0.228249
3.768000,0.465250,0.174129,0.228292
3.770000,0.465706,0.174188,0.228336
3.772000,0.466163,0.174247,0.228382
3.774000,0.466620,0.174307,0.228428
3.776000,0.467079,0.174366,0.228475
3.778000,0.467540,0.174426,0.228524
3.780000,0.468001,0.174486,0.228573
3.782000,0.468463,0.174546,0.228623
3.784000,0.468926,0.174607,0.228674
3.786000,0.469390,0.174667,0.228727
3.788000,0.469856,0.174728,0.228780
3.790000,0.470322,0.174789,0.228834
3.792000,0.470789,0.174850,0.228889
3.794000,0.471257,0.174912,0.228946
3.796000,0.471725,0.174973,0.229003
3.798000,0.472195,0.175034,0.229061
3.800000,0.472665,0.175096,0.229121
3.802000,0.473136,0.175157,0.229182
3.804000,0.473607,0.175219,0.229243
3.806000,0.474080,0.175280,0.229306
3.808000,0.474552,0.175342,0.229370
3.810000,0.474789,0.175373,0.229402
3.812000,0.475263,0.175435,0.229468
3.814000,0.475737,0.175496,0.229534
3.816000,0.476450,0.175589,0.229636
3.818000,0.476688,0.175620,0.229670
3.820000,0.477164,0.175682,0.229740
3.822000,0.477641,0.175744,0.229811
3.824000,0.478118,0.175805,0.229883
3.826000,0.478596,0.175867,0.229955
3.828000,0.479075,0.175929,0.230029
3.830000,0.479554,0.175991,0.230104
3.832000,0.480033,0.176053,0.230180
3.834000,0.480513,0.176115,0.230257
3.836000,0.480993,0.176176,0.230335
3.838000,0.481474,0.176238,0.230414
3.840000,0.481955,0.176300,0.230494
3.842000,0.482437,0.176361,0.230575
3.844000,0.482919,0.176423,0.230657
3.846000,0.483402,0.176484,0.230740
3.848000,0.483884,0.176546,0.230824
3.850000,0.484368,0.176607,0.230909
3.852000,0.484851,0.176668,0.230995
3.854000,0.485335,0.176730,0.231082
3.856000,0.485819,0.176791,0.231170
3.858000,0.486303,0.176852,0.231258
3.860000,0.486788,0.176913,0.231348
3.862000,0.487273,0.176974,0.231439
3.864000,0.487516,0.177004,0.231484
3.866000,0.488244,0.177095,0.231622
3.868000,0.488730,0.177156,0.231716
3.870000,0.489216,0.177217,0.231810
3.872000,0.489703,0.177277,0.231905
3.874000,0.490189,0.177338,0.232000
3.876000,0.490676,0.177398,0.232097
3.878000,0.491163,0.177458,0.232195
3.880000,0.491407,0.177488,0.232244
3.882000,0.491894,0.177549,0.232342
3.884000,0.492382,0.177609,0.232442
3.886000,0.492870,0.177669,0.232542
3.888000,0.493359,0.177729,0.232643
3.890000,0.493848,0.177789,0.232744
3.892000,0.494337,0.177849,0.232846
3.894000,0.494826,0.177909,0.232949
3.896000,0.495316,0.177968,0.233053
3.898000,0.495561,0.177998,0.233105
3.900000,0.496297,0.178088,0.233262
3.902000,0.496787,0.178148,0.233368
3.904000,0.497278,0.178207,0.233474
3.906000,0.497770,0.178267,0.233581
3.908000,0.498261,0.178326,0.233688
3.910000,0.498753,0.178386,0.233796
3.912000,0.499245,0.178445,0.233905
3.914000,0.499736,0.178504,0.234014
3.916000,0.500229,0.178564,0.234124
3.918000,0.500475,0.178593,0.234179
3.920000,0.501213,0.178682,0.234345
3.922000,0.501706,0.178741,0.234456
3.924000,0.502199,0.178800,0.234568
3.926000,0.502692,0.178859,0.234680
3.928000,0.503185,0.178918,0.234793
3.930000,0.503678,0.178976,0.234907
3.932000,0.504171,0.179035,0.235021
3.934000,0.504663,0.179093,0.235135
3.936000,0.505155,0.179151,0.235251
3.938000,0.505647,0.179209,0.235366
3.940000,0.506138,0.179266,0.235483
3.942000,0.506383,0.179295,0.235541
3.944000,0.507118,0.179380,0.235717
3.946000,0.507363,0.179408,0.235776
3.948000,0.507851,0.179464,0.235895
3.950000,0.508339,0.179520,0.236014
3.952000,0.508827,0.179575,0.236134
3.954000,0.509313,0.179630,0.236254
3.956000,0.509799,0.179685,0.236375
3.958000,0.510284,0.179739,0.236496
3.960000,0.510768,0.179793,0.236618
3.962000,0.511251,0.179846,0.236740
3.964000,0.511734,0.179899,0.236863
3.966000,0.512215,0.179951,0.236986
3.968000,0.512695,0.180003,0.237110
3.970000,0.513174,0.180054,0.237235
3.972000,0.513652,0.180105,0.237360
3.974000,0.514129,0.180155,0.237485
3.976000,0.514605,0.180205,0.237611
3.978000,0.514843,0.180229,0.237674
3.980000,0.515317,0.180278,0.237800
3.982000,0.515790,0.180327,0.237926
3.984000,0.516263,0.180375,0.238053
3.986000,0.516734,0.180422,0.238180
3.988000,0.517204,0.180469,0.238308
3.990000,0.517673,0.180515,0.238436
3.992000,0.518142,0.180561,0.238564
3.994000,0.518609,0.180607,0.238692
3.996000,0.519075,0.180652,0.238820
3.998000,0.519540,0.180696,0.238949
4.000000,0.520004,0.180740,0.239077
4.002000,0.520466,0.180783,0.239206
4.004000,0.520928,0.180826,0.239335
4.006000,0.521389,0.180869,0.239464
4.008000,0.521848,0.180910,0.239593
4.010000,0.522078,0.180931,0.239658
4.012000,0.522535,0.180972,0.239787
4.014000,0.522992,0.181013,0.239916
4.016000,0.523448,0.181053,0.240045
4.018000,0.523903,0.181093,0.240175
4.020000,0.524357,0.181132,0.240304
4.022000,0.524810,0.181171,0.240433
4.024000,0.525262,0.181209,0.240561
4.026000,0.525713,0.181247,0.240690
4.028000,0.526163,0.181284,0.240819
4.030000,0.526612,0.181321,0.240947
4.032000,0.527060,0.181357,0.241076
4.034000,0.527507,0.181393,0.241204
4.036000,0.527953,0.181429,0.241332
4.038000,0.528398,0.181464,0.241459
4.040000,0.528842,0.181498,0.241587
4.042000,0.529285,0.181532,0.241714
4.044000,0.529727,0.181566,0.241840
4.046000,0.530168,0.181599,0.241967
4.048000,0.530388,0.181615,0.242030
4.050000,0.531047,0.181664,0.242219
4.052000,0.531266,0.181680,0.242282
4.054000,0.531703,0.181712,0.242407
4.056000,0.532140,0.181743,0.242531
4.058000,0.532576,0.181774,0.242656
4.060000,0.533011,0.181804,0.242780
4.062000,0.533445,0.181834,0.242903
4.064000,0.533878,0.181864,0.243026
4.066000,0.534310,0.181893,0.243149
4.068000,0.534741,0.181922,0.243270
4.070000,0.535171,0.181950,0.243392
4.072000,0.535600,0.181977,0.243513
4.074000,0.536027,0.182004,0.243634
4.076000,0.536452,0.182031,0.243754
4.078000,0.536876,0.182056,0.243874
4.080000,0.537298,0.182081,0.243993
4.082000,0.537718,0.182105,0.244112
4.084000,0.538136,0.182129,0.244230
4.086000,0.538552,0.182151,0.244348
4.088000,0.538966,0.182173,0.244466
4.090000,0.539377,0.182193,0.244583
4.092000,0.539787,0.182213,0.244700
4.094000,0.540193,0.182232,0.244816
4.096000,0.540598,0.182250,0.244932
4.098000,0.541000,0.182267,0.245047
4.100000,0.541400,0.182283,0.245162
4.102000,0.541797,0.182298,0.245277
4.104000,0.542192,0.182312,0.245390
4.106000,0.542584,0.182325,0.245503
4.108000,0.542974,0.182337,0.245616
4.110000,0.543361,0.182348,0.245728
4.112000,0.543746,0.182358,0.245839
4.114000,0.544128,0.182367,0.245950
4.116000,0.544508,0.182375,0.246060
4.118000,0.544885,0.182382,0.246169
4.120000,0.545260,0.182388,0.246278
4.122000,0.545446,0.182390,0.246332
4.124000,0.546001,0.182396,0.246493
4.126000,0.546369,0.182399,0.246599
4.128000,0.546551,0.182401,0.246652
4.130000,0.546915,0.182402,0.246757
4.132000,0.547276,0.182403,0.246862
4.134000,0.547635,0.182402,0.246965
4.136000,0.547991,0.182401,0.247068
4.138000,0.548345,0.182398,0.247169
4.140000,0.548696,0.182395,0.247270
4.142000,0.549045,0.182391,0.247370
4.144000,0.549392,0.182385,0.247469
4.146000,0.549736,0.182379,0.247567
4.148000,0.550079,0.182372,0.247664
4.150000,0.550418,0.182364,0.247760
4.152000,0.550756,0.182355,0.247854
4.154000,0.551091,0.182345,0.247948
4.156000,0.551424,0.182334,0.248041
4.158000,0.551755,0.182322,0.248133
4.160000,0.552084,0.182310,0.248223
4.162000,0.552410,0.182296,0.248313
4.164000,0.552410,0.182296,0.248313
4.166000,0.553057,0.182266,0.248488
4.168000,0.553217,0.182258,0.248531
4.170000,0.553536,0.182242,0.248617
4.172000,0.553853,0.182224,0.248701
4.174000,0.554168,0.182206,0.248784
4.176000,0.554480,0.182187,0.248866
4.178000,0.554791,0.182167,0.248946
4.180000,0.555100,0.182146,0.249026
4.182000,0.555407,0.182124,0.249104
4.184000,0.555712,0.182102,0.249180
4.186000,0.556014,0.182079,0.249256
4.188000,0.556315,0.182055,0.249330
4.190000,0.556614,0.182030,0.249403
4.192000,0.556911,0.182004,0.249474
4.194000,0.557207,0.181978,0.249544
4.196000,0.557500,0.181951,0.249613
4.198000,0.557792,0.181923,0.249681
4.200000,0.558081,0.181894,0.249747
4.202000,0.558369,0.181865,0.249812
4.204000,0.558655,0.181835,0.249875
4.206000,0.558939,0.181804,0.249937
4.208000,0.559222,0.181772,0.249997
4.210000,0.559502,0.181740,0.250057
4.212000,0.559780,0.181707,0.250115
4.214000,0.560056,0.181672,0.250171
4.216000,0.560329,0.181637,0.250226
4.218000,0.560599,0.181601,0.250280
4.220000,0.560867,0.181563,0.250333
4.222000,0.561132,0.181525,0.250384
4.224000,0.561393,0.181485,0.250434
4.226000,0.561652,0.181444,0.250483
4.228000,0.561908,0.181402,0.250530
4.230000,0.562035,0.181380,0.250553
4.232000,0.562410,0.181314,0.250621
4.234000,0.562657,0.181268,0.250664
4.236000,0.562778,0.181245,0.250686
4.238000,0.563020,0.181197,0.250727
4.240000,0.563258,0.181148,0.250767
4.242000,0.563493,0.181098,0.250806
4.244000,0.563724,0.181046,0.250844
4.246000,0.563952,0.180993,0.250880
4.248000,0.564177,0.180938,0.250915
4.250000,0.564399,0.180883,0.250949
4.252000,0.564617,0.180826,0.250981
4.254000,0.564832,0.180767,0.251012
4.256000,0.565043,0.180708,0.251041
4.258000,0.565251,0.180647,0.251069
4.260000,0.565456,0.180584,0.251096
4.262000,0.565658,0.180521,0.251121
4.264000,0.565758,0.180489,0.251133
4.266000,0.566052,0.180390,0.251168
4.268000,0.566244,0.180322,0.251189
4.270000,0.566433,0.180254,0.251209
4.272000,0.566619,0.180184,0.251227
4.274000,0.566801,0.180112,0.251244
4.276000,0.566981,0.180040,0.251259
4.278000,0.567157,0.179966,0.251273
4.280000,0.567331,0.179891,0.251286
4.282000,0.567501,0.179815,0.251297
4.284000,0.567669,0.179738,0.251306
4.286000,0.567833,0.179659,0.251315
4.288000,0.567995,0.179579,0.251321
4.290000,0.568153,0.179498,0.251327
4.292000,0.568232,0.179457,0.251329
4.294000,0.568462,0.179333,0.251334
4.296000,0.568611,0.179248,0.251336
4.298000,0.568757,0.179163,0.251337
4.300000,0.568900,0.179076,0.251337
4.302000,0.569039,0.178988,0.251337
4.304000,0.569176,0.178899,0.251335
4.306000,0.569310,0.178808,0.251333
4.308000,0.569376,0.178763,0.251331
4.310000,0.569506,0.178671,0.251327
4.312000,0.569632,0.178578,0.251322
4.314000,0.569756,0.178484,0.251317
4.316000,0.569877,0.178389,0.251310
4.318000,0.569996,0.178293,0.251302
4.320000,0.570112,0.178196,0.251294
4.322000,0.570225,0.178098,0.251285
4.324000,0.570336,0.177999,0.251274
4.326000,0.570444,0.177899,0.251263
4.328000,0.570549,0.177798,0.251250
4.330000,0.570601,0.177747,0.251244
4.332000,0.570754,0.177593,0.251223
4.334000,0.570852,0.177489,0.251208
4.336000,0.570949,0.177384,0.251192
4.338000,0.571043,0.177278,0.251175
4.340000,0.571135,0.177171,0.251157
4.342000,0.571225,0.177063,0.251139
4.344000,0.571313,0.176953,0.251119
4.346000,0.571356,0.176898,0.251109
4.348000,0.571441,0.176787,0.251088
4.350000,0.571523,0.176675,0.251066
4.352000,0.571603,0.176562,0.251044
4.354000,0.571681,0.176448,0.251020
4.356000,0.571756,0.176332,0.250996
4.358000,0.571827,0.176215,0.250970
4.360000,0.571896,0.176097,0.250944
4.362000,0.571962,0.175977,0.250918
4.364000,0.572025,0.175856,0.250890
4.366000,0.572085,0.175733,0.250861
4.368000,0.572142,0.175609,0.250832
4.370000,0.572195,0.175484,0.250802
4.372000,0.572245,0.175357,0.250771
4.374000,0.572292,0.175229,0.250740
4.376000,0.572335,0.175099,0.250707
4.378000,0.572375,0.174968,0.250674
4.380000,0.572412,0.174835,0.250640
4.382000,0.572447,0.174702,0.250605
4.384000,0.572482,0.174568,0.250569
4.386000,0.572517,0.174434,0.250532
4.388000,0.572550,0.174300,0.250493
4.390000,0.572567,0.174232,0.250473
4.392000,0.572616,0.174030,0.250412
4.394000,0.572631,0.173962,0.250391
4.396000,0.572663,0.173826,0.250348
4.398000,0.572693,0.173689,0.250304
4.400000,0.572722,0.173552,0.250258
4.402000,0.572751,0.173415,0.250211
4.404000,0.572779,0.173277,0.250163
4.406000,0.572805,0.173138,0.250113
4.408000,0.572831,0.172999,0.250062
4.410000,0.572855,0.172860,0.250010
4.412000,0.572879,0.172720,0.249956
4.414000,0.572901,0.172579,0.249901
4.416000,0.572922,0.172438,0.249845
4.418000,0.572943,0.172297,0.249787
4.420000,0.572961,0.172154,0.249728
4.422000,0.572979,0.172012,0.249667
4.424000,0.572995,0.171868,0.249605
4.426000,0.573010,0.171724,0.249542
4.428000,0.573023,0.171580,0.249477
4.430000,0.573030,0.171507,0.249444
4.432000,0.573046,0.171289,0.249343
4.434000,0.573056,0.171142,0.249274
4.436000,0.573064,0.170996,0.249203
4.438000,0.573070,0.170848,0.249131
4.440000,0.573075,0.170700,0.249057
4.442000,0.573078,0.170551,0.248982
4.444000,0.573080,0.170402,0.248906
4.446000,0.573081,0.170252,0.248828
4.448000,0.573079,0.170101,0.248749
4.450000,0.573078,0.170025,0.248709
4.452000,0.573072,0.169798,0.248586
4.454000,0.573069,0.169722,0.248545
4.456000,0.573061,0.169568,0.248461
4.458000,0.573052,0.169415,0.248375
4.460000,0.573040,0.169260,0.248288
4.462000,0.573027,0.169104,0.248200
4.464000,0.573010,0.168948,0.248111
4.466000,0.572992,0.168791,0.248020
4.468000,0.572971,0.168632,0.247929
4.470000,0.572947,0.168473,0.247836
4.472000,0.572921,0.168313,0.247742
4.474000,0.572892,0.168152,0.247646
4.476000,0.572861,0.167990,0.247550
4.478000,0.572827,0.167827,0.247453
4.480000,0.572790,0.167663,0.247354
4.482000,0.572751,0.167497,0.247255
4.484000,0.572709,0.167331,0.247154
4.486000,0.572665,0.167164,0.247052
4.488000,0.572617,0.166996,0.246950
4.490000,0.572567,0.166827,0.246846
4.492000,0.572514,0.166657,0.246742
4.494000,0.572457,0.166486,0.246637
4.496000,0.572397,0.166313,0.246531
4.498000,0.572334,0.166140,0.246424
4.500000,0.572268,0.165965,0.246316
4.502000,0.572198,0.165789,0.246207
4.504000,0.572124,0.165611,0.246098
4.506000,0.572047,0.165432,0.245988
4.508000,0.571966,0.165252,0.245878
4.510000,0.571881,0.165071,0.245767
4.512000,0.571793,0.164889,0.245655
4.514000,0.571701,0.164705,0.245542
4.516000,0.571605,0.164520,0.245429
4.518000,0.571505,0.164333,0.245315
4.520000,0.571402,0.164145,0.245201
4.522000,0.571295,0.163956,0.245086
4.524000,0.571184,0.163766,0.244971
4.526000,0.571127,0.163670,0.244913
4.528000,0.571011,0.163478,0.244797
4.530000,0.570891,0.163285,0.244681
4.532000,0.570766,0.163090,0.244564
4.534000,0.570638,0.162893,0.244447
4.536000,0.570506,0.162696,0.244329
4.538000,0.570370,0.162497,0.244211
4.540000,0.570230,0.162297,0.244093
4.542000,0.570086,0.162095,0.243974
4.544000,0.569939,0.161892,0.243855
4.546000,0.569788,0.161689,0.243736
4.548000,0.569633,0.161483,0.243617
4.550000,0.569475,0.161277,0.243497
4.552000,0.569313,0.161070,0.243377
4.554000,0.569147,0.160861,0.243256
4.556000,0.568978,0.160651,0.243136
4.558000,0.568806,0.160440,0.243015
4.560000,0.568630,0.160228,0.242894
4.562000,0.568451,0.160015,0.242773
4.564000,0.568360,0.159908,0.242713
4.566000,0.568082,0.159586,0.242531
4.568000,0.567892,0.159370,0.242409
4.570000,0.567700,0.159152,0.242288
4.572000,0.567504,0.158934,0.242166
4.574000,0.567305,0.158715,0.242044
4.576000,0.567102,0.158495,0.241923
4.578000,0.566897,0.158273,0.241801
4.580000,0.566793,0.158162,0.241740
4.582000,0.566583,0.157940,0.241618
4.584000,0.566370,0.157716,0.241496
4.586000,0.566153,0.157491,0.241375
4.588000,0.565934,0.157266,0.241253
4.590000,0.565711,0.157039,0.241131
4.592000,0.565485,0.156811,0.241010
4.594000,0.565256,0.156583,0.240889
4.596000,0.565024,0.156353,0.240767
4.598000,0.564790,0.156123,0.240646
4.600000,0.564552,0.155892,0.240526
4.602000,0.564312,0.155660,0.240405
4.604000,0.564068,0.155427,0.240284
4.606000,0.563822,0.155193,0.240164
4.608000,0.563574,0.154959,0.240044
4.610000,0.563322,0.154723,0.239924
4.612000,0.563068,0.154488,0.239804
4.614000,0.562811,0.154251,0.239685
4.616000,0.562552,0.154013,0.239566
4.618000,0.562290,0.153775,0.239447
4.620000,0.562026,0.153536,0.239329
4.622000,0.561759,0.153297,0.239211
4.624000,0.561490,0.153057,0.239093
4.626000,0.561218,0.152816,0.238975
4.628000,0.560944,0.152574,0.238858
4.630000,0.560806,0.152453,0.238800
4.632000,0.560388,0.152089,0.238626
4.634000,0.560106,0.151846,0.238510
4.636000,0.559822,0.151602,0.238395
4.638000,0.559535,0.151357,0.238280
4.640000,0.559245,0.151111,0.238166
4.642000,0.558952,0.150865,0.238052
4.644000,0.558657,0.150618,0.237939
4.646000,0.558509,0.150494,0.237883
4.648000,0.558210,0.150246,0.237771
4.650000,0.557908,0.149997,0.237659
4.652000,0.557603,0.149748,0.237548
4.654000,0.557295,0.149498,0.237438
4.656000,0.556984,0.149247,0.237329
4.658000,0.556671,0.148995,0.237220
4.660000,0.556354,0.148743,0.237113
4.662000,0.556035,0.148490,0.237005
4.664000,0.555713,0.148236,0.236899
4.666000,0.555388,0.147982,0.236794
4.668000,0.555061,0.147727,0.236689
4.670000,0.554730,0.147471,0.236585
4.672000,0.554398,0.147215,0.236482
4.674000,0.554062,0.146958,0.236380
4.676000,0.553724,0.146701,0.236278
4.678000,0.553554,0.146572,0.236228
4.680000,0.553212,0.146314,0.236128
4.682000,0.552867,0.146055,0.236029
4.684000,0.552519,0.145795,0.235931
4.686000,0.552169,0.145535,0.235833
4.688000,0.551816,0.145274,0.235737
4.690000,0.551460,0.145013,0.235642
4.692000,0.551102,0.144751,0.235547
4.694000,0.550741,0.144489,0.235454
4.696000,0.550377,0.144226,0.235362
4.698000,0.550012,0.143963,0.235271
4.700000,0.549643,0.143699,0.235180
4.702000,0.549273,0.143435,0.235091
4.704000,0.548899,0.143170,0.235003
4.706000,0.548524,0.142905,0.234915
4.708000,0.548146,0.142640,0.234829
4.710000,0.547767,0.142374,0.234744
4.712000,0.547384,0.142108,0.234660
4.714000,0.547000,0.141841,0.234577
4.716000,0.546614,0.141574,0.234495
4.718000,0.546225,0.141307,0.234414
4.720000,0.545834,0.141039,0.234334
4.722000,0.545442,0.140771,0.234255
4.724000,0.545047,0.140503,0.234177
4.726000,0.544650,0.140235,0.234101
4.728000,0.544451,0.140101,0.234063
4.730000,0.544051,0.139832,0.233988
4.732000,0.543649,0.139562,0.233914
4.734000,0.543245,0.139293,0.233842
4.736000,0.542839,0.139023,0.233770
4.738000,0.542431,0.138753,0.233700
4.740000,0.542021,0.138483,0.233631
4.742000,0.541608,0.138212,0.233563
4.744000,0.541194,0.137941,0.233496
4.746000,0.540778,0.137670,0.233430
4.748000,0.540359,0.137398,0.233366
4.750000,0.539939,0.137127,0.233303
4.752000,0.539518,0.136855,0.233241
4.754000,0.539094,0.136583,0.233180
4.756000,0.538669,0.136311,0.233120
4.758000,0.538242,0.136039,0.233061
4.760000,0.537813,0.135766,0.233004
4.762000,0.537383,0.135494,0.232948
4.764000,0.537383,0.135494,0.232948
4.766000,0.536735,0.135085,0.232866
4.768000,0.536300,0.134812,0.232812
4.770000,0.535863,0.134539,0.232760
4.772000,0.535425,0.134266,0.232710
4.774000,0.534985,0.133992,0.232660
4.776000,0.534543,0.133719,0.232612
4.778000,0.534100,0.133445,0.232565
4.780000,0.533655,0.133172,0.232519
4.782000,0.533209,0.132898,0.232474
4.784000,0.532761,0.132624,0.232431
4.786000,0.532312,0.132350,0.232388
4.788000,0.531861,0.132077,0.232347
4.790000,0.531409,0.131803,0.232307
4.792000,0.530956,0.131529,0.232269
4.794000,0.530501,0.131256,0.232231
4.796000,0.530045,0.130982,0.232194
4.798000,0.529588,0.130708,0.232159
4.800000,0.529129,0.130435,0.232125
4.802000,0.528670,0.130161,0.232092
4.804000,0.528209,0.129888,0.232060
4.806000,0.527747,0.129615,0.232029
4.808000,0.527284,0.129342,0.231999
4.810000,0.526820,0.129069,0.231970
4.812000,0.526354,0.128796,0.231943
4.814000,0.525888,0.128523,0.231916
4.816000,0.525420,0.128251,0.231891
4.818000,0.524952,0.127978,0.231867
4.820000,0.524482,0.127706,0.231844
4.822000,0.524011,0.127434,0.231822
4.824000,0.523540,0.127162,0.231801
4.826000,0.523067,0.126890,0.231781
4.828000,0.522594,0.126618,0.231762
4.830000,0.522357,0.126483,0.231753
4.832000,0.521882,0.126211,0.231735
4.834000,0.521405,0.125940,0.231719
4.836000,0.520928,0.125669,0.231704
4.838000,0.520450,0.125398,0.231690
4.840000,0.519970,0.125128,0.231677
4.842000,0.519490,0.124857,0.231665
4.844000,0.519009,0.124587,0.231654
4.846000,0.518526,0.124317,0.231644
4.848000,0.518043,0.124047,0.231635
4.850000,0.517558,0.123777,0.231628
4.852000,0.517073,0.123507,0.231621
4.854000,0.516587,0.123238,0.231615
4.856000,0.516100,0.122969,0.231610
4.858000,0.515612,0.122700,0.231607
4.860000,0.515123,0.122432,0.231604
4.862000,0.514634,0.122163,0.231602
4.864000,0.514144,0.121895,0.231601
4.866000,0.513653,0.121628,0.231601
4.868000,0.513161,0.121360,0.231601
4.870000,0.512669,0.121093,0.231603
4.872000,0.512176,0.120826,0.231605
4.874000,0.511682,0.120559,0.231609
4.876000,0.511188,0.120293,0.231613
4.878000,0.510941,0.120160,0.231615
4.880000,0.510197,0.119761,0.231624
4.882000,0.509701,0.119496,0.231631
4.884000,0.509204,0.119230,0.231638
4.886000,0.508706,0.118965,0.231647
4.888000,0.508208,0.118701,0.231656
4.890000,0.507709,0.118437,0.231666
4.892000,0.507210,0.118173,0.231676
4.894000,0.506710,0.117909,0.231687
4.896000,0.506210,0.117646,0.231700
4.898000,0.505709,0.117383,0.231712
4.900000,0.505207,0.117120,0.231726
4.902000,0.504705,0.116858,0.231740
4.904000,0.504203,0.116596,0.231754
4.906000,0.503700,0.116335,0.231770
4.908000,0.503197,0.116073,0.231786
4.910000,0.502694,0.115813,0.231802
4.912000,0.502190,0.115552,0.231819
4.914000,0.501686,0.115292,0.231837
4.916000,0.501434,0.115162,0.231846
4.918000,0.500929,0.114903,0.231864
4.920000,0.500425,0.114644,0.231883
4.922000,0.499920,0.114385,0.231902
4.924000,0.499415,0.114127,0.231922
4.926000,0.498910,0.113869,0.231942
4.928000,0.498405,0.113612,0.231963
4.930000,0.497900,0.113355,0.231984
4.932000,0.497395,0.113099,0.232005
4.934000,0.496890,0.112843,0.232026
4.936000,0.496385,0.112588,0.232048
4.938000,0.495880,0.112333,0.232070
4.940000,0.495375,0.112079,0.232092
4.942000,0.494871,0.111825,0.232114
4.944000,0.494367,0.111572,0.232137
4.946000,0.493863,0.111319,0.232159
4.948000,0.493359,0.111067,0.232182
4.950000,0.492856,0.110815,0.232204
4.952000,0.492353,0.110564,0.232227
4.954000,0.491850,0.110314,0.232250
4.956000,0.491348,0.110064,0.232273
4.958000,0.490846,0.109815,0.232296
4.960000,0.490344,0.109566,0.232319
4.962000,0.489843,0.109317,0.232341
4.964000,0.489341,0.109070,0.232364
4.966000,0.488841,0.108823,0.232387
4.968000,0.488341,0.108576,0.232409
4.970000,0.487841,0.108330,0.232432
4.972000,0.487341,0.108085,0.232454
4.974000,0.486842,0.107840,0.232477
4.976000,0.486343,0.107595,0.232499
4.978000,0.485845,0.107352,0.232521
4.980000,0.485347,0.107108,0.232543
4.982000,0.485098,0.106987,0.232553
4.984000,0.484601,0.106745,0.232575
4.986000,0.484104,0.106503,0.232596
4.988000,0.483607,0.106261,0.232618
4.990000,0.483111,0.106021,0.232639
4.992000,0.482614,0.105780,0.232660
4.994000,0.482118,0.105541,0.232681
4.996000,0.481622,0.105301,0.232701
4.998000,0.481127,0.105063,0.232722
5.000000,0.480631,0.104824,0.232742
5.002000,0.480136,0.104587,0.232762
5.004000,0.479642,0.104349,0.232781
5.006000,0.479147,0.104113,0.232801
5.008000,0.478653,0.103877,0.232820
5.010000,0.478160,0.103641,0.232839
5.012000,0.477666,0.103406,0.232857
5.014000,0.477173,0.103171,0.232875
5.016000,0.476680,0.102937,0.232893
5.018000,0.476188,0.102704,0.232910
5.020000,0.475696,0.102471,0.232927
5.022000,0.475204,0.102238,0.232944
5.024000,0.474712,0.102006,0.232960
5.026000,0.474221,0.101775,0.232976
5.028000,0.473730,0.101544,0.232992
5.030000,0.473485,0.101428,0.232999
5.032000,0.472750,0.101083,0.233021
5.034000,0.472260,0.100853,0.233036
5.036000,0.471770,0.100624,0.233049
5.038000,0.471281,0.100396,0.233062
5.040000,0.470792,0.100168,0.233075
5.042000,0.470303,0.099940,0.233088
5.044000,0.469815,0.099713,0.233099
5.046000,0.469327,0.099486,0.233111
5.048000,0.468839,0.099260,0.233121
5.050000,0.468595,0.099147,0.233127
5.052000,0.467865,0.098810,0.233141
5.054000,0.467622,0.098697,0.233146
5.056000,0.467135,0.098473,0.233154
5.058000,0.466650,0.098249,0.233162
5.060000,0.466165,0.098026,0.233169
5.062000,0.465681,0.097803,0.233176
5.064000,0.465197,0.097581,0.233181
5.066000,0.464714,0.097359,0.233186
5.068000,0.464232,0.097138,0.233190
5.070000,0.463751,0.096918,0.233193
5.072000,0.463270,0.096698,0.233195
5.074000,0.462791,0.096479,0.233197
5.076000,0.462312,0.096260,0.233197
5.078000,0.461835,0.096042,0.233196
5.080000,0.461358,0.095825,0.233194
5.082000,0.460883,0.095608,0.233191
5.084000,0.460408,0.095392,0.233188
5.086000,0.459934,0.095177,0.233183
5.088000,0.459462,0.094962,0.233177
5.090000,0.458990,0.094747,0.233170
5.092000,0.458520,0.094534,0.233161
5.094000,0.458050,0.094321,0.233152
5.096000,0.457816,0.094214,0.233147
5.098000,0.457115,0.093896,0.233130
5.100000,0.456881,0.093791,0.233124
5.102000,0.456415,0.093580,0.233111
5.104000,0.455950,0.093370,0.233097
5.106000,0.455486,0.093160,0.233082
5.108000,0.455023,0.092951,0.233065
5.110000,0.454561,0.092742,0.233048
5.112000,0.454100,0.092534,0.233029
5.114000,0.453640,0.092327,0.233010
5.116000,0.453180,0.092120,0.232989
5.118000,0.452722,0.091914,0.232968
5.120000,0.452265,0.091708,0.232945
5.122000,0.451808,0.091503,0.232921
5.124000,0.451352,0.091298,0.232896
5.126000,0.450898,0.091095,0.232870
5.128000,0.450444,0.090891,0.232843
5.130000,0.449991,0.090688,0.232815
5.132000,0.449539,0.090486,0.232785
5.134000,0.449088,0.090284,0.232755
5.136000,0.448638,0.090083,0.232724
5.138000,0.448188,0.089883,0.232691
5.140000,0.447740,0.089683,0.232658
5.142000,0.447292,0.089483,0.232624
5.144000,0.447069,0.089384,0.232606
5.146000,0.446622,0.089185,0.232570
5.148000,0.446176,0.088987,0.232533
5.150000,0.445731,0.088789,0.232495
5.152000,0.445287,0.088592,0.232456
5.154000,0.444843,0.088396,0.232417
5.156000,0.444400,0.088199,0.232376
5.158000,0.443958,0.088004,0.232334
5.160000,0.443516,0.087809,0.232292
5.162000,0.443075,0.087614,0.232249
5.164000,0.442635,0.087420,0.232204
5.166000,0.442195,0.087226,0.232159
5.168000,0.441756,0.087033,0.232113
5.170000,0.441318,0.086841,0.232066
5.172000,0.440880,0.086648,0.232019
5.174000,0.440443,0.086457,0.231970
5.176000,0.440007,0.086266,0.231921
5.178000,0.439571,0.086075,0.231870
5.180000,0.439135,0.085885,0.231819
5.182000,0.438701,0.085695,0.231768
5.184000,0.438266,0.085505,0.231715
5.186000,0.437833,0.085317,0.231662
5.188000,0.437400,0.085128,0.231607
5.190000,0.436967,0.084940,0.231552
5.192000,0.436536,0.084753,0.231497
5.194000,0.436320,0.084659,0.231468
5.196000,0.435675,0.084380,0.231382
5.198000,0.435460,0.084287,0.231353
5.200000,0.435031,0.084101,0.231294
5.202000,0.434603,0.083916,0.231235
5.204000,0.434176,0.083731,0.231174
5.206000,0.433749,0.083547,0.231112
5.208000,0.433324,0.083364,0.231050
5.210000,0.432900,0.083181,0.230986
5.212000,0.432476,0.082998,0.230922
5.214000,0.432054,0.082816,0.230856
5.216000,0.431633,0.082635,0.230790
5.218000,0.431212,0.082454,0.230723
5.220000,0.430793,0.082274,0.230654
5.222000,0.430375,0.082094,0.230585
5.224000,0.429958,0.081915,0.230515
5.226000,0.429543,0.081737,0.230444
5.228000,0.429128,0.081559,0.230371
5.230000,0.428715,0.081382,0.230298
5.232000,0.428302,0.081205,0.230224
5.234000,0.427891,0.081029,0.230149
5.236000,0.427481,0.080853,0.230074
5.238000,0.427072,0.080678,0.229997
5.240000,0.426664,0.080503,0.229919
5.242000,0.426258,0.080329,0.229841
5.244000,0.425852,0.080156,0.229762
5.246000,0.425448,0.079983,0.229682
5.248000,0.425045,0.079811,0.229601
5.250000,0.424643,0.079639,0.229519
5.252000,0.424242,0.079468,0.229437
5.254000,0.423842,0.079298,0.229354
5.256000,0.423443,0.079128,0.229270
5.258000,0.423045,0.078958,0.229186
5.260000,0.422649,0.078789,0.229101
5.262000,0.422253,0.078621,0.229015
5.264000,0.421859,0.078453,0.228928
5.266000,0.421465,0.078286,0.228841
5.268000,0.421073,0.078120,0.228754
5.270000,0.420682,0.077954,0.228666
5.272000,0.420292,0.077788,0.228577
5.274000,0.419902,0.077623,0.228488
5.276000,0.419514,0.077459,0.228399
5.278000,0.419127,0.077295,0.228309
5.280000,0.418741,0.077132,0.228218
5.282000,0.418355,0.076969,0.228127
5.284000,0.417971,0.076807,0.228036
5.286000,0.417588,0.076645,0.227945
5.288000,0.417206,0.076484,0.227853
5.290000,0.416824,0.076323,0.227761
5.292000,0.416634,0.076243,0.227715
5.294000,0.416254,0.076083,0.227622
5.296000,0.415875,0.075924,0.227530
5.298000,0.415496,0.075765,0.227437
5.300000,0.415119,0.075607,0.227344
5.302000,0.414742,0.075449,0.227251
5.304000,0.414366,0.075292,0.227158
5.306000,0.413991,0.075135,0.227065
5.308000,0.413617,0.074979,0.226972
5.310000,0.413244,0.074824,0.226879
5.312000,0.412871,0.074668,0.226786
5.314000,0.412500,0.074514,0.226693
5.316000,0.412129,0.074360,0.226600
5.318000,0.411759,0.074206,0.226507
5.320000,0.411389,0.074053,0.226414
5.322000,0.411021,0.073901,0.226321
5.324000,0.410653,0.073748,0.226229
5.326000,0.410286,0.073597,0.226137
5.328000,0.409919,0.073446,0.226045
5.330000,0.409736,0.073371,0.225999
5.332000,0.409189,0.073145,0.225862
5.334000,0.408825,0.072996,0.225770
5.336000,0.408463,0.072847,0.225679
5.338000,0.408101,0.072699,0.225588
5.340000,0.407740,0.072551,0.225497
5.342000,0.407560,0.072477,0.225452
5.344000,0.407201,0.072330,0.225361
5.346000,0.406842,0.072184,0.225271
5.348000,0.406485,0.072038,0.225181
5.350000,0.406129,0.071892,0.225091
5.352000,0.405774,0.071748,0.225001
5.354000,0.405420,0.071604,0.224911
5.356000,0.405068,0.071460,0.224821
5.358000,0.404716,0.071317,0.224732
5.360000,0.404366,0.071174,0.224643
5.362000,0.404017,0.071033,0.224554
5.364000,0.403669,0.070891,0.224466
5.366000,0.403322,0.070751,0.224377
5.368000,0.402976,0.070611,0.224289
5.370000,0.402632,0.070471,0.224201
5.372000,0.402289,0.070332,0.224114
5.374000,0.401948,0.070194,0.224027
5.376000,0.401607,0.070056,0.223940
5.378000,0.401268,0.069919,0.223853
5.380000,0.400930,0.069783,0.223767
5.382000,0.400594,0.069647,0.223681
5.384000,0.400258,0.069511,0.223596
5.386000,0.399924,0.069377,0.223511
5.388000,0.399592,0.069243,0.223426
5.390000,0.399260,0.069109,0.223342
5.392000,0.398930,0.068976,0.223259
5.394000,0.398601,0.068844,0.223176
5.396000,0.398274,0.068712,0.223093
5.398000,0.397948,0.068581,0.223011
5.400000,0.397623,0.068451,0.222929
5.402000,0.397461,0.068386,0.222889
5.404000,0.396977,0.068191,0.222768
5.406000,0.396656,0.068063,0.222688
5.408000,0.396496,0.067999,0.222649
5.410000,0.396177,0.067871,0.222570
5.412000,0.395859,0.067744,0.222492
5.414000,0.395542,0.067617,0.222414
5.416000,0.395227,0.067491,0.222337
5.418000,0.394913,0.067366,0.222262
5.420000,0.394600,0.067241,0.222186
5.422000,0.394289,0.067117,0.222112
5.424000,0.393978,0.066993,0.222038
5.426000,0.393669,0.066870,0.221966
5.428000,0.393362,0.066748,0.221894
5.430000,0.393055,0.066626,0.221823
5.432000,0.392750,0.066505,0.221752
5.434000,0.392446,0.066384,0.221683
5.436000,0.392143,0.066264,0.221615
5.438000,0.391842,0.066144,0.221547
5.440000,0.391542,0.066026,0.221481
5.442000,0.391243,0.065907,0.221415
5.444000,0.390945,0.065790,0.221351
5.446000,0.390649,0.065673,0.221288
5.448000,0.390353,0.065556,0.221225
5.450000,0.390059,0.065440,0.221164
5.452000,0.389767,0.065325,0.221103
5.454000,0.389621,0.065267,0.221074
5.456000,0.389330,0.065153,0.221015
5.458000,0.389040,0.065039,0.220957
5.460000,0.388752,0.064926,0.220901
5.462000,0.388465,0.064813,0.220846
5.464000,0.388179,0.064701,0.220791
5.466000,0.387894,0.064589,0.220738
5.468000,0.387611,0.064478,0.220687
5.470000,0.387328,0.064368,0.220636
5.472000,0.387047,0.064258,0.220587
5.474000,0.386768,0.064149,0.220538
5.476000,0.386489,0.064040,0.220491
5.478000,0.386212,0.063932,0.220445
5.480000,0.385937,0.063825,0.220400
5.482000,0.385663,0.063718,0.220356
5.484000,0.385390,0.063612,0.220313
5.486000,0.385119,0.063506,0.220271
5.488000,0.384849,0.063401,0.220230
5.490000,0.384581,0.063297,0.220190
5.492000,0.384314,0.063193,0.220152
5.494000,0.384049,0.063090,0.220114
5.496000,0.383785,0.062987,0.220077
5.498000,0.383523,0.062885,0.220041
5.500000,0.383263,0.062784,0.220007
5.502000,0.383004,0.062683,0.219973
5.504000,0.382875,0.062633,0.219957
5.506000,0.382619,0.062533,0.219925
5.508000,0.382364,0.062433,0.219893
5.510000,0.382110,0.062335,0.219863
5.512000,0.381859,0.062237,0.219834
5.514000,0.381609,0.062139,0.219806
5.516000,0.381360,0.062043,0.219779
5.518000,0.381114,0.061946,0.219753
5.520000,0.380869,0.061851,0.219728
5.522000,0.380625,0.061756,0.219704
5.524000,0.380383,0.061661,0.219681
5.526000,0.380143,0.061567,0.219659
5.528000,0.379905,0.061474,0.219638
5.530000,0.379786,0.061428,0.219628
5.532000,0.379433,0.061290,0.219599
5.534000,0.379199,0.061198,0.219581
5.536000,0.378968,0.061107,0.219564
5.538000,0.378737,0.061017,0.219548
5.540000,0.378509,0.060928,0.219533
5.542000,0.378282,0.060839,0.219519
5.544000,0.378057,0.060750,0.219506
5.546000,0.377945,0.060706,0.219500
5.548000,0.377723,0.060618,0.219489
5.550000,0.377502,0.060531,0.219478
5.552000,0.377283,0.060445,0.219469
5.554000,0.377065,0.060359,0.219460
5.556000,0.376849,0.060274,0.219453
5.558000,0.376635,0.060189,0.219447
5.560000,0.376422,0.060105,0.219441
5.562000,0.376211,0.060021,0.219437
5.564000,0.376002,0.059938,0.219434
5.566000,0.375795,0.059856,0.219432
5.568000,0.375589,0.059774,0.219430
5.570000,0.375385,0.059692,0.219430
5.572000,0.375182,0.059611,0.219431
5.574000,0.374981,0.059531,0.219433
5.576000,0.374782,0.059451,0.219435
5.578000,0.374584,0.059372,0.219439
5.580000,0.374388,0.059293,0.219444
5.582000,0.374194,0.059215,0.219450
5.584000,0.374001,0.059137,0.219457
5.586000,0.373810,0.059060,0.219464
5.588000,0.373621,0.058983,0.219473
5.590000,0.373433,0.058906,0.219483
5.592000,0.373339,0.058868,0.219488
5.594000,0.373154,0.058793,0.219500
5.596000,0.372970,0.058718,0.219512
5.598000,0.372788,0.058643,0.219525
5.600000,0.372608,0.058569,0.219539
5.602000,0.372429,0.058495,0.219554
5.604000,0.372251,0.058422,0.219571
5.606000,0.372075,0.058349,0.219588
5.608000,0.371901,0.058277,0.219606
5.610000,0.371729,0.058205,0.219625
5.612000,0.371558,0.058134,0.219645
5.614000,0.371388,0.058063,0.219666
5.616000,0.371221,0.057993,0.219687
5.618000,0.371055,0.057923,0.219710
5.620000,0.370891,0.057853,0.219733
5.622000,0.370728,0.057784,0.219757
5.624000,0.370567,0.057715,0.219782
5.626000,0.370408,0.057647,0.219807
5.628000,0.370251,0.057579,0.219833
5.630000,0.370173,0.057545,0.219847
5.632000,0.369941,0.057444,0.219888
5.634000,0.369789,0.057378,0.219916
5.636000,0.369639,0.057312,0.219944
5.638000,0.369490,0.057246,0.219974
5.640000,0.369343,0.057180,0.220003
5.642000,0.369198,0.057115,0.220034
5.644000,0.369055,0.057050,0.220065
5.646000,0.368914,0.056986,0.220096
5.648000,0.368774,0.056922,0.220128
5.650000,0.368637,0.056858,0.220161
5.652000,0.368501,0.056795,0.220193
5.654000,0.368366,0.056731,0.220227
5.656000,0.368234,0.056669,0.220261
5.658000,0.368103,0.056606,0.220295
5.660000,0.367975,0.056544,0.220330
5.662000,0.367848,0.056482,0.220365
5.664000,0.367848,0.056482,0.220365
5.666000,0.367660,0.056390,0.220418
5.668000,0.367538,0.056329,0.220454
5.670000,0.367417,0.056268,0.220491
5.672000,0.367298,0.056208,0.220528
5.674000,0.367181,0.056147,0.220565
5.676000,0.367065,0.056087,0.220603
5.678000,0.366952,0.056028,0.220641
5.680000,0.366840,0.055968,0.220679
5.682000,0.366730,0.055909,0.220717
5.684000,0.366621,0.055850,0.220756
5.686000,0.366514,0.055791,0.220795
5.688000,0.366409,0.055733,0.220835
5.690000,0.366306,0.055675,0.220875
5.692000,0.366204,0.055617,0.220915
5.694000,0.366104,0.055559,0.220955
5.696000,0.366006,0.055502,0.220995
5.698000,0.365909,0.055445,0.221036
5.700000,0.365814,0.055388,0.221077
5.702000,0.365721,0.055332,0.221118
5.704000,0.365629,0.055275,0.221160
5.706000,0.365584,0.055247,0.221181
5.708000,0.365495,0.055191,0.221222
5.710000,0.365407,0.055136,0.221264
5.712000,0.365321,0.055080,0.221306
5.714000,0.365237,0.055025,0.221349
5.716000,0.365154,0.054970,0.221391
5.718000,0.365073,0.054915,0.221434
5.720000,0.364993,0.054861,0.221477
5.722000,0.364915,0.054806,0.221520
5.724000,0.364838,0.054752,0.221563
5.726000,0.364763,0.054698,0.221606
5.728000,0.364689,0.054645,0.221650
5.730000,0.364617,0.054591,0.221694
5.732000,0.364547,0.054538,0.221737
5.734000,0.364478,0.054485,0.221781
5.736000,0.364410,0.054433,0.221825
5.738000,0.364344,0.054380,0.221869
5.740000,0.364279,0.054328,0.221913
5.742000,0.364216,0.054276,0.221958
5.744000,0.364154,0.054224,0.222002
5.746000,0.364093,0.054172,0.222047
5.748000,0.364034,0.054121,0.222091
5.750000,0.363977,0.054070,0.222136
5.752000,0.363920,0.054019,0.222180
5.754000,0.363865,0.053968,0.222225
5.756000,0.363812,0.053918,0.222269
5.758000,0.363760,0.053867,0.222314
5.760000,0.363709,0.053817,0.222358
5.762000,0.363660,0.053767,0.222402
5.764000,0.363613,0.053717,0.222446
5.766000,0.363566,0.053668,0.222490
5.768000,0.363522,0.053618,0.222534
5.770000,0.363479,0.053569,0.222577
5.772000,0.363437,0.053520,0.222620
5.774000,0.363396,0.053471,0.222663
5.776000,0.363358,0.053423,0.222706
5.778000,0.363320,0.053374,0.222748
5.780000,0.363284,0.053326,0.222790
5.782000,0.363250,0.053278,0.222832
5.784000,0.363217,0.053230,0.222873
5.786000,0.363185,0.053183,0.222914
5.788000,0.363155,0.053135,0.222955
5.790000,0.363126,0.053088,0.222995
5.792000,0.363099,0.053041,0.223035
5.794000,0.363073,0.052994,0.223074
5.796000,0.363049,0.052947,0.223112
5.798000,0.363025,0.052900,0.223149
5.800000,0.363003,0.052853,0.223185
5.802000,0.362982,0.052806,0.223221
5.804000,0.362963,0.052760,0.223255
5.806000,0.362944,0.052713,0.223289
5.808000,0.362927,0.052667,0.223322
5.810000,0.362911,0.052621,0.223354
5.812000,0.362897,0.052575,0.223385
5.814000,0.362883,0.052529,0.223415
5.816000,0.362877,0.052506,0.223429
5.818000,0.362860,0.052437,0.223472
5.820000,0.362851,0.052391,0.223500
5.822000,0.362842,0.052346,0.223526
5.824000,0.362834,0.052300,0.223552
5.826000,0.362828,0.052254,0.223576
5.828000,0.362822,0.052209,0.223600
5.830000,0.362820,0.052186,0.223611
5.832000,0.362816,0.052141,0.223633
5.834000,0.362813,0.052095,0.223653
5.836000,0.362811,0.052049,0.223673
5.838000,0.362811,0.052004,0.223692
5.840000,0.362811,0.051958,0.223709
5.842000,0.362812,0.051913,0.223726
5.844000,0.362814,0.051867,0.223741
5.846000,0.362817,0.051822,0.223756
5.848000,0.362822,0.051776,0.223770
5.850000,0.362827,0.051731,0.223783
5.852000,0.362833,0.051685,0.223794
5.854000,0.362840,0.051640,0.223805
5.856000,0.362848,0.051594,0.223815
5.858000,0.362857,0.051549,0.223825
5.860000,0.362866,0.051503,0.223833
5.862000,0.362875,0.051457,0.223842
5.864000,0.362885,0.051412,0.223851
5.866000,0.362894,0.051366,0.223861
5.868000,0.362899,0.051343,0.223865
5.870000,0.362909,0.051297,0.223875
5.872000,0.362924,0.051229,0.223889
5.874000,0.362935,0.051183,0.223899
5.876000,0.362945,0.051136,0.223909
5.878000,0.362956,0.051090,0.223919
5.880000,0.362967,0.051044,0.223930
5.882000,0.362978,0.050997,0.223940
5.884000,0.362989,0.050951,0.223951
5.886000,0.363000,0.050904,0.223962
5.888000,0.363012,0.050858,0.223973
5.890000,0.363024,0.050811,0.223984
5.892000,0.363036,0.050764,0.223995
5.894000,0.363048,0.050717,0.224007
5.896000,0.363061,0.050670,0.224018
5.898000,0.363074,0.050622,0.224030
5.900000,0.363087,0.050575,0.224042
5.902000,0.363101,0.050527,0.224054
5.904000,0.363115,0.050479,0.224066
5.906000,0.363129,0.050431,0.224079
5.908000,0.363144,0.050383,0.224091
5.910000,0.363159,0.050335,0.224104
5.912000,0.363175,0.050287,0.224117
5.914000,0.363191,0.050238,0.224130
5.916000,0.363207,0.050189,0.224143
5.918000,0.363224,0.050140,0.224157
5.920000,0.363241,0.050091,0.224170
5.922000,0.363259,0.050042,0.224184
5.924000,0.363268,0.050017,0.224191
5.926000,0.363286,0.049968,0.224205
5.928000,0.363305,0.049918,0.224219
5.930000,0.363325,0.049868,0.224234
5.932000,0.363345,0.049818,0.224248
5.934000,0.363365,0.049768,0.224263
5.936000,0.363386,0.049717,0.224278
5.938000,0.363408,0.049667,0.224293
5.940000,0.363430,0.049616,0.224308
5.942000,0.363453,0.049565,0.224323
5.944000,0.363476,0.049514,0.224339
5.946000,0.363500,0.049463,0.224354
5.948000,0.363524,0.049411,0.224370
5.950000,0.363549,0.049360,0.224386
5.952000,0.363575,0.049308,0.224402
5.954000,0.363588,0.049282,0.224410
5.956000,0.363615,0.049230,0.224427
5.958000,0.363642,0.049178,0.224443
5.960000,0.363670,0.049126,0.224460
5.962000,0.363698,0.049074,0.224477
5.964000,0.363727,0.049022,0.224494
5.966000,0.363757,0.048969,0.224511
5.968000,0.363788,0.048916,0.224528
5.970000,0.363819,0.048864,0.224545
5.972000,0.363850,0.048811,0.224563
5.974000,0.363883,0.048758,0.224581
5.976000,0.363916,0.048705,0.224598
5.978000,0.363950,0.048651,0.224616
5.980000,0.363984,0.048598,0.224635
5.982000,0.364019,0.048545,0.224653
5.984000,0.364054,0.048491,0.224672
5.986000,0.364090,0.048438,0.224691
5.988000,0.364126,0.048384,0.224710
5.990000,0.364163,0.048330,0.224729
5.992000,0.364201,0.048276,0.224749
5.994000,0.364239,0.048222,0.224769
5.996000,0.364277,0.048168,0.224789
5.998000,0.364317,0.048114,0.224809
6.000000,0.364356,0.048060,0.224830
6.002000,0.364396,0.048006,0.224851
6.004000,0.364437,0.047952,0.224872
6.006000,0.364458,0.047925,0.224883
6.008000,0.364499,0.047870,0.224905
6.010000,0.364541,0.047816,0.224927
6.012000,0.364584,0.047761,0.224949
6.014000,0.364627,0.047707,0.224971
6.016000,0.364671,0.047652,0.224994
6.018000,0.364715,0.047598,0.225017
6.020000,0.364760,0.047543,0.225040
6.022000,0.364805,0.047488,0.225063
6.024000,0.364851,0.047433,0.225087
6.026000,0.364898,0.047379,0.225111
6.028000,0.364945,0.047324,0.225135
6.030000,0.364993,0.047269,0.225160
6.032000,0.365041,0.047214,0.225185
6.034000,0.365090,0.047159,0.225210
6.036000,0.365139,0.047104,0.225235
6.038000,0.365189,0.047049,0.225261
6.040000,0.365240,0.046994,0.225287
6.042000,0.365265,0.046967,0.225300
6.044000,0.365317,0.046911,0.225327
6.046000,0.365370,0.046856,0.225353
6.048000,0.365423,0.046801,0.225381
6.050000,0.365476,0.046745,0.225408
6.052000,0.365531,0.046690,0.225436
6.054000,0.365586,0.046634,0.225464
6.056000,0.365642,0.046578,0.225493
6.058000,0.365698,0.046522,0.225521
6.060000,0.365756,0.046466,0.225551
6.062000,0.365814,0.046410,0.225580
6.064000,0.365873,0.046354,0.225610
6.066000,0.365932,0.046297,0.225641
6.068000,0.365993,0.046241,0.225671
6.070000,0.366054,0.046184,0.225702
6.072000,0.366116,0.046128,0.225734
6.074000,0.366179,0.046071,0.225765
6.076000,0.366242,0.046014,0.225798
6.078000,0.366307,0.045958,0.225830
6.080000,0.366372,0.045901,0.225863
6.082000,0.366438,0.045844,0.225896
6.084000,0.366505,0.045787,0.225930
6.086000,0.366573,0.045730,0.225964
6.088000,0.366642,0.045672,0.225998
6.090000,0.366712,0.045615,0.226032
6.092000,0.366783,0.045558,0.226067
6.094000,0.366854,0.045501,0.226102
6.096000,0.366927,0.045444,0.226138
6.098000,0.367000,0.045386,0.226173
6.100000,0.367075,0.045329,0.226209
6.102000,0.367151,0.045272,0.226245
6.104000,0.367228,0.045214,0.226280
6.106000,0.367306,0.045157,0.226316
6.108000,0.367385,0.045100,0.226351
6.110000,0.367466,0.045042,0.226386
6.112000,0.367547,0.044985,0.226421
6.114000,0.367630,0.044928,0.226456
6.116000,0.367672,0.044899,0.226474
6.118000,0.367757,0.044842,0.226508
6.120000,0.367843,0.044785,0.226542
6.122000,0.367931,0.044728,0.226575
6.124000,0.368020,0.044671,0.226609
6.126000,0.368110,0.044613,0.226641
6.128000,0.368202,0.044556,0.226674
6.130000,0.368295,0.044499,0.226705
6.132000,0.368390,0.044443,0.226736
6.134000,0.368486,0.044386,0.226767
6.136000,0.368583,0.044329,0.226797
6.138000,0.368682,0.044272,0.226827
6.140000,0.368782,0.044216,0.226855
6.142000,0.368884,0.044159,0.226884
6.144000,0.368987,0.044103,0.226911
6.146000,0.369092,0.044047,0.226938
6.148000,0.369198,0.043991,0.226964
6.150000,0.369305,0.043935,0.226990
6.152000,0.369414,0.043879,0.227014
6.154000,0.369525,0.043824,0.227039
6.156000,0.369636,0.043768,0.227062
6.158000,0.369749,0.043713,0.227085
6.160000,0.369864,0.043658,0.227107
6.162000,0.369980,0.043603,0.227128
6.164000,0.370039,0.043576,0.227138
6.166000,0.370157,0.043521,0.227158
6.168000,0.370276,0.043467,0.227178
6.170000,0.370397,0.043412,0.227196
6.172000,0.370519,0.043358,0.227214
6.174000,0.370643,0.043304,0.227231
6.176000,0.370769,0.043250,0.227247
6.178000,0.370896,0.043196,0.227263
6.180000,0.371025,0.043142,0.227277
6.182000,0.371155,0.043089,0.227291
6.184000,0.371287,0.043035,0.227303
6.186000,0.371420,0.042982,0.227315
6.188000,0.371555,0.042928,0.227326
6.190000,0.371692,0.042875,0.227336
6.192000,0.371830,0.042822,0.227345
6.194000,0.371971,0.042768,0.227353
6.196000,0.372112,0.042715,0.227360
6.198000,0.372256,0.042662,0.227367
6.200000,0.372401,0.042609,0.227372
6.202000,0.372548,0.042556,0.227377
6.204000,0.372696,0.042504,0.227380
6.206000,0.372846,0.042451,0.227383
6.208000,0.372998,0.042398,0.227385
6.210000,0.373151,0.042345,0.227386
6.212000,0.373307,0.042293,0.227386
6.214000,0.373464,0.042240,0.227386
6.216000,0.373622,0.042188,0.227384
6.218000,0.373782,0.042136,0.227382
6.220000,0.373944,0.042083,0.227379
6.222000,0.374108,0.042031,0.227375
6.224000,0.374273,0.041979,0.227371
6.226000,0.374439,0.041927,0.227365
6.228000,0.374608,0.041875,0.227359
6.230000,0.374693,0.041849,0.227356
6.232000,0.374863,0.041797,0.227349
6.234000,0.375123,0.041719,0.227337
6.236000,0.375298,0.041667,0.227328
6.238000,0.375474,0.041615,0.227318
6.240000,0.375652,0.041564,0.227308
6.242000,0.375832,0.041512,0.227297
6.244000,0.376013,0.041460,0.227286
6.246000,0.376196,0.041409,0.227274
6.248000,0.376380,0.041358,0.227261
6.250000,0.376566,0.041306,0.227248
6.252000,0.376754,0.041255,0.227235
6.254000,0.376848,0.041229,0.227228
6.256000,0.377037,0.041178,0.227214
6.258000,0.377229,0.041127,0.227199
6.260000,0.377421,0.041076,0.227184
6.262000,0.377615,0.041025,0.227168
6.264000,0.377811,0.040974,0.227152
6.266000,0.378008,0.040923,0.227136
6.268000,0.378207,0.040873,0.227119
6.270000,0.378407,0.040822,0.227101
6.272000,0.378608,0.040771,0.227084
6.274000,0.378811,0.040721,0.227066
6.276000,0.379016,0.040670,0.227048
6.278000,0.379222,0.040619,0.227029
6.280000,0.379429,0.040569,0.227010
6.282000,0.379637,0.040519,0.226991
6.284000,0.379847,0.040468,0.226972
6.286000,0.380058,0.040418,0.226953
6.288000,0.380271,0.040368,0.226933
6.290000,0.380485,0.040318,0.226914
6.292000,0.380700,0.040268,0.226894
6.294000,0.380917,0.040218,0.226874
6.296000,0.381134,0.040168,0.226854
6.298000,0.381353,0.040118,0.226834
6.300000,0.381463,0.040093,0.226824
6.302000,0.381684,0.040044,0.226804
6.304000,0.381906,0.039994,0.226783
6.306000,0.382130,0.039944,0.226763
6.308000,0.382354,0.039895,0.226743
6.310000,0.382580,0.039845,0.226722
6.312000,0.382808,0.039796,0.226702
6.314000,0.383036,0.039746,0.226682
6.316000,0.383266,0.039697,0.226661
6.318000,0.383498,0.039648,0.226641
6.320000,0.383730,0.039598,0.226620
6.322000,0.383964,0.039549,0.226600
6.324000,0.384200,0.039499,0.226579
6.326000,0.384437,0.039450,0.226559
6.328000,0.384675,0.039400,0.226538
6.330000,0.384915,0.039351,0.226518
6.332000,0.385156,0.039301,0.226498
6.334000,0.385398,0.039252,0.226477
6.336000,0.385642,0.039202,0.226457
6.338000,0.385887,0.039152,0.226437
6.340000,0.386134,0.039103,0.226416
6.342000,0.386383,0.039053,0.226396
6.344000,0.386632,0.039003,0.226376
6.346000,0.386883,0.038954,0.226356
6.348000,0.387136,0.038904,0.226336
6.350000,0.387390,0.038854,0.226316
6.352000,0.387518,0.038829,0.226306
6.354000,0.387774,0.038779,0.226287
6.356000,0.388032,0.038729,0.226267
6.358000,0.388291,0.038680,0.226248
6.360000,0.388552,0.038629,0.226229
6.362000,0.388814,0.038579,0.226210
6.364000,0.389078,0.038529,0.226190
6.366000,0.389343,0.038479,0.226172
6.368000,0.389610,0.038429,0.226153
6.370000,0.389879,0.038379,0.226134
6.372000,0.390149,0.038328,0.226116
6.374000,0.390420,0.038278,0.226098
6.376000,0.390693,0.038228,0.226080
6.378000,0.390967,0.038177,0.226062
6.380000,0.391243,0.038127,0.226045
6.382000,0.391520,0.038077,0.226028
6.384000,0.391799,0.038026,0.226011
6.386000,0.392079,0.037976,0.225995
6.388000,0.392360,0.037926,0.225979
6.390000,0.392643,0.037875,0.225963
6.392000,0.392927,0.037825,0.225947
6.394000,0.393213,0.037775,0.225932
6.396000,0.393500,0.037724,0.225917
6.398000,0.393789,0.037674,0.225903
6.400000,0.394078,0.037624,0.225889
6.402000,0.394370,0.037574,0.225876
6.404000,0.394662,0.037524,0.225863
6.406000,0.394956,0.037474,0.225850
6.408000,0.395251,0.037424,0.225838
6.410000,0.395548,0.037374,0.225826
6.412000,0.395845,0.037324,0.225815
6.414000,0.396145,0.037274,0.225804
6.416000,0.396445,0.037224,0.225793
6.418000,0.396747,0.037175,0.225783
6.420000,0.397050,0.037125,0.225774
6.422000,0.397354,0.037076,0.225765
6.424000,0.397507,0.037051,0.225761
6.426000,0.397813,0.037001,0.225753
6.428000,0.398120,0.036952,0.225745
6.430000,0.398429,0.036903,0.225738
6.432000,0.398739,0.036854,0.225732
6.434000,0.399051,0.036804,0.225726
6.436000,0.399364,0.036755,0.225720
6.438000,0.399678,0.036706,0.225715
6.440000,0.399993,0.036657,0.225710
6.442000,0.400310,0.036608,0.225706
6.444000,0.400628,0.036559,0.225703
6.446000,0.400947,0.036511,0.225700
6.448000,0.401268,0.036462,0.225698
6.450000,0.401589,0.036413,0.225696
6.452000,0.401912,0.036365,0.225695
6.454000,0.402237,0.036317,0.225694
6.456000,0.402562,0.036268,0.225694
6.458000,0.402889,0.036220,0.225694
6.460000,0.403217,0.036172,0.225695
6.462000,0.403547,0.036124,0.225697
6.464000,0.403877,0.036076,0.225699
6.466000,0.404210,0.036028,0.225701
6.468000,0.404543,0.035981,0.225704
6.470000,0.404878,0.035933,0.225708
6.472000,0.405214,0.035886,0.225712
6.474000,0.405552,0.035838,0.225716
6.476000,0.405890,0.035791,0.225722
6.478000,0.406231,0.035744,0.225727
6.480000,0.406572,0.035697,0.225733
6.482000,0.406915,0.035650,0.225740
6.484000,0.407260,0.035603,0.225747
6.486000,0.407432,0.035580,0.225751
6.488000,0.407953,0.035510,0.225763
6.490000,0.408127,0.035487,0.225767
6.492000,0.408476,0.035440,0.225776
6.494000,0.408827,0.035394,0.225786
6.496000,0.409179,0.035348,0.225796
6.498000,0.409533,0.035302,0.225806
6.500000,0.409888,0.035256,0.225817
6.502000,0.410245,0.035210,0.225828
6.504000,0.410603,0.035164,0.225840
6.506000,0.410963,0.035119,0.225852
6.508000,0.411324,0.035073,0.225865
6.510000,0.411686,0.035028,0.225878
6.512000,0.412050,0.034983,0.225892
6.514000,0.412415,0.034938,0.225906
6.516000,0.412782,0.034893,0.225921
6.518000,0.413150,0.034848,0.225936
6.520000,0.413520,0.034804,0.225952
6.522000,0.413890,0.034759,0.225968
6.524000,0.414263,0.034715,0.225985
6.526000,0.414636,0.034671,0.226003
6.528000,0.414823,0.034649,0.226012
6.530000,0.415199,0.034605,0.226030
6.532000,0.415576,0.034562,0.226049
6.534000,0.415954,0.034518,0.226068
6.536000,0.416334,0.034475,0.226088
6.538000,0.416715,0.034432,0.226108
6.540000,0.417098,0.034389,0.226129
6.542000,0.417482,0.034346,0.226150
6.544000,0.417868,0.034304,0.226172
6.546000,0.418254,0.034261,0.226194
6.548000,0.418643,0.034219,0.226217
6.550000,0.419032,0.034177,0.226241
6.552000,0.419423,0.034135,0.226265
6.554000,0.419815,0.034094,0.226289
6.556000,0.420208,0.034052,0.226315
6.558000,0.420603,0.034011,0.226340
6.560000,0.420999,0.033970,0.226367
6.562000,0.421396,0.033930,0.226394
6.564000,0.421794,0.033889,0.226421
6.566000,0.422194,0.033849,0.226449
6.568000,0.422594,0.033809,0.226478
6.570000,0.422996,0.033769,0.226507
6.572000,0.423399,0.033729,0.226537
6.574000,0.423804,0.033690,0.226568
6.576000,0.424209,0.033651,0.226599
6.578000,0.424616,0.033612,0.226631
6.580000,0.425023,0.033573,0.226663
6.582000,0.425432,0.033535,0.226696
6.584000,0.425842,0.033497,0.226730
6.586000,0.426253,0.033459,0.226764
6.588000,0.426665,0.033421,0.226799
6.590000,0.427079,0.033384,0.226834
6.592000,0.427493,0.033347,0.226870
6.594000,0.427909,0.033310,0.226907
6.596000,0.428325,0.033273,0.226944
6.598000,0.428743,0.033237,0.226982
6.600000,0.429161,0.033201,0.227020
6.602000,0.429371,0.033183,0.227039
6.604000,0.429792,0.033148,0.227079
6.606000,0.430213,0.033112,0.227118
6.608000,0.430636,0.033077,0.227158
6.610000,0.431060,0.033042,0.227199
6.612000,0.431485,0.033007,0.227240
6.614000,0.431912,0.032973,0.227282
6.616000,0.432339,0.032939,0.227324
6.618000,0.432768,0.032905,0.227367
6.620000,0.433198,0.032872,0.227410
6.622000,0.433629,0.032838,0.227453
6.624000,0.434061,0.032805,0.227497
6.626000,0.434494,0.032773,0.227542
6.628000,0.434929,0.032740,0.227587
6.630000,0.435364,0.032708,0.227633
6.632000,0.435801,0.032676,0.227679
6.634000,0.436239,0.032645,0.227725
6.636000,0.436678,0.032614,0.227772
6.638000,0.437117,0.032583,0.227820
6.640000,0.437558,0.032552,0.227868
6.642000,0.438000,0.032522,0.227916
6.644000,0.438443,0.032492,0.227965
6.646000,0.438887,0.032463,0.228015
6.648000,0.439332,0.032433,0.228064
6.650000,0.439778,0.032404,0.228115
6.652000,0.440225,0.032376,0.228166
6.654000,0.440673,0.032347,0.228217
6.656000,0.441122,0.032319,0.228269
6.658000,0.441347,0.032306,0.228295
6.660000,0.441797,0.032278,0.228348
6.662000,0.442249,0.032251,0.228400
6.664000,0.442701,0.032224,0.228454
6.666000,0.443155,0.032197,0.228508
6.668000,0.443609,0.032171,0.228562
6.670000,0.444065,0.032145,0.228616
6.672000,0.444522,0.032119,0.228671
6.674000,0.444979,0.032094,0.228726
6.676000,0.445438,0.032069,0.228782
6.678000,0.445898,0.032044,0.228838
6.680000,0.446358,0.032019,0.228895
6.682000,0.446820,0.031995,0.228952
6.684000,0.447282,0.031971,0.229010
6.686000,0.447746,0.031947,0.229067
6.688000,0.448210,0.031924,0.229126
6.690000,0.448675,0.031901,0.229184
6.692000,0.449141,0.031878,0.229244
6.694000,0.449608,0.031856,0.229303
6.696000,0.450076,0.031834,0.229363
6.698000,0.450544,0.031812,0.229424
6.700000,0.451013,0.031790,0.229484
6.702000,0.451483,0.031769,0.229546
6.704000,0.451954,0.031748,0.229607
6.706000,0.452426,0.031728,0.229669
6.708000,0.452898,0.031707,0.229732
6.710000,0.453371,0.031687,0.229795
6.712000,0.453845,0.031668,0.229858
6.714000,0.454320,0.031648,0.229922
6.716000,0.454795,0.031629,0.229986
6.718000,0.455271,0.031610,0.230050
6.720000,0.455748,0.031591,0.230115
6.722000,0.456226,0.031573,0.230180
6.724000,0.456704,0.031555,0.230246
6.726000,0.457183,0.031537,0.230312
6.728000,0.457662,0.031520,0.230378
6.730000,0.457902,0.031511,0.230412
6.732000,0.458623,0.031486,0.230512
6.734000,0.459104,0.031469,0.230580
6.736000,0.459345,0.031461,0.230614
6.738000,0.459828,0.031445,0.230682
6.740000,0.460311,0.031429,0.230750
6.742000,0.460795,0.031414,0.230819
6.744000,0.461279,0.031398,0.230888
6.746000,0.461764,0.031383,0.230957
6.748000,0.462250,0.031369,0.231027
6.750000,0.462736,0.031354,0.231096
6.752000,0.463223,0.031340,0.231167
6.754000,0.463710,0.031327,0.231237
6.756000,0.464198,0.031313,0.231308
6.758000,0.464686,0.031300,0.231379
6.760000,0.465175,0.031287,0.231450
6.762000,0.465665,0.031275,0.231522
6.764000,0.466154,0.031263,0.231594
6.766000,0.466645,0.031251,0.231666
6.768000,0.467135,0.031240,0.231739
6.770000,0.467626,0.031229,0.231811
6.772000,0.468118,0.031218,0.231884
6.774000,0.468609,0.031208,0.231958
6.776000,0.469102,0.031198,0.232031
6.778000,0.469594,0.031189,0.232105
6.780000,0.470087,0.031179,0.232179
6.782000,0.470580,0.031171,0.232254
6.784000,0.471074,0.031162,0.232328
6.786000,0.471567,0.031154,0.232403
6.788000,0.472062,0.031146,0.232478
6.790000,0.472556,0.031138,0.232553
6.792000,0.473051,0.031131,0.232629
6.794000,0.473546,0.031124,0.232705
6.796000,0.474041,0.031117,0.232780
6.798000,0.474536,0.031111,0.232857
6.800000,0.475032,0.031105,0.232933
6.802000,0.475528,0.031099,0.233009
6.804000,0.476025,0.031093,0.233086
6.806000,0.476522,0.031086,0.233164
6.808000,0.477019,0.031080,0.233241
6.810000,0.477516,0.031073,0.233319
6.812000,0.478014,0.031066,0.233398
6.814000,0.478512,0.031059,0.233476
6.816000,0.478762,0.031055,0.233515
6.818000,0.479260,0.031047,0.233594
6.820000,0.479759,0.031040,0.233674
6.822000,0.480259,0.031032,0.233753
6.824000,0.480759,0.031024,0.233833
6.826000,0.481259,0.031015,0.233913
6.828000,0.481759,0.031007,0.233993
6.830000,0.482260,0.030998,0.234073
6.832000,0.482762,0.030989,0.234154
6.834000,0.483263,0.030980,0.234234
6.836000,0.483765,0.030971,0.234315
6.838000,0.484267,0.030962,0.234397
6.840000,0.484770,0.030952,0.234478
6.842000,0.485272,0.030943,0.234559
6.844000,0.485775,0.030933,0.234641
6.846000,0.486278,0.030923,0.234723
6.848000,0.486782,0.030913,0.234805
6.850000,0.487285,0.030902,0.234887
6.852000,0.487789,0.030892,0.234970
6.854000,0.488293,0.030881,0.235053
6.856000,0.488797,0.030871,0.235135
6.858000,0.489301,0.030860,0.235218
6.860000,0.489805,0.030849,0.235301
6.862000,0.490310,0.030837,0.235384
6.864000,0.490815,0.030826,0.235468
6.866000,0.491319,0.030815,0.235551
6.868000,0.491824,0.030803,0.235635
6.870000,0.492329,0.030791,0.235719
6.872000,0.492834,0.030779,0.235802
6.874000,0.493339,0.030767,0.235886
6.876000,0.493591,0.030761,0.235928
6.878000,0.494096,0.030749,0.236013
6.880000,0.494601,0.030737,0.236097
6.882000,0.495106,0.030725,0.236181
6.884000,0.495611,0.030712,0.236266
6.886000,0.496116,0.030700,0.236350
6.888000,0.496621,0.030687,0.236435
6.890000,0.497125,0.030674,0.236519
6.892000,0.497630,0.030661,0.236604
6.894000,0.498134,0.030648,0.236689
6.896000,0.498638,0.030635,0.236774
6.898000,0.499142,0.030622,0.236859
6.900000,0.499646,0.030609,0.236944
6.902000,0.500149,0.030596,0.237029
6.904000,0.500653,0.030582,0.237114
6.906000,0.501155,0.030569,0.237200
6.908000,0.501658,0.030556,0.237285
6.910000,0.502160,0.030542,0.237370
6.912000,0.502662,0.030529,0.237456
6.914000,0.503163,0.030515,0.237541
6.916000,0.503664,0.030501,0.237627
6.918000,0.504164,0.030488,0.237712
6.920000,0.504665,0.030474,0.237798
6.922000,0.505164,0.030460,0.237883
6.924000,0.505664,0.030447,0.237969
6.926000,0.505913,0.030440,0.238012
6.928000,0.506412,0.030426,0.238097
6.930000,0.506910,0.030412,0.238182
6.932000,0.507408,0.030398,0.238268
6.934000,0.507906,0.030385,0.238353
6.936000,0.508403,0.030371,0.238438
6.938000,0.508900,0.030357,0.238522
6.940000,0.509397,0.030343,0.238607
6.942000,0.509893,0.030330,0.238692
6.944000,0.510389,0.030316,0.238776
6.946000,0.510884,0.030302,0.238860
6.948000,0.511380,0.030288,0.238944
6.950000,0.511874,0.030275,0.239028
6.952000,0.512368,0.030261,0.239112
6.954000,0.512862,0.030247,0.239195
6.956000,0.513355,0.030234,0.239278
6.958000,0.513848,0.030220,0.239361
6.960000,0.514341,0.030207,0.239444
6.962000,0.514832,0.030194,0.239527
6.964000,0.515324,0.030180,0.239609
6.966000,0.515815,0.030167,0.239691
6.968000,0.516305,0.030154,0.239773
6.970000,0.516795,0.030140,0.239854
6.972000,0.517040,0.030134,0.239895
6.974000,0.517529,0.030121,0.239976
6.976000,0.518018,0.030108,0.240056
6.978000,0.518506,0.030095,0.240136
6.980000,0.518994,0.030082,0.240216
6.982000,0.519482,0.030069,0.240296
6.984000,0.519969,0.030057,0.240375
6.986000,0.520456,0.030044,0.240453
6.988000,0.520943,0.030032,0.240532
6.990000,0.521429,0.030019,0.240610
6.992000,0.521915,0.030007,0.240687
6.994000,0.522400,0.029995,0.240764
6.996000,0.522885,0.029983,0.240841
6.998000,0.523369,0.029971,0.240917
7.000000,0.523853,0.029959,0.240993
7.002000,0.524336,0.029947,0.241068
7.004000,0.524819,0.029936,0.241143
7.006000,0.525301,0.029924,0.241217
7.008000,0.525783,0.029913,0.241291
7.010000,0.526265,0.029902,0.241364
7.012000,0.526745,0.029890,0.241437
7.014000,0.527225,0.029879,0.241510
7.016000,0.527705,0.029869,0.241582
7.018000,0.528184,0.029858,0.241654
7.020000,0.528661,0.029847,0.241725
7.022000,0.529138,0.029837,0.241796
7.024000,0.529614,0.029826,0.241866
7.026000,0.530090,0.029816,0.241936
7.028000,0.530564,0.029806,0.242006
7.030000,0.530801,0.029801,0.242040
7.032000,0.531274,0.029791,0.242109
7.034000,0.531746,0.029781,0.242178
7.036000,0.532217,0.029771,0.242246
7.038000,0.532687,0.029762,0.242313
7.040000,0.533156,0.029752,0.242380
7.042000,0.533624,0.029743,0.242447
7.044000,0.534092,0.029734,0.242513
7.046000,0.534558,0.029725,0.242579
7.048000,0.535023,0.029716,0.242644
7.050000,0.535488,0.029708,0.242708
7.052000,0.535951,0.029699,0.242772
7.054000,0.536413,0.029691,0.242836
7.056000,0.536874,0.029683,0.242899
7.058000,0.537334,0.029675,0.242961
7.060000,0.537793,0.029667,0.243023
7.062000,0.538251,0.029659,0.243085
7.064000,0.538708,0.029651,0.243146
7.066000,0.539163,0.029644,0.243206
7.068000,0.539618,0.029637,0.243266
7.070000,0.540071,0.029630,0.243325
7.072000,0.540524,0.029623,0.243383
7.074000,0.540975,0.029616,0.243441
7.076000,0.541425,0.029609,0.243499
7.078000,0.541650,0.029606,0.243527
7.080000,0.542098,0.029600,0.243584
7.082000,0.542546,0.029594,0.243639
7.084000,0.542992,0.029587,0.243695
7.086000,0.543437,0.029581,0.243749
7.088000,0.543882,0.029575,0.243803
7.090000,0.544325,0.029569,0.243857
7.092000,0.544768,0.029563,0.243909
7.094000,0.545210,0.029557,0.243962
7.096000,0.545650,0.029550,0.244013
7.098000,0.546090,0.029543,0.244064
7.100000,0.546529,0.029536,0.244114
7.102000,0.546967,0.029529,0.244164
7.104000,0.547404,0.029522,0.244213
7.106000,0.547840,0.029515,0.244261
7.108000,0.548275,0.029507,0.244309
7.110000,0.548709,0.029500,0.244356
7.112000,0.549142,0.029492,0.244403
7.114000,0.549574,0.029484,0.244448
7.116000,0.550005,0.029476,0.244493
7.118000,0.550435,0.029468,0.244538
7.120000,0.550864,0.029459,0.244581
7.122000,0.551293,0.029451,0.244624
7.124000,0.551720,0.029442,0.244667
7.126000,0.552146,0.029434,0.244708
7.128000,0.552572,0.029425,0.244749
7.130000,0.552996,0.029416,0.244789
7.132000,0.553420,0.029407,0.244828
7.134000,0.553842,0.029398,0.244867
7.136000,0.554264,0.029389,0.244905
7.138000,0.554685,0.029380,0.244942
7.140000,0.555105,0.029370,0.244978
7.142000,0.555524,0.029361,0.245014
7.144000,0.555942,0.029351,0.245048
7.146000,0.556359,0.029342,0.245082
7.148000,0.556775,0.029332,0.245115
7.150000,0.557191,0.029322,0.245148
7.152000,0.557605,0.029312,0.245180
7.154000,0.558018,0.029302,0.245211
7.156000,0.558430,0.029292,0.245241
7.158000,0.558841,0.029282,0.245270
7.160000,0.559251,0.029272,0.245299
7.162000,0.559660,0.029261,0.245327
7.164000,0.560067,0.029251,0.245354
7.166000,0.560473,0.029240,0.245381
7.168000,0.560878,0.029230,0.245407
7.170000,0.561281,0.029219,0.245432
7.172000,0.561683,0.029208,0.245456
7.174000,0.562084,0.029197,0.245480
7.176000,0.562483,0.029186,0.245503
7.178000,0.562881,0.029174,0.245526
7.180000,0.563277,0.029163,0.245547
7.182000,0.563672,0.029152,0.245568
7.184000,0.564066,0.029140,0.245588
7.186000,0.564458,0.029129,0.245608
7.188000,0.564848,0.029117,0.245626
7.190000,0.565238,0.029105,0.245644
7.192000,0.565625,0.029093,0.245662
7.194000,0.566012,0.029081,0.245678
7.196000,0.566397,0.029069,0.245694
7.198000,0.566780,0.029057,0.245709
7.200000,0.567162,0.029045,0.245723
7.202000,0.567543,0.029033,0.245737
7.204000,0.567922,0.029020,0.245750
7.206000,0.568300,0.029008,0.245762
7.208000,0.568676,0.028996,0.245773
7.210000,0.569051,0.028983,0.245783
7.212000,0.569424,0.028971,0.245793
7.214000,0.569611,0.028964,0.245797
7.216000,0.569982,0.028952,0.245806
7.218000,0.570352,0.028939,0.245813
7.220000,0.570721,0.028926,0.245820
7.222000,0.571089,0.028914,0.245826
7.224000,0.571456,0.028901,0.245832
7.226000,0.571821,0.028888,0.245836
7.228000,0.572185,0.028875,0.245839
7.230000,0.572548,0.028863,0.245842
7.232000,0.572909,0.028850,0.245844
7.234000,0.573269,0.028837,0.245845
7.236000,0.573629,0.028824,0.245845
7.238000,0.573986,0.028811,0.245845
7.240000,0.574343,0.028799,0.245843
7.242000,0.574698,0.028786,0.245841
7.244000,0.575053,0.028773,0.245838
7.246000,0.575406,0.028760,0.245834
7.248000,0.575757,0.028747,0.245829
7.250000,0.576108,0.028735,0.245824
7.252000,0.576458,0.028722,0.245817
7.254000,0.576806,0.028709,0.245810
7.256000,0.577153,0.028697,0.245802
7.258000,0.577499,0.028684,0.245793
7.260000,0.577844,0.028671,0.245783
7.262000,0.578188,0.028659,0.245773
7.264000,0.578359,0.028652,0.245767
7.266000,0.578872,0.028634,0.245749
7.268000,0.579213,0.028621,0.245736
7.270000,0.579552,0.028609,0.245722
7.272000,0.579891,0.028597,0.245707
7.274000,0.580228,0.028584,0.245691
7.276000,0.580564,0.028572,0.245675
7.278000,0.580899,0.028560,0.245658
7.280000,0.581233,0.028548,0.245640
7.282000,0.581566,0.028536,0.245621
7.284000,0.581899,0.028524,0.245601
7.286000,0.582230,0.028512,0.245581
7.288000,0.582560,0.028500,0.245559
7.290000,0.582889,0.028488,0.245537
7.292000,0.583217,0.028477,0.245514
7.294000,0.583543,0.028465,0.245491
7.296000,0.583868,0.028453,0.245468
7.298000,0.584191,0.028442,0.245444
7.300000,0.584513,0.028430,0.245421
7.302000,0.584833,0.028418,0.245397
7.304000,0.585152,0.028406,0.245373
7.306000,0.585469,0.028395,0.245349
7.308000,0.585784,0.028383,0.245325
7.310000,0.586098,0.028371,0.245301
7.312000,0.586410,0.028359,0.245277
7.314000,0.586720,0.028347,0.245253
7.316000,0.587029,0.028335,0.245229
7.318000,0.587183,0.028329,0.245216
7.320000,0.587490,0.028317,0.245192
7.322000,0.587795,0.028305,0.245167
7.324000,0.588099,0.028293,0.245142
7.326000,0.588401,0.028281,0.245117
7.328000,0.588702,0.028269,0.245092
7.330000,0.589002,0.028257,0.245066
7.332000,0.589300,0.028245,0.245041
7.334000,0.589596,0.028233,0.245015
7.336000,0.589892,0.028222,0.244989
7.338000,0.590186,0.028210,0.244963
7.340000,0.590478,0.028198,0.244937
7.342000,0.590624,0.028192,0.244924
7.344000,0.590914,0.028180,0.244898
7.346000,0.591203,0.028168,0.244871
7.348000,0.591491,0.028157,0.244844
7.350000,0.591778,0.028145,0.244817
7.352000,0.592063,0.028133,0.244790
7.354000,0.592348,0.028122,0.244762
7.356000,0.592630,0.028110,0.244735
7.358000,0.592912,0.028099,0.244707
7.360000,0.593193,0.028087,0.244679
7.362000,0.593472,0.028076,0.244650
7.364000,0.593611,0.028070,0.244636
7.366000,0.594027,0.028053,0.244593
7.368000,0.594302,0.028042,0.244564
7.370000,0.594577,0.028031,0.244535
7.372000,0.594850,0.028020,0.244506
7.374000,0.594986,0.028015,0.244491
7.376000,0.595258,0.028004,0.244461
7.378000,0.595528,0.027993,0.244432
7.380000,0.595798,0.027982,0.244401
7.382000,0.596066,0.027971,0.244371
7.384000,0.596334,0.027961,0.244340
7.386000,0.596600,0.027950,0.244310
7.388000,0.596865,0.027940,0.244279
7.390000,0.597129,0.027929,0.244247
7.392000,0.597392,0.027919,0.244216
7.394000,0.597655,0.027909,0.244184
7.396000,0.597916,0.027899,0.244152
7.398000,0.598176,0.027889,0.244120
7.400000,0.598435,0.027879,0.244087
7.402000,0.598693,0.027869,0.244055
7.404000,0.598950,0.027860,0.244022
7.406000,0.599206,0.027850,0.243989
7.408000,0.599462,0.027841,0.243955
7.410000,0.599716,0.027832,0.243922
7.412000,0.599969,0.027822,0.243888
7.414000,0.600222,0.027813,0.243854
7.416000,0.600473,0.027804,0.243819
7.418000,0.600723,0.027796,0.243785
7.420000,0.600973,0.027787,0.243750
7.422000,0.601222,0.027778,0.243715
7.424000,0.601470,0.027770,0.243680
7.426000,0.601717,0.027761,0.243644
7.428000,0.601963,0.027753,0.243609
7.430000,0.602085,0.027749,0.243591
7.432000,0.602452,0.027737,0.243537
7.434000,0.602695,0.027729,0.243500
7.436000,0.602817,0.027725,0.243482
7.438000,0.603058,0.027718,0.243445
7.440000,0.603299,0.027710,0.243408
7.442000,0.603539,0.027703,0.243371
7.444000,0.603777,0.027695,0.243334
7.446000,0.604015,0.027688,0.243297
7.448000,0.604251,0.027681,0.243259
7.450000,0.604486,0.027673,0.243221
7.452000,0.604720,0.027666,0.243183
7.454000,0.604953,0.027659,0.243145
7.456000,0.605184,0.027653,0.243106
7.458000,0.605415,0.027646,0.243068
7.460000,0.605644,0.027639,0.243029
7.462000,0.605872,0.027632,0.242990
7.464000,0.606098,0.027626,0.242951
7.466000,0.606324,0.027619,0.242912
7.468000,0.606436,0.027616,0.242892
7.470000,0.606659,0.027610,0.242853
7.472000,0.606882,0.027603,0.242813
7.474000,0.607103,0.027597,0.242773
7.476000,0.607323,0.027591,0.242733
7.478000,0.607542,0.027585,0.242693
7.480000,0.607759,0.027579,0.242653
7.482000,0.607976,0.027573,0.242612
7.484000,0.608191,0.027567,0.242572
7.486000,0.608405,0.027562,0.242531
7.488000,0.608618,0.027556,0.242490
7.490000,0.608830,0.027551,0.242449
7.492000,0.609040,0.027545,0.242408
7.494000,0.609250,0.027540,0.242366
7.496000,0.609458,0.027535,0.242325
7.498000,0.609665,0.027529,0.242283
7.500000,0.609871,0.027524,0.242242
7.502000,0.610076,0.027519,0.242200
7.504000,0.610280,0.027514,0.242158
7.506000,0.610483,0.027510,0.242116
7.508000,0.610685,0.027505,0.242073
7.510000,0.610885,0.027500,0.242031
7.512000,0.611085,0.027496,0.241989
7.514000,0.611283,0.027491,0.241946
7.516000,0.611481,0.027487,0.241903
7.518000,0.611677,0.027483,0.241860
7.520000,0.611873,0.027479,0.241818
7.522000,0.611970,0.027477,0.241796
7.524000,0.612164,0.027473,0.241753
7.526000,0.612357,0.027469,0.241710
7.528000,0.612549,0.027465,0.241667
7.530000,0.612740,0.027461,0.241623
7.532000,0.612930,0.027458,0.241580
7.534000,0.613119,0.027454,0.241536
7.536000,0.613307,0.027451,0.241493
7.538000,0.613495,0.027448,0.241449
7.540000,0.613681,0.027445,0.241405
7.542000,0.613867,0.027442,0.241361
7.544000,0.614051,0.027439,0.241317
7.546000,0.614235,0.027436,0.241273
7.548000,0.614418,0.027434,0.241229
7.550000,0.614600,0.027431,0.241185
7.552000,0.614782,0.027429,0.241141
7.554000,0.614962,0.027426,0.241097
7.556000,0.615142,0.027424,0.241053
7.558000,0.615320,0.027422,0.241008
7.560000,0.615498,0.027420,0.240964
7.562000,0.615676,0.027419,0.240920
7.564000,0.615852,0.027417,0.240875
7.566000,0.616027,0.027415,0.240831
7.568000,0.616202,0.027414,0.240787
7.570000,0.616376,0.027412,0.240742
7.572000,0.616549,0.027411,0.240698
7.574000,0.616722,0.027410,0.240653
7.576000,0.616893,0.027409,0.240609
7.578000,0.617064,0.027408,0.240564
7.580000,0.617233,0.027407,0.240520
7.582000,0.617402,0.027407,0.240475
7.584000,0.617486,0.027406,0.240453
7.586000,0.617736,0.027405,0.240386
7.588000,0.617819,0.027405,0.240364
7.590000,0.617984,0.027404,0.240320
7.592000,0.618148,0.027404,0.240276
7.594000,0.618311,0.027404,0.240231
7.596000,0.618473,0.027403,0.240187
7.598000,0.618635,0.027403,0.240143
7.600000,0.618795,0.027403,0.240099
7.602000,0.618954,0.027403,0.240055
7.604000,0.619112,0.027403,0.240011
7.606000,0.619269,0.027403,0.239967
7.608000,0.619425,0.027403,0.239923
7.610000,0.619580,0.027403,0.239880
7.612000,0.619734,0.027403,0.239836
7.614000,0.619887,0.027404,0.239792
7.616000,0.620039,0.027404,0.239749
7.618000,0.620190,0.027404,0.239706
7.620000,0.620340,0.027405,0.239662
7.622000,0.620489,0.027405,0.239619
7.624000,0.620637,0.027406,0.239576
7.626000,0.620784,0.027406,0.239534
7.628000,0.620930,0.027407,0.239491
7.630000,0.621002,0.027407,0.239470
7.632000,0.621219,0.027408,0.239406
7.634000,0.621362,0.027409,0.239364
7.636000,0.621504,0.027410,0.239322
7.638000,0.621646,0.027411,0.239280
7.640000,0.621786,0.027412,0.239238
7.642000,0.621926,0.027413,0.239196
7.644000,0.622064,0.027414,0.239155
7.646000,0.622202,0.027415,0.239114
7.648000,0.622339,0.027416,0.239073
7.650000,0.622474,0.027417,0.239032
7.652000,0.622609,0.027418,0.238991
7.654000,0.622744,0.027420,0.238951
7.656000,0.622877,0.027421,0.238910
7.658000,0.623009,0.027422,0.238870
7.660000,0.623141,0.027424,0.238830
7.662000,0.623272,0.027425,0.238791
7.664000,0.623272,0.027425,0.238791
7.666000,0.623466,0.027428,0.238732
7.668000,0.623595,0.027429,0.238693
7.670000,0.623723,0.027431,0.238654
7.672000,0.623851,0.027433,0.238615
7.674000,0.623977,0.027435,0.238577
7.676000,0.624103,0.027437,0.238539
7.678000,0.624228,0.027438,0.238501
7.680000,0.624290,0.027439,0.238482
7.682000,0.624476,0.027442,0.238426
7.684000,0.624598,0.027445,0.238389
7.686000,0.624721,0.027447,0.238352
7.688000,0.624842,0.027449,0.238316
7.690000,0.624963,0.027451,0.238280
7.692000,0.625083,0.027453,0.238244
7.694000,0.625202,0.027456,0.238208
7.696000,0.625321,0.027458,0.238173
7.698000,0.625439,0.027460,0.238138
7.700000,0.625556,0.027463,0.238103
7.702000,0.625673,0.027465,0.238069
7.704000,0.625789,0.027468,0.238035
7.706000,0.625904,0.027471,0.238001
7.708000,0.625961,0.027472,0.237984
7.710000,0.626076,0.027475,0.237951
7.712000,0.626190,0.027477,0.237918
7.714000,0.626303,0.027480,0.237886
7.716000,0.626415,0.027483,0.237853
7.718000,0.626527,0.027486,0.237822
7.720000,0.626638,0.027488,0.237790
7.722000,0.626748,0.027491,0.237759
7.724000,0.626857,0.027494,0.237729
7.726000,0.626966,0.027497,0.237699
7.728000,0.627074,0.027500,0.237669
7.730000,0.627128,0.027501,0.237654
7.732000,0.627287,0.027505,0.237611
7.734000,0.627393,0.027508,0.237582
7.736000,0.627497,0.027511,0.237554
7.738000,0.627601,0.027514,0.237527
7.740000,0.627704,0.027516,0.237500
7.742000,0.627807,0.027519,0.237473
7.744000,0.627908,0.027522,0.237447
7.746000,0.628009,0.027524,0.237422
7.748000,0.628109,0.027527,0.237396
7.750000,0.628208,0.027530,0.237372
7.752000,0.628306,0.027532,0.237348
7.754000,0.628404,0.027535,0.237324
7.756000,0.628452,0.027536,0.237313
7.758000,0.628548,0.027538,0.237290
7.760000,0.628644,0.027541,0.237268
7.762000,0.628739,0.027543,0.237246
7.764000,0.628786,0.027545,0.237236
7.766000,0.628926,0.027548,0.237205
7.768000,0.629019,0.027550,0.237185
7.770000,0.629111,0.027553,0.237165
7.772000,0.629202,0.027555,0.237147
7.774000,0.629292,0.027557,0.237128
7.776000,0.629382,0.027559,0.237111
7.778000,0.629471,0.027562,0.237094
7.780000,0.629559,0.027564,0.237077
7.782000,0.629647,0.027566,0.237061
7.784000,0.629733,0.027568,0.237046
7.786000,0.629820,0.027570,0.237032
7.788000,0.629905,0.027572,0.237018
7.790000,0.629990,0.027573,0.237004
7.792000,0.630074,0.027575,0.236992
7.794000,0.630158,0.027577,0.236980
7.796000,0.630199,0.027578,0.236974
7.798000,0.630282,0.027580,0.236963
7.800000,0.630364,0.027581,0.236952
7.802000,0.630445,0.027583,0.236942
7.804000,0.630526,0.027584,0.236933
7.806000,0.630606,0.027586,0.236925
7.808000,0.630685,0.027587,0.236917
7.810000,0.630764,0.027589,0.236910
7.812000,0.630842,0.027590,0.236903
7.814000,0.630920,0.027592,0.236898
7.816000,0.630997,0.027593,0.236893
7.818000,0.631074,0.027594,0.236888
7.820000,0.631150,0.027595,0.236885
7.822000,0.631225,0.027596,0.236882
7.824000,0.631300,0.027597,0.236879
7.826000,0.631374,0.027598,0.236878
7.828000,0.631448,0.027599,0.236877
7.830000,0.631485,0.027600,0.236877
7.832000,0.631594,0.027601,0.236877
7.834000,0.631666,0.027602,0.236878
7.836000,0.631738,0.027603,0.236880
7.838000,0.631809,0.027603,0.236883
7.840000,0.631880,0.027604,0.236887
7.842000,0.631950,0.027604,0.236891
7.844000,0.632020,0.027605,0.236896
7.846000,0.632089,0.027605,0.236901
7.848000,0.632158,0.027605,0.236908
7.850000,0.632226,0.027605,0.236915
7.852000,0.632260,0.027605,0.236919
7.854000,0.632328,0.027606,0.236927
7.856000,0.632395,0.027605,0.236936
7.858000,0.632461,0.027605,0.236946
7.860000,0.632527,0.027605,0.236956
7.862000,0.632593,0.027605,0.236967
7.864000,0.632658,0.027604,0.236979
7.866000,0.632722,0.027603,0.236992
7.868000,0.632786,0.027603,0.237006
7.870000,0.632818,0.027602,0.237013
7.872000,0.632912,0.027601,0.237035
7.874000,0.632974,0.027600,0.237051
7.876000,0.633036,0.027599,0.237068
7.878000,0.633097,0.027597,0.237086
7.880000,0.633158,0.027596,0.237104
7.882000,0.633218,0.027594,0.237123
7.884000,0.633278,0.027592,0.237143
7.886000,0.633337,0.027590,0.237164
7.888000,0.633395,0.027588,0.237186
7.890000,0.633453,0.027586,0.237208
7.892000,0.633482,0.027585,0.237219
7.894000,0.633539,0.027582,0.237243
7.896000,0.633596,0.027580,0.237267
7.898000,0.633652,0.027577,0.237293
7.900000,0.633707,0.027574,0.237319
7.902000,0.633762,0.027571,0.237346
7.904000,0.633817,0.027568,0.237373
7.906000,0.633871,0.027565,0.237402
7.908000,0.633925,0.027561,0.237431
7.910000,0.633978,0.027558,0.237461
7.912000,0.634031,0.027554,0.237492
7.914000,0.634083,0.027550,0.237524
7.916000,0.634134,0.027546,0.237557
7.918000,0.634186,0.027542,0.237590
7.920000,0.634236,0.027538,0.237625
7.922000,0.634287,0.027533,0.237660
7.924000,0.634336,0.027529,0.237696
7.926000,0.634386,0.027524,0.237732
7.928000,0.634435,0.027519,0.237770
7.930000,0.634459,0.027517,0.237789
7.932000,0.634531,0.027509,0.237848
7.934000,0.634579,0.027504,0.237888
7.936000,0.634626,0.027498,0.237929
7.938000,0.634673,0.027493,0.237970
7.940000,0.634719,0.027487,0.238013
7.942000,0.634765,0.027481,0.238056
7.944000,0.634810,0.027475,0.238100
7.946000,0.634856,0.027469,0.238145
7.948000,0.634900,0.027463,0.238191
7.950000,0.634944,0.027456,0.238238
7.952000,0.634988,0.027450,0.238285
7.954000,0.635032,0.027443,0.238333
7.956000,0.635075,0.027436,0.238382
7.958000,0.635118,0.027429,0.238432
7.960000,0.635160,0.027422,0.238483
7.962000,0.635202,0.027415,0.238534
7.964000,0.635202,0.027415,0.238534
7.966000,0.635265,0.027404,0.238613
7.968000,0.635307,0.027397,0.238666
7.970000,0.635349,0.027390,0.238720
7.972000,0.635392,0.027382,0.238775
7.974000,0.635436,0.027374,0.238830
7.976000,0.635480,0.027367,0.238886
7.978000,0.635524,0.027359,0.238943
7.980000,0.635569,0.027351,0.239000
7.982000,0.635614,0.027343,0.239058
7.984000,0.635660,0.027335,0.239116
7.986000,0.635706,0.027327,0.239175
7.988000,0.635753,0.027319,0.239234
7.990000,0.635800,0.027310,0.239295
7.992000,0.635847,0.027302,0.239355
7.994000,0.635895,0.027294,0.239416
7.996000,0.635943,0.027286,0.239478
7.998000,0.635992,0.027278,0.239540
8.000000,0.636041,0.027269,0.239603
8.002000,0.636090,0.027261,0.239666
8.004000,0.636139,0.027253,0.239729
8.006000,0.636189,0.027244,0.239793
8.008000,0.636240,0.027236,0.239858
8.010000,0.636290,0.027227,0.239923
8.012000,0.636341,0.027219,0.239988
8.014000,0.636393,0.027210,0.240054
8.016000,0.636444,0.027201,0.240120
8.018000,0.636496,0.027193,0.240186
8.020000,0.636548,0.027184,0.240253
8.022000,0.636600,0.027175,0.240321
8.024000,0.636653,0.027166,0.240388
8.026000,0.636706,0.027157,0.240456
8.028000,0.636759,0.027148,0.240525
8.030000,0.636813,0.027139,0.240593
8.032000,0.636866,0.027129,0.240662
8.034000,0.636920,0.027120,0.240732
8.036000,0.636947,0.027116,0.240767
8.038000,0.637001,0.027106,0.240836
8.040000,0.637056,0.027097,0.240907
8.042000,0.637110,0.027087,0.240977
8.044000,0.637165,0.027078,0.241048
8.046000,0.637220,0.027068,0.241119
8.048000,0.637275,0.027058,0.241190
8.050000,0.637331,0.027048,0.241261
8.052000,0.637386,0.027038,0.241333
8.054000,0.637442,0.027028,0.241405
8.056000,0.637498,0.027018,0.241477
8.058000,0.637553,0.027008,0.241550
8.060000,0.637609,0.026998,0.241622
8.062000,0.637665,0.026988,0.241695
8.064000,0.637721,0.026977,0.241768
8.066000,0.637777,0.026967,0.241842
8.068000,0.637833,0.026956,0.241915
8.070000,0.637890,0.026945,0.241989
8.072000,0.637946,0.026935,0.242062
8.074000,0.638002,0.026924,0.242136
8.076000,0.638030,0.026918,0.242173
8.078000,0.638086,0.026908,0.242248
8.080000,0.638142,0.026897,0.242322
8.082000,0.638198,0.026885,0.242396
8.084000,0.638254,0.026874,0.242471
8.086000,0.638310,0.026863,0.242546
8.088000,0.638366,0.026852,0.242621
8.090000,0.638422,0.026840,0.242696
8.092000,0.638478,0.026829,0.242771
8.094000,0.638533,0.026817,0.242846
8.096000,0.638589,0.026806,0.242921
8.098000,0.638644,0.026794,0.242997
8.100000,0.638700,0.026782,0.243072
8.102000,0.638755,0.026770,0.243148
8.104000,0.638810,0.026758,0.243224
8.106000,0.638865,0.026746,0.243299
8.108000,0.638920,0.026734,0.243375
8.110000,0.638974,0.026722,0.243451
8.112000,0.639029,0.026709,0.243527
8.114000,0.639083,0.026697,0.243603
8.116000,0.639137,0.026685,0.243679
8.118000,0.639191,0.026672,0.243755
8.120000,0.639245,0.026659,0.243831
8.122000,0.639298,0.026647,0.243908
8.124000,0.639352,0.026634,0.243984
8.126000,0.639405,0.026621,0.244060
8.128000,0.639457,0.026608,0.244136
8.130000,0.639510,0.026595,0.244212
8.132000,0.639562,0.026582,0.244289
8.134000,0.639614,0.026569,0.244365
8.136000,0.639666,0.026556,0.244441
8.138000,0.639692,0.026549,0.244479
8.140000,0.639744,0.026536,0.244555
8.142000,0.639795,0.026522,0.244632
8.144000,0.639846,0.026509,0.244708
8.146000,0.639896,0.026495,0.244784
8.148000,0.639947,0.026482,0.244860
8.150000,0.639997,0.026468,0.244936
8.152000,0.640047,0.026454,0.245013
8.154000,0.640096,0.026440,0.245089
8.156000,0.640145,0.026426,0.245165
8.158000,0.640194,0.026412,0.245241
8.160000,0.640243,0.026398,0.245317
8.162000,0.640291,0.026384,0.245393
8.164000,0.640339,0.026370,0.245469
8.166000,0.640387,0.026356,0.245545
8.168000,0.640434,0.026342,0.245621
8.170000,0.640481,0.026327,0.245697
8.172000,0.640528,0.026313,0.245772
8.174000,0.640574,0.026298,0.245848
8.176000,0.640620,0.026284,0.245924
8.178000,0.640666,0.026269,0.246000
8.180000,0.640711,0.026254,0.246075
8.182000,0.640756,0.026240,0.246151
8.184000,0.640801,0.026225,0.246226
8.186000,0.640845,0.026210,0.246301
8.188000,0.640889,0.026195,0.246377
8.190000,0.640933,0.026180,0.246452
8.192000,0.640976,0.026165,0.246527
8.194000,0.641019,0.026150,0.246602
8.196000,0.641062,0.026135,0.246677
8.198000,0.641104,0.026119,0.246752
8.200000,0.641146,0.026104,0.246827
8.202000,0.641187,0.026089,0.246902
8.204000,0.641228,0.026073,0.246977
8.206000,0.641269,0.026058,0.247051
8.208000,0.641309,0.026042,0.247126
8.210000,0.641349,0.026027,0.247200
8.212000,0.641389,0.026011,0.247275
8.214000,0.641408,0.026003,0.247312
8.216000,0.641447,0.025988,0.247386
8.218000,0.641486,0.025972,0.247460
8.220000,0.641524,0.025956,0.247534
8.222000,0.641562,0.025940,0.247608
8.224000,0.641600,0.025925,0.247682
8.226000,0.641637,0.025909,0.247756
8.228000,0.641674,0.025893,0.247830
8.230000,0.641692,0.025885,0.247866
8.232000,0.641746,0.025861,0.247977
8.234000,0.641782,0.025844,0.248050
8.236000,0.641817,0.025828,0.248124
8.238000,0.641852,0.025812,0.248197
8.240000,0.641887,0.025796,0.248270
8.242000,0.641921,0.025780,0.248343
8.244000,0.641955,0.025763,0.248416
8.246000,0.641972,0.025755,0.248453
8.248000,0.642005,0.025739,0.248526
8.250000,0.642038,0.025722,0.248598
8.252000,0.642070,0.025706,0.248671
8.254000,0.642102,0.025689,0.248744
8.256000,0.642134,0.025673,0.248816
8.258000,0.642165,0.025656,0.248889
8.260000,0.642196,0.025640,0.248961
8.262000,0.642227,0.025623,0.249033
8.264000,0.642257,0.025606,0.249105
8.266000,0.642287,0.025590,0.249177
8.268000,0.642317,0.025573,0.249249
8.270000,0.642346,0.025556,0.249321
8.272000,0.642374,0.025539,0.249393
8.274000,0.642403,0.025522,0.249465
8.276000,0.642431,0.025505,0.249536
8.278000,0.642459,0.025489,0.249608
8.280000,0.642486,0.025472,0.249679
8.282000,0.642513,0.025455,0.249751
8.284000,0.642539,0.025438,0.249822
8.286000,0.642566,0.025421,0.249893
8.288000,0.642592,0.025404,0.249964
8.290000,0.642617,0.025387,0.250035
8.292000,0.642642,0.025369,0.250106
8.294000,0.642655,0.025361,0.250142
8.296000,0.642691,0.025335,0.250248
8.298000,0.642704,0.025327,0.250283
8.300000,0.642728,0.025309,0.250354
8.302000,0.642751,0.025292,0.250424
8.304000,0.642774,0.025275,0.250495
8.306000,0.642797,0.025258,0.250565
8.308000,0.642820,0.025241,0.250635
8.310000,0.642842,0.025223,0.250705
8.312000,0.642864,0.025206,0.250776
8.314000,0.642885,0.025189,0.250846
8.316000,0.642907,0.025172,0.250916
8.318000,0.642928,0.025154,0.250985
8.320000,0.642948,0.025137,0.251055
8.322000,0.642968,0.025120,0.251125
8.324000,0.642988,0.025102,0.251195
8.326000,0.643008,0.025085,0.251264
8.328000,0.643027,0.025068,0.251334
8.330000,0.643036,0.025059,0.251368
8.332000,0.643065,0.025033,0.251473
8.334000,0.643083,0.025015,0.251542
8.336000,0.643101,0.024998,0.251611
8.338000,0.643118,0.024981,0.251680
8.340000,0.643136,0.024963,0.251749
8.342000,0.643153,0.024946,0.251818
8.344000,0.643170,0.024928,0.251887
8.346000,0.643186,0.024911,0.251956
8.348000,0.643202,0.024894,0.252025
8.350000,0.643218,0.024876,0.252093
8.352000,0.643226,0.024868,0.252128
8.354000,0.643241,0.024850,0.252196
8.356000,0.643256,0.024833,0.252265
8.358000,0.643271,0.024815,0.252333
8.360000,0.643285,0.024798,0.252402
8.362000,0.643300,0.024781,0.252470
8.364000,0.643314,0.024763,0.252539
8.366000,0.643327,0.024746,0.252607
8.368000,0.643341,0.024728,0.252675
8.370000,0.643354,0.024711,0.252743
8.372000,0.643367,0.024694,0.252811
8.374000,0.643379,0.024676,0.252879
8.376000,0.643391,0.024659,0.252947
8.378000,0.643403,0.024642,0.253015
8.380000,0.643415,0.024624,0.253083
8.382000,0.643427,0.024607,0.253151
8.384000,0.643438,0.024589,0.253219
8.386000,0.643449,0.024572,0.253287
8.388000,0.643460,0.024555,0.253354
8.390000,0.643470,0.024538,0.253422
8.392000,0.643480,0.024520,0.253490
8.394000,0.643490,0.024503,0.253557
8.396000,0.643500,0.024486,0.253625
8.398000,0.643510,0.024468,0.253692
8.400000,0.643519,0.024451,0.253760
8.402000,0.643528,0.024434,0.253827
8.404000,0.643537,0.024417,0.253894
8.406000,0.643546,0.024399,0.253962
8.408000,0.643555,0.024382,0.254030
8.410000,0.643559,0.024374,0.254063
8.412000,0.643573,0.024348,0.254165
8.414000,0.643577,0.024339,0.254199
8.416000,0.643586,0.024322,0.254267
8.418000,0.643595,0.024305,0.254335
8.420000,0.643604,0.024288,0.254403
8.422000,0.643613,0.024271,0.254471
8.424000,0.643622,0.024254,0.254539
8.426000,0.643631,0.024237,0.254607
8.428000,0.643640,0.024221,0.254675
8.430000,0.643649,0.024204,0.254743
8.432000,0.643658,0.024187,0.254812
8.434000,0.643666,0.024170,0.254880
8.436000,0.643675,0.024153,0.254949
8.438000,0.643684,0.024137,0.255017
8.440000,0.643693,0.024120,0.255086
8.442000,0.643702,0.024103,0.255154
8.444000,0.643711,0.024087,0.255223
8.446000,0.643720,0.024070,0.255291
8.448000,0.643729,0.024053,0.255360
8.450000,0.643738,0.024037,0.255429
8.452000,0.643747,0.024020,0.255498
8.454000,0.643756,0.024004,0.255567
8.456000,0.643765,0.023988,0.255635
8.458000,0.643773,0.023971,0.255704
8.460000,0.643778,0.023963,0.255739
8.462000,0.643787,0.023947,0.255808
8.464000,0.643791,0.023939,0.255842
8.466000,0.643804,0.023914,0.255946
8.468000,0.643813,0.023898,0.256015
8.470000,0.643822,0.023882,0.256084
8.472000,0.643831,0.023866,0.256153
8.474000,0.643840,0.023850,0.256222
8.476000,0.643849,0.023834,0.256291
8.478000,0.643858,0.023818,0.256361
8.480000,0.643866,0.023802,0.256430
8.482000,0.643875,0.023786,0.256499
8.484000,0.643884,0.023770,0.256568
8.486000,0.643893,0.023754,0.256637
8.488000,0.643902,0.023738,0.256707
8.490000,0.643910,0.023723,0.256776
8.492000,0.643919,0.023707,0.256845
8.494000,0.643928,0.023691,0.256915
8.496000,0.643937,0.023676,0.256984
8.498000,0.643945,0.023660,0.257053
8.500000,0.643954,0.023645,0.257123
8.502000,0.643963,0.023629,0.257192
8.504000,0.643972,0.023614,0.257261
8.506000,0.643980,0.023599,0.257331
8.508000,0.643989,0.023583,0.257400
8.510000,0.643998,0.023568,0.257469
8.512000,0.644006,0.023553,0.257539
8.514000,0.644015,0.023538,0.257608
8.516000,0.644024,0.023522,0.257677
8.518000,0.644032,0.023507,0.257747
8.520000,0.644041,0.023492,0.257816
8.522000,0.644050,0.023477,0.257885
8.524000,0.644058,0.023462,0.257955
8.526000,0.644067,0.023447,0.258024
8.528000,0.644076,0.023433,0.258093
8.530000,0.644080,0.023425,0.258128
8.532000,0.644084,0.023418,0.258163
8.534000,0.644101,0.023388,0.258301
8.536000,0.644110,0.023374,0.258370
8.538000,0.644114,0.023366,0.258405
8.540000,0.644123,0.023352,0.258474
8.542000,0.644131,0.023337,0.258543
8.544000,0.644140,0.023322,0.258612
8.546000,0.644148,0.023308,0.258681
8.548000,0.644157,0.023294,0.258750
8.550000,0.644165,0.023279,0.258820
8.552000,0.644174,0.023265,0.258889
8.554000,0.644182,0.023250,0.258958
8.556000,0.644191,0.023236,0.259027
8.558000,0.644199,0.023222,0.259095
8.560000,0.644207,0.023208,0.259164
8.562000,0.644216,0.023194,0.259233
8.564000,0.644224,0.023180,0.259302
8.566000,0.644232,0.023166,0.259371
8.568000,0.644241,0.023152,0.259439
8.570000,0.644249,0.023138,0.259508
8.572000,0.644257,0.023124,0.259577
8.574000,0.644266,0.023110,0.259645
8.576000,0.644274,0.023096,0.259714
8.578000,0.644282,0.023082,0.259782
8.580000,0.644291,0.023069,0.259850
8.582000,0.644299,0.023055,0.259919
8.584000,0.644307,0.023042,0.259987
8.586000,0.644315,0.023028,0.260055
8.588000,0.644323,0.023015,0.260123
8.590000,0.644332,0.023001,0.260191
8.592000,0.644336,0.022995,0.260225
8.594000,0.644344,0.022981,0.260293
8.596000,0.644352,0.022968,0.260361
8.598000,0.644360,0.022955,0.260428
8.600000,0.644368,0.022941,0.260496
8.602000,0.644376,0.022928,0.260563
8.604000,0.644384,0.022915,0.260631
8.606000,0.644392,0.022902,0.260698
8.608000,0.644400,0.022889,0.260765
8.610000,0.644408,0.022876,0.260833
8.612000,0.644416,0.022863,0.260900
8.614000,0.644424,0.022851,0.260966
8.616000,0.644432,0.022838,0.261033
8.618000,0.644440,0.022825,0.261100
8.620000,0.644448,0.022813,0.261167
8.622000,0.644456,0.022800,0.261233
8.624000,0.644463,0.022787,0.261299
8.626000,0.644471,0.022775,0.261366
8.628000,0.644479,0.022762,0.261432
8.630000,0.644483,0.022756,0.261465
8.632000,0.644495,0.022738,0.261564
8.634000,0.644502,0.022725,0.261630
8.636000,0.644510,0.022713,0.261695
8.638000,0.644518,0.022701,0.261761
8.640000,0.644525,0.022689,0.261826
8.642000,0.644533,0.022677,0.261891
8.644000,0.644537,0.022671,0.261924
8.646000,0.644544,0.022659,0.261989
8.648000,0.644552,0.022647,0.262054
8.650000,0.644559,0.022635,0.262119
8.652000,0.644567,0.022623,0.262183
8.654000,0.644575,0.022611,0.262248
8.656000,0.644582,0.022600,0.262312
8.658000,0.644589,0.022588,0.262377
8.660000,0.644597,0.022576,0.262441
8.662000,0.644604,0.022565,0.262505
8.664000,0.644612,0.022553,0.262568
8.666000,0.644619,0.022542,0.262632
8.668000,0.644626,0.022530,0.262695
8.670000,0.644634,0.022519,0.262759
8.672000,0.644641,0.022507,0.262822
8.674000,0.644648,0.022496,0.262885
8.676000,0.644655,0.022485,0.262948
8.678000,0.644663,0.022474,0.263011
8.680000,0.644670,0.022463,0.263073
8.682000,0.644677,0.022452,0.263135
8.684000,0.644684,0.022441,0.263198
8.686000,0.644691,0.022430,0.263260
8.688000,0.644698,0.022419,0.263321
8.690000,0.644705,0.022408,0.263383
8.692000,0.644712,0.022397,0.263445
8.694000,0.644719,0.022386,0.263506
8.696000,0.644726,0.022375,0.263567
8.698000,0.644733,0.022365,0.263628
8.700000,0.644740,0.022354,0.263689
8.702000,0.644747,0.022343,0.263750
8.704000,0.644754,0.022333,0.263810
8.706000,0.644761,0.022322,0.263870
8.708000,0.644767,0.022312,0.263930
8.710000,0.644774,0.022301,0.263990
8.712000,0.644781,0.022291,0.264050
8.714000,0.644788,0.022281,0.264109
8.716000,0.644794,0.022270,0.264168
8.718000,0.644798,0.022265,0.264198
8.720000,0.644804,0.022255,0.264257
8.722000,0.644811,0.022245,0.264315
8.724000,0.644817,0.022235,0.264374
8.726000,0.644824,0.022225,0.264432
8.728000,0.644830,0.022215,0.264490
8.730000,0.644837,0.022205,0.264548
8.732000,0.644843,0.022195,0.264606
8.734000,0.644850,0.022185,0.264663
8.736000,0.644856,0.022176,0.264720
8.738000,0.644863,0.022166,0.264777
8.740000,0.644869,0.022156,0.264834
8.742000,0.644875,0.022147,0.264890
8.744000,0.644881,0.022137,0.264946
8.746000,0.644888,0.022127,0.265002
8.748000,0.644894,0.022118,0.265058
8.750000,0.644900,0.022109,0.265113
8.752000,0.644906,0.022099,0.265169
8.754000,0.644912,0.022090,0.265224
8.756000,0.644918,0.022081,0.265278
8.758000,0.644924,0.022071,0.265333
8.760000,0.644930,0.022062,0.265387
8.762000,0.644936,0.022053,0.265441
8.764000,0.644942,0.022044,0.265495
8.766000,0.644948,0.022035,0.265548
8.768000,0.644954,0.022026,0.265601
8.770000,0.644960,0.022017,0.265654
8.772000,0.644966,0.022009,0.265707
8.774000,0.644971,0.022000,0.265759
8.776000,0.644977,0.021991,0.265811
8.778000,0.644980,0.021987,0.265837
8.780000,0.644986,0.021978,0.265889
8.782000,0.644991,0.021970,0.265941
8.784000,0.644997,0.021961,0.265992
8.786000,0.645002,0.021953,0.266043
8.788000,0.645008,0.021945,0.266093
8.790000,0.645014,0.021936,0.266143
8.792000,0.645019,0.021928,0.266193
8.794000,0.645024,0.021920,0.266243
8.796000,0.645030,0.021912,0.266293
8.798000,0.645035,0.021903,0.266342
8.800000,0.645040,0.021895,0.266391
8.802000,0.645046,0.021887,0.266439
8.804000,0.645051,0.021879,0.266488
8.806000,0.645056,0.021872,0.266536
8.808000,0.645061,0.021864,0.266583
8.810000,0.645067,0.021856,0.266631
8.812000,0.645069,0.021852,0.266654
8.814000,0.645074,0.021844,0.266701
8.816000,0.645079,0.021837,0.266748
8.818000,0.645084,0.021829,0.266795
8.820000,0.645089,0.021822,0.266841
8.822000,0.645094,0.021814,0.266887
8.824000,0.645099,0.021807,0.266932
8.826000,0.645104,0.021799,0.266977
8.828000,0.645109,0.021792,0.267022
8.830000,0.645114,0.021785,0.267067
8.832000,0.645118,0.021778,0.267111
8.834000,0.645123,0.021770,0.267155
8.836000,0.645128,0.021763,0.267199
8.838000,0.645133,0.021756,0.267242
8.840000,0.645137,0.021749,0.267285
8.842000,0.645142,0.021742,0.267328
8.844000,0.645146,0.021735,0.267371
8.846000,0.645151,0.021728,0.267413
8.848000,0.645155,0.021721,0.267455
8.850000,0.645160,0.021715,0.267496
8.852000,0.645164,0.021708,0.267537
8.854000,0.645169,0.021701,0.267578
8.856000,0.645173,0.021695,0.267619
8.858000,0.645177,0.021688,0.267659
8.860000,0.645181,0.021682,0.267699
8.862000,0.645186,0.021675,0.267738
8.864000,0.645190,0.021669,0.267777
8.866000,0.645194,0.021663,0.267816
8.868000,0.645198,0.021656,0.267855
8.870000,0.645202,0.021650,0.267893
8.872000,0.645206,0.021644,0.267931
8.874000,0.645210,0.021638,0.267968
8.876000,0.645214,0.021632,0.268005
8.878000,0.645216,0.021629,0.268024
8.880000,0.645220,0.021623,0.268061
8.882000,0.645224,0.021617,0.268097
8.884000,0.645228,0.021611,0.268133
8.886000,0.645231,0.021605,0.268168
8.888000,0.645235,0.021599,0.268204
8.890000,0.645239,0.021594,0.268239
8.892000,0.645242,0.021588,0.268273
8.894000,0.645246,0.021583,0.268307
8.896000,0.645250,0.021577,0.268341
8.898000,0.645253,0.021572,0.268375
8.900000,0.645257,0.021566,0.268408
8.902000,0.645260,0.021561,0.268441
8.904000,0.645264,0.021555,0.268473
8.906000,0.645267,0.021550,0.268505
8.908000,0.645270,0.021545,0.268537
8.910000,0.645274,0.021540,0.268568
8.912000,0.645277,0.021535,0.268599
8.914000,0.645280,0.021529,0.268630
8.916000,0.645283,0.021524,0.268660
8.918000,0.645286,0.021519,0.268690
8.920000,0.645290,0.021514,0.268720
8.922000,0.645293,0.021509,0.268749
8.924000,0.645296,0.021504,0.268778
8.926000,0.645299,0.021499,0.268807
8.928000,0.645300,0.021496,0.268821
8.930000,0.645303,0.021491,0.268849
8.932000,0.645306,0.021486,0.268877
8.934000,0.645309,0.021481,0.268904
8.936000,0.645312,0.021476,0.268931
8.938000,0.645315,0.021470,0.268958
8.940000,0.645317,0.021465,0.268984
8.942000,0.645320,0.021460,0.269011
8.944000,0.645323,0.021455,0.269036
8.946000,0.645326,0.021450,0.269062
8.948000,0.645328,0.021445,0.269087
8.950000,0.645331,0.021440,0.269111
8.952000,0.645333,0.021435,0.269135
8.954000,0.645336,0.021430,0.269159
8.956000,0.645338,0.021425,0.269183
8.958000,0.645341,0.021420,0.269206
8.960000,0.645343,0.021415,0.269229
8.962000,0.645346,0.021410,0.269252
8.964000,0.645348,0.021405,0.269274
8.966000,0.645350,0.021400,0.269296
8.968000,0.645353,0.021396,0.269317
8.970000,0.645355,0.021391,0.269339
8.972000,0.645357,0.021386,0.269360
8.974000,0.645359,0.021381,0.269380
8.976000,0.645362,0.021376,0.269400
8.978000,0.645364,0.021371,0.269420
8.980000,0.645366,0.021366,0.269440
8.982000,0.645368,0.021361,0.269459
8.984000,0.645370,0.021357,0.269478
8.986000,0.645371,0.021354,0.269487
8.988000,0.645373,0.021349,0.269505
8.990000,0.645375,0.021345,0.269523
8.992000,0.645377,0.021340,0.269541
8.994000,0.645378,0.021335,0.269558
8.996000,0.645380,0.021330,0.269575
8.998000,0.645382,0.021326,0.269591
9.000000,0.645384,0.021321,0.269607
9.002000,0.645385,0.021316,0.269623
9.004000,0.645387,0.021311,0.269639
9.006000,0.645389,0.021307,0.269654
9.008000,0.645390,0.021302,0.269669
9.010000,0.645392,0.021298,0.269683
9.012000,0.645394,0.021293,0.269697
9.014000,0.645395,0.021288,0.269711
9.016000,0.645397,0.021284,0.269725
9.018000,0.645398,0.021279,0.269738
9.020000,0.645399,0.021275,0.269750
9.022000,0.645401,0.021270,0.269763
9.024000,0.645402,0.021266,0.269775
9.026000,0.645403,0.021261,0.269787
9.028000,0.645405,0.021257,0.269798
9.030000,0.645405,0.021254,0.269804
9.032000,0.645406,0.021250,0.269814
9.034000,0.645408,0.021246,0.269825
9.036000,0.645409,0.021241,0.269835
9.038000,0.645410,0.021237,0.269845
9.040000,0.645411,0.021232,0.269854
9.042000,0.645412,0.021228,0.269863
9.044000,0.645413,0.021224,0.269872
9.046000,0.645414,0.021219,0.269881
9.048000,0.645415,0.021215,0.269889
9.050000,0.645416,0.021211,0.269897
9.052000,0.645417,0.021207,0.269904
9.054000,0.645417,0.021202,0.269911
9.056000,0.645418,0.021198,0.269918
9.058000,0.645419,0.021194,0.269924
9.060000,0.645420,0.021190,0.269931
9.062000,0.645420,0.021186,0.269936
9.064000,0.645421,0.021182,0.269942
9.066000,0.645422,0.021178,0.269947
9.068000,0.645422,0.021174,0.269952
9.070000,0.645423,0.021170,0.269956
9.072000,0.645423,0.021166,0.269960
9.074000,0.645424,0.021164,0.269962
9.076000,0.645424,0.021160,0.269966
9.078000,0.645425,0.021156,0.269969
9.080000,0.645425,0.021152,0.269972
9.082000,0.645425,0.021148,0.269975
9.084000,0.645426,0.021144,0.269977
9.086000,0.645426,0.021140,0.269979
9.088000,0.645426,0.021136,0.269981
9.090000,0.645427,0.021133,0.269982
9.092000,0.645427,0.021129,0.269984
9.094000,0.645427,0.021125,0.269984
9.096000,0.645427,0.021121,0.269985
9.098000,0.645427,0.021118,0.269985
9.100000,0.645428,0.021114,0.269985
9.102000,0.645428,0.021110,0.269985
9.104000,0.645428,0.021107,0.269985
9.106000,0.645428,0.021103,0.269985
9.108000,0.645428,0.021100,0.269985
9.110000,0.645428,0.021097,0.269985
9.112000,0.645428,0.021093,0.269985
9.114000,0.645428,0.021090,0.269985
9.116000,0.645428,0.021087,0.269985
9.118000,0.645429,0.021084,0.269985
9.120000,0.645429,0.021080,0.269985
9.122000,0.645429,0.021077,0.269985
9.124000,0.645429,0.021074,0.269985
9.126000,0.645429,0.021071,0.269985
9.128000,0.645429,0.021069,0.269985
9.130000,0.645429,0.021066,0.269985
9.132000,0.645429,0.021063,0.269985
9.134000,0.645429,0.021060,0.269985
9.136000,0.645429,0.021058,0.269985
9.138000,0.645429,0.021055,0.269985
9.140000,0.645430,0.021052,0.269985
9.142000,0.645430,0.021050,0.269985
9.144000,0.645430,0.021047,0.269985
9.146000,0.645430,0.021045,0.269985
9.148000,0.645430,0.021043,0.269985
9.150000,0.645430,0.021040,0.269985
9.152000,0.645430,0.021038,0.269985
9.154000,0.645430,0.021036,0.269985
9.156000,0.645430,0.021034,0.269985
9.158000,0.645430,0.021031,0.269985
9.160000,0.645430,0.021029,0.269985
9.162000,0.645430,0.021027,0.269985
9.164000,0.645430,0.021025,0.269985
9.166000,0.645430,0.021024,0.269985
9.168000,0.645431,0.021023,0.269985
9.170000,0.645431,0.021021,0.269985
9.172000,0.645431,0.021019,0.269985
9.174000,0.645431,0.021017,0.269985
9.176000,0.645431,0.021015,0.269985
9.178000,0.645431,0.021014,0.269985
9.180000,0.645431,0.021012,0.269985
9.182000,0.645431,0.021011,0.269985
9.184000,0.645431,0.021009,0.269985
9.186000,0.645431,0.021008,0.269985
9.188000,0.645431,0.021006,0.269985
9.190000,0.645431,0.021005,0.269985
9.192000,0.645431,0.021004,0.269985
9.194000,0.645431,0.021002,0.269985
9.196000,0.645431,0.021001,0.269985
9.198000,0.645431,0.021000,0.269985
9.200000,0.645431,0.020999,0.269985
9.202000,0.645431,0.020998,0.269985
9.204000,0.645431,0.020997,0.269985
9.206000,0.645431,0.020996,0.269985
9.208000,0.645431,0.020995,0.269985
9.210000,0.645431,0.020994,0.269985
9.212000,0.645431,0.020993,0.269985
9.214000,0.645432,0.020993,0.269985
9.216000,0.645432,0.020992,0.269985
9.218000,0.645432,0.020991,0.269985
9.220000,0.645432,0.020990,0.269985
9.222000,0.645432,0.020990,0.269985
9.224000,0.645432,0.020989,0.269985
9.226000,0.645432,0.020989,0.269985
9.228000,0.645432,0.020988,0.269985
9.230000,0.645432,0.020988,0.269985
9.232000,0.645432,0.020987,0.269985
9.234000,0.645432,0.020987,0.269985
9.236000,0.645432,0.020986,0.269985
9.238000,0.645432,0.020986,0.269985
9.240000,0.645432,0.020986,0.269985
9.242000,0.645432,0.020985,0.269985
9.244000,0.645432,0.020985,0.269985
9.246000,0.645432,0.020985,0.269985
9.248000,0.645432,0.020985,0.269985
9.250000,0.645432,0.020985,0.269985
9.252000,0.645432,0.020985,0.269985
9.254000,0.645432,0.020985,0.269985
9.256000,0.645432,0.020985,0.269985
9.258000,0.645432,0.020985,0.269985
9.260000,0.645432,0.020985,0.269985
9.262000,0.645432,0.020985,0.269985
9.264000,0.645432,0.020985,0.269985
9.266000,0.645432,0.020985,0.269985
9.268000,0.645432,0.020985,0.269985
9.270000,0.645432,0.020985,0.269985
9.272000,0.645432,0.020985,0.269985
9.274000,0.645432,0.020985,0.269985
9.276000,0.645432,0.020985,0.269985
9.278000,0.645432,0.020985,0.269985
9.280000,0.645432,0.020985,0.269985
9.282000,0.645432,0.020985,0.269985
9.284000,0.645432,0.020985,0.269985
9.286000,0.645432,0.020985,0.269985
9.288000,0.645432,0.020985,0.269985
9.290000,0.645432,0.020985,0.269985
9.292000,0.645432,0.020985,0.269985
9.294000,0.645432,0.020985,0.269985
9.296000,0.645432,0.020985,0.269985
9.298000,0.645432,0.020985,0.269985
9.300000,0.645432,0.020985,0.269985
9.302000,0.645432,0.020985,0.269985
9.304000,0.645432,0.020985,0.269985
9.306000,0.645432,0.020985,0.269985
9.308000,0.645432,0.020985,0.269985
9.310000,0.645432,0.020985,0.269985
9.312000,0.645432,0.020985,0.269985
9.314000,0.645432,0.020985,0.269985
9.316000,0.645432,0.020985,0.269985
9.318000,0.645432,0.020985,0.269985
9.320000,0.645432,0.020985,0.269985
9.322000,0.645432,0.020985,0.269985
9.324000,0.645432,0.020985,0.269985
9.326000,0.645432,0.020985,0.269985
9.328000,0.645432,0.020985,0.269985
9.330000,0.645432,0.020985,0.269985
9.332000,0.645432,0.020985,0.269985
9.334000,0.645432,0.020985,0.269985
9.336000,0.645432,0.020985,0.269985
9.338000,0.645432,0.020985,0.269985
9.340000,0.645432,0.020985,0.269985
9.342000,0.645432,0.020985,0.269985
9.344000,0.645432,0.020985,0.269985
9.346000,0.645432,0.020985,0.269985
9.348000,0.645432,0.020985,0.269985
9.350000,0.645432,0.020985,0.269985
9.352000,0.645432,0.020985,0.269985
9.354000,0.645432,0.020985,0.269985
9.356000,0.645432,0.020985,0.269985
9.358000,0.645432,0.020985,0.269985
9.360000,0.645432,0.020985,0.269985
9.362000,0.645432,0.020985,0.269985
9.364000,0.645432,0.020985,0.269985
9.366000,0.645432,0.020985,0.269985
9.368000,0.645432,0.020985,0.269985
9.370000,0.645432,0.020985,0.269985
9.372000,0.645432,0.020985,0.269985
9.374000,0.645432,0.020985,0.269985
9.376000,0.645432,0.020985,0.269985
9.378000,0.645432,0.020985,0.269985
9.380000,0.645432,0.020985,0.269985
9.382000,0.645432,0.020985,0.269985
9.384000,0.645432,0.020985,0.269985
9.386000,0.645432,0.020985,0.269984
9.388000,0.645432,0.020985,0.269984
9.390000,0.645432,0.020985,0.269984
9.392000,0.645432,0.020985,0.269984
9.394000,0.645432,0.020985,0.269984
9.396000,0.645432,0.020985,0.269984
9.398000,0.645432,0.020985,0.269984
9.400000,0.645432,0.020985,0.269984
9.402000,0.645432,0.020985,0.269983
9.404000,0.645432,0.020985,0.269983
9.406000,0.645432,0.020985,0.269983
9.408000,0.645432,0.020984,0.269983
9.410000,0.645432,0.020984,0.269982
9.412000,0.645431,0.020984,0.269982
9.414000,0.645431,0.020984,0.269982
9.416000,0.645431,0.020984,0.269981
9.418000,0.645431,0.020984,0.269981
9.420000,0.645431,0.020984,0.269981
9.422000,0.645431,0.020984,0.269980
9.424000,0.645431,0.020984,0.269980
9.426000,0.645431,0.020984,0.269979
9.428000,0.645431,0.020984,0.269979
9.430000,0.645431,0.020984,0.269978
9.432000,0.645431,0.020984,0.269977
9.434000,0.645431,0.020984,0.269977
9.436000,0.645431,0.020984,0.269976
9.438000,0.645431,0.020984,0.269976
9.440000,0.645431,0.020984,0.269975
9.442000,0.645431,0.020984,0.269974
9.444000,0.645431,0.020984,0.269973
9.446000,0.645431,0.020984,0.269972
9.448000,0.645430,0.020984,0.269972
9.450000,0.645430,0.020984,0.269971
9.452000,0.645430,0.020984,0.269970
9.454000,0.645430,0.020984,0.269969
9.456000,0.645430,0.020984,0.269968
9.458000,0.645430,0.020984,0.269967
9.460000,0.645430,0.020984,0.269965
9.462000,0.645430,0.020984,0.269964
9.464000,0.645430,0.020984,0.269963
9.466000,0.645430,0.020984,0.269962
9.468000,0.645429,0.020984,0.269960
9.470000,0.645429,0.020984,0.269959
9.472000,0.645429,0.020984,0.269958
9.474000,0.645429,0.020983,0.269956
9.476000,0.645429,0.020983,0.269955
9.478000,0.645429,0.020983,0.269953
9.480000,0.645429,0.020983,0.269952
9.482000,0.645428,0.020983,0.269951
9.484000,0.645428,0.020983,0.269949
9.486000,0.645428,0.020983,0.269947
9.488000,0.645428,0.020983,0.269946
9.490000,0.645428,0.020983,0.269944
9.492000,0.645428,0.020983,0.269942
9.494000,0.645427,0.020983,0.269940
9.496000,0.645427,0.020983,0.269938
9.498000,0.645427,0.020983,0.269936
9.500000,0.645427,0.020983,0.269934
9.502000,0.645427,0.020983,0.269931
9.504000,0.645426,0.020982,0.269929
9.506000,0.645426,0.020982,0.269927
9.508000,0.645426,0.020982,0.269925
9.510000,0.645426,0.020982,0.269922
9.512000,0.645425,0.020982,0.269920
9.514000,0.645425,0.020982,0.269917
9.516000,0.645425,0.020982,0.269914
9.518000,0.645425,0.020982,0.269912
9.520000,0.645424,0.020982,0.269909
9.522000,0.645424,0.020982,0.269906
9.524000,0.645424,0.020981,0.269903
9.526000,0.645424,0.020981,0.269900
9.528000,0.645423,0.020981,0.269897
9.530000,0.645423,0.020981,0.269896
9.532000,0.645423,0.020981,0.269893
9.534000,0.645423,0.020981,0.269890
9.536000,0.645422,0.020981,0.269886
9.538000,0.645422,0.020981,0.269883
9.540000,0.645422,0.020981,0.269880
9.542000,0.645421,0.020980,0.269876
9.544000,0.645421,0.020980,0.269873
9.546000,0.645421,0.020980,0.269869
9.548000,0.645420,0.020980,0.269866
9.550000,0.645420,0.020980,0.269862
9.552000,0.645420,0.020980,0.269858
9.554000,0.645419,0.020980,0.269854
9.556000,0.645419,0.020979,0.269850
9.558000,0.645418,0.020979,0.269846
9.560000,0.645418,0.020979,0.269842
9.562000,0.645418,0.020979,0.269840
9.564000,0.645418,0.020979,0.269838
9.566000,0.645417,0.020979,0.269831
9.568000,0.645417,0.020979,0.269827
9.570000,0.645416,0.020978,0.269823
9.572000,0.645416,0.020978,0.269818
9.574000,0.645415,0.020978,0.269814
9.576000,0.645415,0.020978,0.269809
9.578000,0.645414,0.020978,0.269804
9.580000,0.645414,0.020978,0.269799
9.582000,0.645413,0.020977,0.269794
9.584000,0.645413,0.020977,0.269789
9.586000,0.645412,0.020977,0.269784
9.588000,0.645412,0.020977,0.269779
9.590000,0.645411,0.020977,0.269774
9.592000,0.645411,0.020976,0.269769
9.594000,0.645410,0.020976,0.269763
9.596000,0.645410,0.020976,0.269758
9.598000,0.645409,0.020976,0.269752
9.600000,0.645409,0.020976,0.269747
9.602000,0.645408,0.020975,0.269741
9.604000,0.645408,0.020975,0.269735
9.606000,0.645407,0.020975,0.269730
9.608000,0.645407,0.020975,0.269724
9.610000,0.645406,0.020974,0.269718
9.612000,0.645405,0.020974,0.269711
9.614000,0.645405,0.020974,0.269705
9.616000,0.645404,0.020974,0.269699
9.618000,0.645404,0.020973,0.269693
9.620000,0.645403,0.020973,0.269686
9.622000,0.645402,0.020973,0.269680
9.624000,0.645402,0.020973,0.269673
9.626000,0.645401,0.020973,0.269667
9.628000,0.645400,0.020972,0.269660
9.630000,0.645400,0.020972,0.269653
9.632000,0.645399,0.020972,0.269646
9.634000,0.645398,0.020971,0.269639
9.636000,0.645398,0.020971,0.269632
9.638000,0.645397,0.020971,0.269625
9.640000,0.645396,0.020971,0.269617
9.642000,0.645396,0.020970,0.269610
9.644000,0.645395,0.020970,0.269603
9.646000,0.645394,0.020970,0.269595
9.648000,0.645393,0.020970,0.269588
9.650000,0.645393,0.020969,0.269580
9.652000,0.645392,0.020969,0.269576
9.654000,0.645391,0.020969,0.269568
9.656000,0.645391,0.020968,0.269560
9.658000,0.645390,0.020968,0.269553
9.660000,0.645389,0.020968,0.269544
9.662000,0.645388,0.020968,0.269536
9.664000,0.645388,0.020967,0.269532
9.666000,0.645387,0.020967,0.269520
9.668000,0.645386,0.020967,0.269511
9.670000,0.645385,0.020966,0.269503
9.672000,0.645384,0.020966,0.269495
9.674000,0.645383,0.020966,0.269486
9.676000,0.645383,0.020965,0.269477
9.678000,0.645382,0.020965,0.269468
9.680000,0.645381,0.020965,0.269460
9.682000,0.645380,0.020964,0.269451
9.684000,0.645380,0.020964,0.269446
9.686000,0.645379,0.020964,0.269437
9.688000,0.645378,0.020963,0.269428
9.690000,0.645377,0.020963,0.269419
9.692000,0.645376,0.020963,0.269409
9.694000,0.645375,0.020962,0.269400
9.696000,0.645374,0.020962,0.269391
9.698000,0.645373,0.020962,0.269381
9.700000,0.645372,0.020961,0.269371
9.702000,0.645371,0.020961,0.269362
9.704000,0.645370,0.020961,0.269352
9.706000,0.645369,0.020960,0.269342
9.708000,0.645369,0.020960,0.269332
9.710000,0.645368,0.020959,0.269322
9.712000,0.645367,0.020959,0.269312
9.714000,0.645366,0.020959,0.269302
9.716000,0.645365,0.020958,0.269292
9.718000,0.645364,0.020958,0.269281
9.720000,0.645363,0.020957,0.269271
9.722000,0.645362,0.020957,0.269260
9.724000,0.645360,0.020957,0.269250
9.726000,0.645359,0.020956,0.269239
9.728000,0.645358,0.020956,0.269229
9.730000,0.645358,0.020956,0.269223
9.732000,0.645356,0.020955,0.269207
9.734000,0.645355,0.020955,0.269196
9.736000,0.645354,0.020954,0.269185
9.738000,0.645353,0.020954,0.269174
9.740000,0.645352,0.020953,0.269163
9.742000,0.645351,0.020953,0.269152
9.744000,0.645350,0.020952,0.269141
9.746000,0.645349,0.020952,0.269129
9.748000,0.645348,0.020952,0.269118
9.750000,0.645346,0.020951,0.269106
9.752000,0.645345,0.020951,0.269095
9.754000,0.645344,0.020950,0.269083
9.756000,0.645343,0.020950,0.269072
9.758000,0.645342,0.020949,0.269060
9.760000,0.645341,0.020949,0.269048
9.762000,0.645340,0.020948,0.269036
9.764000,0.645338,0.020948,0.269025
9.766000,0.645337,0.020947,0.269013
9.768000,0.645336,0.020947,0.269001
9.770000,0.645335,0.020947,0.268988
9.772000,0.645334,0.020946,0.268976
9.774000,0.645333,0.020946,0.268964
9.776000,0.645331,0.020945,0.268952
9.778000,0.645330,0.020945,0.268940
9.780000,0.645329,0.020944,0.268927
9.782000,0.645328,0.020944,0.268915
9.784000,0.645326,0.020943,0.268902
9.786000,0.645325,0.020943,0.268890
9.788000,0.645324,0.020942,0.268877
9.790000,0.645323,0.020942,0.268864
9.792000,0.645322,0.020941,0.268852
9.794000,0.645320,0.020941,0.268839
9.796000,0.645319,0.020940,0.268826
9.798000,0.645318,0.020940,0.268820
9.800000,0.645317,0.020940,0.268807
9.802000,0.645316,0.020939,0.268794
9.804000,0.645315,0.020939,0.268781
9.806000,0.645313,0.020938,0.268768
9.808000,0.645312,0.020938,0.268755
9.810000,0.645311,0.020937,0.268742
9.812000,0.645309,0.020937,0.268728
9.814000,0.645308,0.020936,0.268715
9.816000,0.645307,0.020936,0.268702
9.818000,0.645306,0.020935,0.268689
9.820000,0.645304,0.020934,0.268675
9.822000,0.645303,0.020934,0.268662
9.824000,0.645302,0.020933,0.268648
9.826000,0.645300,0.020933,0.268635
9.828000,0.645299,0.020932,0.268621
9.830000,0.645298,0.020932,0.268615
9.832000,0.645296,0.020931,0.268594
9.834000,0.645296,0.020931,0.268587
9.836000,0.645294,0.020931,0.268574
9.838000,0.645293,0.020930,0.268560
9.840000,0.645291,0.020929,0.268546
9.842000,0.645290,0.020929,0.268532
9.844000,0.645289,0.020928,0.268519
9.846000,0.645287,0.020928,0.268505
9.848000,0.645286,0.020927,0.268491
9.850000,0.645285,0.020927,0.268477
9.852000,0.645283,0.020926,0.268463
9.854000,0.645282,0.020926,0.268449
9.856000,0.645281,0.020925,0.268435
9.858000,0.645279,0.020925,0.268421
9.860000,0.645278,0.020924,0.268407
9.862000,0.645276,0.020924,0.268393
9.864000,0.645275,0.020923,0.268379
9.866000,0.645274,0.020922,0.268365
9.868000,0.645272,0.020922,0.268351
9.870000,0.645271,0.020921,0.268337
9.872000,0.645269,0.020921,0.268322
9.874000,0.645268,0.020920,0.268308
9.876000,0.645267,0.020920,0.268294
9.878000,0.645265,0.020919,0.268280
9.880000,0.645264,0.020919,0.268266
9.882000,0.645262,0.020918,0.268251
9.884000,0.645261,0.020918,0.268237
9.886000,0.645260,0.020917,0.268223
9.888000,0.645258,0.020916,0.268209
9.890000,0.645257,0.020916,0.268194
9.892000,0.645255,0.020915,0.268180
9.894000,0.645254,0.020915,0.268166
9.896000,0.645252,0.020914,0.268151
9.898000,0.645251,0.020914,0.268137
9.900000,0.645250,0.020913,0.268130
9.902000,0.645249,0.020913,0.268116
9.904000,0.645247,0.020912,0.268094
9.906000,0.645246,0.020912,0.268087
9.908000,0.645245,0.020911,0.268073
9.910000,0.645243,0.020911,0.268058
9.912000,0.645242,0.020910,0.268044
9.914000,0.645240,0.020909,0.268030
9.916000,0.645239,0.020909,0.268015
9.918000,0.645237,0.020908,0.268001
9.920000,0.645236,0.020908,0.267987
9.922000,0.645235,0.020907,0.267972
9.924000,0.645233,0.020907,0.267958
9.926000,0.645232,0.020906,0.267944
9.928000,0.645230,0.020905,0.267929
9.930000,0.645230,0.020905,0.267922
9.932000,0.645227,0.020904,0.267901
9.934000,0.645226,0.020904,0.267887
9.936000,0.645225,0.020903,0.267872
9.938000,0.645223,0.020903,0.267858
9.940000,0.645222,0.020902,0.267844
9.942000,0.645220,0.020902,0.267830
9.944000,0.645219,0.020901,0.267815
9.946000,0.645218,0.020900,0.267801
9.948000,0.645216,0.020900,0.267787
9.950000,0.645215,0.020899,0.267773
9.952000,0.645213,0.020899,0.267759
9.954000,0.645212,0.020898,0.267745
9.956000,0.645211,0.020898,0.267731
9.958000,0.645209,0.020897,0.267716
9.960000,0.645208,0.020897,0.267702
9.962000,0.645206,0.020896,0.267688
9.964000,0.645205,0.020896,0.267674
9.966000,0.645204,0.020895,0.267660
9.968000,0.645202,0.020894,0.267647
9.970000,0.645201,0.020894,0.267633
9.972000,0.645199,0.020893,0.267619
9.974000,0.645198,0.020893,0.267605
9.976000,0.645197,0.020892,0.267591
9.978000,0.645195,0.020892,0.267577
9.980000,0.645194,0.020891,0.267570
9.982000,0.645193,0.020891,0.267557
9.984000,0.645192,0.020890,0.267543
9.986000,0.645190,0.020890,0.267529
9.988000,0.645189,0.020889,0.267516
9.990000,0.645188,0.020889,0.267502
9.992000,0.645186,0.020888,0.267489
9.994000,0.645185,0.020888,0.267475
9.996000,0.645184,0.020887,0.267462
9.998000,0.645182,0.020887,0.267448
10.000000,0.645181,0.020886,0.267435
10.002000,0.645180,0.020886,0.267422
10.004000,0.645178,0.020885,0.267408
10.006000,0.645177,0.020885,0.267395
10.008000,0.645176,0.020884,0.267382
10.010000,0.645174,0.020883,0.267369
10.012000,0.645173,0.020883,0.267356
10.014000,0.645172,0.020882,0.267343
10.016000,0.645171,0.020882,0.267336
10.018000,0.645170,0.020882,0.267323
10.020000,0.645168,0.020881,0.267311
10.022000,0.645167,0.020881,0.267298
10.024000,0.645166,0.020880,0.267285
10.026000,0.645165,0.020880,0.267272
10.028000,0.645163,0.020879,0.267260
10.030000,0.645162,0.020879,0.267247
10.032000,0.645161,0.020878,0.267235
10.034000,0.645160,0.020878,0.267222
10.036000,0.645158,0.020877,0.267210
10.038000,0.645157,0.020877,0.267197
10.040000,0.645156,0.020876,0.267185
10.042000,0.645155,0.020876,0.267173
10.044000,0.645153,0.020875,0.267161
10.046000,0.645152,0.020875,0.267149
10.048000,0.645151,0.020874,0.267137
10.050000,0.645150,0.020874,0.267125
10.052000,0.645149,0.020873,0.267113
10.054000,0.645147,0.020873,0.267101
10.056000,0.645147,0.020873,0.267095
10.058000,0.645146,0.020872,0.267084
10.060000,0.645144,0.020872,0.267072
10.062000,0.645143,0.020871,0.267061
10.064000,0.645143,0.020871,0.267055
10.066000,0.645141,0.020870,0.267038
10.068000,0.645140,0.020870,0.267026
10.070000,0.645139,0.020869,0.267015
10.072000,0.645138,0.020869,0.267004
10.074000,0.645136,0.020869,0.266993
10.076000,0.645135,0.020868,0.266982
10.078000,0.645134,0.020868,0.266971
10.080000,0.645133,0.020867,0.266960
10.082000,0.645132,0.020867,0.266950
10.084000,0.645131,0.020866,0.266939
10.086000,0.645130,0.020866,0.266928
10.088000,0.645129,0.020866,0.266918
10.090000,0.645128,0.020865,0.266907
10.092000,0.645127,0.020865,0.266897
10.094000,0.645126,0.020864,0.266887
10.096000,0.645125,0.020864,0.266877
10.098000,0.645124,0.020864,0.266866
10.100000,0.645123,0.020863,0.266856
10.102000,0.645122,0.020863,0.266847
10.104000,0.645121,0.020862,0.266837
10.106000,0.645120,0.020862,0.266827
10.108000,0.645119,0.020862,0.266817
10.110000,0.645118,0.020861,0.266808
10.112000,0.645117,0.020861,0.266798
10.114000,0.645116,0.020861,0.266789
10.116000,0.645115,0.020860,0.266780
10.118000,0.645114,0.020860,0.266771
10.120000,0.645113,0.020859,0.266762
10.122000,0.645112,0.020859,0.266753
10.124000,0.645111,0.020859,0.266744
10.126000,0.645110,0.020858,0.266735
10.128000,0.645110,0.020858,0.266731
10.130000,0.645109,0.020858,0.266722
10.132000,0.645108,0.020858,0.266713
10.134000,0.645107,0.020857,0.266705
10.136000,0.645106,0.020857,0.266697
10.138000,0.645106,0.020857,0.266689
10.140000,0.645105,0.020856,0.266680
10.142000,0.645104,0.020856,0.266672
10.144000,0.645103,0.020856,0.266664
10.146000,0.645102,0.020855,0.266657
10.148000,0.645102,0.020855,0.266649
10.150000,0.645101,0.020855,0.266641
10.152000,0.645100,0.020854,0.266634
10.154000,0.645099,0.020854,0.266627
10.156000,0.645099,0.020854,0.266619
10.158000,0.645098,0.020853,0.266612
10.160000,0.645097,0.020853,0.266605
10.162000,0.645096,0.020853,0.266598
10.164000,0.645096,0.020853,0.266595
10.166000,0.645095,0.020852,0.266585
10.168000,0.645094,0.020852,0.266578
10.170000,0.645094,0.020852,0.266571
10.172000,0.645093,0.020852,0.266565
10.174000,0.645092,0.020851,0.266559
10.176000,0.645092,0.020851,0.266553
10.178000,0.645091,0.020851,0.266547
10.180000,0.645091,0.020851,0.266541
10.182000,0.645090,0.020850,0.266535
10.184000,0.645089,0.020850,0.266529
10.186000,0.645089,0.020850,0.266524
10.188000,0.645088,0.020850,0.266518
10.190000,0.645088,0.020849,0.266513
10.192000,0.645087,0.020849,0.266508
10.194000,0.645087,0.020849,0.266502
10.196000,0.645086,0.020849,0.266497
10.198000,0.645086,0.020849,0.266493
10.200000,0.645085,0.020848,0.266488
10.202000,0.645085,0.020848,0.266483
10.204000,0.645084,0.020848,0.266479
10.206000,0.645084,0.020848,0.266474
10.208000,0.645083,0.020848,0.266470
10.210000,0.645083,0.020848,0.266466
10.212000,0.645083,0.020847,0.266462
10.214000,0.645082,0.020847,0.266458
10.216000,0.645082,0.020847,0.266456
10.218000,0.645082,0.020847,0.266452
10.220000,0.645081,0.020847,0.266448
10.222000,0.645081,0.020847,0.266445
10.224000,0.645080,0.020847,0.266441
10.226000,0.645080,0.020847,0.266438
10.228000,0.645080,0.020846,0.266435
10.230000,0.645079,0.020846,0.266432
10.232000,0.645079,0.020846,0.266429
10.234000,0.645079,0.020846,0.266426
10.236000,0.645079,0.020846,0.266423
10.238000,0.645078,0.020846,0.266421
10.240000,0.645078,0.020846,0.266418
10.242000,0.645078,0.020846,0.266416
10.244000,0.645078,0.020846,0.266414
10.246000,0.645077,0.020845,0.266412
10.248000,0.645077,0.020845,0.266410
10.250000,0.645077,0.020845,0.266408
10.252000,0.645077,0.020845,0.266406
10.254000,0.645077,0.020845,0.266405
10.256000,0.645077,0.020845,0.266404
10.258000,0.645076,0.020845,0.266402
10.260000,0.645076,0.020845,0.266401
10.262000,0.645076,0.020845,0.266400
10.264000,0.645076,0.020845,0.266399
10.266000,0.645076,0.020845,0.266398
10.268000,0.645076,0.020845,0.266397
10.270000,0.645076,0.020845,0.266396
10.272000,0.645076,0.020845,0.266396
10.274000,0.645076,0.020845,0.266395
10.276000,0.645076,0.020845,0.266395
10.278000,0.645076,0.020845,0.266395
10.280000,0.645076,0.020845,0.266395
10.282000,0.645076,0.020845,0.266395
10.284000,0.645076,0.020845,0.266395
10.286000,0.645076,0.020845,0.266395
10.288000,0.645076,0.020845,0.266395
10.290000,0.645076,0.020845,0.266395
10.292000,0.645076,0.020845,0.266395
10.294000,0.645076,0.020845,0.266395
10.296000,0.645076,0.020845,0.266395
10.298000,0.645076,0.020845,0.266395
10.300000,0.645076,0.020845,0.266395
10.302000,0.645076,0.020845,0.266395
10.304000,0.645076,0.020845,0.266395
10.306000,0.645076,0.020845,0.266395
10.308000,0.645076,0.020845,0.266395
10.310000,0.645076,0.020845,0.266395
10.312000,0.645076,0.020845,0.266395
10.314000,0.645076,0.020845,0.266395
10.316000,0.645076,0.020845,0.266395
10.318000,0.645076,0.020845,0.266395
10.320000,0.645076,0.020845,0.266395
10.322000,0.645076,0.020845,0.266395
10.324000,0.645076,0.020845,0.266395
10.326000,0.645076,0.020845,0.266395
10.328000,0.645076,0.020845,0.266395
10.330000,0.645076,0.020845,0.266395
10.332000,0.645076,0.020845,0.266395
10.334000,0.645076,0.020845,0.266395
10.336000,0.645076,0.020845,0.266395
10.338000,0.645076,0.020845,0.266395
10.340000,0.645076,0.020845,0.266395
10.342000,0.645076,0.020845,0.266395
10.344000,0.645076,0.020845,0.266395
10.346000,0.645076,0.020845,0.266395
10.348000,0.645076,0.020845,0.266395
10.350000,0.645076,0.020845,0.266395
10.352000,0.645076,0.020845,0.266395
10.354000,0.645076,0.020845,0.266395
10.356000,0.645076,0.020845,0.266395
10.358000,0.645076,0.020845,0.266395
10.360000,0.645076,0.020845,0.266395
10.362000,0.645076,0.020845,0.266395
10.364000,0.645076,0.020845,0.266395
10.366000,0.645076,0.020845,0.266395
10.368000,0.645076,0.020845,0.266395
10.370000,0.645076,0.020845,0.266395
10.372000,0.645076,0.020845,0.266395
10.374000,0.645076,0.020845,0.266395
10.376000,0.645076,0.020845,0.266395
10.378000,0.645076,0.020845,0.266395
10.380000,0.645076,0.020845,0.266395
10.382000,0.645076,0.020845,0.266395
10.384000,0.645076,0.020845,0.266395
10.386000,0.645076,0.020845,0.266395
10.388000,0.645076,0.020845,0.266395
10.390000,0.645076,0.020845,0.266395
10.392000,0.645076,0.020845,0.266395
10.394000,0.645076,0.020845,0.266395
10.396000,0.645076,0.020845,0.266395
10.398000,0.645076,0.020845,0.266395
10.400000,0.645076,0.020845,0.266395
10.402000,0.645076,0.020845,0.266395
10.404000,0.645076,0.020845,0.266395
10.406000,0.645076,0.020845,0.266395
10.408000,0.645076,0.020845,0.266395
10.410000,0.645076,0.020845,0.266395
10.412000,0.645076,0.020845,0.266395
10.414000,0.645076,0.020845,0.266395
10.416000,0.645076,0.020845,0.266395
10.418000,0.645076,0.020845,0.266395
10.420000,0.645076,0.020845,0.266395
10.422000,0.645076,0.020845,0.266395
10.424000,0.645076,0.020845,0.266395
10.426000,0.645076,0.020845,0.266395
10.428000,0.645076,0.020845,0.266395
10.430000,0.645076,0.020845,0.266395
10.432000,0.645076,0.020845,0.266395
10.434000,0.645076,0.020845,0.266395
10.436000,0.645076,0.020845,0.266395
10.438000,0.645076,0.020845,0.266395
10.440000,0.645076,0.020845,0.266395
10.442000,0.645076,0.020845,0.266395
10.444000,0.645076,0.020845,0.266395
10.446000,0.645076,0.020845,0.266395
10.448000,0.645076,0.020845,0.266395
10.450000,0.645076,0.020845,0.266395
10.452000,0.645076,0.020845,0.266395
10.454000,0.645076,0.020845,0.266395
10.456000,0.645076,0.020845,0.266395
10.458000,0.645076,0.020845,0.266395
10.460000,0.645076,0.020845,0.266395
10.462000,0.645076,0.020845,0.266395
10.464000,0.645076,0.020845,0.266395
10.466000,0.645076,0.020845,0.266395
10.468000,0.645076,0.020845,0.266395
10.470000,0.645076,0.020845,0.266395
10.472000,0.645076,0.020845,0.266395
10.474000,0.645076,0.020845,0.266395
10.476000,0.645076,0.020845,0.266395
10.478000,0.645076,0.020845,0.266395
10.480000,0.645076,0.020845,0.266395
10.482000,0.645076,0.020845,0.266395
10.484000,0.645076,0.020845,0.266395
10.486000,0.645076,0.020845,0.266395
10.488000,0.645076,0.020845,0.266395
10.490000,0.645076,0.020845,0.266395
10.492000,0.645076,0.020845,0.266395
10.494000,0.645076,0.020845,0.266395
10.496000,0.645076,0.020845,0.266395
10.498000,0.645076,0.020845,0.266395
10.500000,0.645076,0.020845,0.266395
10.502000,0.645076,0.020845,0.266395
10.504000,0.645076,0.020845,0.266395
10.506000,0.645076,0.020845,0.266395
10.508000,0.645076,0.020845,0.266395
10.510000,0.645076,0.020845,0.266395
10.512000,0.645076,0.020845,0.266395
10.514000,0.645076,0.020845,0.266395
10.516000,0.645076,0.020845,0.266395
10.518000,0.645076,0.020845,0.266395
10.520000,0.645076,0.020845,0.266395
10.522000,0.645076,0.020845,0.266395
10.524000,0.645076,0.020845,0.266395
10.526000,0.645076,0.020845,0.266395
10.528000,0.645076,0.020845,0.266395
10.530000,0.645076,0.020845,0.266395
10.532000,0.645076,0.020845,0.266395
10.534000,0.645076,0.020845,0.266395
10.536000,0.645076,0.020845,0.266395
10.538000,0.645076,0.020845,0.266395
10.540000,0.645076,0.020845,0.266395
10.542000,0.645076,0.020845,0.266395
10.544000,0.645076,0.020845,0.266395
10.546000,0.645076,0.020845,0.266395
10.548000,0.645076,0.020845,0.266395
10.550000,0.645076,0.020845,0.266395
10.552000,0.645076,0.020845,0.266395
10.554000,0.645076,0.020845,0.266395
10.556000,0.645076,0.020845,0.266395
10.558000,0.645076,0.020845,0.266395
10.560000,0.645076,0.020845,0.266395
10.562000,0.645076,0.020845,0.266395
10.564000,0.645076,0.020845,0.266395
10.566000,0.645076,0.020845,0.266395
10.568000,0.645076,0.020845,0.266395
10.570000,0.645076,0.020845,0.266395
10.572000,0.645076,0.020845,0.266395
10.574000,0.645076,0.020845,0.266395
10.576000,0.645076,0.020845,0.266395
10.578000,0.645076,0.020845,0.266395
10.580000,0.645076,0.020845,0.266395
10.582000,0.645076,0.020845,0.266395
10.584000,0.645076,0.020845,0.266395
10.586000,0.645076,0.020845,0.266395
10.588000,0.645076,0.020845,0.266395
10.590000,0.645076,0.020845,0.266395
10.592000,0.645076,0.020845,0.266395
10.594000,0.645076,0.020845,0.266395
10.596000,0.645076,0.020845,0.266395
10.598000,0.645076,0.020845,0.266395
10.600000,0.645076,0.020845,0.266395
10.602000,0.645076,0.020845,0.266395
10.604000,0.645076,0.020845,0.266395
10.606000,0.645076,0.020845,0.266395
10.608000,0.645076,0.020845,0.266395
10.610000,0.645076,0.020845,0.266395
10.612000,0.645076,0.020845,0.266395
10.614000,0.645076,0.020845,0.266395
10.616000,0.645076,0.020845,0.266395
10.618000,0.645076,0.020845,0.266395
10.620000,0.645076,0.020845,0.266395
10.622000,0.645076,0.020845,0.266395
10.624000,0.645076,0.020845,0.266395
10.626000,0.645076,0.020845,0.266395
10.628000,0.645076,0.020845,0.266395
10.630000,0.645076,0.020845,0.266395
10.632000,0.645076,0.020845,0.266395
10.634000,0.645076,0.020845,0.266395
10.636000,0.645076,0.020845,0.266395
10.638000,0.645076,0.020845,0.266395
10.640000,0.645076,0.020845,0.266395
10.642000,0.645076,0.020845,0.266395
10.644000,0.645076,0.020845,0.266395
10.646000,0.645076,0.020845,0.266395
10.648000,0.645076,0.020845,0.266395
10.650000,0.645076,0.020845,0.266395
10.652000,0.645076,0.020845,0.266395
10.654000,0.645076,0.020845,0.266395
10.656000,0.645076,0.020845,0.266395
10.658000,0.645076,0.020845,0.266395
10.660000,0.645076,0.020845,0.266395
10.662000,0.645076,0.020845,0.266395
10.664000,0.645076,0.020845,0.266395
10.666000,0.645076,0.020845,0.266395
10.668000,0.645076,0.020845,0.266395
10.670000,0.645076,0.020845,0.266395
10.672000,0.645076,0.020845,0.266395
10.674000,0.645076,0.020845,0.266395
10.676000,0.645076,0.020845,0.266395
10.678000,0.645076,0.020845,0.266395
10.680000,0.645076,0.020845,0.266395
10.682000,0.645076,0.020845,0.266395
10.684000,0.645076,0.020845,0.266395
10.686000,0.645076,0.020845,0.266395
10.688000,0.645076,0.020845,0.266395
10.690000,0.645076,0.020845,0.266395
10.692000,0.645076,0.020845,0.266395
10.694000,0.645076,0.020845,0.266395
10.696000,0.645076,0.020845,0.266395
10.698000,0.645076,0.020845,0.266395
10.700000,0.645076,0.020845,0.266395
10.702000,0.645076,0.020845,0.266395
10.704000,0.645076,0.020845,0.266395
10.706000,0.645076,0.020845,0.266395
10.708000,0.645076,0.020845,0.266395
10.710000,0.645076,0.020845,0.266395
10.712000,0.645076,0.020845,0.266395
10.714000,0.645076,0.020845,0.266395
10.716000,0.645076,0.020845,0.266395
10.718000,0.645076,0.020845,0.266395
10.720000,0.645076,0.020845,0.266395
10.722000,0.645076,0.020845,0.266395
10.724000,0.645076,0.020845,0.266395
10.726000,0.645076,0.020845,0.266395
10.728000,0.645076,0.020845,0.266395
10.730000,0.645076,0.020845,0.266395
10.732000,0.645076,0.020845,0.266395
10.734000,0.645076,0.020845,0.266395
10.736000,0.645076,0.020845,0.266395
10.738000,0.645076,0.020845,0.266395
10.740000,0.645076,0.020845,0.266395
10.742000,0.645076,0.020845,0.266395
10.744000,0.645076,0.020845,0.266395
10.746000,0.645076,0.020845,0.266395
10.748000,0.645076,0.020845,0.266395
10.750000,0.645076,0.020845,0.266395
10.752000,0.645076,0.020845,0.266395
10.754000,0.645076,0.020845,0.266395
10.756000,0.645076,0.020845,0.266395
10.758000,0.645076,0.020845,0.266395
10.760000,0.645076,0.020845,0.266395
10.762000,0.645076,0.020845,0.266395
10.764000,0.645076,0.020845,0.266395
10.766000,0.645076,0.020845,0.266395
10.768000,0.645076,0.020845,0.266395
10.770000,0.645076,0.020845,0.266395
10.772000,0.645076,0.020845,0.266395
10.774000,0.645076,0.020845,0.266395
10.776000,0.645076,0.020845,0.266395
10.778000,0.645076,0.020845,0.266395
10.780000,0.645076,0.020845,0.266395
10.782000,0.645076,0.020845,0.266395
10.784000,0.645076,0.020845,0.266395
10.786000,0.645076,0.020845,0.266395
10.788000,0.645076,0.020845,0.266395
10.790000,0.645076,0.020845,0.266395
10.792000,0.645076,0.020845,0.266395
10.794000,0.645076,0.020845,0.266395
10.796000,0.645076,0.020845,0.266395
10.798000,0.645076,0.020845,0.266395
10.800000,0.645076,0.020845,0.266395
10.802000,0.645076,0.020845,0.266395
10.804000,0.645076,0.020845,0.266395
10.806000,0.645076,0.020845,0.266396
10.808000,0.645077,0.020845,0.266396
10.810000,0.645077,0.020845,0.266396
10.812000,0.645077,0.020845,0.266396
10.814000,0.645077,0.020845,0.266397
10.816000,0.645077,0.020845,0.266397
10.818000,0.645077,0.020845,0.266397
10.820000,0.645078,0.020845,0.266397
10.822000,0.645078,0.020845,0.266398
10.824000,0.645078,0.020846,0.266398
10.826000,0.645079,0.020846,0.266399
10.828000,0.645079,0.020846,0.266399
10.830000,0.645079,0.020846,0.266399
10.832000,0.645080,0.020846,0.266400
10.834000,0.645080,0.020846,0.266401
10.836000,0.645081,0.020846,0.266401
10.838000,0.645081,0.020846,0.266402
10.840000,0.645081,0.020846,0.266403
10.842000,0.645082,0.020847,0.266403
10.844000,0.645083,0.020847,0.266404
10.846000,0.645083,0.020847,0.266405
10.848000,0.645084,0.020847,0.266406
10.850000,0.645084,0.020847,0.266406
10.852000,0.645085,0.020847,0.266407
10.854000,0.645086,0.020848,0.266408
10.856000,0.645086,0.020848,0.266409
10.858000,0.645087,0.020848,0.266410
10.860000,0.645088,0.020848,0.266411
10.862000,0.645088,0.020849,0.266412
10.864000,0.645089,0.020849,0.266413
10.866000,0.645090,0.020849,0.266415
10.868000,0.645091,0.020849,0.266416
10.870000,0.645092,0.020850,0.266417
10.872000,0.645093,0.020850,0.266418
10.874000,0.645094,0.020850,0.266420
10.876000,0.645095,0.020850,0.266421
10.878000,0.645096,0.020851,0.266423
10.880000,0.645097,0.020851,0.266424
10.882000,0.645099,0.020851,0.266426
10.884000,0.645100,0.020852,0.266428
10.886000,0.645101,0.020852,0.266429
10.888000,0.645102,0.020853,0.266431
10.890000,0.645104,0.020853,0.266433
10.892000,0.645105,0.020853,0.266435
10.894000,0.645106,0.020854,0.266437
10.896000,0.645107,0.020854,0.266438
10.898000,0.645109,0.020854,0.266440
10.900000,0.645110,0.020855,0.266442
10.902000,0.645112,0.020855,0.266444
10.904000,0.645113,0.020856,0.266446
10.906000,0.645115,0.020856,0.266448
10.908000,0.645117,0.020857,0.266451
10.910000,0.645118,0.020857,0.266453
10.912000,0.645120,0.020858,0.266456
10.914000,0.645122,0.020858,0.266458
10.916000,0.645124,0.020859,0.266461
10.918000,0.645126,0.020859,0.266463
10.920000,0.645128,0.020860,0.266466
10.922000,0.645130,0.020861,0.266469
10.924000,0.645132,0.020861,0.266471
10.926000,0.645134,0.020862,0.266474
10.928000,0.645136,0.020862,0.266477
10.930000,0.645137,0.020863,0.266478
10.932000,0.645140,0.020864,0.266483
10.934000,0.645142,0.020864,0.266486
10.936000,0.645145,0.020865,0.266489
10.938000,0.645147,0.020866,0.266492
10.940000,0.645149,0.020866,0.266496
10.942000,0.645152,0.020867,0.266499
10.944000,0.645153,0.020867,0.266501
10.946000,0.645157,0.020869,0.266506
10.948000,0.645158,0.020869,0.266507
10.950000,0.645161,0.020870,0.266511
10.952000,0.645163,0.020870,0.266515
10.954000,0.645166,0.020871,0.266518
10.956000,0.645169,0.020872,0.266522
10.958000,0.645171,0.020873,0.266526
10.960000,0.645174,0.020874,0.266530
10.962000,0.645177,0.020874,0.266533
10.964000,0.645180,0.020875,0.266537
10.966000,0.645183,0.020876,0.266541
10.968000,0.645186,0.020877,0.266545
10.970000,0.645189,0.020878,0.266550
10.972000,0.645192,0.020879,0.266554
10.974000,0.645195,0.020880,0.266558
10.976000,0.645198,0.020881,0.266562
10.978000,0.645201,0.020882,0.266567
10.980000,0.645204,0.020882,0.266571
10.982000,0.645208,0.020883,0.266575
10.984000,0.645211,0.020884,0.266580
10.986000,0.645214,0.020885,0.266585
10.988000,0.645218,0.020886,0.266589
10.990000,0.645221,0.020887,0.266594
10.992000,0.645225,0.020888,0.266599
10.994000,0.645228,0.020889,0.266603
10.996000,0.645232,0.020890,0.266608
10.998000,0.645233,0.020891,0.266611
11.000000,0.645237,0.020892,0.266616
11.002000,0.645241,0.020893,0.266621
11.004000,0.645244,0.020894,0.266626
11.006000,0.645248,0.020895,0.266631
11.008000,0.645252,0.020896,0.266636
11.010000,0.645256,0.020898,0.266641
11.012000,0.645260,0.020899,0.266647
11.014000,0.645263,0.020900,0.266652
11.016000,0.645267,0.020901,0.266657
11.018000,0.645271,0.020902,0.266663
11.020000,0.645275,0.020903,0.266668
11.022000,0.645279,0.020904,0.266674
11.024000,0.645283,0.020906,0.266679
11.026000,0.645288,0.020907,0.266685
11.028000,0.645292,0.020908,0.266691
11.030000,0.645294,0.020909,0.266693
11.032000,0.645300,0.020911,0.266702
11.034000,0.645304,0.020912,0.266708
11.036000,0.645309,0.020913,0.266714
11.038000,0.645313,0.020914,0.266720
11.040000,0.645317,0.020916,0.266726
11.042000,0.645322,0.020917,0.266732
11.044000,0.645326,0.020918,0.266738
11.046000,0.645331,0.020919,0.266744
11.048000,0.645335,0.020921,0.266750
11.050000,0.645340,0.020922,0.266756
11.052000,0.645344,0.020923,0.266763
11.054000,0.645349,0.020925,0.266769
11.056000,0.645353,0.020926,0.266775
11.058000,0.645358,0.020928,0.266782
11.060000,0.645363,0.020929,0.266788
11.062000,0.645367,0.020930,0.266795
11.064000,0.645367,0.020930,0.266795
11.066000,0.645370,0.020931,0.266798
11.068000,0.645377,0.020933,0.266808
11.070000,0.645384,0.020935,0.266818
11.072000,0.645389,0.020937,0.266824
11.074000,0.645394,0.020938,0.266831
11.076000,0.645399,0.020940,0.266838
11.078000,0.645404,0.020941,0.266844
11.080000,0.645409,0.020942,0.266851
11.082000,0.645414,0.020944,0.266858
11.084000,0.645419,0.020945,0.266865
11.086000,0.645424,0.020947,0.266872
11.088000,0.645429,0.020948,0.266879
11.090000,0.645434,0.020950,0.266886
11.092000,0.645439,0.020951,0.266893
11.094000,0.645444,0.020953,0.266900
11.096000,0.645449,0.020954,0.266907
11.098000,0.645452,0.020955,0.266911
11.100000,0.645460,0.020957,0.266921
11.102000,0.645462,0.020958,0.266925
11.104000,0.645468,0.020960,0.266932
11.106000,0.645473,0.020961,0.266939
11.108000,0.645478,0.020963,0.266947
11.110000,0.645484,0.020964,0.266954
11.112000,0.645489,0.020966,0.266961
11.114000,0.645494,0.020968,0.266969
11.116000,0.645500,0.020969,0.266976
11.118000,0.645505,0.020971,0.266983
11.120000,0.645510,0.020972,0.266991
11.122000,0.645516,0.020974,0.266998
11.124000,0.645521,0.020975,0.267006
11.126000,0.645527,0.020977,0.267013
11.128000,0.645532,0.020979,0.267021
11.130000,0.645535,0.020979,0.267025
11.132000,0.645543,0.020982,0.267036
11.134000,0.645549,0.020983,0.267043
11.136000,0.645554,0.020985,0.267051
11.138000,0.645560,0.020987,0.267059
11.140000,0.645565,0.020988,0.267066
11.142000,0.645571,0.020990,0.267074
11.144000,0.645577,0.020992,0.267082
11.146000,0.645582,0.020993,0.267089
11.148000,0.645588,0.020995,0.267097
11.150000,0.645593,0.020997,0.267105
11.152000,0.645599,0.020998,0.267112
11.154000,0.645605,0.021000,0.267120
11.156000,0.645610,0.021002,0.267128
11.158000,0.645616,0.021003,0.267136
11.160000,0.645622,0.021005,0.267144
11.162000,0.645627,0.021007,0.267151
11.164000,0.645633,0.021008,0.267159
11.166000,0.645639,0.021010,0.267167
11.168000,0.645644,0.021012,0.267175
11.170000,0.645650,0.021013,0.267183
11.172000,0.645653,0.021014,0.267187
11.174000,0.645659,0.021016,0.267194
11.176000,0.645664,0.021017,0.267202
11.178000,0.645670,0.021019,0.267210
11.180000,0.645676,0.021021,0.267218
11.182000,0.645682,0.021022,0.267226
11.184000,0.645687,0.021024,0.267234
11.186000,0.645693,0.021026,0.267242
11.188000,0.645699,0.021028,0.267250
11.190000,0.645705,0.021029,0.267258
11.192000,0.645710,0.021031,0.267265
11.194000,0.645716,0.021033,0.267273
11.196000,0.645722,0.021034,0.267281
11.198000,0.645728,0.021036,0.267289
11.200000,0.645733,0.021038,0.267297
11.202000,0.645739,0.021039,0.267305
11.204000,0.645745,0.021041,0.267313
11.206000,0.645748,0.021042,0.267317
11.208000,0.645756,0.021044,0.267329
11.210000,0.645759,0.021045,0.267333
11.212000,0.645765,0.021047,0.267341
11.214000,0.645771,0.021049,0.267349
11.216000,0.645777,0.021050,0.267357
11.218000,0.645782,0.021052,0.267365
11.220000,0.645788,0.021054,0.267372
11.222000,0.645794,0.021055,0.267380
11.224000,0.645800,0.021057,0.267388
11.226000,0.645805,0.021059,0.267396
11.228000,0.645811,0.021061,0.267404
11.230000,0.645817,0.021062,0.267412
11.232000,0.645823,0.021064,0.267420
11.234000,0.645828,0.021066,0.267428
11.236000,0.645834,0.021067,0.267436
11.238000,0.645840,0.021069,0.267444
11.240000,0.645845,0.021071,0.267451
11.242000,0.645851,0.021072,0.267459
11.244000,0.645857,0.021074,0.267467
11.246000,0.645862,0.021076,0.267475
11.248000,0.645868,0.021077,0.267483
11.250000,0.645874,0.021079,0.267491
11.252000,0.645880,0.021081,0.267498
11.254000,0.645885,0.021082,0.267506
11.256000,0.645891,0.021084,0.267514
11.258000,0.645894,0.021085,0.267518
11.260000,0.645899,0.021086,0.267526
11.262000,0.645908,0.021089,0.267537
11.264000,0.645908,0.021089,0.267537
11.266000,0.645916,0.021091,0.267549
11.268000,0.645922,0.021093,0.267556
11.270000,0.645927,0.021095,0.267564
11.272000,0.645933,0.021096,0.267572
11.274000,0.645938,0.021098,0.267579
11.276000,0.645944,0.021100,0.267587
11.278000,0.645949,0.021101,0.267595
11.280000,0.645955,0.021103,0.267602
11.282000,0.645960,0.021104,0.267610
11.284000,0.645966,0.021106,0.267617
11.286000,0.645971,0.021108,0.267625
11.288000,0.645977,0.021109,0.267632
11.290000,0.645982,0.021111,0.267640
11.292000,0.645988,0.021113,0.267647
11.294000,0.645993,0.021114,0.267655
11.296000,0.645999,0.021116,0.267662
11.298000,0.646004,0.021117,0.267670
11.300000,0.646009,0.021119,0.267677
11.302000,0.646015,0.021120,0.267685
11.304000,0.646020,0.021122,0.267692
11.306000,0.646025,0.021124,0.267699
11.308000,0.646031,0.021125,0.267707
11.310000,0.646036,0.021127,0.267714
11.312000,0.646041,0.021128,0.267721
11.314000,0.646046,0.021130,0.267728
11.316000,0.646052,0.021131,0.267736
11.318000,0.646057,0.021133,0.267743
11.320000,0.646062,0.021134,0.267750
11.322000,0.646067,0.021136,0.267757
11.324000,0.646072,0.021137,0.267764
11.326000,0.646078,0.021139,0.267771
11.328000,0.646083,0.021140,0.267778
11.330000,0.646085,0.021141,0.267782
11.332000,0.646093,0.021143,0.267792
11.334000,0.646098,0.021145,0.267799
11.336000,0.646103,0.021146,0.267806
11.338000,0.646108,0.021148,0.267813
11.340000,0.646113,0.021149,0.267820
11.342000,0.646118,0.021151,0.267827
11.344000,0.646123,0.021152,0.267834
11.346000,0.646128,0.021154,0.267841
11.348000,0.646133,0.021155,0.267848
11.350000,0.646138,0.021157,0.267854
11.352000,0.646143,0.021158,0.267861
11.354000,0.646148,0.021160,0.267868
11.356000,0.646153,0.021161,0.267875
11.358000,0.646157,0.021162,0.267881
11.360000,0.646162,0.021164,0.267888
11.362000,0.646167,0.021165,0.267895
11.364000,0.646172,0.021167,0.267901
11.366000,0.646177,0.021168,0.267908
11.368000,0.646181,0.021170,0.267914
11.370000,0.646186,0.021171,0.267921
11.372000,0.646191,0.021172,0.267927
11.374000,0.646193,0.021173,0.267931
11.376000,0.646198,0.021174,0.267937
11.378000,0.646202,0.021176,0.267943
11.380000,0.646207,0.021177,0.267950
11.382000,0.646212,0.021178,0.267956
11.384000,0.646216,0.021180,0.267963
11.386000,0.646221,0.021181,0.267969
11.388000,0.646225,0.021182,0.267975
11.390000,0.646230,0.021184,0.267981
11.392000,0.646234,0.021185,0.267987
11.394000,0.646239,0.021186,0.267994
11.396000,0.646243,0.021188,0.268000
11.398000,0.646248,0.021189,0.268006
11.400000,0.646252,0.021190,0.268012
11.402000,0.646256,0.021192,0.268018
11.404000,0.646261,0.021193,0.268024
11.406000,0.646265,0.021194,0.268030
11.408000,0.646269,0.021195,0.268036
11.410000,0.646274,0.021197,0.268042
11.412000,0.646276,0.021197,0.268045
11.414000,0.646282,0.021199,0.268054
11.416000,0.646284,0.021200,0.268056
11.418000,0.646289,0.021201,0.268062
11.420000,0.646293,0.021202,0.268068
11.422000,0.646297,0.021204,0.268074
11.424000,0.646301,0.021205,0.268080
11.426000,0.646305,0.021206,0.268085
11.428000,0.646309,0.021207,0.268091
11.430000,0.646313,0.021208,0.268096
11.432000,0.646317,0.021210,0.268102
11.434000,0.646321,0.021211,0.268108
11.436000,0.646325,0.021212,0.268113
11.438000,0.646329,0.021213,0.268119
11.440000,0.646333,0.021214,0.268124
11.442000,0.646337,0.021215,0.268129
11.444000,0.646341,0.021217,0.268135
11.446000,0.646345,0.021218,0.268140
11.448000,0.646349,0.021219,0.268146
11.450000,0.646353,0.021220,0.268151
11.452000,0.646356,0.021221,0.268156
11.454000,0.646360,0.021222,0.268161
11.456000,0.646364,0.021223,0.268167
11.458000,0.646368,0.021224,0.268172
11.460000,0.646371,0.021226,0.268177
11.462000,0.646375,0.021227,0.268182
11.464000,0.646379,0.021228,0.268187
11.466000,0.646382,0.021229,0.268192
11.468000,0.646384,0.021229,0.268195
11.470000,0.646388,0.021230,0.268200
11.472000,0.646392,0.021231,0.268205
11.474000,0.646395,0.021232,0.268210
11.476000,0.646399,0.021234,0.268214
11.478000,0.646402,0.021235,0.268219
11.480000,0.646406,0.021236,0.268224
11.482000,0.646409,0.021237,0.268229
11.484000,0.646413,0.021238,0.268234
11.486000,0.646416,0.021239,0.268239
11.488000,0.646420,0.021240,0.268243
11.490000,0.646423,0.021241,0.268248
11.492000,0.646426,0.021242,0.268253
11.494000,0.646430,0.021243,0.268257
11.496000,0.646433,0.021244,0.268262
11.498000,0.646436,0.021245,0.268266
11.500000,0.646440,0.021246,0.268271
11.502000,0.646443,0.021247,0.268276
11.504000,0.646446,0.021248,0.268280
11.506000,0.646449,0.021249,0.268285
11.508000,0.646453,0.021249,0.268289
11.510000,0.646456,0.021250,0.268293
11.512000,0.646459,0.021251,0.268298
11.514000,0.646461,0.021252,0.268300
11.516000,0.646465,0.021253,0.268307
11.518000,0.646467,0.021254,0.268309
11.520000,0.646470,0.021255,0.268313
11.522000,0.646473,0.021255,0.268317
11.524000,0.646476,0.021256,0.268321
11.526000,0.646479,0.021257,0.268326
11.528000,0.646482,0.021258,0.268330
11.530000,0.646485,0.021259,0.268334
11.532000,0.646488,0.021260,0.268338
11.534000,0.646491,0.021261,0.268342
11.536000,0.646494,0.021262,0.268346
11.538000,0.646497,0.021263,0.268350
11.540000,0.646500,0.021263,0.268354
11.542000,0.646503,0.021264,0.268358
11.544000,0.646506,0.021265,0.268362
11.546000,0.646508,0.021266,0.268366
11.548000,0.646511,0.021267,0.268370
11.550000,0.646514,0.021268,0.268374
11.552000,0.646517,0.021268,0.268378
11.554000,0.646520,0.021269,0.268381
11.556000,0.646522,0.021270,0.268385
11.558000,0.646525,0.021271,0.268389
11.560000,0.646526,0.021271,0.268391
11.562000,0.646529,0.021272,0.268395
11.564000,0.646530,0.021272,0.268396
11.566000,0.646534,0.021274,0.268402
11.568000,0.646537,0.021274,0.268406
11.570000,0.646540,0.021275,0.268409
11.572000,0.646542,0.021276,0.268413
11.574000,0.646545,0.021277,0.268416
11.576000,0.646547,0.021277,0.268420
11.578000,0.646550,0.021278,0.268423
11.580000,0.646552,0.021279,0.268427
11.582000,0.646555,0.021280,0.268430
11.584000,0.646557,0.021280,0.268434
11.586000,0.646560,0.021281,0.268437
11.588000,0.646562,0.021282,0.268441
11.590000,0.646565,0.021282,0.268444
11.592000,0.646567,0.021283,0.268447
11.594000,0.646569,0.021284,0.268451
11.596000,0.646572,0.021285,0.268454
11.598000,0.646574,0.021285,0.268457
11.600000,0.646576,0.021286,0.268460
11.602000,0.646579,0.021287,0.268464
11.604000,0.646580,0.021287,0.268465
11.606000,0.646583,0.021288,0.268470
11.608000,0.646586,0.021289,0.268473
11.610000,0.646588,0.021289,0.268476
11.612000,0.646590,0.021290,0.268479
11.614000,0.646592,0.021291,0.268482
11.616000,0.646594,0.021291,0.268484
11.618000,0.646597,0.021292,0.268488
11.620000,0.646599,0.021293,0.268491
11.622000,0.646600,0.021293,0.268493
11.624000,0.646602,0.021294,0.268496
11.626000,0.646604,0.021294,0.268499
11.628000,0.646606,0.021295,0.268502
11.630000,0.646609,0.021295,0.268505
11.632000,0.646611,0.021296,0.268508
11.634000,0.646613,0.021297,0.268511
11.636000,0.646615,0.021297,0.268513
11.638000,0.646617,0.021298,0.268516
11.640000,0.646619,0.021299,0.268519
11.642000,0.646621,0.021299,0.268522
11.644000,0.646623,0.021300,0.268525
11.646000,0.646625,0.021300,0.268527
11.648000,0.646627,0.021301,0.268530
11.650000,0.646629,0.021301,0.268533
11.652000,0.646631,0.021302,0.268536
11.654000,0.646633,0.021303,0.268538
11.656000,0.646635,0.021303,0.268541
11.658000,0.646637,0.021304,0.268544
11.660000,0.646639,0.021304,0.268546
11.662000,0.646640,0.021305,0.268549
11.664000,0.646642,0.021305,0.268551
11.666000,0.646644,0.021306,0.268554
11.668000,0.646646,0.021306,0.268557
11.670000,0.646648,0.021307,0.268559
11.672000,0.646650,0.021308,0.268562
11.674000,0.646651,0.021308,0.268564
11.676000,0.646653,0.021309,0.268567
11.678000,0.646655,0.021309,0.268569
11.680000,0.646657,0.021310,0.268571
11.682000,0.646659,0.021310,0.268574
11.684000,0.646660,0.021311,0.268576
11.686000,0.646662,0.021311,0.268579
11.688000,0.646664,0.021312,0.268581
11.690000,0.646665,0.021312,0.268583
11.692000,0.646667,0.021313,0.268586
11.694000,0.646668,0.021313,0.268587
11.696000,0.646670,0.021314,0.268590
11.698000,0.646672,0.021314,0.268593
11.700000,0.646674,0.021315,0.268595
11.702000,0.646675,0.021315,0.268597
11.704000,0.646677,0.021316,0.268599
11.706000,0.646678,0.021316,0.268601
11.708000,0.646680,0.021317,0.268604
11.710000,0.646682,0.021317,0.268606
11.712000,0.646683,0.021317,0.268608
11.714000,0.646685,0.021318,0.268610
11.716000,0.646686,0.021318,0.268612
11.718000,0.646687,0.021319,0.268613
11.720000,0.646689,0.021319,0.268615
11.722000,0.646690,0.021319,0.268617
11.724000,0.646692,0.021320,0.268620
11.726000,0.646693,0.021320,0.268622
11.728000,0.646694,0.021321,0.268624
11.730000,0.646696,0.021321,0.268626
11.732000,0.646697,0.021322,0.268628
11.734000,0.646699,0.021322,0.268630
11.736000,0.646700,0.021323,0.268632
11.738000,0.646702,0.021323,0.268634
11.740000,0.646703,0.021323,0.268635
11.742000,0.646704,0.021324,0.268637
11.744000,0.646706,0.021324,0.268639
11.746000,0.646707,0.021325,0.268641
11.748000,0.646709,0.021325,0.268643
11.750000,0.646710,0.021325,0.268645
11.752000,0.646711,0.021326,0.268647
11.754000,0.646712,0.021326,0.268648
11.756000,0.646713,0.021326,0.268650
11.758000,0.646715,0.021327,0.268651
11.760000,0.646716,0.021327,0.268653
11.762000,0.646717,0.021328,0.268655
11.764000,0.646718,0.021328,0.268657
11.766000,0.646720,0.021328,0.268659
11.768000,0.646721,0.021329,0.268660
11.770000,0.646722,0.021329,0.268662
11.772000,0.646724,0.021329,0.268664
11.774000,0.646725,0.021330,0.268666
11.776000,0.646726,0.021330,0.268667
11.778000,0.646727,0.021330,0.268669
11.780000,0.646728,0.021331,0.268671
11.782000,0.646730,0.021331,0.268672
11.784000,0.646731,0.021332,0.268674
11.786000,0.646732,0.021332,0.268676
11.788000,0.646733,0.021332,0.268677
11.790000,0.646734,0.021333,0.268679
11.792000,0.646736,0.021333,0.268681
11.794000,0.646737,0.021333,0.268682
11.796000,0.646738,0.021334,0.268684
11.798000,0.646738,0.021334,0.268685
11.800000,0.646740,0.021334,0.268686
11.802000,0.646741,0.021334,0.268688
11.804000,0.646742,0.021335,0.268689
11.806000,0.646743,0.021335,0.268691
11.808000,0.646744,0.021335,0.268692
11.810000,0.646745,0.021336,0.268694
11.812000,0.646746,0.021336,0.268695
11.814000,0.646747,0.021336,0.268697
11.816000,0.646748,0.021337,0.268698
11.818000,0.646749,0.021337,0.268700
11.820000,0.646750,0.021337,0.268701
11.822000,0.646752,0.021338,0.268703
11.824000,0.646753,0.021338,0.268704
11.826000,0.646754,0.021338,0.268705
11.828000,0.646755,0.021339,0.268707
11.830000,0.646755,0.021339,0.268708
11.832000,0.646757,0.021339,0.268710
11.834000,0.646758,0.021339,0.268711
11.836000,0.646759,0.021340,0.268712
11.838000,0.646760,0.021340,0.268714
11.840000,0.646760,0.021340,0.268715
11.842000,0.646761,0.021341,0.268716
11.844000,0.646762,0.021341,0.268718
11.846000,0.646763,0.021341,0.268718
11.848000,0.646764,0.021341,0.268720
11.850000,0.646765,0.021342,0.268721
11.852000,0.646766,0.021342,0.268722
11.854000,0.646767,0.021342,0.268723
11.856000,0.646767,0.021342,0.268725
11.858000,0.646768,0.021343,0.268726
11.860000,0.646769,0.021343,0.268727
11.862000,0.646770,0.021343,0.268728
11.864000,0.646771,0.021343,0.268729
11.866000,0.646772,0.021344,0.268731
11.868000,0.646773,0.021344,0.268732
11.870000,0.646773,0.021344,0.268733
11.872000,0.646774,0.021344,0.268734
11.874000,0.646775,0.021345,0.268735
11.876000,0.646776,0.021345,0.268736
11.878000,0.646777,0.021345,0.268738
11.880000,0.646778,0.021345,0.268739
11.882000,0.646778,0.021346,0.268740
11.884000,0.646779,0.021346,0.268741
11.886000,0.646780,0.021346,0.268742
11.888000,0.646781,0.021346,0.268743
11.890000,0.646781,0.021346,0.268744
11.892000,0.646782,0.021347,0.268745
11.894000,0.646783,0.021347,0.268746
11.896000,0.646784,0.021347,0.268747
11.898000,0.646784,0.021347,0.268748
11.900000,0.646785,0.021348,0.268749
11.902000,0.646786,0.021348,0.268750
11.904000,0.646787,0.021348,0.268751
11.906000,0.646787,0.021348,0.268752
11.908000,0.646788,0.021348,0.268753
11.910000,0.646789,0.021349,0.268754
11.912000,0.646789,0.021349,0.268755
11.914000,0.646790,0.021349,0.268756
11.916000,0.646791,0.021349,0.268757
11.918000,0.646791,0.021349,0.268758
11.920000,0.646792,0.021350,0.268759
11.922000,0.646793,0.021350,0.268760
11.924000,0.646793,0.021350,0.268761
11.926000,0.646794,0.021350,0.268761
11.928000,0.646795,0.021350,0.268762
11.930000,0.646795,0.021350,0.268763
11.932000,0.646796,0.021351,0.268764
11.934000,0.646796,0.021351,0.268765
11.936000,0.646797,0.021351,0.268766
11.938000,0.646798,0.021351,0.268766
11.940000,0.646798,0.021351,0.268767
11.942000,0.646799,0.021352,0.268768
11.944000,0.646799,0.021352,0.268769
11.946000,0.646800,0.021352,0.268770
11.948000,0.646800,0.021352,0.268770
11.950000,0.646801,0.021352,0.268771
11.952000,0.646802,0.021352,0.268772
11.954000,0.646802,0.021353,0.268773
11.956000,0.646803,0.021353,0.268773
11.958000,0.646803,0.021353,0.268774
11.960000,0.646804,0.021353,0.268775
11.962000,0.646804,0.021353,0.268775
11.964000,0.646805,0.021353,0.268776
11.966000,0.646805,0.021353,0.268777
11.968000,0.646806,0.021354,0.268777
11.970000,0.646806,0.021354,0.268778
11.972000,0.646807,0.021354,0.268779
11.974000,0.646807,0.021354,0.268779
11.976000,0.646807,0.021354,0.268780
11.978000,0.646808,0.021354,0.268781
11.980000,0.646808,0.021354,0.268781
11.982000,0.646808,0.021354,0.268781
11.984000,0.646809,0.021355,0.268782
11.986000,0.646809,0.021355,0.268783
11.988000,0.646810,0.021355,0.268783
11.990000,0.646810,0.021355,0.268784
11.992000,0.646810,0.021355,0.268784
11.994000,0.646811,0.021355,0.268785
11.996000,0.646811,0.021355,0.268785
11.998000,0.646812,0.021355,0.268786
12.000000,0.646812,0.021355,0.268786
12.002000,0.646812,0.021356,0.268787
12.004000,0.646813,0.021356,0.268787
12.006000,0.646813,0.021356,0.268788
12.008000,0.646813,0.021356,0.268788
12.010000,0.646813,0.021356,0.268788
12.012000,0.646814,0.021356,0.268789
12.014000,0.646814,0.021356,0.268789
12.016000,0.646814,0.021356,0.268790
12.018000,0.646815,0.021356,0.268790
12.020000,0.646815,0.021356,0.268790
12.022000,0.646815,0.021356,0.268791
12.024000,0.646815,0.021356,0.268791
12.026000,0.646816,0.021357,0.268791
12.028000,0.646816,0.021357,0.268792
12.030000,0.646816,0.021357,0.268792
12.032000,0.646816,0.021357,0.268792
12.034000,0.646816,0.021357,0.268793
12.036000,0.646817,0.021357,0.268793
12.038000,0.646817,0.021357,0.268793
12.040000,0.646817,0.021357,0.268793
12.042000,0.646817,0.021357,0.268794
12.044000,0.646817,0.021357,0.268794
12.046000,0.646818,0.021357,0.268794
12.048000,0.646818,0.021357,0.268794
12.050000,0.646818,0.021357,0.268794
12.052000,0.646818,0.021357,0.268795
12.054000,0.646818,0.021357,0.268795
12.056000,0.646818,0.021357,0.268795
12.058000,0.646818,0.021357,0.268795
12.060000,0.646819,0.021357,0.268795
12.062000,0.646819,0.021357,0.268796
12.064000,0.646819,0.021357,0.268796
12.066000,0.646819,0.021358,0.268796
12.068000,0.646819,0.021358,0.268796
12.070000,0.646819,0.021358,0.268796
12.072000,0.646819,0.021358,0.268796
12.074000,0.646819,0.021358,0.268796
12.076000,0.646819,0.021358,0.268796
12.078000,0.646819,0.021358,0.268796
12.080000,0.646819,0.021358,0.268796
12.082000,0.646819,0.021358,0.268796
12.084000,0.646819,0.021358,0.268796
12.086000,0.646819,0.021358,0.268796
12.088000,0.646819,0.021358,0.268796
12.090000,0.646819,0.021358,0.268796
12.092000,0.646819,0.021358,0.268796
12.094000,0.646819,0.021358,0.268796
12.096000,0.646819,0.021358,0.268796
12.098000,0.646819,0.021358,0.268796
12.100000,0.646819,0.021358,0.268796
12.102000,0.646819,0.021358,0.268796
12.104000,0.646819,0.021358,0.268796
12.106000,0.646819,0.021358,0.268796
12.108000,0.646819,0.021358,0.268796
12.110000,0.646819,0.021358,0.268796
12.112000,0.646819,0.021358,0.268796
12.114000,0.646819,0.021358,0.268796
12.116000,0.646819,0.021358,0.268796
12.118000,0.646819,0.021358,0.268796
12.120000,0.646819,0.021358,0.268796
12.122000,0.646819,0.021358,0.268796
12.124000,0.646819,0.021358,0.268796
12.126000,0.646819,0.021358,0.268796
12.128000,0.646819,0.021358,0.268796
12.130000,0.646819,0.021358,0.268796
12.132000,0.646819,0.021358,0.268796
12.134000,0.646819,0.021358,0.268796
12.136000,0.646819,0.021358,0.268796
12.138000,0.646819,0.021358,0.268796
12.140000,0.646819,0.021358,0.268796
12.142000,0.646819,0.021358,0.268796
12.144000,0.646819,0.021358,0.268796
12.146000,0.646819,0.021358,0.268796
12.148000,0.646819,0.021358,0.268796
12.150000,0.646819,0.021358,0.268796
12.152000,0.646819,0.021358,0.268796
12.154000,0.646819,0.021358,0.268796
12.156000,0.646819,0.021358,0.268796
12.158000,0.646819,0.021358,0.268796
12.160000,0.646819,0.021358,0.268796
12.162000,0.646819,0.021358,0.268796
12.164000,0.646819,0.021358,0.268796
12.166000,0.646819,0.021358,0.268796
12.168000,0.646819,0.021358,0.268796
12.170000,0.646819,0.021358,0.268796
12.172000,0.646819,0.021358,0.268796
12.174000,0.646819,0.021358,0.268796
12.176000,0.646819,0.021358,0.268796
12.178000,0.646819,0.021358,0.268796
12.180000,0.646819,0.021358,0.268796
12.182000,0.646819,0.021358,0.268796
12.184000,0.646819,0.021358,0.268796
12.186000,0.646819,0.021358,0.268796
12.188000,0.646819,0.021358,0.268796
12.190000,0.646819,0.021358,0.268796
12.192000,0.646819,0.021358,0.268796
12.194000,0.646819,0.021358,0.268796
12.196000,0.646819,0.021358,0.268796
12.198000,0.646819,0.021358,0.268796
12.200000,0.646819,0.021358,0.268796
12.202000,0.646819,0.021358,0.268796
12.204000,0.646819,0.021358,0.268796
12.206000,0.646819,0.021358,0.268796
12.208000,0.646819,0.021358,0.268796
12.210000,0.646819,0.021358,0.268796
12.212000,0.646819,0.021358,0.268796
12.214000,0.646819,0.021358,0.268796
12.216000,0.646819,0.021358,0.268796
12.218000,0.646819,0.021358,0.268796
12.220000,0.646819,0.021358,0.268796
12.222000,0.646819,0.021358,0.268796
12.224000,0.646819,0.021358,0.268796
12.226000,0.646819,0.021358,0.268796
12.228000,0.646819,0.021358,0.268796
12.230000,0.646819,0.021358,0.268796
12.232000,0.646819,0.021358,0.268796
12.234000,0.646819,0.021358,0.268796
12.236000,0.646819,0.021358,0.268796
12.238000,0.646819,0.021358,0.268796
12.240000,0.646819,0.021358,0.268796
12.242000,0.646819,0.021358,0.268796
12.244000,0.646819,0.021358,0.268796
12.246000,0.646819,0.021358,0.268796
12.248000,0.646819,0.021358,0.268796
12.250000,0.646819,0.021358,0.268796
12.252000,0.646819,0.021358,0.268796
12.254000,0.646819,0.021358,0.268796
12.256000,0.646819,0.021358,0.268796
12.258000,0.646819,0.021358,0.268796
12.260000,0.646819,0.021358,0.268796
12.262000,0.646819,0.021358,0.268796
12.264000,0.646819,0.021358,0.268796
12.266000,0.646819,0.021358,0.268796
12.268000,0.646819,0.021358,0.268796
12.270000,0.646819,0.021358,0.268796
12.272000,0.646819,0.021358,0.268796
12.274000,0.646819,0.021358,0.268796
12.276000,0.646819,0.021358,0.268796
12.278000,0.646819,0.021358,0.268796
12.280000,0.646819,0.021358,0.268796
12.282000,0.646819,0.021358,0.268796
12.284000,0.646819,0.021358,0.268796
12.286000,0.646819,0.021358,0.268796
12.288000,0.646819,0.021358,0.268796
12.290000,0.646819,0.021358,0.268796
12.292000,0.646819,0.021358,0.268796
12.294000,0.646819,0.021358,0.268796
12.296000,0.646819,0.021358,0.268796
12.298000,0.646819,0.021358,0.268796
12.300000,0.646819,0.021358,0.268796
12.302000,0.646819,0.021358,0.268796
12.304000,0.646819,0.021358,0.268796
12.306000,0.646819,0.021358,0.268796
12.308000,0.646819,0.021358,0.268796
12.310000,0.646819,0.021358,0.268796
12.312000,0.646819,0.021358,0.268796
12.314000,0.646819,0.021358,0.268796
12.316000,0.646819,0.021358,0.268796
12.318000,0.646819,0.021358,0.268796
12.320000,0.646819,0.021358,0.268796
12.322000,0.646819,0.021358,0.268796
12.324000,0.646819,0.021358,0.268796
12.326000,0.646819,0.021358,0.268796
12.328000,0.646819,0.021358,0.268796
12.330000,0.646819,0.021358,0.268796
12.332000,0.646819,0.021358,0.268796
12.334000,0.646819,0.021358,0.268796
12.336000,0.646819,0.021358,0.268796
12.338000,0.646819,0.021358,0.268796
12.340000,0.646819,0.021358,0.268796
12.342000,0.646819,0.021358,0.268796
12.344000,0.646819,0.021358,0.268796
12.346000,0.646819,0.021358,0.268796
12.348000,0.646819,0.021358,0.268796
12.350000,0.646819,0.021358,0.268796
12.352000,0.646819,0.021358,0.268796
12.354000,0.646819,0.021358,0.268796
12.356000,0.646819,0.021358,0.268796
12.358000,0.646819,0.021358,0.268796
12.360000,0.646819,0.021358,0.268796
12.362000,0.646819,0.021358,0.268796
12.364000,0.646819,0.021358,0.268796
12.366000,0.646819,0.021358,0.268796
12.368000,0.646819,0.021358,0.268796
12.370000,0.646819,0.021358,0.268796
12.372000,0.646819,0.021358,0.268796
12.374000,0.646819,0.021358,0.268796
12.376000,0.646819,0.021358,0.268796
12.378000,0.646819,0.021358,0.268796
12.380000,0.646819,0.021358,0.268796
12.382000,0.646819,0.021358,0.268796
12.384000,0.646819,0.021358,0.268796
12.386000,0.646819,0.021358,0.268796
12.388000,0.646819,0.021358,0.268796
12.390000,0.646819,0.021358,0.268796
12.392000,0.646819,0.021358,0.268796
12.394000,0.646819,0.021358,0.268796
12.396000,0.646819,0.021358,0.268796
12.398000,0.646819,0.021358,0.268796
12.400000,0.646819,0.021358,0.268796
12.402000,0.646819,0.021358,0.268796
12.404000,0.646819,0.021358,0.268796
12.406000,0.646819,0.021358,0.268796
12.408000,0.646819,0.021358,0.268796
12.410000,0.646819,0.021358,0.268796
12.412000,0.646819,0.021358,0.268796
12.414000,0.646819,0.021358,0.268796
12.416000,0.646819,0.021358,0.268796
12.418000,0.646819,0.021358,0.268796
12.420000,0.646819,0.021358,0.268796
12.422000,0.646819,0.021358,0.268796
12.424000,0.646819,0.021358,0.268796
12.426000,0.646819,0.021358,0.268796
12.428000,0.646819,0.021358,0.268796
12.430000,0.646819,0.021358,0.268796
12.432000,0.646819,0.021358,0.268796
12.434000,0.646819,0.021358,0.268796
12.436000,0.646819,0.021358,0.268796
12.438000,0.646819,0.021358,0.268796
12.440000,0.646819,0.021358,0.268796
12.442000,0.646819,0.021358,0.268796
12.444000,0.646819,0.021358,0.268796
12.446000,0.646819,0.021358,0.268796
12.448000,0.646819,0.021358,0.268796
12.450000,0.646819,0.021358,0.268796
12.452000,0.646819,0.021358,0.268796
12.454000,0.646819,0.021358,0.268796
12.456000,0.646819,0.021358,0.268796
12.458000,0.646819,0.021358,0.268796
12.460000,0.646819,0.021358,0.268796
12.462000,0.646819,0.021358,0.268796
12.464000,0.646819,0.021358,0.268796
12.466000,0.646819,0.021358,0.268796
12.468000,0.646819,0.021358,0.268796
12.470000,0.646819,0.021358,0.268796
12.472000,0.646819,0.021358,0.268796
12.474000,0.646819,0.021358,0.268796
12.476000,0.646819,0.021358,0.268796
12.478000,0.646819,0.021358,0.268796
12.480000,0.646819,0.021358,0.268796
12.482000,0.646819,0.021358,0.268796
12.484000,0.646819,0.021358,0.268796
12.486000,0.646819,0.021358,0.268796
12.488000,0.646819,0.021358,0.268796
12.490000,0.646819,0.021358,0.268796
12.492000,0.646819,0.021358,0.268796
12.494000,0.646819,0.021358,0.268796
12.496000,0.646819,0.021358,0.268796
12.498000,0.646819,0.021358,0.268796
12.500000,0.646819,0.021358,0.268796
12.502000,0.646819,0.021358,0.268796
12.504000,0.646819,0.021358,0.268796
12.506000,0.646819,0.021358,0.268796
12.508000,0.646819,0.021358,0.268796
12.510000,0.646819,0.021358,0.268796
12.512000,0.646819,0.021358,0.268796
12.514000,0.646819,0.021358,0.268796
12.516000,0.646819,0.021358,0.268796
12.518000,0.646819,0.021358,0.268796
12.520000,0.646819,0.021358,0.268796
12.522000,0.646819,0.021358,0.268796
12.524000,0.646819,0.021358,0.268796
12.526000,0.646819,0.021358,0.268796
12.528000,0.646819,0.021358,0.268796
12.530000,0.646819,0.021358,0.268796
12.532000,0.646819,0.021358,0.268796
12.534000,0.646819,0.021358,0.268796
12.536000,0.646819,0.021358,0.268796
12.538000,0.646819,0.021358,0.268796
12.540000,0.646819,0.021358,0.268796
12.542000,0.646819,0.021358,0.268796
12.544000,0.646819,0.021358,0.268796
12.546000,0.646819,0.021358,0.268796
12.548000,0.646819,0.021358,0.268796
12.550000,0.646819,0.021358,0.268796
12.552000,0.646819,0.021358,0.268796
12.554000,0.646819,0.021358,0.268796
12.556000,0.646819,0.021358,0.268796
12.558000,0.646819,0.021358,0.268796
12.560000,0.646819,0.021358,0.268796
12.562000,0.646819,0.021358,0.268796
12.564000,0.646819,0.021358,0.268796
12.566000,0.646819,0.021358,0.268796
12.568000,0.646819,0.021358,0.268796
12.570000,0.646819,0.021358,0.268796
12.572000,0.646819,0.021358,0.268796
12.574000,0.646819,0.021358,0.268796
12.576000,0.646819,0.021358,0.268796
12.578000,0.646819,0.021358,0.268796
12.580000,0.646819,0.021358,0.268796
12.582000,0.646819,0.021358,0.268796
12.584000,0.646819,0.021358,0.268796
12.586000,0.646819,0.021358,0.268796
12.588000,0.646819,0.021358,0.268796
12.590000,0.646819,0.021358,0.268796
12.592000,0.646819,0.021358,0.268796
12.594000,0.646819,0.021358,0.268796
12.596000,0.646819,0.021358,0.268796
12.598000,0.646819,0.021358,0.268796
12.600000,0.646819,0.021358,0.268796
12.602000,0.646819,0.021358,0.268796
12.604000,0.646819,0.021358,0.268796
12.606000,0.646819,0.021358,0.268796
12.608000,0.646819,0.021358,0.268796
12.610000,0.646819,0.021358,0.268796
12.612000,0.646819,0.021358,0.268796
12.614000,0.646819,0.021358,0.268796
12.616000,0.646819,0.021358,0.268796
12.618000,0.646819,0.021358,0.268796
12.620000,0.646819,0.021358,0.268796
12.622000,0.646819,0.021358,0.268796
12.624000,0.646819,0.021358,0.268796
12.626000,0.646819,0.021358,0.268796
12.628000,0.646819,0.021358,0.268796
12.630000,0.646819,0.021358,0.268796
12.632000,0.646819,0.021358,0.268796
12.634000,0.646819,0.021358,0.268796
12.636000,0.646819,0.021358,0.268796
12.638000,0.646819,0.021358,0.268796
12.640000,0.646819,0.021358,0.268796
12.642000,0.646819,0.021358,0.268796
12.644000,0.646819,0.021358,0.268796
12.646000,0.646819,0.021358,0.268796
12.648000,0.646819,0.021358,0.268796
12.650000,0.646819,0.021358,0.268796
12.652000,0.646819,0.021358,0.268796
12.654000,0.646819,0.021358,0.268796
12.656000,0.646819,0.021358,0.268796
12.658000,0.646819,0.021358,0.268796
12.660000,0.646819,0.021358,0.268796
12.662000,0.646819,0.021358,0.268796
12.664000,0.646819,0.021358,0.268796
12.666000,0.646819,0.021358,0.268796
12.668000,0.646819,0.021358,0.268796
12.670000,0.646819,0.021358,0.268796
12.672000,0.646819,0.021358,0.268796
12.674000,0.646819,0.021358,0.268796
12.676000,0.646819,0.021358,0.268796
12.678000,0.646819,0.021358,0.268796
12.680000,0.646819,0.021358,0.268796
12.682000,0.646819,0.021358,0.268796
12.684000,0.646819,0.021358,0.268796
12.686000,0.646819,0.021358,0.268796
12.688000,0.646819,0.021358,0.268796
12.690000,0.646819,0.021358,0.268796
12.692000,0.646819,0.021358,0.268796
12.694000,0.646819,0.021358,0.268796
12.696000,0.646819,0.021358,0.268796
12.698000,0.646819,0.021358,0.268796
12.700000,0.646819,0.021358,0.268796
12.702000,0.646819,0.021358,0.268796
12.704000,0.646819,0.021358,0.268796
12.706000,0.646819,0.021358,0.268796
12.708000,0.646819,0.021358,0.268796
12.710000,0.646819,0.021358,0.268796
12.712000,0.646819,0.021358,0.268796
12.714000,0.646819,0.021358,0.268796
12.716000,0.646819,0.021358,0.268796
12.718000,0.646819,0.021358,0.268796
12.720000,0.646819,0.021358,0.268796
12.722000,0.646819,0.021358,0.268796
12.724000,0.646819,0.021358,0.268796
12.726000,0.646819,0.021358,0.268796
12.728000,0.646819,0.021358,0.268796
12.730000,0.646819,0.021358,0.268796
12.732000,0.646819,0.021358,0.268796
12.734000,0.646819,0.021358,0.268796
12.736000,0.646819,0.021358,0.268796
12.738000,0.646819,0.021358,0.268796
12.740000,0.646819,0.021358,0.268796
12.742000,0.646819,0.021358,0.268796
12.744000,0.646819,0.021358,0.268796
12.746000,0.646819,0.021358,0.268796
12.748000,0.646819,0.021358,0.268796
12.750000,0.646819,0.021358,0.268796
12.752000,0.646819,0.021358,0.268796
12.754000,0.646819,0.021358,0.268796
12.756000,0.646819,0.021358,0.268796
12.758000,0.646819,0.021358,0.268796
12.760000,0.646819,0.021358,0.268796
12.762000,0.646819,0.021358,0.268796
12.764000,0.646819,0.021358,0.268796
12.766000,0.646819,0.021358,0.268796
12.768000,0.646819,0.021358,0.268796
12.770000,0.646819,0.021358,0.268796
12.772000,0.646819,0.021358,0.268796
12.774000,0.646819,0.021358,0.268796
12.776000,0.646819,0.021358,0.268796
12.778000,0.646819,0.021358,0.268796
12.780000,0.646819,0.021358,0.268796
12.782000,0.646819,0.021358,0.268796
12.784000,0.646819,0.021358,0.268796
12.786000,0.646819,0.021358,0.268796
12.788000,0.646819,0.021358,0.268796
12.790000,0.646819,0.021358,0.268796
12.792000,0.646819,0.021358,0.268796
12.794000,0.646819,0.021358,0.268796
12.796000,0.646819,0.021358,0.268796
12.798000,0.646819,0.021358,0.268796
12.800000,0.646819,0.021358,0.268796
12.802000,0.646819,0.021358,0.268796
12.804000,0.646819,0.021358,0.268796
12.806000,0.646819,0.021358,0.268796
12.808000,0.646819,0.021358,0.268796
12.810000,0.646819,0.021358,0.268796
12.812000,0.646819,0.021358,0.268796
12.814000,0.646819,0.021358,0.268796
12.816000,0.646819,0.021358,0.268796
12.818000,0.646819,0.021358,0.268796
12.820000,0.646819,0.021358,0.268796
12.822000,0.646819,0.021358,0.268796
12.824000,0.646819,0.021358,0.268796
12.826000,0.646819,0.021358,0.268796
12.828000,0.646819,0.021358,0.268796
12.830000,0.646819,0.021358,0.268796
12.832000,0.646819,0.021358,0.268796
12.834000,0.646819,0.021358,0.268796
12.836000,0.646819,0.021358,0.268796
12.838000,0.646819,0.021358,0.268796
12.840000,0.646819,0.021358,0.268796
12.842000,0.646819,0.021358,0.268796
12.844000,0.646819,0.021358,0.268796
12.846000,0.646819,0.021358,0.268796
12.848000,0.646819,0.021358,0.268796
12.850000,0.646819,0.021358,0.268796
12.852000,0.646819,0.021358,0.268796
12.854000,0.646819,0.021358,0.268796
12.856000,0.646819,0.021358,0.268796
12.858000,0.646819,0.021358,0.268796
12.860000,0.646819,0.021358,0.268796
12.862000,0.646819,0.021358,0.268796
12.864000,0.646819,0.021358,0.268796
12.866000,0.646819,0.021358,0.268796
12.868000,0.646819,0.021358,0.268796
12.870000,0.646819,0.021358,0.268796
12.872000,0.646819,0.021358,0.268796
12.874000,0.646819,0.021358,0.268796
12.876000,0.646819,0.021358,0.268796
12.878000,0.646819,0.021358,0.268796
12.880000,0.646819,0.021358,0.268796
12.882000,0.646819,0.021358,0.268796
12.884000,0.646819,0.021358,0.268796
12.886000,0.646819,0.021358,0.268796
12.888000,0.646819,0.021358,0.268796
12.890000,0.646819,0.021358,0.268796
12.892000,0.646819,0.021358,0.268796
12.894000,0.646819,0.021358,0.268796
12.896000,0.646819,0.021358,0.268796
12.898000,0.646819,0.021358,0.268796
12.900000,0.646819,0.021358,0.268796
12.902000,0.646819,0.021358,0.268796
12.904000,0.646819,0.021358,0.268796
12.906000,0.646819,0.021358,0.268796
12.908000,0.646819,0.021358,0.268796
12.910000,0.646819,0.021358,0.268796
12.912000,0.646819,0.021358,0.268796
12.914000,0.646819,0.021358,0.268796
12.916000,0.646819,0.021358,0.268796
12.918000,0.646819,0.021358,0.268796
12.920000,0.646819,0.021358,0.268796
12.922000,0.646819,0.021358,0.268796
12.924000,0.646819,0.021358,0.268796
12.926000,0.646819,0.021358,0.268796
12.928000,0.646819,0.021358,0.268796
12.930000,0.646819,0.021358,0.268796
12.932000,0.646819,0.021358,0.268796
12.934000,0.646819,0.021358,0.268796
12.936000,0.646819,0.021358,0.268796
12.938000,0.646819,0.021358,0.268796
12.940000,0.646819,0.021358,0.268796
12.942000,0.646819,0.021358,0.268796
12.944000,0.646819,0.021358,0.268796
12.946000,0.646819,0.021358,0.268796
12.948000,0.646819,0.021358,0.268796
12.950000,0.646819,0.021358,0.268796
12.952000,0.646819,0.021358,0.268796
12.954000,0.646819,0.021358,0.268796
12.956000,0.646819,0.021358,0.268796
12.958000,0.646819,0.021358,0.268796
12.960000,0.646819,0.021358,0.268796
12.962000,0.646819,0.021358,0.268796
12.964000,0.646819,0.021358,0.268796
12.966000,0.646819,0.021358,0.268796
12.968000,0.646819,0.021358,0.268796
12.970000,0.646819,0.021358,0.268796
12.972000,0.646819,0.021358,0.268796
12.974000,0.646819,0.021358,0.268796
12.976000,0.646819,0.021358,0.268796
12.978000,0.646819,0.021358,0.268796
12.980000,0.646819,0.021358,0.268796
12.982000,0.646819,0.021358,0.268796
12.984000,0.646819,0.021358,0.268796
12.986000,0.646819,0.021358,0.268796
12.988000,0.646819,0.021358,0.268796
12.990000,0.646819,0.021358,0.268796
12.992000,0.646819,0.021358,0.268796
12.994000,0.646819,0.021358,0.268796
12.996000,0.646819,0.021358,0.268796
12.998000,0.646819,0.021358,0.268796
13.000000,0.646819,0.021358,0.268796
13.002000,0.646819,0.021358,0.268796
13.004000,0.646819,0.021358,0.268796
13.006000,0.646819,0.021358,0.268796
13.008000,0.646819,0.021358,0.268796
13.010000,0.646819,0.021358,0.268796
13.012000,0.646819,0.021358,0.268796
13.014000,0.646819,0.021358,0.268796
13.016000,0.646819,0.021358,0.268796
13.018000,0.646819,0.021358,0.268796
13.020000,0.646819,0.021358,0.268796
13.022000,0.646819,0.021358,0.268796
13.024000,0.646819,0.021358,0.268796
13.026000,0.646819,0.021358,0.268796
13.028000,0.646819,0.021358,0.268796
13.030000,0.646819,0.021358,0.268796
13.032000,0.646819,0.021358,0.268796
13.034000,0.646819,0.021358,0.268796
13.036000,0.646819,0.021358,0.268796
13.038000,0.646819,0.021358,0.268796
13.040000,0.646819,0.021358,0.268796
13.042000,0.646819,0.021358,0.268796
13.044000,0.646819,0.021358,0.268796
13.046000,0.646819,0.021358,0.268796
13.048000,0.646819,0.021358,0.268796
13.050000,0.646819,0.021358,0.268796
13.052000,0.646819,0.021358,0.268796
13.054000,0.646819,0.021358,0.268796
13.056000,0.646819,0.021358,0.268796
13.058000,0.646819,0.021358,0.268796
13.060000,0.646819,0.021358,0.268796
13.062000,0.646819,0.021358,0.268796
13.064000,0.646819,0.021358,0.268796
13.066000,0.646819,0.021358,0.268796
13.068000,0.646819,0.021358,0.268796
13.070000,0.646819,0.021358,0.268796
13.072000,0.646819,0.021358,0.268796
13.074000,0.646819,0.021358,0.268796
13.076000,0.646819,0.021358,0.268796
13.078000,0.646819,0.021358,0.268796
13.080000,0.646819,0.021358,0.268796
13.082000,0.646819,0.021358,0.268796
13.084000,0.646819,0.021358,0.268796
13.086000,0.646819,0.021358,0.268796
13.088000,0.646819,0.021358,0.268796
13.090000,0.646819,0.021358,0.268796
13.092000,0.646819,0.021358,0.268796
13.094000,0.646819,0.021358,0.268796
13.096000,0.646819,0.021358,0.268796
13.098000,0.646819,0.021358,0.268796
13.100000,0.646819,0.021358,0.268796
13.102000,0.646819,0.021358,0.268796
13.104000,0.646819,0.021358,0.268796
13.106000,0.646819,0.021358,0.268796
13.108000,0.646819,0.021358,0.268796
13.110000,0.646819,0.021358,0.268796
13.112000,0.646819,0.021358,0.268796
13.114000,0.646819,0.021358,0.268796
13.116000,0.646819,0.021358,0.268796
13.118000,0.646819,0.021358,0.268796
13.120000,0.646819,0.021358,0.268796
13.122000,0.646819,0.021358,0.268796
13.124000,0.646819,0.021358,0.268796
13.126000,0.646819,0.021358,0.268796
13.128000,0.646819,0.021358,0.268796
13.130000,0.646819,0.021358,0.268796
13.132000,0.646819,0.021358,0.268796
13.134000,0.646819,0.021358,0.268796
13.136000,0.646819,0.021358,0.268796
13.138000,0.646819,0.021358,0.268796
13.140000,0.646819,0.021358,0.268796
13.142000,0.646819,0.021358,0.268796
13.144000,0.646819,0.021358,0.268796
13.146000,0.646819,0.021358,0.268796
13.148000,0.646819,0.021358,0.268796
13.150000,0.646819,0.021358,0.268796
13.152000,0.646819,0.021358,0.268796
13.154000,0.646819,0.021358,0.268796
13.156000,0.646819,0.021358,0.268796
13.158000,0.646819,0.021358,0.268796
13.160000,0.646819,0.021358,0.268796
13.162000,0.646819,0.021358,0.268796
13.164000,0.646819,0.021358,0.268796
13.166000,0.646819,0.021358,0.268796
13.168000,0.646819,0.021358,0.268796
13.170000,0.646819,0.021358,0.268796
13.172000,0.646819,0.021358,0.268796
13.174000,0.646819,0.021358,0.268796
13.176000,0.646819,0.021358,0.268796
13.178000,0.646819,0.021358,0.268796
13.180000,0.646819,0.021358,0.268796
13.182000,0.646819,0.021358,0.268796
13.184000,0.646819,0.021358,0.268796
13.186000,0.646819,0.021358,0.268796
13.188000,0.646819,0.021358,0.268796
13.190000,0.646819,0.021358,0.268796
13.192000,0.646819,0.021358,0.268796
13.194000,0.646819,0.021358,0.268796
13.196000,0.646819,0.021358,0.268796
13.198000,0.646819,0.021358,0.268796
13.200000,0.646819,0.021358,0.268796
13.202000,0.646819,0.021358,0.268796
13.204000,0.646819,0.021358,0.268796
13.206000,0.646819,0.021358,0.268796
13.208000,0.646819,0.021358,0.268796
13.210000,0.646819,0.021358,0.268796
13.212000,0.646819,0.021358,0.268796
13.214000,0.646819,0.021358,0.268796
13.216000,0.646819,0.021358,0.268796
13.218000,0.646819,0.021358,0.268796
13.220000,0.646819,0.021358,0.268796
13.222000,0.646819,0.021358,0.268796
13.224000,0.646819,0.021358,0.268796
13.226000,0.646819,0.021358,0.268796
13.228000,0.646819,0.021358,0.268796
13.230000,0.646819,0.021358,0.268796
13.232000,0.646819,0.021358,0.268796
13.234000,0.646819,0.021358,0.268796
13.236000,0.646819,0.021358,0.268796
13.238000,0.646819,0.021358,0.268796
13.240000,0.646819,0.021358,0.268796
13.242000,0.646819,0.021358,0.268796
13.244000,0.646819,0.021358,0.268796
13.246000,0.646819,0.021358,0.268796
13.248000,0.646819,0.021358,0.268796
13.250000,0.646819,0.021358,0.268796
13.252000,0.646819,0.021358,0.268796
13.254000,0.646819,0.021358,0.268796
13.256000,0.646819,0.021358,0.268796
13.258000,0.646819,0.021358,0.268796
13.260000,0.646819,0.021358,0.268796
13.262000,0.646819,0.021358,0.268796
13.264000,0.646819,0.021358,0.268796
13.266000,0.646819,0.021358,0.268796
13.268000,0.646819,0.021358,0.268796
13.270000,0.646819,0.021358,0.268796
13.272000,0.646819,0.021358,0.268796
13.274000,0.646819,0.021358,0.268796
13.276000,0.646819,0.021358,0.268796
13.278000,0.646819,0.021358,0.268796
13.280000,0.646819,0.021358,0.268796
13.282000,0.646819,0.021358,0.268796
13.284000,0.646819,0.021358,0.268796
13.286000,0.646819,0.021358,0.268796
13.288000,0.646819,0.021358,0.268796
13.290000,0.646819,0.021358,0.268796
13.292000,0.646819,0.021358,0.268796
13.294000,0.646819,0.021358,0.268796
13.296000,0.646819,0.021358,0.268796
13.298000,0.646819,0.021358,0.268796
13.300000,0.646819,0.021358,0.268796
13.302000,0.646819,0.021358,0.268796
13.304000,0.646819,0.021358,0.268796
13.306000,0.646819,0.021358,0.268796
13.308000,0.646819,0.021358,0.268796
13.310000,0.646819,0.021358,0.268796
13.312000,0.646819,0.021358,0.268796
13.314000,0.646819,0.021358,0.268796
13.316000,0.646819,0.021358,0.268796
13.318000,0.646819,0.021358,0.268796
13.320000,0.646819,0.021358,0.268796
13.322000,0.646819,0.021358,0.268796
13.324000,0.646819,0.021358,0.268796
13.326000,0.646819,0.021358,0.268796
13.328000,0.646819,0.021358,0.268796
13.330000,0.646819,0.021358,0.268796
13.332000,0.646819,0.021358,0.268796
13.334000,0.646819,0.021358,0.268796
13.336000,0.646819,0.021358,0.268796
13.338000,0.646819,0.021358,0.268796
13.340000,0.646819,0.021358,0.268796
13.342000,0.646819,0.021358,0.268796
13.344000,0.646819,0.021358,0.268796
13.346000,0.646819,0.021358,0.268796
13.348000,0.646819,0.021358,0.268796
13.350000,0.646819,0.021358,0.268796
13.352000,0.646819,0.021358,0.268796
13.354000,0.646819,0.021358,0.268796
13.356000,0.646819,0.021358,0.268796
13.358000,0.646819,0.021358,0.268796
13.360000,0.646819,0.021358,0.268796
13.362000,0.646819,0.021358,0.268796
13.364000,0.646819,0.021358,0.268796
13.366000,0.646819,0.021358,0.268796
13.368000,0.646819,0.021358,0.268796
13.370000,0.646819,0.021358,0.268796
13.372000,0.646819,0.021358,0.268796
13.374000,0.646819,0.021358,0.268796
13.376000,0.646819,0.021358,0.268796
13.378000,0.646819,0.021358,0.268796
13.380000,0.646819,0.021358,0.268796
13.382000,0.646819,0.021358,0.268796
13.384000,0.646819,0.021358,0.268796
13.386000,0.646819,0.021358,0.268796
13.388000,0.646819,0.021358,0.268796
13.390000,0.646819,0.021358,0.268796
13.392000,0.646819,0.021358,0.268796
13.394000,0.646819,0.021358,0.268796
13.396000,0.646819,0.021358,0.268796
13.398000,0.646819,0.021358,0.268796
13.400000,0.646819,0.021358,0.268796
13.402000,0.646819,0.021358,0.268796
13.404000,0.646819,0.021358,0.268796
13.406000,0.646819,0.021358,0.268796
13.408000,0.646819,0.021358,0.268796
13.410000,0.646819,0.021358,0.268796
13.412000,0.646819,0.021358,0.268796
13.414000,0.646819,0.021358,0.268796
13.416000,0.646819,0.021358,0.268796
13.418000,0.646819,0.021358,0.268796
13.420000,0.646819,0.021358,0.268796
13.422000,0.646819,0.021358,0.268796
13.424000,0.646819,0.021358,0.268796
13.426000,0.646819,0.021358,0.268796
13.428000,0.646819,0.021358,0.268796
13.430000,0.646819,0.021358,0.268796
13.432000,0.646819,0.021358,0.268796
13.434000,0.646819,0.021358,0.268796
13.436000,0.646819,0.021358,0.268796
13.438000,0.646819,0.021358,0.268796
13.440000,0.646819,0.021358,0.268796
13.442000,0.646819,0.021358,0.268796
13.444000,0.646819,0.021358,0.268796
13.446000,0.646819,0.021358,0.268796
13.448000,0.646819,0.021358,0.268796
13.450000,0.646819,0.021358,0.268796
13.452000,0.646819,0.021358,0.268796
13.454000,0.646819,0.021358,0.268796
13.456000,0.646819,0.021358,0.268796
13.458000,0.646819,0.021358,0.268796
13.460000,0.646819,0.021358,0.268796
13.462000,0.646819,0.021358,0.268796
13.464000,0.646819,0.021358,0.268796
13.466000,0.646819,0.021358,0.268796
13.468000,0.646819,0.021358,0.268796
13.470000,0.646819,0.021358,0.268796
13.472000,0.646819,0.021358,0.268796
13.474000,0.646819,0.021358,0.268796
13.476000,0.646819,0.021358,0.268796
13.478000,0.646819,0.021358,0.268796
13.480000,0.646819,0.021358,0.268796
13.482000,0.646819,0.021358,0.268796
13.484000,0.646819,0.021358,0.268796
13.486000,0.646819,0.021358,0.268796
13.488000,0.646819,0.021358,0.268796
13.490000,0.646819,0.021358,0.268796
13.492000,0.646819,0.021358,0.268796
13.494000,0.646819,0.021358,0.268796
13.496000,0.646819,0.021358,0.268796
13.498000,0.646819,0.021358,0.268796
13.500000,0.646819,0.021358,0.268796
13.502000,0.646819,0.021358,0.268796
13.504000,0.646819,0.021358,0.268796
13.506000,0.646819,0.021358,0.268796
13.508000,0.646819,0.021358,0.268796
13.510000,0.646819,0.021358,0.268796
13.512000,0.646819,0.021358,0.268796
13.514000,0.646819,0.021358,0.268796
13.516000,0.646819,0.021358,0.268796
13.518000,0.646819,0.021358,0.268796
13.520000,0.646819,0.021358,0.268796
13.522000,0.646819,0.021358,0.268796
13.524000,0.646819,0.021358,0.268796
13.526000,0.646819,0.021358,0.268796
13.528000,0.646819,0.021358,0.268796
13.530000,0.646819,0.021358,0.268796
13.532000,0.646819,0.021358,0.268796
13.534000,0.646819,0.021358,0.268796
13.536000,0.646819,0.021358,0.268796
13.538000,0.646819,0.021358,0.268796
13.540000,0.646819,0.021358,0.268796
13.542000,0.646819,0.021358,0.268796
13.544000,0.646819,0.021358,0.268796
13.546000,0.646819,0.021358,0.268796
13.548000,0.646819,0.021358,0.268796
13.550000,0.646819,0.021358,0.268796
13.552000,0.646819,0.021358,0.268796
13.554000,0.646819,0.021358,0.268796
13.556000,0.646819,0.021358,0.268796
13.558000,0.646819,0.021358,0.268796
13.560000,0.646819,0.021358,0.268796
13.562000,0.646819,0.021358,0.268796
13.564000,0.646819,0.021358,0.268796
13.566000,0.646819,0.021358,0.268796
13.568000,0.646819,0.021358,0.268796
13.570000,0.646819,0.021358,0.268796
13.572000,0.646819,0.021358,0.268796
13.574000,0.646819,0.021358,0.268796
13.576000,0.646819,0.021358,0.268796
13.578000,0.646819,0.021358,0.268796
13.580000,0.646819,0.021358,0.268796
13.582000,0.646819,0.021358,0.268796
13.584000,0.646819,0.021358,0.268796
13.586000,0.646819,0.021358,0.268796
13.588000,0.646819,0.021358,0.268796
13.590000,0.646819,0.021358,0.268796
13.592000,0.646819,0.021358,0.268796
13.594000,0.646819,0.021358,0.268796
13.596000,0.646819,0.021358,0.268796
13.598000,0.646819,0.021358,0.268796
13.600000,0.646819,0.021358,0.268796
13.602000,0.646819,0.021358,0.268796
13.604000,0.646819,0.021358,0.268796
13.606000,0.646819,0.021358,0.268796
13.608000,0.646819,0.021358,0.268796
13.610000,0.646819,0.021358,0.268796
13.612000,0.646819,0.021358,0.268796
13.614000,0.646819,0.021358,0.268796
13.616000,0.646819,0.021358,0.268796
13.618000,0.646819,0.021358,0.268796
13.620000,0.646819,0.021358,0.268796
13.622000,0.646819,0.021358,0.268796
13.624000,0.646819,0.021358,0.268796
13.626000,0.646819,0.021358,0.268796
13.628000,0.646819,0.021358,0.268796
13.630000,0.646819,0.021358,0.268796
13.632000,0.646819,0.021358,0.268796
13.634000,0.646819,0.021358,0.268796
13.636000,0.646819,0.021358,0.268796
13.638000,0.646819,0.021358,0.268796
13.640000,0.646819,0.021358,0.268796
13.642000,0.646819,0.021358,0.268796
13.644000,0.646819,0.021358,0.268796
13.646000,0.646819,0.021358,0.268796
13.648000,0.646819,0.021358,0.268796
13.650000,0.646819,0.021358,0.268796
13.652000,0.646819,0.021358,0.268796
13.654000,0.646819,0.021358,0.268796
13.656000,0.646819,0.021358,0.268796
13.658000,0.646819,0.021358,0.268796
13.660000,0.646819,0.021358,0.268796
13.662000,0.646819,0.021358,0.268796
13.664000,0.646819,0.021358,0.268796
13.666000,0.646819,0.021358,0.268796
13.668000,0.646819,0.021358,0.268796
13.670000,0.646819,0.021358,0.268796
13.672000,0.646819,0.021358,0.268796
13.674000,0.646819,0.021358,0.268796
13.676000,0.646819,0.021358,0.268796
13.678000,0.646819,0.021358,0.268796
13.680000,0.646819,0.021358,0.268796
13.682000,0.646819,0.021358,0.268796
13.684000,0.646819,0.021358,0.268796
13.686000,0.646819,0.021358,0.268796
13.688000,0.646819,0.021358,0.268796
13.690000,0.646819,0.021358,0.268796
13.692000,0.646819,0.021358,0.268796
13.694000,0.646819,0.021358,0.268796
13.696000,0.646819,0.021358,0.268796
13.698000,0.646819,0.021358,0.268796
13.700000,0.646819,0.021358,0.268796
13.702000,0.646819,0.021358,0.268796
13.704000,0.646819,0.021358,0.268796
13.706000,0.646819,0.021358,0.268796
13.708000,0.646819,0.021358,0.268796
13.710000,0.646819,0.021358,0.268796
13.712000,0.646819,0.021358,0.268796
13.714000,0.646819,0.021358,0.268796
13.716000,0.646819,0.021358,0.268796
13.718000,0.646819,0.021358,0.268796
13.720000,0.646819,0.021358,0.268796
13.722000,0.646819,0.021358,0.268796
13.724000,0.646819,0.021358,0.268796
13.726000,0.646819,0.021358,0.268796
13.728000,0.646819,0.021358,0.268796
13.730000,0.646819,0.021358,0.268796
13.732000,0.646819,0.021358,0.268796
13.734000,0.646819,0.021358,0.268796
13.736000,0.646819,0.021358,0.268796
13.738000,0.646819,0.021358,0.268796
13.740000,0.646819,0.021358,0.268796
13.742000,0.646819,0.021358,0.268796
13.744000,0.646819,0.021358,0.268796
13.746000,0.646819,0.021358,0.268796
13.748000,0.646819,0.021358,0.268796
13.750000,0.646819,0.021358,0.268796
13.752000,0.646819,0.021358,0.268796
13.754000,0.646819,0.021358,0.268796
13.756000,0.646819,0.021358,0.268796
13.758000,0.646819,0.021358,0.268796
13.760000,0.646819,0.021358,0.268796
13.762000,0.646819,0.021358,0.268796
13.764000,0.646819,0.021358,0.268796
13.766000,0.646819,0.021358,0.268796
13.768000,0.646819,0.021358,0.268796
13.770000,0.646819,0.021358,0.268796
13.772000,0.646819,0.021358,0.268796
13.774000,0.646819,0.021358,0.268796
13.776000,0.646819,0.021358,0.268796
13.778000,0.646819,0.021358,0.268796
13.780000,0.646819,0.021358,0.268796
13.782000,0.646819,0.021358,0.268796
13.784000,0.646819,0.021358,0.268796
13.786000,0.646819,0.021358,0.268796
13.788000,0.646819,0.021358,0.268796
13.790000,0.646819,0.021358,0.268796
13.792000,0.646819,0.021358,0.268796
13.794000,0.646819,0.021358,0.268796
13.796000,0.646819,0.021358,0.268796
13.798000,0.646819,0.021358,0.268796
13.800000,0.646819,0.021358,0.268796
13.802000,0.646819,0.021358,0.268796
13.804000,0.646819,0.021358,0.268796
13.806000,0.646819,0.021358,0.268796
13.808000,0.646819,0.021358,0.268796
13.810000,0.646819,0.021358,0.268796
13.812000,0.646819,0.021358,0.268796
13.814000,0.646819,0.021358,0.268796
13.816000,0.646819,0.021358,0.268796
13.818000,0.646819,0.021358,0.268796
13.820000,0.646819,0.021358,0.268796
13.822000,0.646819,0.021358,0.268796
13.824000,0.646819,0.021358,0.268796
13.826000,0.646819,0.021358,0.268796
13.828000,0.646819,0.021358,0.268796
13.830000,0.646819,0.021358,0.268796
13.832000,0.646819,0.021358,0.268796
13.834000,0.646819,0.021358,0.268796
13.836000,0.646819,0.021358,0.268796
13.838000,0.646819,0.021358,0.268796
13.840000,0.646819,0.021358,0.268796
13.842000,0.646819,0.021358,0.268796
13.844000,0.646819,0.021358,0.268796
13.846000,0.646819,0.021358,0.268796
13.848000,0.646819,0.021358,0.268796
13.850000,0.646819,0.021358,0.268796
13.852000,0.646819,0.021358,0.268796
13.854000,0.646819,0.021358,0.268796
13.856000,0.646819,0.021358,0.268796
13.858000,0.646819,0.021358,0.268796
13.860000,0.646819,0.021358,0.268796
13.862000,0.646819,0.021358,0.268796
13.864000,0.646819,0.021358,0.268796
13.866000,0.646819,0.021358,0.268796
13.868000,0.646819,0.021358,0.268796
13.869998,0.646819,0.021358,0.268796
