time,q1,q2,q3,q4,q5,q6,q7
0.000000,0.527983,0.499604,-0.046317,-1.599119,-0.095051,2.107872,0.634368
0.002000,0.527952,0.499614,-0.046270,-1.599096,-0.095264,2.107875,0.638977
0.004000,0.527951,0.499612,-0.046265,-1.599100,-0.095281,2.107877,0.638819
0.006000,0.527914,0.499624,-0.046207,-1.599073,-0.095546,2.107884,0.644580
0.008000,0.527823,0.499667,-0.046066,-1.598979,-0.096307,2.107884,0.664462
0.010000,0.527803,0.499685,-0.046029,-1.598943,-0.096584,2.107884,0.673712
0.012000,0.527800,0.499700,-0.046013,-1.598913,-0.096793,2.107884,0.682505
0.014000,0.527805,0.499713,-0.046008,-1.598889,-0.096940,2.107884,0.690845
0.016000,0.527814,0.499724,-0.046008,-1.598871,-0.097028,2.107884,0.698736
0.018000,0.527822,0.499732,-0.046008,-1.598859,-0.097060,2.107884,0.706183
0.020000,0.527830,0.499738,-0.046008,-1.598852,-0.097060,2.107884,0.713197
0.022000,0.527838,0.499742,-0.046008,-1.598850,-0.097060,2.107884,0.719796
0.024000,0.527846,0.499744,-0.046008,-1.598850,-0.097060,2.107884,0.725983
0.026000,0.527854,0.499746,-0.046008,-1.598852,-0.097060,2.107884,0.731760
0.028000,0.527862,0.499747,-0.046008,-1.598856,-0.097060,2.107884,0.737128
0.030000,0.527871,0.499747,-0.046008,-1.598861,-0.097060,2.107884,0.742089
0.032000,0.527875,0.499747,-0.046008,-1.598864,-0.097060,2.107884,0.744418
0.034000,0.527883,0.499747,-0.046008,-1.598870,-0.097060,2.107884,0.748773
0.036000,0.527891,0.499747,-0.046008,-1.598877,-0.097060,2.107884,0.752724
0.038000,0.527899,0.499747,-0.046007,-1.598884,-0.097060,2.107884,0.756274
0.040000,0.527906,0.499747,-0.046006,-1.598892,-0.097060,2.107884,0.759423
0.042000,0.527914,0.499747,-0.046005,-1.598900,-0.097060,2.107884,0.762172
0.044000,0.527922,0.499747,-0.046004,-1.598909,-0.097060,2.107884,0.764523
0.046000,0.527930,0.499747,-0.046003,-1.598918,-0.097060,2.107884,0.766478
0.048000,0.527937,0.499747,-0.046001,-1.598928,-0.097060,2.107884,0.768036
0.050000,0.527944,0.499747,-0.045999,-1.598939,-0.097060,2.107884,0.769199
0.052000,0.527952,0.499747,-0.045997,-1.598950,-0.097060,2.107884,0.769969
0.054000,0.527959,0.499747,-0.045994,-1.598961,-0.097060,2.107884,0.770347
0.056000,0.527965,0.499747,-0.045991,-1.598973,-0.097060,2.107884,0.770388
0.058000,0.527971,0.499747,-0.045987,-1.598985,-0.097060,2.107884,0.770388
0.060000,0.527976,0.499747,-0.045981,-1.598997,-0.097060,2.107884,0.770388
0.062000,0.527981,0.499748,-0.045973,-1.599008,-0.097060,2.107884,0.770388
0.064000,0.527982,0.499748,-0.045969,-1.599014,-0.097060,2.107884,0.770388
0.066000,0.527986,0.499750,-0.045954,-1.599031,-0.097060,2.107884,0.770388
0.068000,0.527988,0.499751,-0.045942,-1.599042,-0.097060,2.107884,0.770388
0.070000,0.527988,0.499753,-0.045929,-1.599052,-0.097060,2.107884,0.770388
0.072000,0.527988,0.499755,-0.045914,-1.599063,-0.097060,2.107884,0.770388
0.074000,0.527988,0.499757,-0.045899,-1.599073,-0.097060,2.107884,0.770388
0.076000,0.527988,0.499758,-0.045892,-1.599078,-0.097060,2.107884,0.770388
0.078000,0.527988,0.499761,-0.045869,-1.599093,-0.097060,2.107884,0.770388
0.080000,0.527988,0.499763,-0.045861,-1.599097,-0.097060,2.107884,0.770388
0.082000,0.527988,0.499767,-0.045837,-1.599112,-0.097060,2.107884,0.770388
0.084000,0.527988,0.499769,-0.045829,-1.599116,-0.097060,2.107884,0.770388
0.086000,0.527988,0.499772,-0.045812,-1.599125,-0.097060,2.107884,0.770388
0.088000,0.527988,0.499775,-0.045796,-1.599134,-0.097060,2.107884,0.770388
0.090000,0.527988,0.499779,-0.045778,-1.599143,-0.097060,2.107884,0.770388
0.092000,0.527988,0.499783,-0.045761,-1.599152,-0.097060,2.107884,0.770388
0.094000,0.527988,0.499787,-0.045743,-1.599160,-0.097060,2.107884,0.770388
0.096000,0.527988,0.499789,-0.045734,-1.599164,-0.097060,2.107884,0.770388
0.098000,0.527988,0.499796,-0.045706,-1.599176,-0.097060,2.107884,0.770388
0.100000,0.527988,0.499801,-0.045687,-1.599184,-0.097060,2.107884,0.770388
0.102000,0.527988,0.499806,-0.045668,-1.599192,-0.097060,2.107884,0.770388
0.104000,0.527988,0.499811,-0.045649,-1.599199,-0.097060,2.107884,0.770388
0.106000,0.527988,0.499817,-0.045629,-1.599206,-0.097060,2.107884,0.770388
0.108000,0.527988,0.499823,-0.045609,-1.599214,-0.097060,2.107884,0.770388
0.110000,0.527988,0.499829,-0.045588,-1.599220,-0.097060,2.107884,0.770388
0.112000,0.527988,0.499835,-0.045568,-1.599227,-0.097060,2.107884,0.770388
0.114000,0.527988,0.499841,-0.045546,-1.599234,-0.097060,2.107884,0.770388
0.116000,0.527988,0.499848,-0.045525,-1.599240,-0.097060,2.107884,0.770388
0.118000,0.527988,0.499854,-0.045503,-1.599246,-0.097060,2.107884,0.770388
0.120000,0.527988,0.499861,-0.045481,-1.599252,-0.097060,2.107884,0.770388
0.122000,0.527988,0.499869,-0.045459,-1.599258,-0.097060,2.107884,0.770388
0.124000,0.527988,0.499876,-0.045436,-1.599264,-0.097060,2.107884,0.770388
0.126000,0.527988,0.499884,-0.045413,-1.599270,-0.097060,2.107884,0.770388
0.128000,0.527988,0.499891,-0.045390,-1.599275,-0.097060,2.107884,0.770388
0.130000,0.527988,0.499899,-0.045366,-1.599280,-0.097060,2.107884,0.770388
0.132000,0.527988,0.499908,-0.045342,-1.599285,-0.097060,2.107884,0.770388
0.134000,0.527988,0.499916,-0.045318,-1.599290,-0.097060,2.107884,0.770388
0.136000,0.527988,0.499925,-0.045293,-1.599295,-0.097060,2.107884,0.770388
0.138000,0.527988,0.499933,-0.045268,-1.599299,-0.097060,2.107884,0.770388
0.140000,0.527988,0.499943,-0.045243,-1.599304,-0.097060,2.107884,0.770388
0.142000,0.527988,0.499952,-0.045218,-1.599308,-0.097060,2.107884,0.770388
0.144000,0.527988,0.499961,-0.045192,-1.599312,-0.097060,2.107884,0.770388
0.146000,0.527988,0.499971,-0.045166,-1.599316,-0.097060,2.107884,0.770388
0.148000,0.527988,0.499981,-0.045139,-1.599319,-0.097060,2.107884,0.770388
0.150000,0.527988,0.499986,-0.045126,-1.599321,-0.097060,2.107884,0.770388
0.152000,0.527988,0.499996,-0.045099,-1.599325,-0.097060,2.107884,0.770388
0.154000,0.527988,0.500006,-0.045072,-1.599328,-0.097060,2.107884,0.770388
0.156000,0.527988,0.500017,-0.045044,-1.599331,-0.097060,2.107884,0.770388
0.158000,0.527988,0.500027,-0.045016,-1.599334,-0.097060,2.107884,0.770388
0.160000,0.527988,0.500038,-0.044988,-1.599337,-0.097060,2.107884,0.770388
0.162000,0.527988,0.500049,-0.044959,-1.599340,-0.097060,2.107884,0.770388
0.164000,0.527988,0.500060,-0.044931,-1.599343,-0.097060,2.107884,0.770388
0.166000,0.527988,0.500072,-0.044902,-1.599345,-0.097060,2.107884,0.770388
0.168000,0.527988,0.500084,-0.044872,-1.599348,-0.097060,2.107884,0.770388
0.170000,0.527988,0.500095,-0.044842,-1.599350,-0.097060,2.107884,0.770388
0.172000,0.527988,0.500107,-0.044812,-1.599352,-0.097060,2.107884,0.770388
0.174000,0.527988,0.500120,-0.044782,-1.599354,-0.097060,2.107884,0.770388
0.176000,0.527988,0.500132,-0.044752,-1.599356,-0.097060,2.107884,0.770388
0.178000,0.527988,0.500144,-0.044721,-1.599358,-0.097060,2.107884,0.770388
0.180000,0.527988,0.500157,-0.044689,-1.599360,-0.097060,2.107884,0.770388
0.182000,0.527988,0.500170,-0.044658,-1.599361,-0.097060,2.107884,0.770388
0.184000,0.527988,0.500183,-0.044626,-1.599362,-0.097060,2.107884,0.770388
0.186000,0.527988,0.500196,-0.044594,-1.599364,-0.097060,2.107884,0.770388
0.188000,0.527988,0.500209,-0.044561,-1.599365,-0.097060,2.107884,0.770388
0.190000,0.527988,0.500223,-0.044529,-1.599366,-0.097060,2.107884,0.770388
0.192000,0.527988,0.500237,-0.044496,-1.599367,-0.097060,2.107884,0.770388
0.194000,0.527988,0.500251,-0.044462,-1.599368,-0.097060,2.107884,0.770388
0.196000,0.527988,0.500265,-0.044429,-1.599369,-0.097060,2.107884,0.770388
0.198000,0.527988,0.500279,-0.044395,-1.599370,-0.097060,2.107884,0.770388
0.200000,0.527988,0.500293,-0.044360,-1.599370,-0.097060,2.107884,0.770388
0.202000,0.527988,0.500308,-0.044326,-1.599371,-0.097060,2.107884,0.770388
0.204000,0.527988,0.500322,-0.044291,-1.599371,-0.097060,2.107884,0.770388
0.206000,0.527988,0.500337,-0.044256,-1.599371,-0.097060,2.107884,0.770388
0.208000,0.527988,0.500352,-0.044220,-1.599372,-0.097060,2.107884,0.770388
0.210000,0.527988,0.500367,-0.044185,-1.599372,-0.097060,2.107884,0.770388
0.212000,0.527988,0.500382,-0.044148,-1.599372,-0.097060,2.107884,0.770388
0.214000,0.527988,0.500398,-0.044112,-1.599372,-0.097060,2.107884,0.770388
0.216000,0.527988,0.500413,-0.044075,-1.599372,-0.097060,2.107884,0.770388
0.218000,0.527988,0.500429,-0.044039,-1.599372,-0.097060,2.107884,0.770388
0.220000,0.527988,0.500444,-0.044001,-1.599372,-0.097060,2.107884,0.770388
0.222000,0.527988,0.500460,-0.043964,-1.599372,-0.097060,2.107884,0.770388
0.224000,0.527988,0.500476,-0.043926,-1.599372,-0.097060,2.107884,0.770388
0.226000,0.527988,0.500492,-0.043888,-1.599372,-0.097060,2.107884,0.770388
0.228000,0.527988,0.500500,-0.043869,-1.599372,-0.097060,2.107884,0.770388
0.230000,0.527988,0.500516,-0.043830,-1.599372,-0.097060,2.107884,0.770388
0.232000,0.527988,0.500533,-0.043791,-1.599372,-0.097060,2.107884,0.770388
0.234000,0.527988,0.500549,-0.043752,-1.599372,-0.097060,2.107884,0.770388
0.236000,0.527988,0.500565,-0.043713,-1.599372,-0.097060,2.107884,0.770388
0.238000,0.527988,0.500582,-0.043673,-1.599372,-0.097060,2.107884,0.770388
0.240000,0.527988,0.500599,-0.043633,-1.599372,-0.097060,2.107884,0.770388
0.242000,0.527988,0.500615,-0.043593,-1.599372,-0.097060,2.107884,0.770388
0.244000,0.527988,0.500632,-0.043552,-1.599372,-0.097060,2.107884,0.770388
0.246000,0.527988,0.500649,-0.043511,-1.599372,-0.097060,2.107884,0.770388
0.248000,0.527988,0.500666,-0.043470,-1.599372,-0.097060,2.107884,0.770388
0.250000,0.527988,0.500684,-0.043429,-1.599372,-0.097060,2.107884,0.770388
0.252000,0.527988,0.500701,-0.043387,-1.599372,-0.097060,2.107884,0.770388
0.254000,0.527988,0.500718,-0.043345,-1.599372,-0.097060,2.107884,0.770388
0.256000,0.527988,0.500736,-0.043303,-1.599372,-0.097060,2.107884,0.770388
0.258000,0.527988,0.500753,-0.043260,-1.599372,-0.097060,2.107884,0.770388
0.260000,0.527988,0.500771,-0.043217,-1.599372,-0.097060,2.107884,0.770388
0.262000,0.527988,0.500789,-0.043174,-1.599372,-0.097060,2.107884,0.770388
0.264000,0.527988,0.500807,-0.043131,-1.599372,-0.097060,2.107884,0.770388
0.266000,0.527988,0.500825,-0.043087,-1.599372,-0.097060,2.107884,0.770388
0.268000,0.527988,0.500843,-0.043043,-1.599372,-0.097060,2.107884,0.770388
0.270000,0.527988,0.500861,-0.042999,-1.599372,-0.097060,2.107884,0.770388
0.272000,0.527988,0.500879,-0.042954,-1.599372,-0.097060,2.107884,0.770388
0.274000,0.527988,0.500897,-0.042909,-1.599372,-0.097060,2.107884,0.770388
0.276000,0.527988,0.500907,-0.042887,-1.599372,-0.097060,2.107884,0.770388
0.278000,0.527988,0.500925,-0.042841,-1.599372,-0.097060,2.107884,0.770388
0.280000,0.527988,0.500944,-0.042796,-1.599372,-0.097060,2.107884,0.770388
0.282000,0.527988,0.500962,-0.042750,-1.599372,-0.097060,2.107884,0.770388
0.284000,0.527988,0.500981,-0.042704,-1.599372,-0.097060,2.107884,0.770388
0.286000,0.527988,0.501000,-0.042658,-1.599372,-0.097060,2.107884,0.770388
0.288000,0.527988,0.501019,-0.042611,-1.599372,-0.097060,2.107884,0.770388
0.290000,0.527988,0.501038,-0.042564,-1.599372,-0.097060,2.107884,0.770388
0.292000,0.527988,0.501057,-0.042517,-1.599372,-0.097060,2.107884,0.770388
0.294000,0.527988,0.501076,-0.042470,-1.599372,-0.097060,2.107884,0.770388
0.296000,0.527988,0.501086,-0.042446,-1.599372,-0.097060,2.107884,0.770388
0.298000,0.527988,0.501115,-0.042374,-1.599372,-0.097060,2.107884,0.770388
0.300000,0.527988,0.501134,-0.042326,-1.599372,-0.097060,2.107884,0.770388
0.302000,0.527988,0.501154,-0.042277,-1.599372,-0.097060,2.107884,0.770388
0.304000,0.527988,0.501174,-0.042229,-1.599372,-0.097060,2.107884,0.770388
0.306000,0.527988,0.501193,-0.042180,-1.599372,-0.097060,2.107884,0.770388
0.308000,0.527988,0.501213,-0.042130,-1.599372,-0.097060,2.107884,0.770388
0.310000,0.527988,0.501233,-0.042081,-1.599372,-0.097060,2.107884,0.770388
0.312000,0.527988,0.501253,-0.042031,-1.599373,-0.097060,2.107884,0.770388
0.314000,0.527988,0.501273,-0.041981,-1.599373,-0.097060,2.107884,0.770388
0.316000,0.527988,0.501293,-0.041930,-1.599373,-0.097060,2.107884,0.770388
0.318000,0.527988,0.501313,-0.041880,-1.599373,-0.097060,2.107884,0.770388
0.320000,0.527988,0.501333,-0.041829,-1.599374,-0.097060,2.107884,0.770388
0.322000,0.527988,0.501354,-0.041778,-1.599374,-0.097060,2.107884,0.770388
0.324000,0.527988,0.501374,-0.041727,-1.599374,-0.097060,2.107884,0.770388
0.326000,0.527988,0.501394,-0.041675,-1.599375,-0.097060,2.107884,0.770388
0.328000,0.527988,0.501415,-0.041623,-1.599375,-0.097060,2.107884,0.770388
0.330000,0.527988,0.501435,-0.041571,-1.599376,-0.097060,2.107884,0.770388
0.332000,0.527988,0.501456,-0.041519,-1.599376,-0.097060,2.107884,0.770388
0.334000,0.527988,0.501477,-0.041466,-1.599377,-0.097060,2.107884,0.770388
0.336000,0.527988,0.501497,-0.041413,-1.599378,-0.097060,2.107884,0.770388
0.338000,0.527988,0.501518,-0.041360,-1.599379,-0.097060,2.107884,0.770388
0.340000,0.527988,0.501539,-0.041307,-1.599380,-0.097060,2.107884,0.770388
0.342000,0.527988,0.501560,-0.041253,-1.599381,-0.097060,2.107884,0.770388
0.344000,0.527988,0.501580,-0.041199,-1.599382,-0.097060,2.107884,0.770388
0.346000,0.527988,0.501601,-0.041145,-1.599383,-0.097060,2.107884,0.770388
0.348000,0.527988,0.501622,-0.041091,-1.599384,-0.097060,2.107884,0.770388
0.350000,0.527988,0.501643,-0.041036,-1.599385,-0.097060,2.107884,0.770388
0.352000,0.527988,0.501664,-0.040982,-1.599386,-0.097060,2.107884,0.770388
0.354000,0.527988,0.501685,-0.040927,-1.599388,-0.097060,2.107884,0.770388
0.356000,0.527988,0.501706,-0.040871,-1.599389,-0.097060,2.107884,0.770388
0.358000,0.527988,0.501728,-0.040816,-1.599391,-0.097060,2.107884,0.770388
0.360000,0.527988,0.501738,-0.040788,-1.599392,-0.097060,2.107884,0.770388
0.362000,0.527988,0.501759,-0.040732,-1.599394,-0.097060,2.107884,0.770388
0.364000,0.527988,0.501781,-0.040676,-1.599396,-0.097060,2.107884,0.770388
0.366000,0.527988,0.501802,-0.040620,-1.599397,-0.097060,2.107884,0.770388
0.368000,0.527988,0.501823,-0.040563,-1.599400,-0.097060,2.107884,0.770388
0.370000,0.527988,0.501844,-0.040506,-1.599402,-0.097060,2.107884,0.770388
0.372000,0.527988,0.501866,-0.040449,-1.599404,-0.097060,2.107884,0.770388
0.374000,0.527988,0.501887,-0.040392,-1.599406,-0.097060,2.107884,0.770388
0.376000,0.527988,0.501908,-0.040335,-1.599409,-0.097060,2.107884,0.770388
0.378000,0.527988,0.501930,-0.040277,-1.599412,-0.097060,2.107884,0.770388
0.380000,0.527988,0.501951,-0.040219,-1.599414,-0.097060,2.107884,0.770388
0.382000,0.527988,0.501972,-0.040161,-1.599417,-0.097060,2.107884,0.770388
0.384000,0.527988,0.501994,-0.040102,-1.599420,-0.097060,2.107884,0.770388
0.386000,0.527988,0.502015,-0.040044,-1.599423,-0.097060,2.107884,0.770388
0.388000,0.527988,0.502036,-0.039985,-1.599427,-0.097060,2.107884,0.770388
0.390000,0.527988,0.502058,-0.039926,-1.599430,-0.097060,2.107884,0.770388
0.392000,0.527988,0.502079,-0.039867,-1.599434,-0.097060,2.107884,0.770388
0.394000,0.527988,0.502101,-0.039807,-1.599437,-0.097060,2.107884,0.770388
0.396000,0.527988,0.502111,-0.039777,-1.599439,-0.097060,2.107884,0.770388
0.398000,0.527988,0.502133,-0.039718,-1.599443,-0.097060,2.107884,0.770388
0.400000,0.527988,0.502154,-0.039658,-1.599447,-0.097060,2.107884,0.770388
0.402000,0.527988,0.502175,-0.039597,-1.599451,-0.097060,2.107884,0.770388
0.404000,0.527988,0.502197,-0.039537,-1.599456,-0.097060,2.107884,0.770388
0.406000,0.527988,0.502218,-0.039476,-1.599460,-0.097060,2.107884,0.770388
0.408000,0.527988,0.502240,-0.039416,-1.599465,-0.097060,2.107884,0.770388
0.410000,0.527988,0.502261,-0.039354,-1.599469,-0.097060,2.107884,0.770388
0.412000,0.527988,0.502282,-0.039293,-1.599474,-0.097060,2.107884,0.770388
0.414000,0.527988,0.502304,-0.039232,-1.599480,-0.097060,2.107884,0.770388
0.416000,0.527988,0.502325,-0.039170,-1.599485,-0.097060,2.107884,0.770388
0.418000,0.527988,0.502346,-0.039108,-1.599490,-0.097060,2.107884,0.770388
0.420000,0.527988,0.502368,-0.039046,-1.599496,-0.097060,2.107884,0.770388
0.422000,0.527988,0.502389,-0.038984,-1.599502,-0.097060,2.107884,0.770388
0.424000,0.527988,0.502410,-0.038921,-1.599508,-0.097060,2.107884,0.770388
0.426000,0.527988,0.502431,-0.038859,-1.599514,-0.097060,2.107884,0.770388
0.428000,0.527988,0.502452,-0.038796,-1.599520,-0.097060,2.107884,0.770388
0.430000,0.527988,0.502474,-0.038733,-1.599527,-0.097060,2.107884,0.770388
0.432000,0.527988,0.502495,-0.038669,-1.599533,-0.097060,2.107884,0.770388
0.434000,0.527988,0.502516,-0.038606,-1.599540,-0.097060,2.107884,0.770388
0.436000,0.527988,0.502537,-0.038542,-1.599547,-0.097060,2.107884,0.770388
0.438000,0.527988,0.502558,-0.038478,-1.599555,-0.097060,2.107884,0.770388
0.440000,0.527988,0.502579,-0.038414,-1.599562,-0.097060,2.107884,0.770388
0.442000,0.527988,0.502600,-0.038350,-1.599570,-0.097060,2.107884,0.770388
0.444000,0.527988,0.502621,-0.038286,-1.599578,-0.097060,2.107884,0.770388
0.446000,0.527988,0.502642,-0.038221,-1.599586,-0.097060,2.107884,0.770388
0.448000,0.527988,0.502662,-0.038156,-1.599594,-0.097060,2.107884,0.770388
0.450000,0.527988,0.502683,-0.038092,-1.599603,-0.097060,2.107884,0.770388
0.452000,0.527988,0.502704,-0.038026,-1.599612,-0.097060,2.107884,0.770388
0.454000,0.527988,0.502724,-0.037961,-1.599621,-0.097060,2.107884,0.770388
0.456000,0.527988,0.502735,-0.037928,-1.599625,-0.097060,2.107884,0.770388
0.458000,0.527988,0.502755,-0.037863,-1.599635,-0.097060,2.107884,0.770388
0.460000,0.527988,0.502776,-0.037797,-1.599644,-0.097060,2.107884,0.770388
0.462000,0.527988,0.502796,-0.037731,-1.599654,-0.097060,2.107884,0.770388
0.464000,0.527988,0.502796,-0.037731,-1.599654,-0.097060,2.107884,0.770388
0.466000,0.527988,0.502837,-0.037599,-1.599675,-0.097060,2.107884,0.770388
0.468000,0.527988,0.502857,-0.037532,-1.599686,-0.097060,2.107884,0.770388
0.470000,0.527988,0.502877,-0.037466,-1.599697,-0.097060,2.107884,0.770388
0.472000,0.527988,0.502897,-0.037399,-1.599708,-0.097060,2.107884,0.770388
0.474000,0.527988,0.502917,-0.037332,-1.599719,-0.097060,2.107884,0.770388
0.476000,0.527988,0.502937,-0.037265,-1.599731,-0.097060,2.107884,0.770388
0.478000,0.527988,0.502957,-0.037197,-1.599743,-0.097060,2.107884,0.770388
0.480000,0.527988,0.502977,-0.037130,-1.599755,-0.097060,2.107884,0.770388
0.482000,0.527988,0.502996,-0.037062,-1.599768,-0.097060,2.107884,0.770388
0.484000,0.527988,0.503016,-0.036995,-1.599781,-0.097060,2.107884,0.770388
0.486000,0.527988,0.503035,-0.036927,-1.599794,-0.097060,2.107884,0.770388
0.488000,0.527988,0.503055,-0.036859,-1.599808,-0.097060,2.107884,0.770388
0.490000,0.527988,0.503074,-0.036790,-1.599821,-0.097060,2.107884,0.770388
0.492000,0.527988,0.503093,-0.036722,-1.599836,-0.097060,2.107884,0.770388
0.494000,0.527988,0.503112,-0.036653,-1.599850,-0.097060,2.107884,0.770388
0.496000,0.527988,0.503122,-0.036619,-1.599857,-0.097060,2.107884,0.770388
0.498000,0.527988,0.503141,-0.036550,-1.599872,-0.097060,2.107884,0.770388
0.500000,0.527988,0.503160,-0.036481,-1.599887,-0.097060,2.107884,0.770388
0.502000,0.527988,0.503178,-0.036412,-1.599903,-0.097060,2.107884,0.770388
0.504000,0.527988,0.503197,-0.036343,-1.599919,-0.097060,2.107884,0.770388
0.506000,0.527988,0.503215,-0.036273,-1.599935,-0.097060,2.107884,0.770388
0.508000,0.527988,0.503234,-0.036204,-1.599952,-0.097060,2.107884,0.770388
0.510000,0.527988,0.503252,-0.036134,-1.599968,-0.097060,2.107884,0.770388
0.512000,0.527988,0.503270,-0.036064,-1.599986,-0.097060,2.107884,0.770388
0.514000,0.527988,0.503288,-0.035995,-1.600003,-0.097060,2.107884,0.770388
0.516000,0.527988,0.503306,-0.035924,-1.600021,-0.097060,2.107884,0.770388
0.518000,0.527988,0.503324,-0.035854,-1.600039,-0.097060,2.107884,0.770388
0.520000,0.527988,0.503342,-0.035784,-1.600058,-0.097060,2.107884,0.770388
0.522000,0.527988,0.503359,-0.035713,-1.600077,-0.097060,2.107884,0.770388
0.524000,0.527988,0.503377,-0.035643,-1.600096,-0.097060,2.107884,0.770388
0.526000,0.527988,0.503394,-0.035572,-1.600116,-0.097060,2.107884,0.770388
0.528000,0.527988,0.503411,-0.035501,-1.600136,-0.097060,2.107884,0.770388
0.530000,0.527988,0.503411,-0.035501,-1.600136,-0.097060,2.107884,0.770388
0.532000,0.527988,0.503445,-0.035359,-1.600177,-0.097060,2.107884,0.770388
0.534000,0.527988,0.503462,-0.035287,-1.600198,-0.097060,2.107884,0.770388
0.536000,0.527988,0.503478,-0.035216,-1.600220,-0.097060,2.107884,0.770388
0.538000,0.527988,0.503495,-0.035144,-1.600242,-0.097060,2.107884,0.770388
0.540000,0.527988,0.503511,-0.035073,-1.600264,-0.097060,2.107884,0.770388
0.542000,0.527988,0.503527,-0.035001,-1.600287,-0.097060,2.107884,0.770388
0.544000,0.527988,0.503543,-0.034929,-1.600310,-0.097060,2.107884,0.770388
0.546000,0.527988,0.503559,-0.034857,-1.600333,-0.097060,2.107884,0.770388
0.548000,0.527988,0.503575,-0.034785,-1.600357,-0.097060,2.107884,0.770388
0.550000,0.527988,0.503591,-0.034713,-1.600381,-0.097060,2.107884,0.770388
0.552000,0.527988,0.503606,-0.034640,-1.600406,-0.097060,2.107884,0.770388
0.554000,0.527988,0.503621,-0.034568,-1.600431,-0.097060,2.107884,0.770388
0.556000,0.527988,0.503636,-0.034495,-1.600456,-0.097060,2.107884,0.770388
0.558000,0.527988,0.503651,-0.034422,-1.600482,-0.097060,2.107884,0.770388
0.560000,0.527988,0.503666,-0.034350,-1.600509,-0.097060,2.107884,0.770388
0.562000,0.527988,0.503681,-0.034277,-1.600535,-0.097060,2.107884,0.770388
0.564000,0.527988,0.503695,-0.034204,-1.600563,-0.097060,2.107884,0.770388
0.566000,0.527988,0.503710,-0.034130,-1.600590,-0.097060,2.107884,0.770388
0.568000,0.527988,0.503724,-0.034057,-1.600618,-0.097060,2.107884,0.770388
0.570000,0.527988,0.503738,-0.033984,-1.600647,-0.097060,2.107884,0.770388
0.572000,0.527988,0.503745,-0.033947,-1.600661,-0.097060,2.107884,0.770388
0.574000,0.527988,0.503758,-0.033874,-1.600690,-0.097060,2.107884,0.770388
0.576000,0.527988,0.503772,-0.033800,-1.600720,-0.097060,2.107884,0.770388
0.578000,0.527988,0.503785,-0.033726,-1.600750,-0.097060,2.107884,0.770388
0.580000,0.527988,0.503798,-0.033652,-1.600780,-0.097060,2.107884,0.770388
0.582000,0.527988,0.503811,-0.033579,-1.600811,-0.097060,2.107884,0.770388
0.584000,0.527989,0.503824,-0.033505,-1.600842,-0.097060,2.107884,0.770388
0.586000,0.527989,0.503837,-0.033431,-1.600874,-0.097060,2.107884,0.770388
0.588000,0.527989,0.503849,-0.033357,-1.600907,-0.097060,2.107884,0.770388
0.590000,0.527989,0.503861,-0.033283,-1.600940,-0.097060,2.107884,0.770388
0.592000,0.527989,0.503873,-0.033209,-1.600973,-0.097060,2.107884,0.770388
0.594000,0.527990,0.503885,-0.033135,-1.601007,-0.097060,2.107884,0.770388
0.596000,0.527990,0.503896,-0.033061,-1.601041,-0.097060,2.107884,0.770388
0.598000,0.527990,0.503908,-0.032987,-1.601076,-0.097060,2.107884,0.770388
0.600000,0.527991,0.503919,-0.032912,-1.601111,-0.097060,2.107884,0.770388
0.602000,0.527991,0.503930,-0.032838,-1.601147,-0.097060,2.107884,0.770388
0.604000,0.527992,0.503940,-0.032764,-1.601184,-0.097060,2.107884,0.770388
0.606000,0.527993,0.503951,-0.032690,-1.601221,-0.097060,2.107884,0.770388
0.608000,0.527994,0.503961,-0.032616,-1.601258,-0.097060,2.107884,0.770388
0.610000,0.527995,0.503971,-0.032543,-1.601296,-0.097060,2.107884,0.770388
0.612000,0.527996,0.503981,-0.032469,-1.601335,-0.097060,2.107884,0.770388
0.614000,0.527997,0.503990,-0.032395,-1.601374,-0.097060,2.107884,0.770388
0.616000,0.527998,0.504000,-0.032321,-1.601414,-0.097060,2.107884,0.770388
0.618000,0.527999,0.504009,-0.032248,-1.601454,-0.097060,2.107884,0.770388
0.620000,0.528001,0.504017,-0.032174,-1.601495,-0.097060,2.107884,0.770388
0.622000,0.528002,0.504026,-0.032100,-1.601536,-0.097060,2.107884,0.770388
0.624000,0.528004,0.504034,-0.032027,-1.601578,-0.097060,2.107884,0.770388
0.626000,0.528006,0.504042,-0.031954,-1.601621,-0.097060,2.107884,0.770388
0.628000,0.528007,0.504046,-0.031917,-1.601642,-0.097060,2.107884,0.770388
0.630000,0.528009,0.504054,-0.031844,-1.601686,-0.097060,2.107884,0.770388
0.632000,0.528011,0.504062,-0.031771,-1.601730,-0.097060,2.107884,0.770388
0.634000,0.528014,0.504069,-0.031698,-1.601775,-0.097060,2.107884,0.770388
0.636000,0.528016,0.504076,-0.031626,-1.601820,-0.097060,2.107884,0.770388
0.638000,0.528019,0.504082,-0.031553,-1.601866,-0.097060,2.107884,0.770388
0.640000,0.528022,0.504089,-0.031481,-1.601912,-0.097060,2.107884,0.770388
0.642000,0.528025,0.504095,-0.031408,-1.601959,-0.097060,2.107884,0.770388
0.644000,0.528028,0.504101,-0.031336,-1.602007,-0.097060,2.107884,0.770388
0.646000,0.528031,0.504107,-0.031264,-1.602055,-0.097060,2.107884,0.770388
0.648000,0.528035,0.504112,-0.031193,-1.602104,-0.097060,2.107884,0.770388
0.650000,0.528038,0.504117,-0.031121,-1.602154,-0.097060,2.107884,0.770388
0.652000,0.528042,0.504122,-0.031050,-1.602204,-0.097060,2.107884,0.770388
0.654000,0.528046,0.504126,-0.030979,-1.602255,-0.097060,2.107884,0.770388
0.656000,0.528051,0.504130,-0.030908,-1.602306,-0.097060,2.107884,0.770388
0.658000,0.528055,0.504134,-0.030837,-1.602358,-0.097060,2.107884,0.770388
0.660000,0.528058,0.504136,-0.030802,-1.602385,-0.097060,2.107884,0.770388
0.662000,0.528062,0.504140,-0.030731,-1.602438,-0.097060,2.107884,0.770388
0.664000,0.528067,0.504143,-0.030661,-1.602492,-0.097060,2.107884,0.770388
0.666000,0.528073,0.504146,-0.030591,-1.602546,-0.097060,2.107884,0.770388
0.668000,0.528078,0.504149,-0.030521,-1.602601,-0.097060,2.107884,0.770388
0.670000,0.528084,0.504151,-0.030452,-1.602657,-0.097060,2.107884,0.770388
0.672000,0.528090,0.504153,-0.030383,-1.602714,-0.097060,2.107884,0.770388
0.674000,0.528096,0.504155,-0.030314,-1.602771,-0.097060,2.107884,0.770388
0.676000,0.528102,0.504156,-0.030245,-1.602829,-0.097060,2.107884,0.770388
0.678000,0.528109,0.504157,-0.030177,-1.602887,-0.097060,2.107884,0.770388
0.680000,0.528116,0.504158,-0.030109,-1.602946,-0.097060,2.107884,0.770388
0.682000,0.528123,0.504159,-0.030041,-1.603006,-0.097060,2.107884,0.770388
0.684000,0.528130,0.504159,-0.029973,-1.603067,-0.097060,2.107884,0.770388
0.686000,0.528138,0.504159,-0.029906,-1.603128,-0.097060,2.107884,0.770388
0.688000,0.528146,0.504159,-0.029839,-1.603190,-0.097060,2.107884,0.770388
0.690000,0.528154,0.504159,-0.029772,-1.603251,-0.097060,2.107884,0.770388
0.692000,0.528163,0.504159,-0.029706,-1.603313,-0.097060,2.107884,0.770388
0.694000,0.528167,0.504159,-0.029673,-1.603345,-0.097060,2.107884,0.770388
0.696000,0.528176,0.504159,-0.029607,-1.603407,-0.097060,2.107884,0.770388
0.698000,0.528185,0.504159,-0.029541,-1.603470,-0.097060,2.107884,0.770388
0.700000,0.528194,0.504159,-0.029476,-1.603533,-0.097060,2.107884,0.770388
0.702000,0.528204,0.504159,-0.029411,-1.603596,-0.097060,2.107884,0.770388
0.704000,0.528214,0.504159,-0.029346,-1.603660,-0.097060,2.107884,0.770388
0.706000,0.528224,0.504159,-0.029282,-1.603724,-0.097060,2.107884,0.770388
0.708000,0.528234,0.504159,-0.029218,-1.603788,-0.097060,2.107884,0.770388
0.710000,0.528245,0.504159,-0.029154,-1.603853,-0.097060,2.107884,0.770388
0.712000,0.528256,0.504159,-0.029091,-1.603918,-0.097060,2.107884,0.770388
0.714000,0.528267,0.504159,-0.029028,-1.603983,-0.097060,2.107884,0.770388
0.716000,0.528279,0.504159,-0.028966,-1.604049,-0.097060,2.107884,0.770388
0.718000,0.528291,0.504159,-0.028904,-1.604115,-0.097060,2.107884,0.770388
0.720000,0.528303,0.504159,-0.028842,-1.604181,-0.097060,2.107884,0.770388
0.722000,0.528315,0.504159,-0.028780,-1.604247,-0.097060,2.107884,0.770388
0.724000,0.528328,0.504159,-0.028719,-1.604314,-0.097060,2.107884,0.770388
0.726000,0.528341,0.504159,-0.028659,-1.604381,-0.097060,2.107884,0.770388
0.728000,0.528348,0.504159,-0.028629,-1.604415,-0.097060,2.107884,0.770388
0.730000,0.528362,0.504159,-0.028569,-1.604483,-0.097060,2.107884,0.770388
0.732000,0.528376,0.504159,-0.028509,-1.604551,-0.097060,2.107884,0.770388
0.734000,0.528390,0.504159,-0.028450,-1.604619,-0.097060,2.107884,0.770388
0.736000,0.528405,0.504159,-0.028391,-1.604688,-0.097060,2.107884,0.770388
0.738000,0.528420,0.504159,-0.028333,-1.604757,-0.097060,2.107884,0.770388
0.740000,0.528435,0.504159,-0.028275,-1.604826,-0.097060,2.107884,0.770388
0.742000,0.528451,0.504159,-0.028218,-1.604896,-0.097060,2.107884,0.770388
0.744000,0.528467,0.504159,-0.028161,-1.604966,-0.097060,2.107884,0.770388
0.746000,0.528484,0.504159,-0.028105,-1.605036,-0.097060,2.107884,0.770388
0.748000,0.528500,0.504159,-0.028049,-1.605107,-0.097060,2.107884,0.770388
0.750000,0.528518,0.504159,-0.027993,-1.605178,-0.097060,2.107884,0.770388
0.752000,0.528535,0.504159,-0.027938,-1.605250,-0.097060,2.107884,0.770388
0.754000,0.528553,0.504159,-0.027884,-1.605321,-0.097060,2.107884,0.770388
0.756000,0.528571,0.504159,-0.027830,-1.605394,-0.097060,2.107884,0.770388
0.758000,0.528590,0.504159,-0.027776,-1.605466,-0.097060,2.107884,0.770388
0.760000,0.528609,0.504159,-0.027723,-1.605539,-0.097060,2.107884,0.770388
0.762000,0.528629,0.504159,-0.027671,-1.605612,-0.097060,2.107884,0.770388
0.764000,0.528649,0.504159,-0.027619,-1.605686,-0.097060,2.107884,0.770388
0.766000,0.528669,0.504159,-0.027568,-1.605760,-0.097060,2.107884,0.770388
0.768000,0.528690,0.504159,-0.027517,-1.605835,-0.097060,2.107884,0.770388
0.770000,0.528711,0.504159,-0.027466,-1.605910,-0.097060,2.107884,0.770388
0.772000,0.528732,0.504159,-0.027417,-1.605985,-0.097060,2.107884,0.770388
0.774000,0.528754,0.504159,-0.027367,-1.606060,-0.097060,2.107884,0.770388
0.776000,0.528777,0.504159,-0.027319,-1.606136,-0.097060,2.107884,0.770388
0.778000,0.528799,0.504159,-0.027270,-1.606213,-0.097060,2.107884,0.770388
0.780000,0.528823,0.504159,-0.027223,-1.606290,-0.097060,2.107884,0.770388
0.782000,0.528846,0.504159,-0.027176,-1.606367,-0.097060,2.107884,0.770388
0.784000,0.528870,0.504159,-0.027130,-1.606444,-0.097060,2.107884,0.770388
0.786000,0.528895,0.504159,-0.027084,-1.606522,-0.097060,2.107884,0.770388
0.788000,0.528920,0.504159,-0.027038,-1.606601,-0.097060,2.107884,0.770388
0.790000,0.528945,0.504159,-0.026994,-1.606679,-0.097060,2.107884,0.770388
0.792000,0.528958,0.504159,-0.026972,-1.606719,-0.097060,2.107884,0.770388
0.794000,0.528984,0.504159,-0.026928,-1.606798,-0.097060,2.107884,0.770388
0.796000,0.529011,0.504159,-0.026885,-1.606878,-0.097060,2.107884,0.770388
0.798000,0.529038,0.504159,-0.026842,-1.606958,-0.097060,2.107884,0.770388
0.800000,0.529065,0.504159,-0.026800,-1.607039,-0.097060,2.107884,0.770388
0.802000,0.529093,0.504159,-0.026759,-1.607120,-0.097060,2.107884,0.770388
0.804000,0.529122,0.504159,-0.026718,-1.607201,-0.097060,2.107884,0.770388
0.806000,0.529151,0.504159,-0.026678,-1.607283,-0.097060,2.107884,0.770388
0.808000,0.529180,0.504159,-0.026639,-1.607366,-0.097060,2.107884,0.770388
0.810000,0.529210,0.504159,-0.026600,-1.607448,-0.097060,2.107884,0.770388
0.812000,0.529240,0.504159,-0.026562,-1.607531,-0.097060,2.107884,0.770388
0.814000,0.529271,0.504159,-0.026525,-1.607615,-0.097060,2.107884,0.770388
0.816000,0.529302,0.504159,-0.026488,-1.607699,-0.097060,2.107884,0.770388
0.818000,0.529334,0.504159,-0.026451,-1.607783,-0.097060,2.107884,0.770388
0.820000,0.529366,0.504159,-0.026416,-1.607868,-0.097060,2.107884,0.770388
0.822000,0.529399,0.504159,-0.026381,-1.607953,-0.097060,2.107884,0.770388
0.824000,0.529432,0.504159,-0.026347,-1.608039,-0.097060,2.107884,0.770388
0.826000,0.529466,0.504159,-0.026313,-1.608125,-0.097060,2.107884,0.770388
0.828000,0.529500,0.504159,-0.026281,-1.608212,-0.097060,2.107884,0.770388
0.830000,0.529534,0.504159,-0.026248,-1.608299,-0.097060,2.107884,0.770388
0.832000,0.529570,0.504159,-0.026217,-1.608386,-0.097060,2.107884,0.770388
0.834000,0.529605,0.504159,-0.026186,-1.608474,-0.097060,2.107884,0.770388
0.836000,0.529642,0.504159,-0.026156,-1.608563,-0.097060,2.107884,0.770388
0.838000,0.529678,0.504159,-0.026127,-1.608652,-0.097060,2.107884,0.770388
0.840000,0.529716,0.504159,-0.026098,-1.608741,-0.097060,2.107884,0.770388
0.842000,0.529753,0.504159,-0.026070,-1.608831,-0.097060,2.107884,0.770388
0.844000,0.529792,0.504159,-0.026043,-1.608921,-0.097060,2.107884,0.770388
0.846000,0.529830,0.504159,-0.026016,-1.609011,-0.097060,2.107884,0.770388
0.848000,0.529870,0.504159,-0.025990,-1.609103,-0.097060,2.107884,0.770388
0.850000,0.529910,0.504159,-0.025965,-1.609194,-0.097060,2.107884,0.770388
0.852000,0.529950,0.504159,-0.025941,-1.609286,-0.097060,2.107884,0.770388
0.854000,0.529991,0.504159,-0.025917,-1.609379,-0.097060,2.107884,0.770388
0.856000,0.530033,0.504159,-0.025894,-1.609472,-0.097060,2.107884,0.770388
0.858000,0.530075,0.504159,-0.025872,-1.609565,-0.097060,2.107884,0.770388
0.860000,0.530117,0.504159,-0.025851,-1.609659,-0.097060,2.107884,0.770388
0.862000,0.530160,0.504159,-0.025830,-1.609753,-0.097060,2.107884,0.770388
0.864000,0.530204,0.504159,-0.025810,-1.609848,-0.097060,2.107884,0.770388
0.866000,0.530248,0.504159,-0.025791,-1.609944,-0.097060,2.107884,0.770388
0.868000,0.530293,0.504159,-0.025773,-1.610040,-0.097060,2.107884,0.770388
0.870000,0.530339,0.504159,-0.025755,-1.610136,-0.097060,2.107884,0.770388
0.872000,0.530384,0.504159,-0.025739,-1.610233,-0.097060,2.107884,0.770388
0.874000,0.530431,0.504159,-0.025723,-1.610330,-0.097060,2.107884,0.770388
0.876000,0.530478,0.504159,-0.025708,-1.610428,-0.097060,2.107884,0.770388
0.878000,0.530526,0.504159,-0.025693,-1.610527,-0.097060,2.107884,0.770388
0.880000,0.530574,0.504159,-0.025680,-1.610625,-0.097060,2.107884,0.770388
0.882000,0.530623,0.504159,-0.025667,-1.610725,-0.097060,2.107884,0.770388
0.884000,0.530672,0.504159,-0.025655,-1.610825,-0.097060,2.107884,0.770388
0.886000,0.530722,0.504159,-0.025644,-1.610925,-0.097060,2.107884,0.770388
0.888000,0.530748,0.504159,-0.025639,-1.610976,-0.097060,2.107884,0.770388
0.890000,0.530799,0.504159,-0.025629,-1.611077,-0.097060,2.107884,0.770388
0.892000,0.530850,0.504159,-0.025620,-1.611179,-0.097060,2.107884,0.770388
0.894000,0.530902,0.504159,-0.025611,-1.611281,-0.097060,2.107884,0.770388
0.896000,0.530928,0.504159,-0.025608,-1.611332,-0.097060,2.107884,0.770388
0.898000,0.531008,0.504159,-0.025597,-1.611487,-0.097060,2.107884,0.770388
0.900000,0.531062,0.504159,-0.025592,-1.611591,-0.097060,2.107884,0.770388
0.902000,0.531117,0.504159,-0.025587,-1.611695,-0.097060,2.107884,0.770388
0.904000,0.531172,0.504159,-0.025583,-1.611800,-0.097060,2.107884,0.770388
0.906000,0.531228,0.504159,-0.025580,-1.611906,-0.097060,2.107883,0.770388
0.908000,0.531284,0.504159,-0.025577,-1.612012,-0.097060,2.107882,0.770388
0.910000,0.531341,0.504159,-0.025576,-1.612118,-0.097060,2.107881,0.770388
0.912000,0.531399,0.504159,-0.025575,-1.612225,-0.097060,2.107879,0.770388
0.914000,0.531457,0.504159,-0.025575,-1.612333,-0.097060,2.107876,0.770388
0.916000,0.531515,0.504159,-0.025575,-1.612441,-0.097060,2.107873,0.770388
0.918000,0.531573,0.504159,-0.025575,-1.612549,-0.097060,2.107868,0.770388
0.920000,0.531631,0.504159,-0.025575,-1.612657,-0.097060,2.107863,0.770388
0.922000,0.531688,0.504159,-0.025575,-1.612767,-0.097060,2.107856,0.770388
0.924000,0.531746,0.504159,-0.025575,-1.612876,-0.097060,2.107849,0.770388
0.926000,0.531804,0.504159,-0.025575,-1.612986,-0.097060,2.107840,0.770388
0.928000,0.531862,0.504159,-0.025575,-1.613096,-0.097060,2.107829,0.770388
0.930000,0.531920,0.504159,-0.025575,-1.613207,-0.097060,2.107818,0.770388
0.932000,0.531977,0.504159,-0.025575,-1.613318,-0.097060,2.107805,0.770388
0.934000,0.532035,0.504159,-0.025575,-1.613430,-0.097060,2.107790,0.770388
0.936000,0.532093,0.504159,-0.025575,-1.613541,-0.097060,2.107773,0.770388
0.938000,0.532150,0.504159,-0.025575,-1.613654,-0.097060,2.107755,0.770388
0.940000,0.532208,0.504159,-0.025575,-1.613766,-0.097060,2.107736,0.770388
0.942000,0.532265,0.504159,-0.025575,-1.613879,-0.097060,2.107714,0.770388
0.944000,0.532323,0.504159,-0.025575,-1.613992,-0.097060,2.107690,0.770388
0.946000,0.532380,0.504159,-0.025575,-1.614106,-0.097060,2.107665,0.770388
0.948000,0.532437,0.504159,-0.025575,-1.614219,-0.097060,2.107638,0.770388
0.950000,0.532495,0.504159,-0.025575,-1.614333,-0.097060,2.107608,0.770388
0.952000,0.532552,0.504159,-0.025575,-1.614448,-0.097060,2.107576,0.770388
0.954000,0.532609,0.504159,-0.025575,-1.614562,-0.097060,2.107542,0.770388
0.956000,0.532667,0.504159,-0.025575,-1.614677,-0.097060,2.107506,0.770388
0.958000,0.532724,0.504159,-0.025575,-1.614793,-0.097060,2.107468,0.770388
0.960000,0.532781,0.504159,-0.025575,-1.614908,-0.097060,2.107427,0.770388
0.962000,0.532838,0.504159,-0.025575,-1.615024,-0.097060,2.107384,0.770388
0.964000,0.532895,0.504159,-0.025575,-1.615140,-0.097060,2.107339,0.770388
0.966000,0.532952,0.504159,-0.025575,-1.615256,-0.097060,2.107291,0.770388
0.968000,0.533009,0.504159,-0.025575,-1.615373,-0.097060,2.107240,0.770388
0.970000,0.533066,0.504159,-0.025575,-1.615490,-0.097060,2.107187,0.770388
0.972000,0.533123,0.504159,-0.025575,-1.615607,-0.097060,2.107132,0.770388
0.974000,0.533180,0.504159,-0.025575,-1.615724,-0.097060,2.107073,0.770388
0.976000,0.533236,0.504159,-0.025575,-1.615841,-0.097060,2.107012,0.770388
0.978000,0.533293,0.504159,-0.025575,-1.615959,-0.097060,2.106949,0.770388
0.980000,0.533350,0.504159,-0.025575,-1.616077,-0.097060,2.106882,0.770388
0.982000,0.533406,0.504159,-0.025575,-1.616195,-0.097060,2.106813,0.770388
0.984000,0.533463,0.504159,-0.025575,-1.616314,-0.097060,2.106741,0.770388
0.986000,0.533520,0.504159,-0.025575,-1.616432,-0.097060,2.106666,0.770388
0.988000,0.533576,0.504159,-0.025575,-1.616551,-0.097060,2.106588,0.770388
0.990000,0.533604,0.504159,-0.025575,-1.616610,-0.097060,2.106548,0.770388
0.992000,0.533661,0.504159,-0.025575,-1.616729,-0.097060,2.106465,0.770388
0.994000,0.533717,0.504159,-0.025575,-1.616849,-0.097060,2.106379,0.770388
0.996000,0.533745,0.504159,-0.025575,-1.616908,-0.097060,2.106335,0.770388
0.998000,0.533830,0.504159,-0.025575,-1.617087,-0.097060,2.106198,0.770388
1.000000,0.533886,0.504159,-0.025575,-1.617207,-0.097060,2.106102,0.770388
1.002000,0.533942,0.504159,-0.025575,-1.617327,-0.097060,2.106002,0.770388
1.004000,0.533998,0.504159,-0.025575,-1.617447,-0.097060,2.105899,0.770388
1.006000,0.534055,0.504159,-0.025575,-1.617567,-0.097060,2.105792,0.770388
1.008000,0.534111,0.504159,-0.025575,-1.617687,-0.097060,2.105682,0.770388
1.010000,0.534167,0.504159,-0.025575,-1.617807,-0.097060,2.105568,0.770388
1.012000,0.534223,0.504159,-0.025575,-1.617927,-0.097060,2.105449,0.770388
1.014000,0.534279,0.504159,-0.025575,-1.618048,-0.097060,2.105327,0.770388
1.016000,0.534334,0.504159,-0.025575,-1.618168,-0.097060,2.105202,0.770388
1.018000,0.534390,0.504159,-0.025575,-1.618289,-0.097060,2.105072,0.770388
1.020000,0.534446,0.504159,-0.025575,-1.618409,-0.097060,2.104938,0.770388
1.022000,0.534502,0.504159,-0.025575,-1.618530,-0.097060,2.104799,0.770388
1.024000,0.534558,0.504159,-0.025575,-1.618650,-0.097060,2.104657,0.770388
1.026000,0.534613,0.504159,-0.025575,-1.618771,-0.097060,2.104511,0.770388
1.028000,0.534669,0.504159,-0.025575,-1.618892,-0.097060,2.104360,0.770388
1.030000,0.534724,0.504159,-0.025575,-1.619013,-0.097060,2.104205,0.770388
1.032000,0.534780,0.504159,-0.025575,-1.619133,-0.097060,2.104046,0.770388
1.034000,0.534835,0.504159,-0.025575,-1.619254,-0.097060,2.103882,0.770388
1.036000,0.534891,0.504159,-0.025575,-1.619375,-0.097060,2.103714,0.770388
1.038000,0.534946,0.504159,-0.025575,-1.619496,-0.097060,2.103542,0.770388
1.040000,0.535001,0.504159,-0.025575,-1.619617,-0.097060,2.103365,0.770388
1.042000,0.535057,0.504159,-0.025575,-1.619738,-0.097060,2.103184,0.770388
1.044000,0.535084,0.504159,-0.025575,-1.619798,-0.097060,2.103092,0.770388
1.046000,0.535139,0.504159,-0.025575,-1.619919,-0.097060,2.102904,0.770388
1.048000,0.535195,0.504159,-0.025575,-1.620040,-0.097060,2.102712,0.770388
1.050000,0.535250,0.504159,-0.025575,-1.620161,-0.097060,2.102514,0.770388
1.052000,0.535305,0.504159,-0.025575,-1.620282,-0.097060,2.102313,0.770388
1.054000,0.535360,0.504159,-0.025575,-1.620403,-0.097060,2.102106,0.770388
1.056000,0.535414,0.504159,-0.025575,-1.620523,-0.097060,2.101895,0.770388
1.058000,0.535469,0.504159,-0.025575,-1.620644,-0.097060,2.101679,0.770388
1.060000,0.535524,0.504159,-0.025575,-1.620765,-0.097060,2.101458,0.770388
1.062000,0.535579,0.504159,-0.025575,-1.620886,-0.097060,2.101233,0.770388
1.064000,0.535634,0.504159,-0.025575,-1.621006,-0.097060,2.101003,0.770388
1.066000,0.535688,0.504159,-0.025575,-1.621127,-0.097060,2.100768,0.770388
1.068000,0.535743,0.504159,-0.025575,-1.621247,-0.097060,2.100528,0.770388
1.070000,0.535797,0.504159,-0.025575,-1.621368,-0.097060,2.100284,0.770388
1.072000,0.535852,0.504159,-0.025575,-1.621488,-0.097060,2.100034,0.770388
1.074000,0.535879,0.504159,-0.025575,-1.621548,-0.097060,2.099908,0.770388
1.076000,0.535933,0.504159,-0.025575,-1.621669,-0.097060,2.099651,0.770388
1.078000,0.535988,0.504159,-0.025575,-1.621789,-0.097060,2.099390,0.770388
1.080000,0.536042,0.504159,-0.025575,-1.621909,-0.097060,2.099124,0.770388
1.082000,0.536096,0.504159,-0.025575,-1.622030,-0.097060,2.098852,0.770388
1.084000,0.536150,0.504159,-0.025575,-1.622150,-0.097060,2.098576,0.770388
1.086000,0.536204,0.504159,-0.025575,-1.622270,-0.097060,2.098295,0.770388
1.088000,0.536259,0.504159,-0.025575,-1.622390,-0.097060,2.098009,0.770388
1.090000,0.536312,0.504159,-0.025575,-1.622510,-0.097060,2.097718,0.770388
1.092000,0.536366,0.504159,-0.025575,-1.622629,-0.097060,2.097422,0.770388
1.094000,0.536420,0.504159,-0.025575,-1.622749,-0.097060,2.097121,0.770388
1.096000,0.536474,0.504159,-0.025575,-1.622869,-0.097060,2.096816,0.770388
1.098000,0.536528,0.504159,-0.025575,-1.622988,-0.097060,2.096505,0.770388
1.100000,0.536582,0.504159,-0.025575,-1.623108,-0.097060,2.096189,0.770388
1.102000,0.536582,0.504159,-0.025575,-1.623108,-0.097060,2.096189,0.770388
1.104000,0.536608,0.504159,-0.025575,-1.623168,-0.097060,2.096030,0.770388
1.106000,0.536635,0.504159,-0.025575,-1.623227,-0.097060,2.095869,0.770388
1.108000,0.536742,0.504159,-0.025575,-1.623466,-0.097060,2.095214,0.770388
1.110000,0.536849,0.504159,-0.025575,-1.623704,-0.097060,2.094538,0.770388
1.112000,0.536902,0.504159,-0.025575,-1.623823,-0.097060,2.094193,0.770388
1.114000,0.536956,0.504159,-0.025575,-1.623942,-0.097060,2.093842,0.770388
1.116000,0.537009,0.504159,-0.025575,-1.624061,-0.097060,2.093487,0.770388
1.118000,0.537062,0.504159,-0.025575,-1.624179,-0.097060,2.093127,0.770388
1.120000,0.537115,0.504159,-0.025575,-1.624298,-0.097060,2.092763,0.770388
1.122000,0.537168,0.504159,-0.025575,-1.624416,-0.097060,2.092394,0.770388
1.124000,0.537221,0.504159,-0.025575,-1.624535,-0.097060,2.092020,0.770388
1.126000,0.537274,0.504159,-0.025575,-1.624653,-0.097060,2.091641,0.770388
1.128000,0.537300,0.504159,-0.025575,-1.624712,-0.097060,2.091450,0.770388
1.130000,0.537326,0.504159,-0.025575,-1.624772,-0.097060,2.091257,0.770388
1.132000,0.537432,0.504159,-0.025575,-1.625008,-0.097060,2.090476,0.770388
1.134000,0.537484,0.504159,-0.025575,-1.625126,-0.097060,2.090078,0.770388
1.136000,0.537537,0.504159,-0.025575,-1.625244,-0.097060,2.089674,0.770388
1.138000,0.537589,0.504159,-0.025575,-1.625361,-0.097060,2.089266,0.770388
1.140000,0.537642,0.504159,-0.025575,-1.625479,-0.097060,2.088853,0.770388
1.142000,0.537694,0.504159,-0.025575,-1.625597,-0.097060,2.088435,0.770388
1.144000,0.537746,0.504159,-0.025575,-1.625714,-0.097060,2.088012,0.770388
1.146000,0.537799,0.504159,-0.025575,-1.625831,-0.097060,2.087584,0.770388
1.148000,0.537851,0.504159,-0.025575,-1.625948,-0.097060,2.087151,0.770388
1.150000,0.537903,0.504159,-0.025575,-1.626065,-0.097060,2.086713,0.770388
1.152000,0.537955,0.504159,-0.025575,-1.626182,-0.097060,2.086269,0.770388
1.154000,0.538006,0.504159,-0.025575,-1.626299,-0.097060,2.085821,0.770388
1.156000,0.538058,0.504159,-0.025575,-1.626416,-0.097060,2.085367,0.770388
1.158000,0.538110,0.504159,-0.025575,-1.626532,-0.097060,2.084908,0.770388
1.160000,0.538162,0.504159,-0.025575,-1.626648,-0.097060,2.084444,0.770388
1.162000,0.538213,0.504159,-0.025575,-1.626764,-0.097060,2.083975,0.770388
1.164000,0.538265,0.504159,-0.025575,-1.626880,-0.097060,2.083501,0.770388
1.166000,0.538316,0.504159,-0.025575,-1.626996,-0.097060,2.083021,0.770388
1.168000,0.538368,0.504159,-0.025575,-1.627112,-0.097060,2.082536,0.770388
1.170000,0.538393,0.504159,-0.025575,-1.627170,-0.097060,2.082292,0.770388
1.172000,0.538445,0.504159,-0.025575,-1.627285,-0.097060,2.081799,0.770388
1.174000,0.538496,0.504159,-0.025575,-1.627400,-0.097060,2.081301,0.770388
1.176000,0.538547,0.504159,-0.025575,-1.627515,-0.097060,2.080798,0.770388
1.178000,0.538598,0.504159,-0.025575,-1.627630,-0.097060,2.080289,0.770388
1.180000,0.538649,0.504159,-0.025575,-1.627745,-0.097060,2.079775,0.770388
1.182000,0.538700,0.504159,-0.025575,-1.627859,-0.097060,2.079256,0.770388
1.184000,0.538751,0.504159,-0.025575,-1.627974,-0.097060,2.078731,0.770388
1.186000,0.538801,0.504159,-0.025575,-1.628088,-0.097060,2.078201,0.770388
1.188000,0.538852,0.504159,-0.025575,-1.628202,-0.097060,2.077666,0.770388
1.190000,0.538902,0.504159,-0.025575,-1.628315,-0.097060,2.077125,0.770388
1.192000,0.538953,0.504159,-0.025575,-1.628429,-0.097060,2.076579,0.770388
1.194000,0.539003,0.504159,-0.025575,-1.628542,-0.097060,2.076027,0.770388
1.196000,0.539054,0.504159,-0.025575,-1.628655,-0.097060,2.075470,0.770388
1.198000,0.539104,0.504159,-0.025575,-1.628768,-0.097060,2.074908,0.770388
1.200000,0.539154,0.504159,-0.025575,-1.628881,-0.097060,2.074341,0.770388
1.202000,0.539204,0.504159,-0.025575,-1.628994,-0.097060,2.073768,0.770388
1.204000,0.539254,0.504159,-0.025575,-1.629106,-0.097060,2.073190,0.770388
1.206000,0.539304,0.504159,-0.025575,-1.629218,-0.097060,2.072607,0.770388
1.208000,0.539354,0.504159,-0.025575,-1.629330,-0.097060,2.072018,0.770388
1.210000,0.539404,0.504159,-0.025575,-1.629442,-0.097060,2.071424,0.770388
1.212000,0.539453,0.504159,-0.025575,-1.629554,-0.097060,2.070825,0.770388
1.214000,0.539503,0.504159,-0.025575,-1.629665,-0.097060,2.070221,0.770388
1.216000,0.539553,0.504159,-0.025575,-1.629776,-0.097060,2.069612,0.770388
1.218000,0.539577,0.504159,-0.025575,-1.629832,-0.097060,2.069305,0.770388
1.220000,0.539651,0.504159,-0.025575,-1.629998,-0.097060,2.068377,0.770388
1.222000,0.539701,0.504159,-0.025575,-1.630109,-0.097060,2.067752,0.770388
1.224000,0.539725,0.504159,-0.025575,-1.630164,-0.097060,2.067438,0.770388
1.226000,0.539774,0.504159,-0.025575,-1.630275,-0.097060,2.066805,0.770388
1.228000,0.539823,0.504159,-0.025575,-1.630385,-0.097060,2.066168,0.770388
1.230000,0.539872,0.504159,-0.025575,-1.630495,-0.097060,2.065525,0.770388
1.232000,0.539921,0.504159,-0.025575,-1.630605,-0.097060,2.064876,0.770388
1.234000,0.539970,0.504159,-0.025575,-1.630714,-0.097060,2.064223,0.770388
1.236000,0.540019,0.504159,-0.025575,-1.630824,-0.097060,2.063565,0.770388
1.238000,0.540067,0.504159,-0.025575,-1.630933,-0.097060,2.062901,0.770388
1.240000,0.540116,0.504159,-0.025575,-1.631042,-0.097060,2.062233,0.770388
1.242000,0.540164,0.504159,-0.025575,-1.631151,-0.097060,2.061559,0.770388
1.244000,0.540213,0.504159,-0.025575,-1.631260,-0.097060,2.060880,0.770388
1.246000,0.540261,0.504159,-0.025575,-1.631368,-0.097060,2.060197,0.770388
1.248000,0.540309,0.504159,-0.025575,-1.631476,-0.097060,2.059508,0.770388
1.250000,0.540357,0.504159,-0.025575,-1.631585,-0.097060,2.058815,0.770388
1.252000,0.540405,0.504159,-0.025575,-1.631692,-0.097060,2.058116,0.770388
1.254000,0.540453,0.504159,-0.025575,-1.631800,-0.097060,2.057413,0.770388
1.256000,0.540501,0.504159,-0.025575,-1.631908,-0.097060,2.056705,0.770388
1.258000,0.540548,0.504159,-0.025575,-1.632015,-0.097060,2.055992,0.770388
1.260000,0.540596,0.504159,-0.025575,-1.632123,-0.097060,2.055275,0.770388
1.262000,0.540644,0.504159,-0.025575,-1.632230,-0.097060,2.054553,0.770388
1.264000,0.540667,0.504159,-0.025575,-1.632283,-0.097060,2.054190,0.770388
1.266000,0.540738,0.504159,-0.025575,-1.632443,-0.097060,2.053094,0.770388
1.268000,0.540786,0.504159,-0.025575,-1.632550,-0.097060,2.052358,0.770388
1.270000,0.540833,0.504159,-0.025575,-1.632656,-0.097060,2.051617,0.770388
1.272000,0.540880,0.504159,-0.025575,-1.632763,-0.097060,2.050871,0.770388
1.274000,0.540903,0.504159,-0.025575,-1.632816,-0.097060,2.050496,0.770388
1.276000,0.540950,0.504159,-0.025575,-1.632922,-0.097060,2.049743,0.770388
1.278000,0.540997,0.504159,-0.025575,-1.633027,-0.097060,2.048985,0.770388
1.280000,0.541044,0.504159,-0.025575,-1.633133,-0.097060,2.048222,0.770388
1.282000,0.541090,0.504159,-0.025575,-1.633238,-0.097060,2.047454,0.770388
1.284000,0.541137,0.504159,-0.025575,-1.633344,-0.097060,2.046681,0.770388
1.286000,0.541183,0.504159,-0.025575,-1.633448,-0.097060,2.045903,0.770388
1.288000,0.541229,0.504159,-0.025575,-1.633553,-0.097060,2.045119,0.770388
1.290000,0.541276,0.504159,-0.025575,-1.633658,-0.097060,2.044331,0.770388
1.292000,0.541322,0.504159,-0.025575,-1.633762,-0.097060,2.043538,0.770388
1.294000,0.541368,0.504159,-0.025575,-1.633866,-0.097060,2.042740,0.770388
1.296000,0.541391,0.504159,-0.025575,-1.633918,-0.097060,2.042339,0.770388
1.298000,0.541460,0.504159,-0.025575,-1.634074,-0.097060,2.041128,0.770388
1.300000,0.541505,0.504159,-0.025575,-1.634177,-0.097060,2.040314,0.770388
1.302000,0.541551,0.504159,-0.025575,-1.634281,-0.097060,2.039495,0.770388
1.304000,0.541596,0.504159,-0.025575,-1.634384,-0.097060,2.038672,0.770388
1.306000,0.541642,0.504159,-0.025575,-1.634486,-0.097060,2.037843,0.770388
1.308000,0.541687,0.504159,-0.025575,-1.634589,-0.097060,2.037009,0.770388
1.310000,0.541732,0.504159,-0.025575,-1.634691,-0.097060,2.036170,0.770388
1.312000,0.541777,0.504159,-0.025575,-1.634794,-0.097060,2.035326,0.770388
1.314000,0.541822,0.504159,-0.025575,-1.634896,-0.097060,2.034476,0.770388
1.316000,0.541867,0.504159,-0.025575,-1.634997,-0.097060,2.033622,0.770388
1.318000,0.541912,0.504159,-0.025575,-1.635099,-0.097060,2.032763,0.770388
1.320000,0.541957,0.504159,-0.025575,-1.635200,-0.097060,2.031899,0.770388
1.322000,0.542001,0.504159,-0.025575,-1.635301,-0.097060,2.031029,0.770388
1.324000,0.542046,0.504159,-0.025575,-1.635402,-0.097060,2.030155,0.770388
1.326000,0.542090,0.504159,-0.025575,-1.635503,-0.097060,2.029276,0.770388
1.328000,0.542135,0.504159,-0.025575,-1.635603,-0.097060,2.028391,0.770388
1.330000,0.542179,0.504159,-0.025575,-1.635703,-0.097060,2.027502,0.770388
1.332000,0.542223,0.504159,-0.025575,-1.635803,-0.097060,2.026608,0.770388
1.334000,0.542267,0.504159,-0.025575,-1.635903,-0.097060,2.025709,0.770388
1.336000,0.542289,0.504159,-0.025575,-1.635953,-0.097060,2.025257,0.770388
1.338000,0.542333,0.504159,-0.025575,-1.636052,-0.097060,2.024351,0.770388
1.340000,0.542376,0.504159,-0.025575,-1.636151,-0.097060,2.023439,0.770388
1.342000,0.542420,0.504159,-0.025575,-1.636250,-0.097060,2.022522,0.770388
1.344000,0.542463,0.504159,-0.025575,-1.636349,-0.097060,2.021601,0.770388
1.346000,0.542507,0.504159,-0.025575,-1.636448,-0.097060,2.020674,0.770388
1.348000,0.542550,0.504159,-0.025575,-1.636546,-0.097060,2.019742,0.770388
1.350000,0.542593,0.504159,-0.025575,-1.636644,-0.097060,2.018806,0.770388
1.352000,0.542636,0.504159,-0.025575,-1.636742,-0.097060,2.017864,0.770388
1.354000,0.542679,0.504159,-0.025575,-1.636840,-0.097060,2.016918,0.770388
1.356000,0.542722,0.504159,-0.025575,-1.636937,-0.097060,2.015966,0.770388
1.358000,0.542765,0.504159,-0.025575,-1.637035,-0.097060,2.015010,0.770388
1.360000,0.542807,0.504159,-0.025575,-1.637132,-0.097060,2.014049,0.770388
1.362000,0.542850,0.504159,-0.025575,-1.637229,-0.097060,2.013083,0.770388
1.364000,0.542892,0.504159,-0.025575,-1.637325,-0.097060,2.012113,0.770388
1.366000,0.542934,0.504159,-0.025575,-1.637422,-0.097060,2.011137,0.770388
1.368000,0.542977,0.504159,-0.025575,-1.637518,-0.097060,2.010157,0.770388
1.370000,0.542998,0.504159,-0.025575,-1.637566,-0.097060,2.009665,0.770388
1.372000,0.543040,0.504159,-0.025575,-1.637662,-0.097060,2.008678,0.770388
1.374000,0.543081,0.504159,-0.025575,-1.637758,-0.097060,2.007686,0.770388
1.376000,0.543123,0.504159,-0.025575,-1.637853,-0.097060,2.006690,0.770388
1.378000,0.543165,0.504159,-0.025575,-1.637949,-0.097060,2.005689,0.770388
1.380000,0.543206,0.504159,-0.025575,-1.638044,-0.097060,2.004683,0.770388
1.382000,0.543227,0.504159,-0.025575,-1.638092,-0.097060,2.004178,0.770388
1.384000,0.543248,0.504159,-0.025575,-1.638139,-0.097060,2.003672,0.770388
1.386000,0.543268,0.504159,-0.025575,-1.638187,-0.097060,2.003165,0.770388
1.388000,0.543310,0.504159,-0.025575,-1.638281,-0.097060,2.002147,0.770388
1.390000,0.543412,0.504159,-0.025575,-1.638517,-0.097060,1.999582,0.770388
1.392000,0.543453,0.504159,-0.025575,-1.638611,-0.097060,1.998547,0.770388
1.394000,0.543494,0.504159,-0.025575,-1.638705,-0.097060,1.997508,0.770388
1.396000,0.543534,0.504159,-0.025575,-1.638799,-0.097060,1.996464,0.770388
1.398000,0.543575,0.504159,-0.025575,-1.638892,-0.097060,1.995416,0.770388
1.400000,0.543615,0.504159,-0.025575,-1.638986,-0.097060,1.994364,0.770388
1.402000,0.543655,0.504159,-0.025575,-1.639079,-0.097060,1.993307,0.770388
1.404000,0.543696,0.504159,-0.025575,-1.639172,-0.097060,1.992246,0.770388
1.406000,0.543736,0.504159,-0.025575,-1.639265,-0.097060,1.991181,0.770388
1.408000,0.543775,0.504159,-0.025575,-1.639357,-0.097060,1.990112,0.770388
1.410000,0.543815,0.504159,-0.025575,-1.639450,-0.097060,1.989039,0.770388
1.412000,0.543835,0.504159,-0.025575,-1.639496,-0.097060,1.988500,0.770388
1.414000,0.543875,0.504159,-0.025575,-1.639589,-0.097060,1.987421,0.770388
1.416000,0.543914,0.504159,-0.025575,-1.639681,-0.097060,1.986336,0.770388
1.418000,0.543953,0.504159,-0.025575,-1.639773,-0.097060,1.985248,0.770388
1.420000,0.543992,0.504159,-0.025575,-1.639865,-0.097060,1.984155,0.770388
1.422000,0.544032,0.504159,-0.025575,-1.639957,-0.097060,1.983057,0.770388
1.424000,0.544070,0.504159,-0.025575,-1.640048,-0.097060,1.981955,0.770388
1.426000,0.544109,0.504159,-0.025575,-1.640140,-0.097060,1.980849,0.770388
1.428000,0.544148,0.504159,-0.025575,-1.640231,-0.097060,1.979738,0.770388
1.430000,0.544187,0.504159,-0.025575,-1.640322,-0.097060,1.978622,0.770388
1.432000,0.544225,0.504159,-0.025575,-1.640413,-0.097060,1.977502,0.770388
1.434000,0.544263,0.504159,-0.025575,-1.640503,-0.097060,1.976378,0.770388
1.436000,0.544302,0.504159,-0.025575,-1.640594,-0.097060,1.975249,0.770388
1.438000,0.544340,0.504159,-0.025575,-1.640684,-0.097060,1.974116,0.770388
1.440000,0.544378,0.504159,-0.025575,-1.640775,-0.097060,1.972978,0.770388
1.442000,0.544415,0.504159,-0.025575,-1.640865,-0.097060,1.971836,0.770388
1.444000,0.544453,0.504159,-0.025575,-1.640955,-0.097060,1.970690,0.770388
1.446000,0.544491,0.504159,-0.025575,-1.641045,-0.097060,1.969539,0.770388
1.448000,0.544528,0.504159,-0.025575,-1.641134,-0.097060,1.968383,0.770388
1.450000,0.544565,0.504159,-0.025575,-1.641224,-0.097060,1.967223,0.770388
1.452000,0.544603,0.504159,-0.025575,-1.641313,-0.097060,1.966059,0.770388
1.454000,0.544640,0.504159,-0.025575,-1.641402,-0.097060,1.964891,0.770388
1.456000,0.544677,0.504159,-0.025575,-1.641491,-0.097060,1.963718,0.770388
1.458000,0.544713,0.504159,-0.025575,-1.641580,-0.097060,1.962541,0.770388
1.460000,0.544750,0.504159,-0.025575,-1.641669,-0.097060,1.961359,0.770388
1.462000,0.544787,0.504159,-0.025575,-1.641758,-0.097060,1.960173,0.770388
1.464000,0.544823,0.504159,-0.025575,-1.641846,-0.097060,1.958983,0.770388
1.466000,0.544859,0.504159,-0.025575,-1.641934,-0.097060,1.957789,0.770388
1.468000,0.544895,0.504159,-0.025575,-1.642023,-0.097060,1.956590,0.770388
1.470000,0.544931,0.504159,-0.025575,-1.642111,-0.097060,1.955387,0.770388
1.472000,0.544967,0.504159,-0.025575,-1.642199,-0.097060,1.954180,0.770388
1.474000,0.545003,0.504159,-0.025575,-1.642287,-0.097060,1.952969,0.770388
1.476000,0.545038,0.504159,-0.025575,-1.642374,-0.097060,1.951753,0.770388
1.478000,0.545074,0.504159,-0.025575,-1.642462,-0.097060,1.950534,0.770388
1.480000,0.545092,0.504159,-0.025575,-1.642506,-0.097060,1.949923,0.770388
1.482000,0.545127,0.504159,-0.025575,-1.642593,-0.097060,1.948697,0.770388
1.484000,0.545162,0.504159,-0.025575,-1.642681,-0.097060,1.947467,0.770388
1.486000,0.545197,0.504159,-0.025575,-1.642768,-0.097060,1.946233,0.770388
1.488000,0.545232,0.504159,-0.025575,-1.642855,-0.097060,1.944994,0.770388
1.490000,0.545266,0.504159,-0.025575,-1.642942,-0.097060,1.943752,0.770388
1.492000,0.545301,0.504159,-0.025575,-1.643029,-0.097060,1.942505,0.770388
1.494000,0.545336,0.504159,-0.025575,-1.643116,-0.097060,1.941254,0.770388
1.496000,0.545353,0.504159,-0.025575,-1.643159,-0.097060,1.940627,0.770388
1.498000,0.545404,0.504159,-0.025575,-1.643289,-0.097060,1.938740,0.770388
1.500000,0.545438,0.504159,-0.025575,-1.643375,-0.097060,1.937477,0.770388
1.502000,0.545472,0.504159,-0.025575,-1.643462,-0.097060,1.936210,0.770388
1.504000,0.545506,0.504159,-0.025575,-1.643548,-0.097060,1.934939,0.770388
1.506000,0.545539,0.504159,-0.025575,-1.643634,-0.097060,1.933664,0.770388
1.508000,0.545573,0.504159,-0.025575,-1.643721,-0.097060,1.932385,0.770388
1.510000,0.545606,0.504159,-0.025575,-1.643807,-0.097060,1.931102,0.770388
1.512000,0.545639,0.504159,-0.025575,-1.643893,-0.097060,1.929816,0.770388
1.514000,0.545672,0.504159,-0.025575,-1.643979,-0.097060,1.928526,0.770388
1.516000,0.545705,0.504159,-0.025575,-1.644065,-0.097060,1.927232,0.770388
1.518000,0.545738,0.504159,-0.025575,-1.644151,-0.097060,1.925934,0.770388
1.520000,0.545770,0.504159,-0.025575,-1.644237,-0.097060,1.924632,0.770388
1.522000,0.545803,0.504159,-0.025575,-1.644322,-0.097060,1.923327,0.770388
1.524000,0.545835,0.504159,-0.025575,-1.644408,-0.097060,1.922019,0.770388
1.526000,0.545867,0.504159,-0.025575,-1.644494,-0.097060,1.920707,0.770388
1.528000,0.545899,0.504159,-0.025575,-1.644580,-0.097060,1.919391,0.770388
1.530000,0.545931,0.504159,-0.025575,-1.644665,-0.097060,1.918072,0.770388
1.532000,0.545963,0.504159,-0.025575,-1.644751,-0.097060,1.916749,0.770388
1.534000,0.545995,0.504159,-0.025575,-1.644837,-0.097060,1.915423,0.770388
1.536000,0.546026,0.504159,-0.025575,-1.644922,-0.097060,1.914094,0.770388
1.538000,0.546057,0.504159,-0.025575,-1.645008,-0.097060,1.912761,0.770388
1.540000,0.546088,0.504159,-0.025575,-1.645094,-0.097060,1.911425,0.770388
1.542000,0.546119,0.504159,-0.025575,-1.645179,-0.097060,1.910086,0.770388
1.544000,0.546150,0.504159,-0.025575,-1.645265,-0.097060,1.908744,0.770388
1.546000,0.546166,0.504159,-0.025575,-1.645308,-0.097060,1.908071,0.770388
1.548000,0.546196,0.504159,-0.025575,-1.645394,-0.097060,1.906724,0.770388
1.550000,0.546227,0.504159,-0.025575,-1.645480,-0.097060,1.905374,0.770388
1.552000,0.546257,0.504159,-0.025575,-1.645565,-0.097060,1.904020,0.770388
1.554000,0.546287,0.504159,-0.025575,-1.645651,-0.097060,1.902663,0.770388
1.556000,0.546317,0.504159,-0.025575,-1.645737,-0.097060,1.901302,0.770388
1.558000,0.546347,0.504159,-0.025575,-1.645823,-0.097060,1.899938,0.770388
1.560000,0.546377,0.504159,-0.025575,-1.645909,-0.097060,1.898571,0.770388
1.562000,0.546406,0.504159,-0.025575,-1.645994,-0.097060,1.897200,0.770388
1.564000,0.546436,0.504159,-0.025575,-1.646080,-0.097060,1.895826,0.770388
1.566000,0.546465,0.504159,-0.025575,-1.646166,-0.097060,1.894449,0.770388
1.568000,0.546494,0.504159,-0.025575,-1.646252,-0.097060,1.893068,0.770388
1.570000,0.546523,0.504159,-0.025575,-1.646338,-0.097060,1.891684,0.770388
1.572000,0.546552,0.504159,-0.025575,-1.646424,-0.097060,1.890297,0.770388
1.574000,0.546580,0.504159,-0.025575,-1.646510,-0.097060,1.888907,0.770388
1.576000,0.546609,0.504159,-0.025575,-1.646596,-0.097060,1.887513,0.770388
1.578000,0.546637,0.504159,-0.025575,-1.646683,-0.097060,1.886116,0.770388
1.580000,0.546665,0.504159,-0.025575,-1.646769,-0.097060,1.884716,0.770388
1.582000,0.546693,0.504159,-0.025575,-1.646855,-0.097060,1.883312,0.770388
1.584000,0.546721,0.504159,-0.025575,-1.646941,-0.097060,1.881906,0.770388
1.586000,0.546735,0.504159,-0.025575,-1.646985,-0.097060,1.881201,0.770388
1.588000,0.546762,0.504159,-0.025575,-1.647071,-0.097060,1.879790,0.770388
1.590000,0.546790,0.504159,-0.025575,-1.647158,-0.097060,1.878376,0.770388
1.592000,0.546817,0.504159,-0.025575,-1.647244,-0.097060,1.876958,0.770388
1.594000,0.546844,0.504159,-0.025575,-1.647331,-0.097060,1.875537,0.770388
1.596000,0.546858,0.504159,-0.025575,-1.647374,-0.097060,1.874825,0.770388
1.598000,0.546898,0.504159,-0.025575,-1.647504,-0.097060,1.872685,0.770388
1.600000,0.546925,0.504159,-0.025575,-1.647591,-0.097060,1.871254,0.770388
1.602000,0.546951,0.504159,-0.025575,-1.647678,-0.097060,1.869820,0.770388
1.604000,0.546977,0.504159,-0.025575,-1.647765,-0.097060,1.868383,0.770388
1.606000,0.547003,0.504159,-0.025575,-1.647852,-0.097060,1.866942,0.770388
1.608000,0.547029,0.504159,-0.025575,-1.647939,-0.097060,1.865499,0.770388
1.610000,0.547055,0.504159,-0.025575,-1.648027,-0.097060,1.864052,0.770388
1.612000,0.547081,0.504159,-0.025575,-1.648114,-0.097060,1.862603,0.770388
1.614000,0.547106,0.504159,-0.025575,-1.648202,-0.097060,1.861150,0.770388
1.616000,0.547132,0.504159,-0.025575,-1.648289,-0.097060,1.859695,0.770388
1.618000,0.547157,0.504159,-0.025575,-1.648377,-0.097060,1.858236,0.770388
1.620000,0.547182,0.504159,-0.025575,-1.648465,-0.097060,1.856775,0.770388
1.622000,0.547207,0.504159,-0.025575,-1.648553,-0.097060,1.855311,0.770388
1.624000,0.547231,0.504159,-0.025575,-1.648642,-0.097060,1.853844,0.770388
1.626000,0.547256,0.504159,-0.025575,-1.648730,-0.097060,1.852374,0.770388
1.628000,0.547280,0.504159,-0.025575,-1.648819,-0.097060,1.850902,0.770388
1.630000,0.547304,0.504159,-0.025575,-1.648907,-0.097060,1.849427,0.770388
1.632000,0.547328,0.504159,-0.025575,-1.648996,-0.097060,1.847949,0.770388
1.634000,0.547352,0.504159,-0.025575,-1.649085,-0.097060,1.846469,0.770388
1.636000,0.547376,0.504159,-0.025575,-1.649174,-0.097060,1.844985,0.770388
1.638000,0.547399,0.504159,-0.025575,-1.649264,-0.097060,1.843500,0.770388
1.640000,0.547423,0.504159,-0.025575,-1.649353,-0.097060,1.842012,0.770388
1.642000,0.547446,0.504159,-0.025575,-1.649443,-0.097060,1.840521,0.770388
1.644000,0.547469,0.504159,-0.025575,-1.649533,-0.097060,1.839028,0.770388
1.646000,0.547492,0.504159,-0.025575,-1.649624,-0.097060,1.837532,0.770388
1.648000,0.547514,0.504159,-0.025575,-1.649714,-0.097060,1.836034,0.770388
1.650000,0.547537,0.504159,-0.025575,-1.649805,-0.097060,1.834534,0.770388
1.652000,0.547559,0.504159,-0.025575,-1.649896,-0.097060,1.833031,0.770388
1.654000,0.547581,0.504159,-0.025575,-1.649987,-0.097060,1.831526,0.770388
1.656000,0.547603,0.504159,-0.025575,-1.650078,-0.097060,1.830019,0.770388
1.658000,0.547625,0.504159,-0.025575,-1.650170,-0.097060,1.828509,0.770388
1.660000,0.547646,0.504159,-0.025575,-1.650262,-0.097060,1.826997,0.770388
1.662000,0.547668,0.504159,-0.025575,-1.650354,-0.097060,1.825484,0.770388
1.664000,0.547678,0.504159,-0.025575,-1.650400,-0.097060,1.824726,0.770388
1.666000,0.547699,0.504159,-0.025575,-1.650492,-0.097060,1.823209,0.770388
1.668000,0.547720,0.504159,-0.025575,-1.650585,-0.097060,1.821690,0.770388
1.670000,0.547741,0.504159,-0.025575,-1.650678,-0.097060,1.820168,0.770388
1.672000,0.547762,0.504159,-0.025575,-1.650772,-0.097060,1.818645,0.770388
1.674000,0.547782,0.504159,-0.025575,-1.650865,-0.097060,1.817119,0.770388
1.676000,0.547802,0.504159,-0.025575,-1.650959,-0.097060,1.815591,0.770388
1.678000,0.547822,0.504159,-0.025575,-1.651053,-0.097060,1.814061,0.770388
1.680000,0.547842,0.504159,-0.025575,-1.651148,-0.097060,1.812529,0.770388
1.682000,0.547862,0.504159,-0.025575,-1.651243,-0.097060,1.810996,0.770388
1.684000,0.547881,0.504159,-0.025575,-1.651338,-0.097060,1.809460,0.770388
1.686000,0.547901,0.504159,-0.025575,-1.651433,-0.097060,1.807922,0.770388
1.688000,0.547920,0.504159,-0.025575,-1.651529,-0.097060,1.806382,0.770388
1.690000,0.547939,0.504159,-0.025575,-1.651625,-0.097060,1.804841,0.770388
1.692000,0.547957,0.504159,-0.025575,-1.651721,-0.097060,1.803298,0.770388
1.694000,0.547976,0.504159,-0.025575,-1.651818,-0.097060,1.801753,0.770388
1.696000,0.547994,0.504159,-0.025575,-1.651915,-0.097060,1.800206,0.770388
1.698000,0.548013,0.504159,-0.025575,-1.652012,-0.097060,1.798658,0.770388
1.700000,0.548031,0.504159,-0.025575,-1.652110,-0.097060,1.797108,0.770388
1.702000,0.548048,0.504159,-0.025575,-1.652208,-0.097060,1.795556,0.770388
1.704000,0.548066,0.504159,-0.025575,-1.652307,-0.097060,1.794003,0.770388
1.706000,0.548084,0.504159,-0.025575,-1.652406,-0.097060,1.792448,0.770388
1.708000,0.548101,0.504159,-0.025575,-1.652505,-0.097060,1.790891,0.770388
1.710000,0.548118,0.504159,-0.025575,-1.652605,-0.097060,1.789333,0.770388
1.712000,0.548135,0.504159,-0.025575,-1.652705,-0.097060,1.787773,0.770388
1.714000,0.548151,0.504159,-0.025575,-1.652805,-0.097060,1.786212,0.770388
1.716000,0.548168,0.504159,-0.025575,-1.652906,-0.097060,1.784650,0.770388
1.718000,0.548184,0.504159,-0.025575,-1.653007,-0.097060,1.783086,0.770388
1.720000,0.548200,0.504159,-0.025575,-1.653109,-0.097060,1.781521,0.770388
1.722000,0.548216,0.504159,-0.025575,-1.653211,-0.097060,1.779954,0.770388
1.724000,0.548232,0.504159,-0.025575,-1.653314,-0.097060,1.778386,0.770388
1.726000,0.548248,0.504159,-0.025575,-1.653417,-0.097060,1.776817,0.770388
1.728000,0.548263,0.504159,-0.025575,-1.653520,-0.097060,1.775247,0.770388
1.730000,0.548278,0.504159,-0.025575,-1.653624,-0.097060,1.773675,0.770388
1.732000,0.548293,0.504159,-0.025575,-1.653728,-0.097060,1.772102,0.770388
1.734000,0.548308,0.504159,-0.025575,-1.653833,-0.097060,1.770528,0.770388
1.736000,0.548322,0.504159,-0.025575,-1.653938,-0.097060,1.768953,0.770388
1.738000,0.548337,0.504159,-0.025575,-1.654044,-0.097060,1.767377,0.770388
1.740000,0.548351,0.504159,-0.025575,-1.654150,-0.097060,1.765799,0.770388
1.742000,0.548365,0.504159,-0.025575,-1.654257,-0.097060,1.764221,0.770388
1.744000,0.548379,0.504159,-0.025575,-1.654364,-0.097060,1.762642,0.770388
1.746000,0.548392,0.504159,-0.025575,-1.654472,-0.097060,1.761062,0.770388
1.748000,0.548406,0.504159,-0.025575,-1.654580,-0.097060,1.759480,0.770388
1.750000,0.548419,0.504159,-0.025575,-1.654689,-0.097060,1.757898,0.770388
1.752000,0.548432,0.504159,-0.025575,-1.654798,-0.097060,1.756315,0.770388
1.754000,0.548444,0.504159,-0.025575,-1.654908,-0.097060,1.754732,0.770388
1.756000,0.548457,0.504159,-0.025575,-1.655018,-0.097060,1.753147,0.770388
1.758000,0.548469,0.504159,-0.025575,-1.655129,-0.097060,1.751562,0.770388
1.760000,0.548481,0.504159,-0.025575,-1.655240,-0.097060,1.749976,0.770388
1.762000,0.548493,0.504159,-0.025575,-1.655352,-0.097060,1.748389,0.770388
1.764000,0.548505,0.504159,-0.025575,-1.655465,-0.097060,1.746801,0.770388
1.766000,0.548517,0.504159,-0.025575,-1.655578,-0.097060,1.745213,0.770388
1.768000,0.548528,0.504159,-0.025575,-1.655691,-0.097060,1.743624,0.770388
1.770000,0.548534,0.504159,-0.025575,-1.655748,-0.097060,1.742830,0.770388
1.772000,0.548545,0.504159,-0.025575,-1.655863,-0.097060,1.741240,0.770388
1.774000,0.548555,0.504159,-0.025575,-1.655978,-0.097060,1.739650,0.770388
1.776000,0.548566,0.504159,-0.025575,-1.656093,-0.097060,1.738059,0.770388
1.778000,0.548576,0.504159,-0.025575,-1.656210,-0.097060,1.736467,0.770388
1.780000,0.548587,0.504159,-0.025575,-1.656326,-0.097060,1.734875,0.770388
1.782000,0.548597,0.504159,-0.025575,-1.656444,-0.097060,1.733282,0.770388
1.784000,0.548606,0.504159,-0.025575,-1.656562,-0.097060,1.731689,0.770388
1.786000,0.548616,0.504159,-0.025575,-1.656680,-0.097060,1.730095,0.770388
1.788000,0.548625,0.504159,-0.025575,-1.656799,-0.097060,1.728500,0.770388
1.790000,0.548634,0.504159,-0.025575,-1.656919,-0.097060,1.726905,0.770388
1.792000,0.548643,0.504159,-0.025575,-1.657039,-0.097060,1.725310,0.770388
1.794000,0.548652,0.504159,-0.025575,-1.657160,-0.097060,1.723714,0.770388
1.796000,0.548661,0.504159,-0.025575,-1.657282,-0.097060,1.722118,0.770388
1.798000,0.548669,0.504159,-0.025575,-1.657404,-0.097060,1.720521,0.770388
1.800000,0.548677,0.504159,-0.025575,-1.657527,-0.097060,1.718924,0.770388
1.802000,0.548685,0.504159,-0.025575,-1.657651,-0.097060,1.717327,0.770388
1.804000,0.548692,0.504159,-0.025575,-1.657775,-0.097060,1.715730,0.770388
1.806000,0.548700,0.504159,-0.025575,-1.657900,-0.097060,1.714133,0.770388
1.808000,0.548707,0.504159,-0.025575,-1.658025,-0.097060,1.712535,0.770388
1.810000,0.548714,0.504159,-0.025575,-1.658152,-0.097060,1.710937,0.770388
1.812000,0.548721,0.504159,-0.025575,-1.658279,-0.097060,1.709339,0.770388
1.814000,0.548727,0.504159,-0.025575,-1.658406,-0.097060,1.707742,0.770388
1.816000,0.548734,0.504159,-0.025575,-1.658535,-0.097060,1.706144,0.770388
1.818000,0.548740,0.504159,-0.025575,-1.658664,-0.097060,1.704546,0.770388
1.820000,0.548746,0.504159,-0.025575,-1.658793,-0.097060,1.702948,0.770388
1.822000,0.548749,0.504159,-0.025575,-1.658858,-0.097060,1.702149,0.770388
1.824000,0.548754,0.504159,-0.025575,-1.658989,-0.097060,1.700551,0.770388
1.826000,0.548760,0.504159,-0.025575,-1.659121,-0.097060,1.698953,0.770388
1.828000,0.548765,0.504159,-0.025575,-1.659253,-0.097060,1.697355,0.770388
1.830000,0.548770,0.504159,-0.025575,-1.659386,-0.097060,1.695757,0.770388
1.832000,0.548774,0.504159,-0.025575,-1.659520,-0.097060,1.694159,0.770388
1.834000,0.548779,0.504159,-0.025575,-1.659654,-0.097060,1.692562,0.770388
1.836000,0.548783,0.504159,-0.025575,-1.659789,-0.097060,1.690964,0.770388
1.838000,0.548787,0.504159,-0.025575,-1.659925,-0.097060,1.689367,0.770388
1.840000,0.548791,0.504159,-0.025575,-1.660062,-0.097060,1.687770,0.770388
1.842000,0.548794,0.504159,-0.025575,-1.660199,-0.097060,1.686173,0.770388
1.844000,0.548798,0.504159,-0.025575,-1.660337,-0.097060,1.684576,0.770388
1.846000,0.548801,0.504159,-0.025575,-1.660476,-0.097060,1.682980,0.770388
1.848000,0.548804,0.504159,-0.025575,-1.660616,-0.097060,1.681385,0.770388
1.850000,0.548806,0.504159,-0.025575,-1.660756,-0.097060,1.679790,0.770388
1.852000,0.548809,0.504159,-0.025575,-1.660898,-0.097060,1.678195,0.770388
1.854000,0.548811,0.504159,-0.025575,-1.661040,-0.097060,1.676601,0.770388
1.856000,0.548813,0.504159,-0.025575,-1.661183,-0.097060,1.675008,0.770388
1.858000,0.548815,0.504159,-0.025575,-1.661327,-0.097060,1.673416,0.770388
1.860000,0.548816,0.504159,-0.025575,-1.661471,-0.097060,1.671824,0.770388
1.862000,0.548818,0.504159,-0.025575,-1.661617,-0.097060,1.670233,0.770388
1.864000,0.548818,0.504159,-0.025575,-1.661690,-0.097060,1.669438,0.770388
1.866000,0.548820,0.504159,-0.025575,-1.661910,-0.097060,1.667053,0.770388
1.868000,0.548820,0.504159,-0.025575,-1.662058,-0.097060,1.665465,0.770388
1.870000,0.548821,0.504159,-0.025575,-1.662207,-0.097060,1.663877,0.770388
1.872000,0.548821,0.504159,-0.025575,-1.662357,-0.097060,1.662290,0.770388
1.874000,0.548821,0.504159,-0.025575,-1.662507,-0.097060,1.660704,0.770388
1.876000,0.548821,0.504159,-0.025575,-1.662659,-0.097060,1.659119,0.770388
1.878000,0.548821,0.504159,-0.025575,-1.662811,-0.097060,1.657535,0.770388
1.880000,0.548821,0.504159,-0.025575,-1.662964,-0.097060,1.655952,0.770388
1.882000,0.548821,0.504159,-0.025575,-1.663118,-0.097060,1.654370,0.770388
1.884000,0.548821,0.504159,-0.025575,-1.663273,-0.097060,1.652789,0.770388
1.886000,0.548821,0.504159,-0.025575,-1.663429,-0.097060,1.651209,0.770388
1.888000,0.548821,0.504159,-0.025575,-1.663585,-0.097060,1.649630,0.770388
1.890000,0.548821,0.504159,-0.025575,-1.663743,-0.097060,1.648053,0.770388
1.892000,0.548821,0.504159,-0.025575,-1.663901,-0.097060,1.646476,0.770388
1.894000,0.548821,0.504159,-0.025575,-1.664061,-0.097060,1.644901,0.770388
1.896000,0.548821,0.504159,-0.025575,-1.664141,-0.097060,1.644114,0.770388
1.898000,0.548821,0.504159,-0.025575,-1.664302,-0.097060,1.642540,0.770388
1.900000,0.548821,0.504159,-0.025575,-1.664463,-0.097060,1.640968,0.770388
1.902000,0.548821,0.504159,-0.025575,-1.664626,-0.097060,1.639397,0.770388
1.904000,0.548821,0.504159,-0.025575,-1.664790,-0.097060,1.637827,0.770388
1.906000,0.548821,0.504159,-0.025575,-1.664954,-0.097060,1.636259,0.770388
1.908000,0.548821,0.504159,-0.025575,-1.665119,-0.097060,1.634691,0.770388
1.910000,0.548821,0.504159,-0.025575,-1.665286,-0.097060,1.633125,0.770388
1.912000,0.548821,0.504159,-0.025575,-1.665453,-0.097060,1.631561,0.770388
1.914000,0.548821,0.504159,-0.025575,-1.665621,-0.097060,1.629997,0.770388
1.916000,0.548821,0.504159,-0.025575,-1.665790,-0.097060,1.628435,0.770388
1.918000,0.548821,0.504159,-0.025575,-1.665960,-0.097060,1.626875,0.770388
1.920000,0.548821,0.504159,-0.025575,-1.666132,-0.097060,1.625315,0.770388
1.922000,0.548821,0.504159,-0.025575,-1.666304,-0.097060,1.623758,0.770388
1.924000,0.548821,0.504159,-0.025575,-1.666477,-0.097060,1.622202,0.770388
1.926000,0.548821,0.504159,-0.025575,-1.666651,-0.097060,1.620647,0.770388
1.928000,0.548821,0.504159,-0.025575,-1.666826,-0.097060,1.619094,0.770388
1.930000,0.548821,0.504159,-0.025575,-1.667002,-0.097060,1.617543,0.770388
1.932000,0.548821,0.504159,-0.025575,-1.667179,-0.097060,1.615993,0.770388
1.934000,0.548821,0.504159,-0.025575,-1.667268,-0.097060,1.615219,0.770388
1.936000,0.548821,0.504159,-0.025575,-1.667446,-0.097060,1.613671,0.770388
1.938000,0.548821,0.504159,-0.025575,-1.667625,-0.097060,1.612126,0.770388
1.940000,0.548821,0.504159,-0.025575,-1.667806,-0.097060,1.610581,0.770388
1.942000,0.548821,0.504159,-0.025575,-1.667987,-0.097060,1.609039,0.770388
1.944000,0.548821,0.504159,-0.025575,-1.668170,-0.097060,1.607498,0.770388
1.946000,0.548821,0.504159,-0.025575,-1.668353,-0.097060,1.605958,0.770388
1.948000,0.548821,0.504159,-0.025575,-1.668538,-0.097060,1.604420,0.770388
1.950000,0.548821,0.504159,-0.025575,-1.668723,-0.097060,1.602884,0.770388
1.952000,0.548821,0.504159,-0.025575,-1.668910,-0.097060,1.601350,0.770388
1.954000,0.548821,0.504159,-0.025575,-1.669098,-0.097060,1.599817,0.770388
1.956000,0.548821,0.504159,-0.025575,-1.669286,-0.097060,1.598286,0.770388
1.958000,0.548821,0.504159,-0.025575,-1.669476,-0.097060,1.596757,0.770388
1.960000,0.548821,0.504159,-0.025575,-1.669667,-0.097060,1.595230,0.770388
1.962000,0.548821,0.504159,-0.025575,-1.669858,-0.097060,1.593705,0.770388
1.964000,0.548821,0.504159,-0.025575,-1.670051,-0.097060,1.592181,0.770388
1.966000,0.548821,0.504159,-0.025575,-1.670245,-0.097060,1.590659,0.770388
1.968000,0.548821,0.504159,-0.025575,-1.670440,-0.097060,1.589139,0.770388
1.970000,0.548821,0.504159,-0.025575,-1.670636,-0.097060,1.587622,0.770388
1.972000,0.548821,0.504159,-0.025575,-1.670833,-0.097060,1.586106,0.770388
1.974000,0.548821,0.504159,-0.025575,-1.671031,-0.097060,1.584593,0.770388
1.976000,0.548821,0.504159,-0.025575,-1.671130,-0.097060,1.583837,0.770388
1.978000,0.548821,0.504159,-0.025575,-1.671330,-0.097060,1.582327,0.770388
1.980000,0.548821,0.504159,-0.025575,-1.671531,-0.097060,1.580819,0.770388
1.982000,0.548821,0.504159,-0.025575,-1.671733,-0.097060,1.579313,0.770388
1.984000,0.548821,0.504159,-0.025575,-1.671936,-0.097060,1.577809,0.770388
1.986000,0.548821,0.504159,-0.025575,-1.672140,-0.097060,1.576308,0.770388
1.988000,0.548821,0.504159,-0.025575,-1.672345,-0.097060,1.574810,0.770388
1.990000,0.548821,0.504159,-0.025575,-1.672552,-0.097060,1.573313,0.770388
1.992000,0.548821,0.504159,-0.025575,-1.672759,-0.097060,1.571819,0.770388
1.994000,0.548821,0.504159,-0.025575,-1.672968,-0.097060,1.570328,0.770388
1.996000,0.548821,0.504159,-0.025575,-1.673073,-0.097060,1.569583,0.770388
1.998000,0.548821,0.504159,-0.025575,-1.673388,-0.097060,1.567353,0.770388
2.000000,0.548821,0.504159,-0.025575,-1.673600,-0.097060,1.565869,0.770388
2.002000,0.548821,0.504159,-0.025575,-1.673814,-0.097060,1.564389,0.770388
2.004000,0.548821,0.504159,-0.025575,-1.674028,-0.097060,1.562911,0.770388
2.006000,0.548821,0.504159,-0.025575,-1.674243,-0.097060,1.561435,0.770388
2.008000,0.548821,0.504159,-0.025575,-1.674460,-0.097060,1.559963,0.770388
2.010000,0.548821,0.504159,-0.025575,-1.674678,-0.097060,1.558494,0.770388
2.012000,0.548821,0.504159,-0.025575,-1.674897,-0.097060,1.557027,0.770388
2.014000,0.548821,0.504159,-0.025575,-1.675117,-0.097060,1.555564,0.770388
2.016000,0.548821,0.504159,-0.025575,-1.675338,-0.097060,1.554104,0.770388
2.018000,0.548821,0.504159,-0.025575,-1.675560,-0.097060,1.552646,0.770388
2.020000,0.548821,0.504159,-0.025575,-1.675784,-0.097060,1.551192,0.770388
2.022000,0.548821,0.504159,-0.025575,-1.676009,-0.097060,1.549741,0.770388
2.024000,0.548821,0.504159,-0.025575,-1.676235,-0.097060,1.548293,0.770388
2.026000,0.548821,0.504159,-0.025575,-1.676462,-0.097060,1.546849,0.770388
2.028000,0.548821,0.504159,-0.025575,-1.676690,-0.097060,1.545407,0.770388
2.030000,0.548821,0.504159,-0.025575,-1.676919,-0.097060,1.543969,0.770388
2.032000,0.548821,0.504159,-0.025575,-1.677150,-0.097060,1.542534,0.770388
2.034000,0.548821,0.504159,-0.025575,-1.677382,-0.097060,1.541103,0.770388
2.036000,0.548821,0.504159,-0.025575,-1.677615,-0.097060,1.539675,0.770388
2.038000,0.548821,0.504159,-0.025575,-1.677849,-0.097060,1.538250,0.770388
2.040000,0.548821,0.504159,-0.025575,-1.678085,-0.097060,1.536829,0.770388
2.042000,0.548821,0.504159,-0.025575,-1.678322,-0.097060,1.535411,0.770388
2.044000,0.548821,0.504159,-0.025575,-1.678560,-0.097060,1.533996,0.770388
2.046000,0.548821,0.504159,-0.025575,-1.678679,-0.097060,1.533290,0.770388
2.048000,0.548821,0.504159,-0.025575,-1.679039,-0.097060,1.531178,0.770388
2.050000,0.548821,0.504159,-0.025575,-1.679280,-0.097060,1.529774,0.770388
2.052000,0.548821,0.504159,-0.025575,-1.679402,-0.097060,1.529073,0.770388
2.054000,0.548821,0.504159,-0.025575,-1.679645,-0.097060,1.527674,0.770388
2.056000,0.548821,0.504159,-0.025575,-1.679890,-0.097060,1.526279,0.770388
2.058000,0.548821,0.504159,-0.025575,-1.680135,-0.097060,1.524887,0.770388
2.060000,0.548821,0.504159,-0.025575,-1.680382,-0.097060,1.523499,0.770388
2.062000,0.548821,0.504159,-0.025575,-1.680631,-0.097060,1.522114,0.770388
2.064000,0.548821,0.504159,-0.025575,-1.680880,-0.097060,1.520733,0.770388
2.066000,0.548821,0.504159,-0.025575,-1.681131,-0.097060,1.519355,0.770388
2.068000,0.548821,0.504159,-0.025575,-1.681382,-0.097060,1.517981,0.770388
2.070000,0.548821,0.504159,-0.025575,-1.681635,-0.097060,1.516610,0.770388
2.072000,0.548821,0.504159,-0.025575,-1.681890,-0.097060,1.515243,0.770388
2.074000,0.548821,0.504159,-0.025575,-1.682145,-0.097060,1.513879,0.770388
2.076000,0.548821,0.504159,-0.025575,-1.682402,-0.097060,1.512520,0.770388
2.078000,0.548821,0.504159,-0.025575,-1.682660,-0.097060,1.511163,0.770388
2.080000,0.548821,0.504159,-0.025575,-1.682919,-0.097060,1.509811,0.770388
2.082000,0.548821,0.504159,-0.025575,-1.683179,-0.097060,1.508462,0.770388
2.084000,0.548821,0.504159,-0.025575,-1.683441,-0.097060,1.507116,0.770388
2.086000,0.548821,0.504159,-0.025575,-1.683704,-0.097060,1.505775,0.770388
2.088000,0.548821,0.504159,-0.025575,-1.683968,-0.097060,1.504437,0.770388
2.090000,0.548821,0.504159,-0.025575,-1.684233,-0.097060,1.503103,0.770388
2.092000,0.548821,0.504159,-0.025575,-1.684366,-0.097060,1.502437,0.770388
2.094000,0.548821,0.504159,-0.025575,-1.684634,-0.097060,1.501108,0.770388
2.096000,0.548821,0.504159,-0.025575,-1.684902,-0.097060,1.499783,0.770388
2.098000,0.548821,0.504159,-0.025575,-1.685171,-0.097060,1.498462,0.770388
2.100000,0.548821,0.504159,-0.025575,-1.685442,-0.097060,1.497144,0.770388
2.102000,0.548821,0.504159,-0.025575,-1.685714,-0.097060,1.495829,0.770388
2.104000,0.548821,0.504159,-0.025575,-1.685988,-0.097060,1.494519,0.770388
2.106000,0.548821,0.504159,-0.025575,-1.686262,-0.097060,1.493212,0.770388
2.108000,0.548821,0.504159,-0.025575,-1.686538,-0.097060,1.491908,0.770388
2.110000,0.548821,0.504159,-0.025575,-1.686815,-0.097060,1.490609,0.770388
2.112000,0.548821,0.504159,-0.025575,-1.687093,-0.097060,1.489313,0.770388
2.114000,0.548821,0.504159,-0.025575,-1.687372,-0.097060,1.488021,0.770388
2.116000,0.548821,0.504159,-0.025575,-1.687653,-0.097060,1.486733,0.770388
2.118000,0.548821,0.504159,-0.025575,-1.687935,-0.097060,1.485449,0.770388
2.120000,0.548821,0.504159,-0.025575,-1.688218,-0.097060,1.484170,0.770388
2.122000,0.548821,0.504159,-0.025575,-1.688503,-0.097060,1.482894,0.770388
2.124000,0.548821,0.504159,-0.025575,-1.688788,-0.097060,1.481622,0.770388
2.126000,0.548821,0.504159,-0.025575,-1.689075,-0.097060,1.480355,0.770388
2.128000,0.548821,0.504159,-0.025575,-1.689363,-0.097060,1.479092,0.770388
2.130000,0.548821,0.504159,-0.025575,-1.689508,-0.097060,1.478462,0.770388
2.132000,0.548821,0.504159,-0.025575,-1.689798,-0.097060,1.477206,0.770388
2.134000,0.548821,0.504159,-0.025575,-1.690089,-0.097060,1.475953,0.770388
2.136000,0.548821,0.504159,-0.025575,-1.690381,-0.097060,1.474705,0.770388
2.138000,0.548821,0.504159,-0.025575,-1.690675,-0.097060,1.473462,0.770388
2.140000,0.548821,0.504159,-0.025575,-1.690970,-0.097060,1.472223,0.770388
2.142000,0.548821,0.504159,-0.025575,-1.691266,-0.097060,1.470988,0.770388
2.144000,0.548821,0.504159,-0.025575,-1.691564,-0.097060,1.469757,0.770388
2.146000,0.548821,0.504159,-0.025575,-1.691863,-0.097060,1.468532,0.770388
2.148000,0.548821,0.504159,-0.025575,-1.692163,-0.097060,1.467310,0.770388
2.150000,0.548821,0.504159,-0.025575,-1.692464,-0.097060,1.466093,0.770388
2.152000,0.548821,0.504159,-0.025575,-1.692766,-0.097060,1.464881,0.770388
2.154000,0.548821,0.504159,-0.025575,-1.693070,-0.097060,1.463674,0.770388
2.156000,0.548821,0.504159,-0.025575,-1.693375,-0.097060,1.462471,0.770388
2.158000,0.548821,0.504159,-0.025575,-1.693681,-0.097060,1.461273,0.770388
2.160000,0.548821,0.504159,-0.025575,-1.693989,-0.097060,1.460080,0.770388
2.162000,0.548821,0.504159,-0.025575,-1.694297,-0.097060,1.458891,0.770388
2.164000,0.548821,0.504159,-0.025575,-1.694607,-0.097060,1.457707,0.770388
2.166000,0.548821,0.504159,-0.025575,-1.694918,-0.097060,1.456528,0.770388
2.168000,0.548821,0.504159,-0.025575,-1.695231,-0.097060,1.455354,0.770388
2.170000,0.548821,0.504159,-0.025575,-1.695545,-0.097060,1.454184,0.770388
2.172000,0.548821,0.504159,-0.025575,-1.695859,-0.097060,1.453020,0.770388
2.174000,0.548821,0.504159,-0.025575,-1.696176,-0.097060,1.451860,0.770388
2.176000,0.548821,0.504159,-0.025575,-1.696334,-0.097060,1.451282,0.770388
2.178000,0.548821,0.504159,-0.025575,-1.696652,-0.097060,1.450130,0.770388
2.180000,0.548821,0.504159,-0.025575,-1.696971,-0.097060,1.448982,0.770388
2.182000,0.548821,0.504159,-0.025575,-1.697292,-0.097060,1.447839,0.770388
2.184000,0.548821,0.504159,-0.025575,-1.697613,-0.097060,1.446701,0.770388
2.186000,0.548821,0.504159,-0.025575,-1.697936,-0.097060,1.445568,0.770388
2.188000,0.548821,0.504159,-0.025575,-1.698260,-0.097060,1.444440,0.770388
2.190000,0.548821,0.504159,-0.025575,-1.698586,-0.097060,1.443317,0.770388
2.192000,0.548821,0.504159,-0.025575,-1.698912,-0.097060,1.442199,0.770388
2.194000,0.548821,0.504159,-0.025575,-1.699240,-0.097060,1.441085,0.770388
2.196000,0.548821,0.504159,-0.025575,-1.699569,-0.097060,1.439977,0.770388
2.198000,0.548821,0.504159,-0.025575,-1.699899,-0.097060,1.438873,0.770388
2.200000,0.548821,0.504159,-0.025575,-1.700230,-0.097060,1.437774,0.770388
2.202000,0.548821,0.504159,-0.025575,-1.700563,-0.097060,1.436680,0.770388
2.204000,0.548821,0.504159,-0.025575,-1.700897,-0.097060,1.435592,0.770388
2.206000,0.548821,0.504159,-0.025575,-1.701232,-0.097060,1.434508,0.770388
2.208000,0.548821,0.504159,-0.025575,-1.701568,-0.097060,1.433429,0.770388
2.210000,0.548821,0.504159,-0.025575,-1.701905,-0.097060,1.432355,0.770388
2.212000,0.548821,0.504159,-0.025575,-1.702244,-0.097060,1.431286,0.770388
2.214000,0.548821,0.504159,-0.025575,-1.702584,-0.097060,1.430221,0.770388
2.216000,0.548821,0.504159,-0.025575,-1.702924,-0.097060,1.429162,0.770388
2.218000,0.548821,0.504159,-0.025575,-1.703267,-0.097060,1.428108,0.770388
2.220000,0.548821,0.504159,-0.025575,-1.703610,-0.097060,1.427059,0.770388
2.222000,0.548821,0.504159,-0.025575,-1.703954,-0.097060,1.426015,0.770388
2.224000,0.548821,0.504159,-0.025575,-1.704127,-0.097060,1.425494,0.770388
2.226000,0.548821,0.504159,-0.025575,-1.704473,-0.097060,1.424457,0.770388
2.228000,0.548821,0.504159,-0.025575,-1.704821,-0.097060,1.423425,0.770388
2.230000,0.548821,0.504159,-0.025575,-1.705169,-0.097060,1.422398,0.770388
2.232000,0.548821,0.504159,-0.025575,-1.705519,-0.097060,1.421376,0.770388
2.234000,0.548821,0.504159,-0.025575,-1.705870,-0.097060,1.420358,0.770388
2.236000,0.548821,0.504159,-0.025575,-1.706222,-0.097060,1.419346,0.770388
2.238000,0.548821,0.504159,-0.025575,-1.706575,-0.097060,1.418338,0.770388
2.240000,0.548821,0.504159,-0.025575,-1.706929,-0.097060,1.417335,0.770388
2.242000,0.548821,0.504159,-0.025575,-1.707285,-0.097060,1.416337,0.770388
2.244000,0.548821,0.504159,-0.025575,-1.707641,-0.097060,1.415344,0.770388
2.246000,0.548821,0.504159,-0.025575,-1.707999,-0.097060,1.414355,0.770388
2.248000,0.548821,0.504159,-0.025575,-1.708358,-0.097060,1.413371,0.770388
2.250000,0.548821,0.504159,-0.025575,-1.708718,-0.097060,1.412393,0.770388
2.252000,0.548821,0.504159,-0.025575,-1.709079,-0.097060,1.411419,0.770388
2.254000,0.548821,0.504159,-0.025575,-1.709442,-0.097060,1.410450,0.770388
2.256000,0.548821,0.504159,-0.025575,-1.709805,-0.097060,1.409487,0.770388
2.258000,0.548821,0.504159,-0.025575,-1.710170,-0.097060,1.408528,0.770388
2.260000,0.548821,0.504159,-0.025575,-1.710535,-0.097060,1.407575,0.770388
2.262000,0.548821,0.504159,-0.025575,-1.710902,-0.097060,1.406627,0.770388
2.264000,0.548821,0.504159,-0.025575,-1.711270,-0.097060,1.405684,0.770388
2.266000,0.548821,0.504159,-0.025575,-1.711639,-0.097060,1.404746,0.770388
2.268000,0.548821,0.504159,-0.025575,-1.712009,-0.097060,1.403814,0.770388
2.270000,0.548821,0.504159,-0.025575,-1.712380,-0.097060,1.402887,0.770388
2.272000,0.548821,0.504159,-0.025575,-1.712753,-0.097060,1.401965,0.770388
2.274000,0.548821,0.504159,-0.025575,-1.713126,-0.097060,1.401049,0.770388
2.276000,0.548821,0.504159,-0.025575,-1.713501,-0.097060,1.400138,0.770388
2.278000,0.548821,0.504159,-0.025575,-1.713876,-0.097060,1.399233,0.770388
2.280000,0.548821,0.504159,-0.025575,-1.714253,-0.097060,1.398333,0.770388
2.282000,0.548821,0.504159,-0.025575,-1.714631,-0.097060,1.397439,0.770388
2.284000,0.548821,0.504159,-0.025575,-1.715010,-0.097060,1.396550,0.770388
2.286000,0.548821,0.504159,-0.025575,-1.715390,-0.097060,1.395667,0.770388
2.288000,0.548821,0.504159,-0.025575,-1.715580,-0.097060,1.395227,0.770388
2.290000,0.548821,0.504159,-0.025575,-1.715962,-0.097060,1.394352,0.770388
2.292000,0.548821,0.504159,-0.025575,-1.716345,-0.097060,1.393483,0.770388
2.294000,0.548821,0.504159,-0.025575,-1.716728,-0.097060,1.392619,0.770388
2.296000,0.548821,0.504159,-0.025575,-1.717113,-0.097060,1.391761,0.770388
2.298000,0.548821,0.504159,-0.025575,-1.717499,-0.097060,1.390908,0.770388
2.300000,0.548821,0.504159,-0.025575,-1.717886,-0.097060,1.390061,0.770388
2.302000,0.548821,0.504159,-0.025575,-1.718274,-0.097060,1.389219,0.770388
2.304000,0.548821,0.504159,-0.025575,-1.718663,-0.097060,1.388383,0.770388
2.306000,0.548821,0.504159,-0.025575,-1.719053,-0.097060,1.387553,0.770388
2.308000,0.548821,0.504159,-0.025575,-1.719444,-0.097060,1.386728,0.770388
2.310000,0.548821,0.504159,-0.025575,-1.719836,-0.097060,1.385909,0.770388
2.312000,0.548821,0.504159,-0.025576,-1.720229,-0.097060,1.385096,0.770388
2.314000,0.548821,0.504159,-0.025576,-1.720623,-0.097060,1.384288,0.770388
2.316000,0.548821,0.504159,-0.025576,-1.721019,-0.097060,1.383486,0.770388
2.318000,0.548821,0.504159,-0.025576,-1.721415,-0.097060,1.382690,0.770388
2.320000,0.548821,0.504159,-0.025576,-1.721812,-0.097060,1.381899,0.770388
2.322000,0.548821,0.504159,-0.025576,-1.722210,-0.097060,1.381114,0.770388
2.324000,0.548821,0.504159,-0.025576,-1.722609,-0.097060,1.380335,0.770388
2.326000,0.548821,0.504159,-0.025577,-1.723009,-0.097060,1.379561,0.770388
2.328000,0.548821,0.504159,-0.025577,-1.723410,-0.097060,1.378793,0.770388
2.330000,0.548821,0.504159,-0.025577,-1.723812,-0.097060,1.378031,0.770388
2.332000,0.548821,0.504159,-0.025577,-1.724216,-0.097060,1.377274,0.770388
2.334000,0.548821,0.504159,-0.025578,-1.724620,-0.097060,1.376523,0.770388
2.336000,0.548821,0.504159,-0.025578,-1.725025,-0.097060,1.375778,0.770388
2.338000,0.548821,0.504159,-0.025578,-1.725227,-0.097060,1.375407,0.770388
2.340000,0.548821,0.504159,-0.025579,-1.725634,-0.097060,1.374670,0.770388
2.342000,0.548821,0.504159,-0.025579,-1.726041,-0.097060,1.373939,0.770388
2.344000,0.548821,0.504159,-0.025580,-1.726449,-0.097060,1.373214,0.770388
2.346000,0.548821,0.504159,-0.025580,-1.726859,-0.097060,1.372494,0.770388
2.348000,0.548821,0.504159,-0.025581,-1.727269,-0.097060,1.371779,0.770388
2.350000,0.548821,0.504159,-0.025581,-1.727680,-0.097060,1.371070,0.770388
2.352000,0.548821,0.504159,-0.025582,-1.728092,-0.097060,1.370367,0.770388
2.354000,0.548821,0.504159,-0.025583,-1.728505,-0.097060,1.369669,0.770388
2.356000,0.548821,0.504159,-0.025583,-1.728918,-0.097060,1.368977,0.770388
2.358000,0.548821,0.504159,-0.025584,-1.729333,-0.097060,1.368290,0.770388
2.360000,0.548821,0.504159,-0.025585,-1.729749,-0.097060,1.367609,0.770388
2.362000,0.548821,0.504159,-0.025586,-1.730165,-0.097060,1.366933,0.770388
2.364000,0.548821,0.504159,-0.025587,-1.730583,-0.097060,1.366263,0.770388
2.366000,0.548821,0.504159,-0.025588,-1.731001,-0.097060,1.365598,0.770388
2.368000,0.548821,0.504159,-0.025589,-1.731420,-0.097060,1.364939,0.770388
2.370000,0.548821,0.504159,-0.025590,-1.731840,-0.097060,1.364285,0.770388
2.372000,0.548821,0.504159,-0.025591,-1.732261,-0.097060,1.363637,0.770388
2.374000,0.548821,0.504159,-0.025592,-1.732682,-0.097060,1.362993,0.770388
2.376000,0.548821,0.504159,-0.025593,-1.733105,-0.097060,1.362356,0.770388
2.378000,0.548821,0.504159,-0.025594,-1.733528,-0.097060,1.361724,0.770388
2.380000,0.548821,0.504159,-0.025596,-1.733952,-0.097060,1.361097,0.770388
2.382000,0.548821,0.504159,-0.025597,-1.734377,-0.097060,1.360475,0.770388
2.384000,0.548821,0.504159,-0.025598,-1.734803,-0.097060,1.359859,0.770388
2.386000,0.548821,0.504159,-0.025600,-1.735230,-0.097060,1.359248,0.770388
2.388000,0.548821,0.504159,-0.025602,-1.735657,-0.097060,1.358643,0.770388
2.390000,0.548821,0.504159,-0.025603,-1.736085,-0.097060,1.358043,0.770388
2.392000,0.548821,0.504159,-0.025605,-1.736514,-0.097060,1.357448,0.770388
2.394000,0.548821,0.504159,-0.025607,-1.736944,-0.097060,1.356859,0.770388
2.396000,0.548821,0.504159,-0.025609,-1.737375,-0.097060,1.356275,0.770388
2.398000,0.548821,0.504159,-0.025610,-1.737806,-0.097060,1.355697,0.770388
2.400000,0.548821,0.504159,-0.025612,-1.738238,-0.097060,1.355124,0.770388
2.402000,0.548821,0.504159,-0.025614,-1.738671,-0.097060,1.354557,0.770388
2.404000,0.548821,0.504159,-0.025617,-1.739105,-0.097060,1.353995,0.770388
2.406000,0.548821,0.504159,-0.025619,-1.739539,-0.097060,1.353439,0.770388
2.408000,0.548821,0.504159,-0.025621,-1.739975,-0.097060,1.352889,0.770388
2.410000,0.548821,0.504159,-0.025624,-1.740411,-0.097060,1.352344,0.770388
2.412000,0.548821,0.504159,-0.025626,-1.740847,-0.097060,1.351805,0.770388
2.414000,0.548821,0.504159,-0.025628,-1.741285,-0.097060,1.351272,0.770388
2.416000,0.548821,0.504159,-0.025631,-1.741723,-0.097060,1.350744,0.770388
2.418000,0.548821,0.504159,-0.025634,-1.742162,-0.097060,1.350222,0.770388
2.420000,0.548821,0.504159,-0.025637,-1.742602,-0.097060,1.349706,0.770388
2.422000,0.548821,0.504159,-0.025640,-1.743042,-0.097060,1.349195,0.770388
2.424000,0.548821,0.504159,-0.025643,-1.743483,-0.097060,1.348691,0.770388
2.426000,0.548821,0.504159,-0.025646,-1.743925,-0.097060,1.348191,0.770388
2.428000,0.548821,0.504159,-0.025649,-1.744367,-0.097060,1.347698,0.770388
2.430000,0.548821,0.504159,-0.025652,-1.744810,-0.097060,1.347211,0.770388
2.432000,0.548821,0.504159,-0.025655,-1.745254,-0.097060,1.346729,0.770388
2.434000,0.548821,0.504159,-0.025659,-1.745699,-0.097060,1.346253,0.770388
2.436000,0.548821,0.504159,-0.025662,-1.746144,-0.097060,1.345782,0.770388
2.438000,0.548821,0.504159,-0.025666,-1.746590,-0.097060,1.345318,0.770388
2.440000,0.548821,0.504159,-0.025670,-1.747036,-0.097060,1.344859,0.770388
2.442000,0.548821,0.504159,-0.025674,-1.747483,-0.097060,1.344406,0.770388
2.444000,0.548821,0.504159,-0.025678,-1.747931,-0.097060,1.343959,0.770388
2.446000,0.548821,0.504159,-0.025682,-1.748380,-0.097060,1.343517,0.770388
2.448000,0.548821,0.504159,-0.025686,-1.748829,-0.097060,1.343081,0.770388
2.450000,0.548821,0.504159,-0.025690,-1.749278,-0.097060,1.342651,0.770388
2.452000,0.548821,0.504159,-0.025695,-1.749729,-0.097060,1.342227,0.770388
2.454000,0.548821,0.504159,-0.025699,-1.750179,-0.097060,1.341809,0.770388
2.456000,0.548821,0.504159,-0.025704,-1.750631,-0.097060,1.341396,0.770388
2.458000,0.548821,0.504159,-0.025709,-1.751083,-0.097060,1.340989,0.770388
2.460000,0.548821,0.504159,-0.025713,-1.751536,-0.097060,1.340588,0.770388
2.462000,0.548821,0.504159,-0.025718,-1.751989,-0.097060,1.340192,0.770388
2.464000,0.548821,0.504159,-0.025721,-1.752216,-0.097060,1.339996,0.770388
2.466000,0.548821,0.504159,-0.025726,-1.752670,-0.097060,1.339609,0.770388
2.468000,0.548821,0.504159,-0.025731,-1.753125,-0.097060,1.339228,0.770388
2.470000,0.548821,0.504159,-0.025737,-1.753580,-0.097060,1.338852,0.770388
2.472000,0.548821,0.504159,-0.025742,-1.754036,-0.097060,1.338482,0.770388
2.474000,0.548821,0.504159,-0.025748,-1.754492,-0.097060,1.338118,0.770388
2.476000,0.548821,0.504159,-0.025754,-1.754949,-0.097060,1.337759,0.770388
2.478000,0.548821,0.504159,-0.025760,-1.755406,-0.097060,1.337406,0.770388
2.480000,0.548821,0.504159,-0.025766,-1.755864,-0.097060,1.337058,0.770388
2.482000,0.548821,0.504159,-0.025772,-1.756322,-0.097060,1.336716,0.770388
2.484000,0.548821,0.504159,-0.025778,-1.756781,-0.097060,1.336379,0.770388
2.486000,0.548821,0.504159,-0.025785,-1.757241,-0.097060,1.336048,0.770388
2.488000,0.548821,0.504159,-0.025791,-1.757701,-0.097060,1.335723,0.770388
2.490000,0.548821,0.504159,-0.025798,-1.758161,-0.097060,1.335403,0.770388
2.492000,0.548821,0.504159,-0.025805,-1.758622,-0.097060,1.335089,0.770388
2.494000,0.548821,0.504159,-0.025812,-1.759083,-0.097060,1.334780,0.770388
2.496000,0.548821,0.504159,-0.025815,-1.759314,-0.097060,1.334627,0.770388
2.498000,0.548821,0.504159,-0.025826,-1.760007,-0.097060,1.334178,0.770388
2.500000,0.548821,0.504159,-0.025834,-1.760470,-0.097060,1.333885,0.770388
2.502000,0.548821,0.504159,-0.025841,-1.760933,-0.097060,1.333598,0.770388
2.504000,0.548821,0.504159,-0.025849,-1.761397,-0.097060,1.333316,0.770388
2.506000,0.548821,0.504159,-0.025857,-1.761861,-0.097060,1.333039,0.770388
2.508000,0.548821,0.504159,-0.025865,-1.762325,-0.097060,1.332768,0.770388
2.510000,0.548821,0.504159,-0.025869,-1.762558,-0.097060,1.332634,0.770388
2.512000,0.548821,0.504159,-0.025877,-1.763023,-0.097060,1.332371,0.770388
2.514000,0.548821,0.504159,-0.025885,-1.763488,-0.097060,1.332113,0.770388
2.516000,0.548821,0.504159,-0.025894,-1.763954,-0.097060,1.331860,0.770388
2.518000,0.548821,0.504159,-0.025903,-1.764420,-0.097060,1.331613,0.770388
2.520000,0.548821,0.504159,-0.025911,-1.764887,-0.097060,1.331370,0.770388
2.522000,0.548821,0.504159,-0.025920,-1.765354,-0.097060,1.331133,0.770388
2.524000,0.548821,0.504159,-0.025929,-1.765821,-0.097060,1.330901,0.770388
2.526000,0.548821,0.504159,-0.025939,-1.766289,-0.097060,1.330674,0.770388
2.528000,0.548821,0.504159,-0.025948,-1.766757,-0.097060,1.330452,0.770388
2.530000,0.548821,0.504159,-0.025958,-1.767225,-0.097060,1.330235,0.770388
2.532000,0.548821,0.504159,-0.025967,-1.767694,-0.097060,1.330024,0.770388
2.534000,0.548821,0.504159,-0.025977,-1.768163,-0.097060,1.329817,0.770388
2.536000,0.548821,0.504159,-0.025987,-1.768633,-0.097060,1.329616,0.770388
2.538000,0.548821,0.504159,-0.025998,-1.769102,-0.097060,1.329420,0.770388
2.540000,0.548821,0.504159,-0.026008,-1.769572,-0.097060,1.329229,0.770388
2.542000,0.548821,0.504159,-0.026019,-1.770043,-0.097060,1.329044,0.770388
2.544000,0.548821,0.504159,-0.026029,-1.770513,-0.097060,1.328864,0.770388
2.546000,0.548821,0.504159,-0.026040,-1.770984,-0.097060,1.328689,0.770388
2.548000,0.548821,0.504159,-0.026052,-1.771456,-0.097060,1.328519,0.770388
2.550000,0.548821,0.504159,-0.026063,-1.771927,-0.097060,1.328355,0.770388
2.552000,0.548821,0.504159,-0.026074,-1.772399,-0.097060,1.328195,0.770388
2.554000,0.548821,0.504159,-0.026086,-1.772871,-0.097060,1.328041,0.770388
2.556000,0.548821,0.504159,-0.026098,-1.773343,-0.097060,1.327893,0.770388
2.558000,0.548821,0.504159,-0.026110,-1.773816,-0.097060,1.327750,0.770388
2.560000,0.548821,0.504159,-0.026122,-1.774289,-0.097060,1.327612,0.770388
2.562000,0.548821,0.504159,-0.026134,-1.774762,-0.097060,1.327479,0.770388
2.564000,0.548821,0.504159,-0.026147,-1.775235,-0.097060,1.327351,0.770388
2.566000,0.548821,0.504159,-0.026160,-1.775709,-0.097060,1.327229,0.770388
2.568000,0.548821,0.504159,-0.026172,-1.776183,-0.097060,1.327113,0.770388
2.570000,0.548821,0.504159,-0.026186,-1.776657,-0.097060,1.327001,0.770388
2.572000,0.548821,0.504159,-0.026199,-1.777131,-0.097060,1.326895,0.770388
2.574000,0.548821,0.504159,-0.026212,-1.777606,-0.097060,1.326794,0.770388
2.576000,0.548821,0.504159,-0.026226,-1.778080,-0.097060,1.326698,0.770388
2.578000,0.548821,0.504159,-0.026240,-1.778555,-0.097060,1.326608,0.770388
2.580000,0.548821,0.504159,-0.026254,-1.779030,-0.097060,1.326523,0.770388
2.582000,0.548821,0.504159,-0.026268,-1.779505,-0.097060,1.326443,0.770388
2.584000,0.548821,0.504159,-0.026283,-1.779981,-0.097060,1.326368,0.770388
2.586000,0.548821,0.504159,-0.026298,-1.780456,-0.097060,1.326299,0.770388
2.588000,0.548821,0.504159,-0.026312,-1.780932,-0.097060,1.326235,0.770388
2.590000,0.548821,0.504159,-0.026328,-1.781408,-0.097060,1.326176,0.770388
2.592000,0.548821,0.504159,-0.026343,-1.781884,-0.097060,1.326123,0.770388
2.594000,0.548821,0.504159,-0.026358,-1.782360,-0.097060,1.326074,0.770388
2.596000,0.548821,0.504159,-0.026374,-1.782837,-0.097060,1.326031,0.770388
2.598000,0.548821,0.504159,-0.026390,-1.783313,-0.097060,1.325993,0.770388
2.600000,0.548821,0.504159,-0.026406,-1.783790,-0.097060,1.325960,0.770388
2.602000,0.548821,0.504159,-0.026423,-1.784267,-0.097060,1.325933,0.770388
2.604000,0.548821,0.504159,-0.026439,-1.784743,-0.097060,1.325910,0.770388
2.606000,0.548821,0.504159,-0.026456,-1.785220,-0.097060,1.325893,0.770388
2.608000,0.548821,0.504159,-0.026473,-1.785697,-0.097060,1.325881,0.770388
2.610000,0.548821,0.504159,-0.026490,-1.786174,-0.097060,1.325874,0.770388
2.612000,0.548821,0.504159,-0.026507,-1.786652,-0.097060,1.325872,0.770388
2.614000,0.548821,0.504159,-0.026525,-1.787129,-0.097060,1.325872,0.770388
2.616000,0.548821,0.504159,-0.026543,-1.787605,-0.097060,1.325872,0.770388
2.618000,0.548821,0.504159,-0.026561,-1.788081,-0.097060,1.325872,0.770388
2.620000,0.548821,0.504159,-0.026579,-1.788557,-0.097060,1.325872,0.770388
2.622000,0.548821,0.504159,-0.026597,-1.789032,-0.097060,1.325872,0.770388
2.624000,0.548821,0.504159,-0.026616,-1.789507,-0.097060,1.325872,0.770388
2.626000,0.548821,0.504159,-0.026635,-1.789982,-0.097060,1.325872,0.770388
2.628000,0.548821,0.504159,-0.026654,-1.790456,-0.097060,1.325872,0.770388
2.630000,0.548821,0.504159,-0.026673,-1.790929,-0.097060,1.325872,0.770388
2.632000,0.548821,0.504159,-0.026692,-1.791403,-0.097060,1.325872,0.770388
2.634000,0.548821,0.504159,-0.026712,-1.791875,-0.097060,1.325872,0.770388
2.636000,0.548821,0.504159,-0.026731,-1.792347,-0.097060,1.325872,0.770388
2.638000,0.548821,0.504159,-0.026751,-1.792819,-0.097060,1.325872,0.770388
2.640000,0.548821,0.504159,-0.026771,-1.793290,-0.097060,1.325872,0.770388
2.642000,0.548821,0.504159,-0.026792,-1.793761,-0.097060,1.325872,0.770388
2.644000,0.548821,0.504159,-0.026812,-1.794232,-0.097060,1.325872,0.770388
2.646000,0.548821,0.504159,-0.026833,-1.794701,-0.097060,1.325872,0.770388
2.648000,0.548821,0.504159,-0.026854,-1.795171,-0.097060,1.325872,0.770388
2.650000,0.548821,0.504159,-0.026864,-1.795405,-0.097060,1.325872,0.770388
2.652000,0.548821,0.504159,-0.026885,-1.795874,-0.097060,1.325872,0.770388
2.654000,0.548821,0.504159,-0.026907,-1.796342,-0.097060,1.325872,0.770388
2.656000,0.548821,0.504159,-0.026928,-1.796809,-0.097060,1.325872,0.770388
2.658000,0.548821,0.504159,-0.026928,-1.796809,-0.097060,1.325872,0.770388
2.660000,0.548821,0.504159,-0.026950,-1.797276,-0.097060,1.325872,0.770388
2.662000,0.548821,0.504159,-0.026972,-1.797742,-0.097060,1.325872,0.770388
2.664000,0.548821,0.504159,-0.027006,-1.798441,-0.097060,1.325872,0.770388
2.666000,0.548821,0.504159,-0.027028,-1.798906,-0.097060,1.325872,0.770388
2.668000,0.548821,0.504159,-0.027040,-1.799139,-0.097060,1.325872,0.770388
2.670000,0.548821,0.504159,-0.027062,-1.799603,-0.097060,1.325872,0.770388
2.672000,0.548821,0.504159,-0.027086,-1.800066,-0.097060,1.325872,0.770388
2.674000,0.548821,0.504159,-0.027109,-1.800530,-0.097060,1.325872,0.770388
2.676000,0.548821,0.504159,-0.027132,-1.800992,-0.097060,1.325872,0.770388
2.678000,0.548821,0.504159,-0.027156,-1.801454,-0.097060,1.325872,0.770388
2.680000,0.548821,0.504159,-0.027180,-1.801915,-0.097060,1.325872,0.770388
2.682000,0.548821,0.504159,-0.027204,-1.802376,-0.097060,1.325872,0.770388
2.684000,0.548821,0.504159,-0.027229,-1.802836,-0.097060,1.325872,0.770388
2.686000,0.548821,0.504159,-0.027253,-1.803296,-0.097060,1.325872,0.770388
2.688000,0.548821,0.504159,-0.027278,-1.803754,-0.097060,1.325872,0.770388
2.690000,0.548821,0.504159,-0.027303,-1.804213,-0.097060,1.325872,0.770388
2.692000,0.548821,0.504159,-0.027329,-1.804670,-0.097060,1.325872,0.770388
2.694000,0.548821,0.504159,-0.027354,-1.805127,-0.097060,1.325872,0.770388
2.696000,0.548821,0.504159,-0.027367,-1.805355,-0.097060,1.325872,0.770388
2.698000,0.548821,0.504159,-0.027406,-1.806039,-0.097060,1.325872,0.770388
2.700000,0.548821,0.504159,-0.027432,-1.806494,-0.097060,1.325872,0.770388
2.702000,0.548821,0.504159,-0.027445,-1.806721,-0.097060,1.325872,0.770388
2.704000,0.548821,0.504159,-0.027472,-1.807175,-0.097060,1.325872,0.770388
2.706000,0.548821,0.504159,-0.027499,-1.807628,-0.097060,1.325872,0.770388
2.708000,0.548821,0.504159,-0.027526,-1.808081,-0.097060,1.325872,0.770388
2.710000,0.548821,0.504159,-0.027553,-1.808533,-0.097060,1.325872,0.770388
2.712000,0.548821,0.504159,-0.027581,-1.808984,-0.097060,1.325872,0.770388
2.714000,0.548821,0.504159,-0.027609,-1.809434,-0.097060,1.325872,0.770388
2.716000,0.548821,0.504159,-0.027637,-1.809884,-0.097060,1.325872,0.770388
2.718000,0.548821,0.504159,-0.027665,-1.810333,-0.097060,1.325872,0.770388
2.720000,0.548821,0.504159,-0.027694,-1.810781,-0.097060,1.325872,0.770388
2.722000,0.548821,0.504159,-0.027722,-1.811228,-0.097060,1.325872,0.770388
2.724000,0.548821,0.504159,-0.027751,-1.811675,-0.097060,1.325872,0.770388
2.726000,0.548821,0.504160,-0.027781,-1.812120,-0.097060,1.325872,0.770388
2.728000,0.548821,0.504160,-0.027810,-1.812565,-0.097060,1.325872,0.770388
2.730000,0.548821,0.504160,-0.027840,-1.813009,-0.097060,1.325872,0.770388
2.732000,0.548821,0.504161,-0.027870,-1.813453,-0.097060,1.325872,0.770388
2.734000,0.548821,0.504161,-0.027900,-1.813895,-0.097060,1.325872,0.770388
2.736000,0.548821,0.504162,-0.027931,-1.814336,-0.097060,1.325872,0.770388
2.738000,0.548821,0.504163,-0.027962,-1.814777,-0.097060,1.325872,0.770388
2.740000,0.548821,0.504163,-0.027993,-1.815216,-0.097060,1.325872,0.770388
2.742000,0.548821,0.504164,-0.028024,-1.815655,-0.097060,1.325872,0.770388
2.744000,0.548821,0.504165,-0.028056,-1.816093,-0.097060,1.325872,0.770388
2.746000,0.548821,0.504166,-0.028087,-1.816530,-0.097060,1.325872,0.770388
2.748000,0.548821,0.504167,-0.028120,-1.816966,-0.097060,1.325872,0.770388
2.750000,0.548821,0.504168,-0.028152,-1.817401,-0.097060,1.325872,0.770388
2.752000,0.548821,0.504170,-0.028185,-1.817835,-0.097060,1.325872,0.770388
2.754000,0.548821,0.504171,-0.028217,-1.818268,-0.097060,1.325872,0.770388
2.756000,0.548821,0.504173,-0.028251,-1.818700,-0.097060,1.325872,0.770388
2.758000,0.548821,0.504174,-0.028284,-1.819131,-0.097060,1.325872,0.770388
2.760000,0.548821,0.504175,-0.028301,-1.819346,-0.097060,1.325872,0.770388
2.762000,0.548821,0.504178,-0.028352,-1.819990,-0.097060,1.325872,0.770388
2.764000,0.548821,0.504179,-0.028369,-1.820204,-0.097060,1.325872,0.770388
2.766000,0.548821,0.504181,-0.028403,-1.820632,-0.097060,1.325872,0.770388
2.768000,0.548821,0.504184,-0.028438,-1.821058,-0.097060,1.325872,0.770388
2.770000,0.548821,0.504186,-0.028473,-1.821484,-0.097060,1.325872,0.770388
2.772000,0.548821,0.504189,-0.028508,-1.821908,-0.097060,1.325872,0.770388
2.774000,0.548821,0.504191,-0.028543,-1.822331,-0.097060,1.325872,0.770388
2.776000,0.548821,0.504194,-0.028579,-1.822754,-0.097060,1.325872,0.770388
2.778000,0.548821,0.504197,-0.028615,-1.823175,-0.097060,1.325872,0.770388
2.780000,0.548821,0.504200,-0.028651,-1.823595,-0.097060,1.325872,0.770388
2.782000,0.548821,0.504204,-0.028688,-1.824013,-0.097060,1.325872,0.770388
2.784000,0.548821,0.504207,-0.028725,-1.824431,-0.097060,1.325872,0.770388
2.786000,0.548821,0.504211,-0.028762,-1.824848,-0.097060,1.325872,0.770388
2.788000,0.548821,0.504215,-0.028799,-1.825263,-0.097060,1.325872,0.770388
2.790000,0.548821,0.504219,-0.028837,-1.825677,-0.097060,1.325872,0.770388
2.792000,0.548821,0.504223,-0.028875,-1.826091,-0.097060,1.325872,0.770388
2.794000,0.548821,0.504228,-0.028913,-1.826502,-0.097060,1.325872,0.770388
2.796000,0.548821,0.504230,-0.028932,-1.826708,-0.097060,1.325872,0.770388
2.798000,0.548821,0.504237,-0.028991,-1.827323,-0.097060,1.325872,0.770388
2.800000,0.548821,0.504242,-0.029030,-1.827731,-0.097060,1.325872,0.770388
2.802000,0.548821,0.504248,-0.029069,-1.828138,-0.097060,1.325872,0.770388
2.804000,0.548821,0.504250,-0.029089,-1.828341,-0.097060,1.325872,0.770388
2.806000,0.548821,0.504256,-0.029129,-1.828746,-0.097060,1.325872,0.770388
2.808000,0.548821,0.504262,-0.029169,-1.829150,-0.097060,1.325872,0.770388
2.810000,0.548821,0.504268,-0.029209,-1.829553,-0.097060,1.325872,0.770388
2.812000,0.548821,0.504274,-0.029250,-1.829955,-0.097061,1.325872,0.770388
2.814000,0.548821,0.504280,-0.029291,-1.830355,-0.097061,1.325872,0.770388
2.816000,0.548821,0.504287,-0.029332,-1.830754,-0.097062,1.325872,0.770388
2.818000,0.548821,0.504294,-0.029374,-1.831151,-0.097063,1.325872,0.770388
2.820000,0.548821,0.504301,-0.029416,-1.831547,-0.097064,1.325872,0.770388
2.822000,0.548821,0.504309,-0.029458,-1.831942,-0.097065,1.325872,0.770388
2.824000,0.548821,0.504316,-0.029500,-1.832336,-0.097067,1.325872,0.770388
2.826000,0.548821,0.504320,-0.029521,-1.832532,-0.097068,1.325872,0.770388
2.828000,0.548821,0.504328,-0.029564,-1.832924,-0.097071,1.325872,0.770388
2.830000,0.548821,0.504332,-0.029586,-1.833119,-0.097072,1.325872,0.770388
2.832000,0.548821,0.504350,-0.029672,-1.833896,-0.097080,1.325872,0.770388
2.834000,0.548821,0.504359,-0.029716,-1.834283,-0.097084,1.325872,0.770388
2.836000,0.548821,0.504368,-0.029760,-1.834668,-0.097090,1.325872,0.770388
2.838000,0.548821,0.504378,-0.029804,-1.835052,-0.097095,1.325872,0.770388
2.840000,0.548821,0.504388,-0.029848,-1.835435,-0.097102,1.325872,0.770388
2.842000,0.548821,0.504398,-0.029893,-1.835815,-0.097109,1.325872,0.770388
2.844000,0.548821,0.504408,-0.029938,-1.836195,-0.097117,1.325872,0.770388
2.846000,0.548821,0.504419,-0.029983,-1.836573,-0.097126,1.325872,0.770388
2.848000,0.548821,0.504430,-0.030029,-1.836949,-0.097136,1.325872,0.770388
2.850000,0.548821,0.504442,-0.030074,-1.837324,-0.097147,1.325872,0.770388
2.852000,0.548821,0.504453,-0.030120,-1.837697,-0.097158,1.325872,0.770388
2.854000,0.548821,0.504466,-0.030166,-1.838069,-0.097171,1.325872,0.770388
2.856000,0.548821,0.504478,-0.030212,-1.838440,-0.097184,1.325872,0.770388
2.858000,0.548821,0.504491,-0.030259,-1.838809,-0.097199,1.325872,0.770388
2.860000,0.548821,0.504504,-0.030306,-1.839176,-0.097214,1.325872,0.770388
2.862000,0.548821,0.504517,-0.030353,-1.839541,-0.097231,1.325872,0.770388
2.864000,0.548821,0.504531,-0.030400,-1.839905,-0.097248,1.325872,0.770388
2.866000,0.548821,0.504545,-0.030448,-1.840268,-0.097267,1.325872,0.770388
2.868000,0.548821,0.504560,-0.030495,-1.840629,-0.097287,1.325872,0.770388
2.870000,0.548821,0.504575,-0.030543,-1.840988,-0.097307,1.325872,0.770388
2.872000,0.548821,0.504590,-0.030592,-1.841346,-0.097329,1.325872,0.770388
2.874000,0.548821,0.504606,-0.030640,-1.841702,-0.097353,1.325872,0.770388
2.876000,0.548821,0.504621,-0.030689,-1.842056,-0.097377,1.325872,0.770388
2.878000,0.548821,0.504630,-0.030713,-1.842233,-0.097390,1.325872,0.770388
2.880000,0.548821,0.504646,-0.030762,-1.842585,-0.097416,1.325872,0.770388
2.882000,0.548821,0.504663,-0.030811,-1.842935,-0.097443,1.325872,0.770388
2.884000,0.548821,0.504680,-0.030860,-1.843283,-0.097472,1.325872,0.770388
2.886000,0.548821,0.504698,-0.030910,-1.843630,-0.097502,1.325872,0.770388
2.888000,0.548821,0.504716,-0.030960,-1.843976,-0.097533,1.325872,0.770388
2.890000,0.548821,0.504735,-0.031010,-1.844319,-0.097566,1.325872,0.770388
2.892000,0.548821,0.504754,-0.031060,-1.844661,-0.097600,1.325872,0.770388
2.894000,0.548821,0.504773,-0.031110,-1.845001,-0.097636,1.325872,0.770388
2.896000,0.548821,0.504793,-0.031161,-1.845339,-0.097673,1.325872,0.770388
2.898000,0.548821,0.504813,-0.031212,-1.845676,-0.097711,1.325872,0.770388
2.900000,0.548821,0.504833,-0.031262,-1.846011,-0.097750,1.325872,0.770388
2.902000,0.548821,0.504854,-0.031314,-1.846344,-0.097791,1.325872,0.770388
2.904000,0.548821,0.504875,-0.031365,-1.846675,-0.097834,1.325872,0.770388
2.906000,0.548821,0.504897,-0.031417,-1.847004,-0.097878,1.325872,0.770388
2.908000,0.548821,0.504919,-0.031468,-1.847332,-0.097923,1.325872,0.770388
2.910000,0.548821,0.504942,-0.031520,-1.847658,-0.097970,1.325872,0.770388
2.912000,0.548821,0.504965,-0.031573,-1.847982,-0.098018,1.325872,0.770388
2.914000,0.548821,0.504989,-0.031625,-1.848304,-0.098068,1.325872,0.770388
2.916000,0.548821,0.505013,-0.031677,-1.848625,-0.098119,1.325872,0.770388
2.918000,0.548821,0.505037,-0.031730,-1.848944,-0.098172,1.325872,0.770388
2.920000,0.548821,0.505049,-0.031757,-1.849102,-0.098199,1.325872,0.770388
2.922000,0.548821,0.505075,-0.031810,-1.849418,-0.098254,1.325872,0.770388
2.924000,0.548821,0.505100,-0.031863,-1.849732,-0.098311,1.325872,0.770388
2.926000,0.548821,0.505126,-0.031916,-1.850045,-0.098369,1.325872,0.770388
2.928000,0.548821,0.505153,-0.031970,-1.850355,-0.098428,1.325872,0.770388
2.930000,0.548821,0.505180,-0.032024,-1.850663,-0.098490,1.325872,0.770388
2.932000,0.548821,0.505207,-0.032078,-1.850970,-0.098552,1.325872,0.770388
2.934000,0.548821,0.505235,-0.032132,-1.851275,-0.098617,1.325872,0.770388
2.936000,0.548821,0.505263,-0.032186,-1.851578,-0.098682,1.325872,0.770388
2.938000,0.548821,0.505292,-0.032240,-1.851879,-0.098750,1.325872,0.770388
2.940000,0.548821,0.505321,-0.032295,-1.852178,-0.098819,1.325872,0.770388
2.942000,0.548821,0.505351,-0.032350,-1.852475,-0.098889,1.325872,0.770388
2.944000,0.548821,0.505381,-0.032405,-1.852770,-0.098962,1.325872,0.770388
2.946000,0.548821,0.505412,-0.032460,-1.853063,-0.099035,1.325872,0.770388
2.948000,0.548821,0.505443,-0.032516,-1.853354,-0.099111,1.325872,0.770388
2.950000,0.548821,0.505475,-0.032571,-1.853644,-0.099188,1.325872,0.770388
2.952000,0.548821,0.505507,-0.032627,-1.853931,-0.099266,1.325872,0.770388
2.954000,0.548821,0.505540,-0.032683,-1.854217,-0.099346,1.325872,0.770388
2.956000,0.548821,0.505573,-0.032739,-1.854500,-0.099428,1.325872,0.770388
2.958000,0.548821,0.505607,-0.032795,-1.854782,-0.099511,1.325872,0.770388
2.960000,0.548821,0.505641,-0.032852,-1.855061,-0.099596,1.325872,0.770388
2.962000,0.548821,0.505676,-0.032908,-1.855339,-0.099683,1.325872,0.770388
2.964000,0.548821,0.505694,-0.032936,-1.855477,-0.099727,1.325872,0.770388
2.966000,0.548821,0.505729,-0.032993,-1.855751,-0.099816,1.325872,0.770388
2.968000,0.548821,0.505765,-0.033050,-1.856023,-0.099907,1.325872,0.770388
2.970000,0.548821,0.505802,-0.033107,-1.856294,-0.100000,1.325872,0.770388
2.972000,0.548821,0.505839,-0.033165,-1.856562,-0.100094,1.325872,0.770388
2.974000,0.548821,0.505877,-0.033222,-1.856828,-0.100191,1.325872,0.770388
2.976000,0.548821,0.505915,-0.033280,-1.857092,-0.100288,1.325872,0.770388
2.978000,0.548821,0.505954,-0.033338,-1.857354,-0.100388,1.325872,0.770388
2.980000,0.548821,0.505993,-0.033396,-1.857614,-0.100490,1.325872,0.770388
2.982000,0.548821,0.506033,-0.033454,-1.857872,-0.100593,1.325872,0.770388
2.984000,0.548821,0.506074,-0.033512,-1.858128,-0.100698,1.325872,0.770388
2.986000,0.548821,0.506115,-0.033570,-1.858382,-0.100804,1.325872,0.770388
2.988000,0.548821,0.506157,-0.033629,-1.858633,-0.100913,1.325872,0.770388
2.990000,0.548821,0.506199,-0.033688,-1.858883,-0.101023,1.325872,0.770388
2.992000,0.548821,0.506242,-0.033746,-1.859130,-0.101135,1.325872,0.770388
2.994000,0.548821,0.506285,-0.033805,-1.859375,-0.101248,1.325872,0.770388
2.996000,0.548821,0.506329,-0.033865,-1.859618,-0.101364,1.325872,0.770388
2.998000,0.548821,0.506373,-0.033924,-1.859859,-0.101481,1.325872,0.770388
3.000000,0.548821,0.506419,-0.033983,-1.860097,-0.101600,1.325872,0.770388
3.002000,0.548821,0.506464,-0.034043,-1.860333,-0.101721,1.325872,0.770388
3.004000,0.548821,0.506511,-0.034103,-1.860568,-0.101844,1.325872,0.770388
3.006000,0.548821,0.506558,-0.034163,-1.860800,-0.101968,1.325872,0.770388
3.008000,0.548821,0.506605,-0.034223,-1.861029,-0.102094,1.325872,0.770388
3.010000,0.548821,0.506653,-0.034283,-1.861257,-0.102222,1.325872,0.770388
3.012000,0.548821,0.506702,-0.034343,-1.861482,-0.102351,1.325872,0.770388
3.014000,0.548821,0.506752,-0.034404,-1.861705,-0.102483,1.325872,0.770388
3.016000,0.548821,0.506802,-0.034464,-1.861926,-0.102616,1.325872,0.770388
3.018000,0.548821,0.506852,-0.034525,-1.862144,-0.102751,1.325872,0.770388
3.020000,0.548821,0.506903,-0.034586,-1.862361,-0.102887,1.325872,0.770388
3.022000,0.548821,0.506955,-0.034647,-1.862575,-0.103025,1.325872,0.770388
3.024000,0.548821,0.507008,-0.034708,-1.862787,-0.103165,1.325872,0.770388
3.026000,0.548821,0.507061,-0.034769,-1.862996,-0.103307,1.325872,0.770388
3.028000,0.548821,0.507115,-0.034831,-1.863203,-0.103451,1.325872,0.770388
3.030000,0.548821,0.507169,-0.034892,-1.863408,-0.103596,1.325872,0.770388
3.032000,0.548821,0.507224,-0.034954,-1.863611,-0.103743,1.325872,0.770388
3.034000,0.548821,0.507280,-0.035016,-1.863811,-0.103891,1.325872,0.770388
3.036000,0.548821,0.507336,-0.035078,-1.864009,-0.104041,1.325872,0.770388
3.038000,0.548821,0.507393,-0.035140,-1.864205,-0.104193,1.325872,0.770388
3.040000,0.548821,0.507451,-0.035202,-1.864398,-0.104347,1.325872,0.770388
3.042000,0.548821,0.507509,-0.035265,-1.864589,-0.104502,1.325872,0.770388
3.044000,0.548821,0.507539,-0.035296,-1.864683,-0.104580,1.325872,0.770388
3.046000,0.548821,0.507598,-0.035358,-1.864871,-0.104738,1.325872,0.770388
3.048000,0.548821,0.507658,-0.035421,-1.865056,-0.104897,1.325872,0.770388
3.050000,0.548821,0.507719,-0.035484,-1.865239,-0.105058,1.325872,0.770388
3.052000,0.548821,0.507780,-0.035547,-1.865419,-0.105221,1.325872,0.770388
3.054000,0.548821,0.507842,-0.035610,-1.865597,-0.105386,1.325872,0.770388
3.056000,0.548821,0.507905,-0.035673,-1.865773,-0.105552,1.325872,0.770388
3.058000,0.548821,0.507968,-0.035737,-1.865946,-0.105719,1.325872,0.770388
3.060000,0.548821,0.508032,-0.035800,-1.866117,-0.105888,1.325872,0.770388
3.062000,0.548821,0.508097,-0.035864,-1.866286,-0.106059,1.325872,0.770388
3.064000,0.548821,0.508162,-0.035928,-1.866452,-0.106232,1.325872,0.770388
3.066000,0.548821,0.508228,-0.035991,-1.866615,-0.106406,1.325872,0.770388
3.068000,0.548821,0.508295,-0.036055,-1.866777,-0.106581,1.325872,0.770388
3.070000,0.548821,0.508363,-0.036120,-1.866936,-0.106759,1.325872,0.770388
3.072000,0.548821,0.508431,-0.036184,-1.867092,-0.106937,1.325872,0.770388
3.074000,0.548821,0.508431,-0.036184,-1.867092,-0.106937,1.325872,0.770388
3.076000,0.548821,0.508569,-0.036313,-1.867398,-0.107299,1.325872,0.770388
3.078000,0.548821,0.508639,-0.036377,-1.867547,-0.107483,1.325872,0.770388
3.080000,0.548821,0.508710,-0.036442,-1.867694,-0.107668,1.325872,0.770388
3.082000,0.548821,0.508782,-0.036507,-1.867838,-0.107854,1.325872,0.770388
3.084000,0.548821,0.508854,-0.036572,-1.867980,-0.108042,1.325872,0.770388
3.086000,0.548821,0.508928,-0.036637,-1.868119,-0.108231,1.325872,0.770388
3.088000,0.548821,0.509001,-0.036702,-1.868256,-0.108422,1.325872,0.770388
3.090000,0.548821,0.509076,-0.036768,-1.868390,-0.108614,1.325872,0.770388
3.092000,0.548821,0.509151,-0.036833,-1.868522,-0.108808,1.325872,0.770388
3.094000,0.548821,0.509227,-0.036899,-1.868652,-0.109003,1.325872,0.770388
3.096000,0.548821,0.509304,-0.036965,-1.868779,-0.109199,1.325872,0.770388
3.098000,0.548821,0.509381,-0.037031,-1.868903,-0.109397,1.325872,0.770388
3.100000,0.548821,0.509459,-0.037097,-1.869025,-0.109597,1.325872,0.770388
3.102000,0.548821,0.509538,-0.037163,-1.869145,-0.109798,1.325872,0.770388
3.104000,0.548821,0.509618,-0.037229,-1.869262,-0.110001,1.325872,0.770388
3.106000,0.548821,0.509698,-0.037295,-1.869376,-0.110205,1.325872,0.770388
3.108000,0.548821,0.509780,-0.037362,-1.869488,-0.110411,1.325872,0.770388
3.110000,0.548821,0.509861,-0.037428,-1.869597,-0.110618,1.325872,0.770388
3.112000,0.548821,0.509944,-0.037495,-1.869704,-0.110827,1.325872,0.770388
3.114000,0.548821,0.510028,-0.037562,-1.869808,-0.111037,1.325872,0.770388
3.116000,0.548821,0.510112,-0.037629,-1.869909,-0.111249,1.325872,0.770388
3.118000,0.548821,0.510197,-0.037696,-1.870008,-0.111462,1.325872,0.770388
3.120000,0.548821,0.510283,-0.037763,-1.870104,-0.111677,1.325872,0.770388
3.122000,0.548821,0.510369,-0.037830,-1.870198,-0.111893,1.325872,0.770388
3.124000,0.548821,0.510456,-0.037897,-1.870289,-0.112111,1.325872,0.770388
3.126000,0.548821,0.510545,-0.037965,-1.870377,-0.112331,1.325872,0.770388
3.128000,0.548821,0.510589,-0.037999,-1.870420,-0.112441,1.325872,0.770388
3.130000,0.548821,0.510678,-0.038066,-1.870504,-0.112663,1.325872,0.770388
3.132000,0.548821,0.510768,-0.038134,-1.870586,-0.112886,1.325872,0.770388
3.134000,0.548821,0.510859,-0.038202,-1.870665,-0.113111,1.325872,0.770388
3.136000,0.548821,0.510951,-0.038269,-1.870741,-0.113337,1.325872,0.770388
3.138000,0.548821,0.511043,-0.038337,-1.870815,-0.113565,1.325872,0.770388
3.140000,0.548821,0.511137,-0.038405,-1.870886,-0.113795,1.325872,0.770388
3.142000,0.548821,0.511231,-0.038474,-1.870954,-0.114026,1.325872,0.770388
3.144000,0.548821,0.511326,-0.038542,-1.871019,-0.114259,1.325872,0.770388
3.146000,0.548821,0.511422,-0.038610,-1.871082,-0.114493,1.325872,0.770388
3.148000,0.548821,0.511518,-0.038679,-1.871142,-0.114729,1.325872,0.770388
3.150000,0.548821,0.511616,-0.038747,-1.871200,-0.114966,1.325872,0.770388
3.152000,0.548821,0.511714,-0.038816,-1.871254,-0.115205,1.325872,0.770388
3.154000,0.548821,0.511813,-0.038884,-1.871306,-0.115445,1.325872,0.770388
3.156000,0.548821,0.511913,-0.038953,-1.871355,-0.115687,1.325872,0.770388
3.158000,0.548821,0.512013,-0.039022,-1.871401,-0.115931,1.325872,0.770388
3.160000,0.548821,0.512115,-0.039091,-1.871445,-0.116175,1.325872,0.770388
3.162000,0.548821,0.512218,-0.039160,-1.871485,-0.116422,1.325872,0.770388
3.164000,0.548821,0.512321,-0.039229,-1.871523,-0.116670,1.325872,0.770388
3.166000,0.548821,0.512425,-0.039298,-1.871558,-0.116919,1.325872,0.770388
3.168000,0.548821,0.512530,-0.039368,-1.871591,-0.117170,1.325872,0.770388
3.170000,0.548821,0.512636,-0.039437,-1.871620,-0.117422,1.325872,0.770388
3.172000,0.548821,0.512742,-0.039507,-1.871647,-0.117676,1.325872,0.770388
3.174000,0.548821,0.512850,-0.039576,-1.871671,-0.117931,1.325872,0.770388
3.176000,0.548821,0.512958,-0.039646,-1.871692,-0.118188,1.325872,0.770388
3.178000,0.548821,0.513068,-0.039716,-1.871710,-0.118446,1.325872,0.770388
3.180000,0.548821,0.513178,-0.039785,-1.871726,-0.118706,1.325872,0.770388
3.182000,0.548821,0.513233,-0.039820,-1.871732,-0.118836,1.325872,0.770388
3.184000,0.548821,0.513345,-0.039890,-1.871743,-0.119097,1.325872,0.770388
3.186000,0.548821,0.513457,-0.039960,-1.871752,-0.119361,1.325872,0.770388
3.188000,0.548821,0.513570,-0.040030,-1.871757,-0.119625,1.325872,0.770388
3.190000,0.548821,0.513684,-0.040101,-1.871760,-0.119891,1.325872,0.770388
3.192000,0.548821,0.513799,-0.040171,-1.871760,-0.120158,1.325872,0.770388
3.194000,0.548821,0.513913,-0.040241,-1.871759,-0.120426,1.325872,0.770388
3.196000,0.548821,0.513971,-0.040277,-1.871759,-0.120561,1.325872,0.770388
3.198000,0.548821,0.514142,-0.040382,-1.871756,-0.120965,1.325872,0.770388
3.200000,0.548821,0.514256,-0.040453,-1.871753,-0.121236,1.325872,0.770388
3.202000,0.548821,0.514370,-0.040524,-1.871749,-0.121507,1.325872,0.770388
3.204000,0.548821,0.514484,-0.040595,-1.871744,-0.121780,1.325872,0.770388
3.206000,0.548821,0.514598,-0.040666,-1.871738,-0.122053,1.325872,0.770388
3.208000,0.548821,0.514711,-0.040737,-1.871732,-0.122327,1.325872,0.770388
3.210000,0.548821,0.514825,-0.040809,-1.871724,-0.122602,1.325872,0.770388
3.212000,0.548821,0.514938,-0.040880,-1.871716,-0.122878,1.325872,0.770388
3.214000,0.548821,0.515052,-0.040952,-1.871706,-0.123155,1.325872,0.770388
3.216000,0.548821,0.515165,-0.041023,-1.871696,-0.123433,1.325872,0.770388
3.218000,0.548821,0.515278,-0.041095,-1.871685,-0.123711,1.325872,0.770388
3.220000,0.548821,0.515391,-0.041167,-1.871673,-0.123991,1.325872,0.770388
3.222000,0.548821,0.515504,-0.041239,-1.871660,-0.124272,1.325872,0.770388
3.224000,0.548821,0.515617,-0.041311,-1.871646,-0.124553,1.325872,0.770388
3.226000,0.548821,0.515673,-0.041347,-1.871639,-0.124694,1.325872,0.770388
3.228000,0.548821,0.515786,-0.041419,-1.871623,-0.124977,1.325873,0.770388
3.230000,0.548821,0.515899,-0.041491,-1.871607,-0.125260,1.325874,0.770388
3.232000,0.548821,0.516011,-0.041564,-1.871590,-0.125545,1.325876,0.770388
3.234000,0.548821,0.516123,-0.041636,-1.871572,-0.125831,1.325878,0.770388
3.236000,0.548821,0.516236,-0.041709,-1.871553,-0.126118,1.325882,0.770388
3.238000,0.548821,0.516348,-0.041782,-1.871533,-0.126406,1.325886,0.770388
3.240000,0.548821,0.516460,-0.041854,-1.871512,-0.126695,1.325891,0.770388
3.242000,0.548821,0.516572,-0.041927,-1.871490,-0.126985,1.325898,0.770388
3.244000,0.548821,0.516684,-0.042000,-1.871468,-0.127276,1.325906,0.770388
3.246000,0.548821,0.516795,-0.042073,-1.871444,-0.127569,1.325916,0.770388
3.248000,0.548821,0.516907,-0.042146,-1.871420,-0.127863,1.325927,0.770388
3.250000,0.548821,0.517018,-0.042220,-1.871395,-0.128158,1.325940,0.770388
3.252000,0.548821,0.517129,-0.042293,-1.871369,-0.128454,1.325955,0.770388
3.254000,0.548821,0.517240,-0.042366,-1.871342,-0.128752,1.325972,0.770388
3.256000,0.548821,0.517351,-0.042440,-1.871314,-0.129051,1.325991,0.770388
3.258000,0.548821,0.517462,-0.042513,-1.871285,-0.129351,1.326012,0.770388
3.260000,0.548821,0.517573,-0.042587,-1.871256,-0.129653,1.326035,0.770388
3.262000,0.548821,0.517683,-0.042661,-1.871226,-0.129956,1.326060,0.770388
3.264000,0.548821,0.517793,-0.042734,-1.871194,-0.130260,1.326088,0.770388
3.266000,0.548821,0.517903,-0.042808,-1.871162,-0.130565,1.326118,0.770388
3.268000,0.548821,0.518013,-0.042882,-1.871130,-0.130872,1.326150,0.770388
3.270000,0.548821,0.518123,-0.042956,-1.871096,-0.131181,1.326186,0.770388
3.272000,0.548821,0.518233,-0.043030,-1.871061,-0.131491,1.326224,0.770388
3.274000,0.548821,0.518342,-0.043104,-1.871026,-0.131802,1.326265,0.770388
3.276000,0.548821,0.518451,-0.043179,-1.870990,-0.132115,1.326308,0.770388
3.278000,0.548821,0.518561,-0.043253,-1.870953,-0.132429,1.326355,0.770388
3.280000,0.548821,0.518669,-0.043327,-1.870915,-0.132745,1.326404,0.770388
3.282000,0.548821,0.518778,-0.043402,-1.870876,-0.133062,1.326457,0.770388
3.284000,0.548821,0.518887,-0.043476,-1.870836,-0.133381,1.326513,0.770388
3.286000,0.548821,0.518995,-0.043551,-1.870796,-0.133701,1.326572,0.770388
3.288000,0.548821,0.519103,-0.043625,-1.870755,-0.134023,1.326634,0.770388
3.290000,0.548821,0.519211,-0.043700,-1.870712,-0.134346,1.326700,0.770388
3.292000,0.548821,0.519319,-0.043774,-1.870670,-0.134671,1.326769,0.770388
3.294000,0.548821,0.519427,-0.043849,-1.870626,-0.134998,1.326841,0.770388
3.296000,0.548821,0.519480,-0.043887,-1.870604,-0.135161,1.326878,0.770388
3.298000,0.548821,0.519588,-0.043961,-1.870558,-0.135490,1.326956,0.770388
3.300000,0.548821,0.519695,-0.044036,-1.870513,-0.135821,1.327037,0.770388
3.302000,0.548821,0.519802,-0.044111,-1.870466,-0.136153,1.327123,0.770388
3.304000,0.548821,0.519909,-0.044186,-1.870418,-0.136486,1.327211,0.770388
3.306000,0.548821,0.520015,-0.044261,-1.870370,-0.136822,1.327304,0.770388
3.308000,0.548821,0.520122,-0.044336,-1.870321,-0.137159,1.327400,0.770388
3.310000,0.548821,0.520228,-0.044412,-1.870271,-0.137498,1.327500,0.770388
3.312000,0.548821,0.520334,-0.044487,-1.870220,-0.137838,1.327605,0.770388
3.314000,0.548821,0.520439,-0.044562,-1.870168,-0.138180,1.327713,0.770388
3.316000,0.548821,0.520545,-0.044637,-1.870115,-0.138524,1.327825,0.770388
3.318000,0.548821,0.520650,-0.044713,-1.870062,-0.138869,1.327941,0.770388
3.320000,0.548821,0.520755,-0.044788,-1.870008,-0.139217,1.328062,0.770388
3.322000,0.548821,0.520808,-0.044826,-1.869980,-0.139391,1.328123,0.770388
3.324000,0.548821,0.520913,-0.044901,-1.869925,-0.139741,1.328250,0.770388
3.326000,0.548821,0.521017,-0.044977,-1.869868,-0.140092,1.328381,0.770388
3.328000,0.548821,0.521122,-0.045052,-1.869811,-0.140445,1.328516,0.770388
3.330000,0.548821,0.521226,-0.045128,-1.869753,-0.140800,1.328655,0.770388
3.332000,0.548821,0.521330,-0.045203,-1.869694,-0.141157,1.328799,0.770388
3.334000,0.548821,0.521434,-0.045279,-1.869634,-0.141516,1.328947,0.770388
3.336000,0.548821,0.521537,-0.045355,-1.869573,-0.141876,1.329099,0.770388
3.338000,0.548821,0.521641,-0.045430,-1.869511,-0.142238,1.329256,0.770388
3.340000,0.548821,0.521744,-0.045506,-1.869449,-0.142602,1.329417,0.770388
3.342000,0.548821,0.521847,-0.045582,-1.869386,-0.142968,1.329583,0.770388
3.344000,0.548821,0.521950,-0.045658,-1.869321,-0.143335,1.329753,0.770388
3.346000,0.548821,0.522052,-0.045733,-1.869256,-0.143704,1.329928,0.770388
3.348000,0.548821,0.522155,-0.045809,-1.869190,-0.144075,1.330107,0.770388
3.350000,0.548821,0.522257,-0.045885,-1.869123,-0.144448,1.330291,0.770388
3.352000,0.548821,0.522359,-0.045961,-1.869056,-0.144822,1.330479,0.770388
3.354000,0.548821,0.522460,-0.046037,-1.868987,-0.145198,1.330672,0.770388
3.356000,0.548821,0.522562,-0.046113,-1.868917,-0.145576,1.330869,0.770388
3.358000,0.548821,0.522663,-0.046189,-1.868847,-0.145956,1.331072,0.770388
3.360000,0.548821,0.522764,-0.046265,-1.868776,-0.146337,1.331278,0.770388
3.362000,0.548821,0.522865,-0.046341,-1.868703,-0.146720,1.331489,0.770388
3.364000,0.548821,0.522966,-0.046417,-1.868630,-0.147105,1.331705,0.770388
3.366000,0.548821,0.523066,-0.046493,-1.868556,-0.147492,1.331926,0.770388
3.368000,0.548821,0.523166,-0.046569,-1.868481,-0.147880,1.332151,0.770388
3.370000,0.548821,0.523266,-0.046645,-1.868405,-0.148270,1.332381,0.770388
3.372000,0.548821,0.523366,-0.046721,-1.868328,-0.148662,1.332616,0.770388
3.374000,0.548821,0.523466,-0.046797,-1.868251,-0.149056,1.332856,0.770388
3.376000,0.548821,0.523565,-0.046873,-1.868172,-0.149451,1.333100,0.770388
3.378000,0.548821,0.523615,-0.046911,-1.868132,-0.149650,1.333225,0.770388
3.380000,0.548821,0.523714,-0.046988,-1.868052,-0.150048,1.333477,0.770388
3.382000,0.548821,0.523812,-0.047064,-1.867971,-0.150449,1.333734,0.770388
3.384000,0.548821,0.523911,-0.047140,-1.867889,-0.150851,1.333996,0.770388
3.386000,0.548821,0.524009,-0.047216,-1.867806,-0.151255,1.334264,0.770388
3.388000,0.548821,0.524108,-0.047292,-1.867723,-0.151662,1.334537,0.770388
3.390000,0.548821,0.524206,-0.047368,-1.867638,-0.152071,1.334815,0.770388
3.392000,0.548821,0.524303,-0.047445,-1.867552,-0.152481,1.335099,0.770388
3.394000,0.548821,0.524401,-0.047521,-1.867466,-0.152894,1.335388,0.770388
3.396000,0.548821,0.524498,-0.047597,-1.867378,-0.153309,1.335682,0.770388
3.398000,0.548821,0.524595,-0.047673,-1.867289,-0.153726,1.335982,0.770388
3.400000,0.548821,0.524692,-0.047749,-1.867200,-0.154146,1.336287,0.770388
3.402000,0.548821,0.524788,-0.047825,-1.867109,-0.154567,1.336598,0.770388
3.404000,0.548821,0.524885,-0.047901,-1.867018,-0.154991,1.336915,0.770388
3.406000,0.548821,0.524981,-0.047978,-1.866925,-0.155417,1.337237,0.770388
3.408000,0.548821,0.525077,-0.048054,-1.866832,-0.155845,1.337565,0.770388
3.410000,0.548821,0.525173,-0.048130,-1.866738,-0.156276,1.337898,0.770388
3.412000,0.548821,0.525268,-0.048206,-1.866642,-0.156708,1.338237,0.770388
3.414000,0.548821,0.525363,-0.048282,-1.866546,-0.157144,1.338582,0.770388
3.416000,0.548821,0.525458,-0.048358,-1.866448,-0.157581,1.338933,0.770388
3.418000,0.548821,0.525553,-0.048434,-1.866350,-0.158021,1.339289,0.770388
3.420000,0.548821,0.525601,-0.048472,-1.866300,-0.158241,1.339469,0.770388
3.422000,0.548821,0.525695,-0.048548,-1.866200,-0.158684,1.339834,0.770388
3.424000,0.548821,0.525789,-0.048623,-1.866100,-0.159130,1.340205,0.770388
3.426000,0.548821,0.525883,-0.048699,-1.865998,-0.159578,1.340582,0.770388
3.428000,0.548821,0.525977,-0.048775,-1.865895,-0.160028,1.340964,0.770388
3.430000,0.548821,0.526071,-0.048851,-1.865791,-0.160481,1.341353,0.770388
3.432000,0.548821,0.526164,-0.048927,-1.865686,-0.160936,1.341748,0.770388
3.434000,0.548821,0.526257,-0.049002,-1.865580,-0.161394,1.342148,0.770388
3.436000,0.548821,0.526304,-0.049040,-1.865526,-0.161623,1.342350,0.770388
3.438000,0.548821,0.526443,-0.049154,-1.865364,-0.162316,1.342967,0.770388
3.440000,0.548821,0.526535,-0.049229,-1.865255,-0.162781,1.343385,0.770388
3.442000,0.548821,0.526627,-0.049305,-1.865145,-0.163249,1.343810,0.770388
3.444000,0.548821,0.526719,-0.049381,-1.865034,-0.163719,1.344240,0.770388
3.446000,0.548821,0.526811,-0.049456,-1.864921,-0.164191,1.344677,0.770388
3.448000,0.548821,0.526903,-0.049531,-1.864808,-0.164666,1.345120,0.770388
3.450000,0.548821,0.526994,-0.049607,-1.864693,-0.165144,1.345568,0.770388
3.452000,0.548821,0.527085,-0.049682,-1.864578,-0.165623,1.346023,0.770388
3.454000,0.548821,0.527176,-0.049758,-1.864461,-0.166106,1.346483,0.770388
3.456000,0.548821,0.527267,-0.049833,-1.864343,-0.166591,1.346950,0.770388
3.458000,0.548821,0.527357,-0.049908,-1.864225,-0.167078,1.347423,0.770388
3.460000,0.548821,0.527448,-0.049983,-1.864105,-0.167568,1.347901,0.770388
3.462000,0.548821,0.527538,-0.050058,-1.863984,-0.168060,1.348386,0.770388
3.464000,0.548821,0.527628,-0.050133,-1.863862,-0.168554,1.348877,0.770388
3.466000,0.548821,0.527717,-0.050208,-1.863738,-0.169052,1.349373,0.770388
3.468000,0.548821,0.527807,-0.050283,-1.863614,-0.169551,1.349876,0.770388
3.470000,0.548821,0.527896,-0.050358,-1.863488,-0.170053,1.350385,0.770388
3.472000,0.548821,0.527985,-0.050433,-1.863362,-0.170558,1.350900,0.770388
3.474000,0.548821,0.528074,-0.050508,-1.863234,-0.171065,1.351420,0.770388
3.476000,0.548821,0.528162,-0.050583,-1.863105,-0.171574,1.351947,0.770388
3.478000,0.548821,0.528250,-0.050657,-1.862975,-0.172086,1.352480,0.770388
3.480000,0.548821,0.528339,-0.050732,-1.862844,-0.172600,1.353018,0.770388
3.482000,0.548821,0.528427,-0.050807,-1.862712,-0.173117,1.353563,0.770388
3.484000,0.548821,0.528514,-0.050881,-1.862578,-0.173636,1.354114,0.770388
3.486000,0.548821,0.528558,-0.050918,-1.862511,-0.173896,1.354391,0.770388
3.488000,0.548821,0.528689,-0.051030,-1.862308,-0.174681,1.355233,0.770388
3.490000,0.548821,0.528733,-0.051067,-1.862240,-0.174944,1.355516,0.770388
3.492000,0.548821,0.528820,-0.051142,-1.862102,-0.175472,1.356088,0.770388
3.494000,0.548821,0.528907,-0.051216,-1.861964,-0.176002,1.356665,0.770388
3.496000,0.548821,0.528993,-0.051290,-1.861824,-0.176535,1.357249,0.770388
3.498000,0.548821,0.529080,-0.051364,-1.861683,-0.177070,1.357838,0.770388
3.500000,0.548821,0.529166,-0.051438,-1.861541,-0.177607,1.358434,0.770388
3.502000,0.548821,0.529252,-0.051512,-1.861397,-0.178147,1.359035,0.770388
3.504000,0.548821,0.529338,-0.051586,-1.861253,-0.178690,1.359642,0.770388
3.506000,0.548821,0.529423,-0.051660,-1.861107,-0.179234,1.360255,0.770388
3.508000,0.548821,0.529509,-0.051734,-1.860960,-0.179782,1.360875,0.770388
3.510000,0.548821,0.529594,-0.051808,-1.860812,-0.180331,1.361500,0.770388
3.512000,0.548821,0.529679,-0.051881,-1.860663,-0.180884,1.362131,0.770388
3.514000,0.548821,0.529764,-0.051955,-1.860512,-0.181438,1.362768,0.770388
3.516000,0.548821,0.529848,-0.052029,-1.860361,-0.181995,1.363411,0.770388
3.518000,0.548821,0.529933,-0.052102,-1.860208,-0.182555,1.364061,0.770388
3.520000,0.548821,0.530017,-0.052175,-1.860054,-0.183117,1.364716,0.770388
3.522000,0.548821,0.530101,-0.052249,-1.859898,-0.183682,1.365377,0.770388
3.524000,0.548821,0.530185,-0.052322,-1.859742,-0.184250,1.366045,0.770388
3.526000,0.548821,0.530268,-0.052395,-1.859584,-0.184820,1.366719,0.770388
3.528000,0.548821,0.530352,-0.052468,-1.859425,-0.185392,1.367399,0.770388
3.530000,0.548821,0.530435,-0.052542,-1.859265,-0.185967,1.368085,0.770388
3.532000,0.548821,0.530518,-0.052614,-1.859104,-0.186545,1.368777,0.770388
3.534000,0.548821,0.530560,-0.052651,-1.859023,-0.186835,1.369126,0.770388
3.536000,0.548821,0.530642,-0.052724,-1.858860,-0.187417,1.369828,0.770388
3.538000,0.548821,0.530725,-0.052797,-1.858695,-0.188001,1.370536,0.770388
3.540000,0.548821,0.530807,-0.052869,-1.858529,-0.188588,1.371250,0.770388
3.542000,0.548821,0.530889,-0.052942,-1.858363,-0.189178,1.371971,0.770388
3.544000,0.548821,0.530971,-0.053014,-1.858195,-0.189771,1.372698,0.770388
3.546000,0.548821,0.531053,-0.053087,-1.858025,-0.190366,1.373432,0.770388
3.548000,0.548821,0.531134,-0.053159,-1.857855,-0.190964,1.374172,0.770388
3.550000,0.548821,0.531216,-0.053232,-1.857683,-0.191565,1.374918,0.770388
3.552000,0.548821,0.531297,-0.053304,-1.857510,-0.192169,1.375671,0.770388
3.554000,0.548821,0.531378,-0.053376,-1.857336,-0.192776,1.376430,0.770388
3.556000,0.548821,0.531458,-0.053448,-1.857160,-0.193385,1.377196,0.770388
3.558000,0.548821,0.531539,-0.053520,-1.856984,-0.193997,1.377968,0.770388
3.560000,0.548821,0.531619,-0.053592,-1.856806,-0.194612,1.378746,0.770388
3.562000,0.548821,0.531699,-0.053664,-1.856627,-0.195230,1.379531,0.770388
3.564000,0.548821,0.531779,-0.053735,-1.856446,-0.195850,1.380322,0.770388
3.566000,0.548821,0.531859,-0.053807,-1.856264,-0.196473,1.381120,0.770388
3.568000,0.548821,0.531939,-0.053878,-1.856081,-0.197099,1.381924,0.770388
3.570000,0.548821,0.532018,-0.053950,-1.855897,-0.197728,1.382735,0.770388
3.572000,0.548821,0.532097,-0.054021,-1.855712,-0.198360,1.383551,0.770388
3.574000,0.548821,0.532176,-0.054092,-1.855525,-0.198994,1.384375,0.770388
3.576000,0.548821,0.532255,-0.054164,-1.855337,-0.199631,1.385204,0.770388
3.578000,0.548821,0.532333,-0.054235,-1.855148,-0.200271,1.386041,0.770388
3.580000,0.548821,0.532412,-0.054306,-1.854958,-0.200914,1.386883,0.770388
3.582000,0.548821,0.532490,-0.054377,-1.854766,-0.201560,1.387732,0.770388
3.584000,0.548821,0.532568,-0.054447,-1.854573,-0.202208,1.388587,0.770388
3.586000,0.548821,0.532646,-0.054518,-1.854379,-0.202859,1.389449,0.770388
3.588000,0.548821,0.532724,-0.054589,-1.854183,-0.203513,1.390317,0.770388
3.590000,0.548821,0.532801,-0.054659,-1.853986,-0.204170,1.391191,0.770388
3.592000,0.548821,0.532878,-0.054730,-1.853788,-0.204829,1.392071,0.770388
3.594000,0.548821,0.532955,-0.054800,-1.853589,-0.205491,1.392958,0.770388
3.596000,0.548821,0.533032,-0.054871,-1.853388,-0.206156,1.393851,0.770388
3.598000,0.548821,0.533109,-0.054941,-1.853186,-0.206824,1.394751,0.770388
3.600000,0.548821,0.533185,-0.055011,-1.852983,-0.207494,1.395656,0.770388
3.602000,0.548821,0.533262,-0.055081,-1.852779,-0.208167,1.396568,0.770388
3.604000,0.548821,0.533338,-0.055151,-1.852573,-0.208843,1.397486,0.770388
3.606000,0.548821,0.533414,-0.055221,-1.852366,-0.209521,1.398411,0.770388
3.608000,0.548821,0.533490,-0.055291,-1.852157,-0.210202,1.399341,0.770388
3.610000,0.548821,0.533565,-0.055360,-1.851948,-0.210886,1.400278,0.770388
3.612000,0.548821,0.533641,-0.055430,-1.851737,-0.211573,1.401221,0.770388
3.614000,0.548821,0.533679,-0.055465,-1.851631,-0.211917,1.401694,0.770388
3.616000,0.548821,0.533791,-0.055569,-1.851311,-0.212954,1.403125,0.770388
3.618000,0.548821,0.533829,-0.055604,-1.851204,-0.213300,1.403605,0.770388
3.620000,0.548821,0.533904,-0.055673,-1.850989,-0.213996,1.404569,0.770388
3.622000,0.548821,0.533978,-0.055743,-1.850772,-0.214695,1.405540,0.770388
3.624000,0.548821,0.534053,-0.055812,-1.850554,-0.215396,1.406517,0.770388
3.626000,0.548821,0.534127,-0.055881,-1.850335,-0.216100,1.407499,0.770388
3.628000,0.548821,0.534201,-0.055950,-1.850114,-0.216807,1.408489,0.770388
3.630000,0.548821,0.534238,-0.055984,-1.850004,-0.217161,1.408985,0.770388
3.632000,0.548821,0.534312,-0.056053,-1.849781,-0.217872,1.409984,0.770388
3.634000,0.548821,0.534386,-0.056122,-1.849557,-0.218585,1.410988,0.770388
3.636000,0.548821,0.534496,-0.056225,-1.849219,-0.219661,1.412506,0.770388
3.638000,0.548821,0.534570,-0.056294,-1.848992,-0.220381,1.413526,0.770388
3.640000,0.548821,0.534643,-0.056363,-1.848764,-0.221104,1.414552,0.770388
3.642000,0.548821,0.534716,-0.056431,-1.848534,-0.221829,1.415583,0.770388
3.644000,0.548821,0.534789,-0.056500,-1.848303,-0.222557,1.416621,0.770388
3.646000,0.548821,0.534861,-0.056568,-1.848071,-0.223288,1.417665,0.770388
3.648000,0.548821,0.534934,-0.056636,-1.847838,-0.224021,1.418714,0.770388
3.650000,0.548821,0.535006,-0.056704,-1.847603,-0.224757,1.419769,0.770388
3.652000,0.548821,0.535042,-0.056738,-1.847485,-0.225125,1.420299,0.770388
3.654000,0.548821,0.535114,-0.056807,-1.847248,-0.225865,1.421363,0.770388
3.656000,0.548821,0.535186,-0.056875,-1.847010,-0.226607,1.422433,0.770388
3.658000,0.548821,0.535258,-0.056943,-1.846771,-0.227352,1.423509,0.770388
3.660000,0.548821,0.535330,-0.057011,-1.846530,-0.228099,1.424591,0.770388
3.662000,0.548821,0.535401,-0.057078,-1.846289,-0.228849,1.425679,0.770388
3.664000,0.548821,0.535472,-0.057146,-1.846045,-0.229601,1.426773,0.770388
3.666000,0.548821,0.535544,-0.057214,-1.845801,-0.230356,1.427872,0.770388
3.668000,0.548821,0.535615,-0.057282,-1.845555,-0.231114,1.428978,0.770388
3.670000,0.548821,0.535685,-0.057349,-1.845308,-0.231874,1.430089,0.770388
3.672000,0.548821,0.535756,-0.057417,-1.845060,-0.232637,1.431206,0.770388
3.674000,0.548821,0.535827,-0.057484,-1.844810,-0.233403,1.432329,0.770388
3.676000,0.548821,0.535897,-0.057552,-1.844560,-0.234171,1.433458,0.770388
3.678000,0.548821,0.535967,-0.057619,-1.844307,-0.234941,1.434593,0.770388
3.680000,0.548821,0.536037,-0.057686,-1.844054,-0.235714,1.435733,0.770388
3.682000,0.548821,0.536107,-0.057754,-1.843799,-0.236490,1.436879,0.770388
3.684000,0.548821,0.536177,-0.057821,-1.843544,-0.237267,1.438031,0.770388
3.686000,0.548821,0.536247,-0.057888,-1.843286,-0.238048,1.439188,0.770388
3.688000,0.548821,0.536316,-0.057955,-1.843028,-0.238831,1.440351,0.770388
3.690000,0.548821,0.536386,-0.058022,-1.842768,-0.239616,1.441520,0.770388
3.692000,0.548821,0.536455,-0.058089,-1.842507,-0.240404,1.442694,0.770388
3.694000,0.548821,0.536524,-0.058156,-1.842245,-0.241194,1.443874,0.770388
3.696000,0.548821,0.536559,-0.058190,-1.842113,-0.241590,1.444465,0.770388
3.698000,0.548821,0.536627,-0.058257,-1.841849,-0.242384,1.445653,0.770388
3.700000,0.548821,0.536696,-0.058323,-1.841584,-0.243180,1.446847,0.770388
3.702000,0.548821,0.536765,-0.058390,-1.841317,-0.243979,1.448046,0.770388
3.704000,0.548821,0.536833,-0.058457,-1.841049,-0.244780,1.449251,0.770388
3.706000,0.548821,0.536902,-0.058524,-1.840780,-0.245584,1.450461,0.770388
3.708000,0.548821,0.536970,-0.058591,-1.840509,-0.246390,1.451677,0.770388
3.710000,0.548821,0.537038,-0.058657,-1.840238,-0.247198,1.452899,0.770388
3.712000,0.548821,0.537106,-0.058724,-1.839965,-0.248009,1.454126,0.770388
3.714000,0.548821,0.537174,-0.058791,-1.839691,-0.248823,1.455358,0.770388
3.716000,0.548821,0.537241,-0.058857,-1.839415,-0.249638,1.456595,0.770388
3.718000,0.548821,0.537309,-0.058924,-1.839139,-0.250456,1.457838,0.770388
3.720000,0.548821,0.537376,-0.058990,-1.838861,-0.251276,1.459086,0.770388
3.722000,0.548821,0.537443,-0.059057,-1.838582,-0.252099,1.460340,0.770388
3.724000,0.548821,0.537511,-0.059123,-1.838301,-0.252924,1.461599,0.770388
3.726000,0.548821,0.537578,-0.059190,-1.838020,-0.253751,1.462863,0.770388
3.728000,0.548821,0.537644,-0.059256,-1.837737,-0.254580,1.464132,0.770388
3.730000,0.548821,0.537711,-0.059323,-1.837453,-0.255412,1.465406,0.770388
3.732000,0.548821,0.537778,-0.059389,-1.837167,-0.256246,1.466685,0.770388
3.734000,0.548821,0.537844,-0.059456,-1.836881,-0.257081,1.467969,0.770388
3.736000,0.548821,0.537911,-0.059522,-1.836593,-0.257919,1.469259,0.770388
3.738000,0.548821,0.537977,-0.059589,-1.836304,-0.258760,1.470553,0.770388
3.740000,0.548821,0.538043,-0.059655,-1.836014,-0.259602,1.471852,0.770388
3.742000,0.548821,0.538109,-0.059721,-1.835722,-0.260446,1.473156,0.770388
3.744000,0.548821,0.538175,-0.059788,-1.835429,-0.261293,1.474465,0.770388
3.746000,0.548821,0.538241,-0.059854,-1.835136,-0.262141,1.475779,0.770388
3.748000,0.548821,0.538274,-0.059888,-1.834988,-0.262566,1.476437,0.770388
3.750000,0.548821,0.538340,-0.059954,-1.834692,-0.263418,1.477758,0.770388
3.752000,0.548821,0.538406,-0.060020,-1.834395,-0.264271,1.479084,0.770388
3.754000,0.548821,0.538471,-0.060087,-1.834097,-0.265127,1.480415,0.770388
3.756000,0.548821,0.538537,-0.060153,-1.833798,-0.265985,1.481750,0.770388
3.758000,0.548821,0.538602,-0.060220,-1.833497,-0.266845,1.483090,0.770388
3.760000,0.548821,0.538667,-0.060286,-1.833195,-0.267707,1.484435,0.770388
3.762000,0.548821,0.538732,-0.060353,-1.832892,-0.268571,1.485784,0.770388
3.764000,0.548821,0.538797,-0.060419,-1.832588,-0.269436,1.487138,0.770388
3.766000,0.548821,0.538862,-0.060486,-1.832282,-0.270304,1.488497,0.770388
3.768000,0.548821,0.538927,-0.060553,-1.831976,-0.271174,1.489860,0.770388
3.770000,0.548821,0.538992,-0.060619,-1.831668,-0.272045,1.491227,0.770388
3.772000,0.548821,0.539056,-0.060686,-1.831359,-0.272919,1.492599,0.770388
3.774000,0.548821,0.539121,-0.060752,-1.831049,-0.273794,1.493975,0.770388
3.776000,0.548821,0.539185,-0.060819,-1.830737,-0.274671,1.495356,0.770388
3.778000,0.548821,0.539250,-0.060886,-1.830425,-0.275550,1.496741,0.770388
3.780000,0.548821,0.539314,-0.060953,-1.830111,-0.276431,1.498130,0.770388
3.782000,0.548821,0.539378,-0.061020,-1.829796,-0.277313,1.499523,0.770388
3.784000,0.548821,0.539443,-0.061086,-1.829479,-0.278197,1.500921,0.770388
3.786000,0.548821,0.539507,-0.061153,-1.829162,-0.279083,1.502322,0.770388
3.788000,0.548821,0.539571,-0.061220,-1.828843,-0.279971,1.503728,0.770388
3.790000,0.548821,0.539635,-0.061287,-1.828523,-0.280860,1.505137,0.770388
3.792000,0.548821,0.539698,-0.061354,-1.828202,-0.281750,1.506550,0.770388
3.794000,0.548821,0.539762,-0.061421,-1.827880,-0.282642,1.507967,0.770388
3.796000,0.548821,0.539826,-0.061489,-1.827557,-0.283536,1.509388,0.770388
3.798000,0.548821,0.539890,-0.061556,-1.827232,-0.284431,1.510812,0.770388
3.800000,0.548821,0.539953,-0.061623,-1.826906,-0.285327,1.512239,0.770388
3.802000,0.548821,0.540017,-0.061691,-1.826579,-0.286225,1.513670,0.770388
3.804000,0.548821,0.540081,-0.061758,-1.826251,-0.287124,1.515105,0.770388
3.806000,0.548821,0.540144,-0.061826,-1.825922,-0.288025,1.516542,0.770388
3.808000,0.548821,0.540208,-0.061893,-1.825591,-0.288926,1.517983,0.770388
3.810000,0.548821,0.540271,-0.061961,-1.825260,-0.289829,1.519426,0.770388
3.812000,0.548821,0.540334,-0.062029,-1.824927,-0.290733,1.520873,0.770388
3.814000,0.548821,0.540398,-0.062096,-1.824592,-0.291638,1.522322,0.770388
3.816000,0.548821,0.540461,-0.062164,-1.824257,-0.292544,1.523774,0.770388
3.818000,0.548821,0.540524,-0.062232,-1.823920,-0.293451,1.525229,0.770388
3.820000,0.548821,0.540588,-0.062301,-1.823583,-0.294359,1.526687,0.770388
3.822000,0.548821,0.540619,-0.062335,-1.823413,-0.294813,1.527417,0.770388
3.824000,0.548821,0.540683,-0.062403,-1.823074,-0.295722,1.528878,0.770388
3.826000,0.548821,0.540746,-0.062471,-1.822733,-0.296633,1.530342,0.770388
3.828000,0.548821,0.540809,-0.062540,-1.822391,-0.297544,1.531808,0.770388
3.830000,0.548821,0.540872,-0.062608,-1.822048,-0.298456,1.533277,0.770388
3.832000,0.548821,0.540936,-0.062677,-1.821704,-0.299369,1.534748,0.770388
3.834000,0.548821,0.540999,-0.062746,-1.821358,-0.300283,1.536221,0.770388
3.836000,0.548821,0.541062,-0.062815,-1.821011,-0.301198,1.537697,0.770388
3.838000,0.548821,0.541125,-0.062884,-1.820664,-0.302113,1.539174,0.770388
3.840000,0.548821,0.541188,-0.062953,-1.820315,-0.303029,1.540654,0.770388
3.842000,0.548821,0.541252,-0.063022,-1.819964,-0.303946,1.542135,0.770388
3.844000,0.548821,0.541315,-0.063091,-1.819613,-0.304863,1.543618,0.770388
3.846000,0.548821,0.541378,-0.063161,-1.819260,-0.305781,1.545103,0.770388
3.848000,0.548821,0.541441,-0.063230,-1.818906,-0.306700,1.546590,0.770388
3.850000,0.548821,0.541504,-0.063300,-1.818551,-0.307619,1.548078,0.770388
3.852000,0.548821,0.541568,-0.063370,-1.818195,-0.308538,1.549568,0.770388
3.854000,0.548821,0.541631,-0.063440,-1.817838,-0.309458,1.551059,0.770388
3.856000,0.548821,0.541694,-0.063510,-1.817479,-0.310378,1.552551,0.770388
3.858000,0.548821,0.541758,-0.063580,-1.817120,-0.311298,1.554045,0.770388
3.860000,0.548821,0.541789,-0.063616,-1.816939,-0.311759,1.554792,0.770388
3.862000,0.548821,0.541853,-0.063686,-1.816578,-0.312679,1.556288,0.770388
3.864000,0.548821,0.541916,-0.063757,-1.816215,-0.313601,1.557785,0.770388
3.866000,0.548821,0.541979,-0.063827,-1.815851,-0.314522,1.559282,0.770388
3.868000,0.548821,0.542043,-0.063898,-1.815486,-0.315444,1.560781,0.770388
3.870000,0.548821,0.542106,-0.063969,-1.815120,-0.316366,1.562281,0.770388
3.872000,0.548821,0.542170,-0.064041,-1.814753,-0.317288,1.563782,0.770388
3.874000,0.548821,0.542233,-0.064112,-1.814384,-0.318211,1.565284,0.770388
3.876000,0.548821,0.542297,-0.064184,-1.814014,-0.319134,1.566786,0.770388
3.878000,0.548821,0.542361,-0.064255,-1.813643,-0.320056,1.568290,0.770388
3.880000,0.548821,0.542424,-0.064327,-1.813271,-0.320979,1.569794,0.770388
3.882000,0.548821,0.542488,-0.064399,-1.812898,-0.321902,1.571298,0.770388
3.884000,0.548821,0.542552,-0.064471,-1.812524,-0.322824,1.572803,0.770388
3.886000,0.548821,0.542616,-0.064544,-1.812148,-0.323747,1.574308,0.770388
3.888000,0.548821,0.542680,-0.064616,-1.811771,-0.324670,1.575814,0.770388
3.890000,0.548821,0.542744,-0.064689,-1.811393,-0.325592,1.577319,0.770388
3.892000,0.548821,0.542808,-0.064762,-1.811014,-0.326514,1.578825,0.770388
3.894000,0.548821,0.542872,-0.064835,-1.810634,-0.327436,1.580331,0.770388
3.896000,0.548821,0.542936,-0.064908,-1.810252,-0.328358,1.581837,0.770388
3.898000,0.548821,0.543000,-0.064981,-1.809870,-0.329280,1.583343,0.770388
3.900000,0.548821,0.543033,-0.065018,-1.809678,-0.329740,1.584096,0.770388
3.902000,0.548821,0.543097,-0.065092,-1.809294,-0.330661,1.585602,0.770388
3.904000,0.548821,0.543161,-0.065166,-1.808908,-0.331582,1.587108,0.770388
3.906000,0.548821,0.543226,-0.065240,-1.808522,-0.332502,1.588614,0.770388
3.908000,0.548821,0.543291,-0.065314,-1.808134,-0.333423,1.590119,0.770388
3.910000,0.548821,0.543355,-0.065388,-1.807745,-0.334342,1.591624,0.770388
3.912000,0.548821,0.543420,-0.065463,-1.807355,-0.335262,1.593129,0.770388
3.914000,0.548821,0.543485,-0.065538,-1.806963,-0.336181,1.594634,0.770388
3.916000,0.548821,0.543550,-0.065613,-1.806571,-0.337100,1.596138,0.770388
3.918000,0.548821,0.543615,-0.065688,-1.806177,-0.338018,1.597641,0.770388
3.920000,0.548821,0.543680,-0.065764,-1.805782,-0.338935,1.599144,0.770388
3.922000,0.548821,0.543745,-0.065839,-1.805386,-0.339852,1.600646,0.770388
3.924000,0.548821,0.543811,-0.065915,-1.804989,-0.340769,1.602148,0.770388
3.926000,0.548821,0.543876,-0.065991,-1.804591,-0.341685,1.603648,0.770388
3.928000,0.548821,0.543942,-0.066067,-1.804192,-0.342600,1.605148,0.770388
3.930000,0.548821,0.544007,-0.066144,-1.803791,-0.343514,1.606647,0.770388
3.932000,0.548821,0.544073,-0.066220,-1.803389,-0.344428,1.608144,0.770388
3.934000,0.548821,0.544139,-0.066297,-1.802986,-0.345340,1.609639,0.770388
3.936000,0.548821,0.544205,-0.066374,-1.802582,-0.346252,1.611133,0.770388
3.938000,0.548821,0.544238,-0.066413,-1.802380,-0.346707,1.611880,0.770388
3.940000,0.548821,0.544304,-0.066491,-1.801974,-0.347617,1.613371,0.770388
3.942000,0.548821,0.544371,-0.066568,-1.801567,-0.348526,1.614860,0.770388
3.944000,0.548821,0.544437,-0.066646,-1.801159,-0.349433,1.616347,0.770388
3.946000,0.548821,0.544504,-0.066724,-1.800749,-0.350340,1.617832,0.770388
3.948000,0.548821,0.544571,-0.066802,-1.800338,-0.351245,1.619314,0.770388
3.950000,0.548821,0.544638,-0.066881,-1.799926,-0.352148,1.620794,0.770388
3.952000,0.548821,0.544705,-0.066960,-1.799513,-0.353050,1.622271,0.770388
3.954000,0.548821,0.544772,-0.067039,-1.799099,-0.353951,1.623745,0.770388
3.956000,0.548821,0.544839,-0.067118,-1.798683,-0.354850,1.625216,0.770388
3.958000,0.548821,0.544907,-0.067197,-1.798266,-0.355747,1.626684,0.770388
3.960000,0.548821,0.544975,-0.067277,-1.797848,-0.356642,1.628148,0.770388
3.962000,0.548821,0.545043,-0.067357,-1.797429,-0.357536,1.629609,0.770388
3.964000,0.548821,0.545111,-0.067437,-1.797008,-0.358428,1.631066,0.770388
3.966000,0.548821,0.545179,-0.067517,-1.796586,-0.359317,1.632519,0.770388
3.968000,0.548821,0.545248,-0.067598,-1.796163,-0.360205,1.633969,0.770388
3.970000,0.548821,0.545317,-0.067678,-1.795738,-0.361090,1.635414,0.770388
3.972000,0.548821,0.545385,-0.067759,-1.795313,-0.361973,1.636855,0.770388
3.974000,0.548821,0.545455,-0.067841,-1.794886,-0.362854,1.638291,0.770388
3.976000,0.548821,0.545524,-0.067922,-1.794457,-0.363733,1.639724,0.770388
3.978000,0.548821,0.545593,-0.068004,-1.794028,-0.364609,1.641151,0.770388
3.980000,0.548821,0.545663,-0.068086,-1.793597,-0.365483,1.642574,0.770388
3.982000,0.548821,0.545733,-0.068168,-1.793165,-0.366355,1.643992,0.770388
3.984000,0.548821,0.545803,-0.068250,-1.792731,-0.367224,1.645405,0.770388
3.986000,0.548821,0.545874,-0.068333,-1.792296,-0.368090,1.646813,0.770388
3.988000,0.548821,0.545944,-0.068416,-1.791860,-0.368953,1.648216,0.770388
3.990000,0.548821,0.546015,-0.068499,-1.791423,-0.369814,1.649614,0.770388
3.992000,0.548821,0.546086,-0.068582,-1.790984,-0.370672,1.651006,0.770388
3.994000,0.548821,0.546157,-0.068665,-1.790544,-0.371528,1.652392,0.770388
3.996000,0.548821,0.546193,-0.068707,-1.790324,-0.371954,1.653084,0.770388
3.998000,0.548821,0.546265,-0.068791,-1.789882,-0.372805,1.654462,0.770388
4.000000,0.548821,0.546372,-0.068917,-1.789216,-0.374076,1.656518,0.770388
4.002000,0.548821,0.546445,-0.069002,-1.788771,-0.374920,1.657882,0.770388
4.004000,0.548821,0.546481,-0.069044,-1.788548,-0.375341,1.658562,0.770388
4.006000,0.548821,0.546553,-0.069129,-1.788101,-0.376180,1.659917,0.770388
4.008000,0.548821,0.546626,-0.069214,-1.787652,-0.377016,1.661265,0.770388
4.010000,0.548821,0.546699,-0.069299,-1.787202,-0.377849,1.662608,0.770388
4.012000,0.548821,0.546773,-0.069385,-1.786751,-0.378679,1.663944,0.770388
4.014000,0.548821,0.546846,-0.069470,-1.786298,-0.379506,1.665274,0.770388
4.016000,0.548821,0.546920,-0.069556,-1.785844,-0.380329,1.666598,0.770388
4.018000,0.548821,0.546994,-0.069642,-1.785389,-0.381149,1.667915,0.770388
4.020000,0.548821,0.547068,-0.069729,-1.784933,-0.381967,1.669226,0.770388
4.022000,0.548821,0.547143,-0.069815,-1.784475,-0.382780,1.670530,0.770388
4.024000,0.548821,0.547218,-0.069902,-1.784016,-0.383591,1.671827,0.770388
4.026000,0.548821,0.547293,-0.069989,-1.783555,-0.384398,1.673118,0.770388
4.028000,0.548821,0.547368,-0.070077,-1.783093,-0.385201,1.674401,0.770388
4.030000,0.548821,0.547443,-0.070164,-1.782630,-0.386001,1.675678,0.770388
4.032000,0.548821,0.547519,-0.070252,-1.782166,-0.386797,1.676948,0.770388
4.034000,0.548821,0.547595,-0.070340,-1.781700,-0.387590,1.678210,0.770388
4.036000,0.548821,0.547672,-0.070428,-1.781233,-0.388380,1.679466,0.770388
4.038000,0.548821,0.547748,-0.070517,-1.780765,-0.389165,1.680714,0.770388
4.040000,0.548821,0.547825,-0.070605,-1.780295,-0.389948,1.681955,0.770388
4.042000,0.548821,0.547903,-0.070694,-1.779824,-0.390726,1.683188,0.770388
4.044000,0.548821,0.547980,-0.070784,-1.779351,-0.391501,1.684414,0.770388
4.046000,0.548821,0.548058,-0.070873,-1.778878,-0.392272,1.685633,0.770388
4.048000,0.548821,0.548136,-0.070963,-1.778403,-0.393039,1.686844,0.770388
4.050000,0.548821,0.548214,-0.071052,-1.777926,-0.393802,1.688047,0.770388
4.052000,0.548821,0.548293,-0.071143,-1.777449,-0.394562,1.689243,0.770388
4.054000,0.548821,0.548332,-0.071188,-1.777209,-0.394940,1.689838,0.770388
4.056000,0.548821,0.548411,-0.071278,-1.776730,-0.395694,1.691023,0.770388
4.058000,0.548821,0.548490,-0.071369,-1.776249,-0.396444,1.692199,0.770388
4.060000,0.548821,0.548570,-0.071460,-1.775767,-0.397190,1.693368,0.770388
4.062000,0.548821,0.548650,-0.071551,-1.775283,-0.397933,1.694530,0.770388
4.064000,0.548821,0.548730,-0.071642,-1.774798,-0.398671,1.695683,0.770388
4.066000,0.548821,0.548810,-0.071734,-1.774312,-0.399406,1.696829,0.770388
4.068000,0.548821,0.548891,-0.071826,-1.773825,-0.400137,1.697967,0.770388
4.070000,0.548821,0.548972,-0.071918,-1.773336,-0.400863,1.699096,0.770388
4.072000,0.548821,0.549053,-0.072010,-1.772846,-0.401586,1.700218,0.770388
4.074000,0.548821,0.549134,-0.072103,-1.772355,-0.402305,1.701331,0.770388
4.076000,0.548821,0.549216,-0.072195,-1.771862,-0.403019,1.702434,0.770388
4.078000,0.548821,0.549298,-0.072288,-1.771368,-0.403728,1.703529,0.770388
4.080000,0.548821,0.549381,-0.072382,-1.770873,-0.404434,1.704615,0.770388
4.082000,0.548821,0.549463,-0.072475,-1.770376,-0.405134,1.705692,0.770388
4.084000,0.548821,0.549546,-0.072569,-1.769878,-0.405830,1.706758,0.770388
4.086000,0.548821,0.549630,-0.072662,-1.769378,-0.406522,1.707815,0.770388
4.088000,0.548821,0.549714,-0.072756,-1.768877,-0.407208,1.708863,0.770388
4.090000,0.548821,0.549798,-0.072851,-1.768375,-0.407890,1.709900,0.770388
4.092000,0.548821,0.549882,-0.072945,-1.767871,-0.408566,1.710927,0.770388
4.094000,0.548821,0.549967,-0.073040,-1.767365,-0.409238,1.711943,0.770388
4.096000,0.548821,0.550009,-0.073087,-1.767112,-0.409572,1.712448,0.770388
4.098000,0.548821,0.550137,-0.073230,-1.766351,-0.410566,1.713945,0.770388
4.100000,0.548821,0.550223,-0.073325,-1.765841,-0.411222,1.714929,0.770388
4.102000,0.548821,0.550309,-0.073420,-1.765330,-0.411872,1.715903,0.770388
4.104000,0.548821,0.550395,-0.073516,-1.764818,-0.412518,1.716866,0.770388
4.106000,0.548821,0.550482,-0.073612,-1.764304,-0.413158,1.717817,0.770388
4.108000,0.548821,0.550569,-0.073708,-1.763788,-0.413792,1.718757,0.770388
4.110000,0.548821,0.550656,-0.073804,-1.763272,-0.414421,1.719686,0.770388
4.112000,0.548821,0.550744,-0.073900,-1.762753,-0.415045,1.720603,0.770388
4.114000,0.548821,0.550832,-0.073997,-1.762234,-0.415663,1.721508,0.770388
4.116000,0.548821,0.550876,-0.074045,-1.761973,-0.415969,1.721957,0.770388
4.118000,0.548821,0.550965,-0.074142,-1.761451,-0.416578,1.722844,0.770388
4.120000,0.548821,0.551054,-0.074239,-1.760928,-0.417182,1.723720,0.770388
4.122000,0.548821,0.551143,-0.074336,-1.760403,-0.417780,1.724583,0.770388
4.124000,0.548821,0.551233,-0.074434,-1.759876,-0.418371,1.725435,0.770388
4.126000,0.548821,0.551323,-0.074531,-1.759348,-0.418957,1.726274,0.770388
4.128000,0.548821,0.551414,-0.074629,-1.758819,-0.419538,1.727102,0.770388
4.130000,0.548821,0.551504,-0.074727,-1.758288,-0.420112,1.727916,0.770388
4.132000,0.548821,0.551596,-0.074825,-1.757756,-0.420680,1.728719,0.770388
4.134000,0.548821,0.551687,-0.074923,-1.757222,-0.421242,1.729508,0.770388
4.136000,0.548821,0.551779,-0.075022,-1.756687,-0.421799,1.730286,0.770388
4.138000,0.548821,0.551871,-0.075120,-1.756150,-0.422349,1.731050,0.770388
4.140000,0.548821,0.551964,-0.075219,-1.755611,-0.422893,1.731802,0.770388
4.142000,0.548821,0.552057,-0.075318,-1.755072,-0.423431,1.732541,0.770388
4.144000,0.548821,0.552150,-0.075417,-1.754530,-0.423962,1.733267,0.770388
4.146000,0.548821,0.552244,-0.075516,-1.753987,-0.424488,1.733980,0.770388
4.148000,0.548821,0.552338,-0.075615,-1.753443,-0.425007,1.734680,0.770388
4.150000,0.548821,0.552433,-0.075715,-1.752897,-0.425520,1.735367,0.770388
4.152000,0.548821,0.552528,-0.075815,-1.752350,-0.426027,1.736042,0.770388
4.154000,0.548821,0.552623,-0.075914,-1.751801,-0.426528,1.736703,0.770388
4.156000,0.548821,0.552719,-0.076014,-1.751251,-0.427022,1.737350,0.770388
4.158000,0.548821,0.552815,-0.076115,-1.750700,-0.427510,1.737985,0.770388
4.160000,0.548821,0.552911,-0.076215,-1.750146,-0.427991,1.738607,0.770388
4.162000,0.548821,0.553008,-0.076316,-1.749592,-0.428466,1.739215,0.770388
4.164000,0.548821,0.553105,-0.076416,-1.749036,-0.428935,1.739810,0.770388
4.166000,0.548821,0.553202,-0.076517,-1.748478,-0.429398,1.740392,0.770388
4.168000,0.548821,0.553300,-0.076618,-1.747919,-0.429854,1.740960,0.770388
4.170000,0.548821,0.553399,-0.076719,-1.747359,-0.430303,1.741515,0.770388
4.172000,0.548821,0.553497,-0.076821,-1.746797,-0.430747,1.742057,0.770388
4.174000,0.548821,0.553596,-0.076922,-1.746233,-0.431183,1.742586,0.770388
4.176000,0.548821,0.553696,-0.077024,-1.745669,-0.431614,1.743101,0.770388
4.178000,0.548821,0.553796,-0.077126,-1.745102,-0.432038,1.743603,0.770388
4.180000,0.548821,0.553896,-0.077228,-1.744535,-0.432455,1.744092,0.770388
4.182000,0.548821,0.553996,-0.077330,-1.743965,-0.432866,1.744567,0.770388
4.184000,0.548821,0.554097,-0.077432,-1.743395,-0.433271,1.745029,0.770388
4.186000,0.548821,0.554148,-0.077484,-1.743109,-0.433471,1.745255,0.770388
4.188000,0.548821,0.554249,-0.077586,-1.742536,-0.433866,1.745697,0.770388
4.190000,0.548821,0.554351,-0.077689,-1.741962,-0.434255,1.746125,0.770388
4.192000,0.548821,0.554453,-0.077792,-1.741387,-0.434637,1.746541,0.770388
4.194000,0.548821,0.554556,-0.077895,-1.740810,-0.435013,1.746943,0.770388
4.196000,0.548821,0.554607,-0.077947,-1.740521,-0.435199,1.747139,0.770388
4.198000,0.548821,0.554762,-0.078102,-1.739652,-0.435746,1.747707,0.770388
4.200000,0.548821,0.554866,-0.078206,-1.739071,-0.436104,1.748070,0.770388
4.202000,0.548821,0.554970,-0.078310,-1.738488,-0.436454,1.748419,0.770388
4.204000,0.548821,0.555075,-0.078414,-1.737904,-0.436799,1.748755,0.770388
4.206000,0.548821,0.555179,-0.078518,-1.737319,-0.437137,1.749078,0.770388
4.208000,0.548821,0.555285,-0.078622,-1.736733,-0.437469,1.749388,0.770388
4.210000,0.548821,0.555390,-0.078727,-1.736145,-0.437794,1.749684,0.770388
4.212000,0.548821,0.555496,-0.078832,-1.735555,-0.438113,1.749967,0.770388
4.214000,0.548821,0.555603,-0.078937,-1.734965,-0.438426,1.750236,0.770388
4.216000,0.548821,0.555710,-0.079042,-1.734372,-0.438732,1.750491,0.770388
4.218000,0.548821,0.555817,-0.079147,-1.733779,-0.439031,1.750732,0.770388
4.220000,0.548821,0.555924,-0.079253,-1.733184,-0.439323,1.750959,0.770388
4.222000,0.548821,0.556032,-0.079359,-1.732588,-0.439609,1.751172,0.770388
4.224000,0.548821,0.556087,-0.079412,-1.732289,-0.439749,1.751274,0.770388
4.226000,0.548821,0.556195,-0.079517,-1.731690,-0.440025,1.751465,0.770388
4.228000,0.548821,0.556304,-0.079624,-1.731090,-0.440293,1.751642,0.770388
4.230000,0.548821,0.556414,-0.079730,-1.730489,-0.440555,1.751804,0.770388
4.232000,0.548821,0.556523,-0.079836,-1.729886,-0.440810,1.751951,0.770388
4.234000,0.548821,0.556634,-0.079943,-1.729282,-0.441058,1.752084,0.770388
4.236000,0.548821,0.556744,-0.080050,-1.728676,-0.441298,1.752202,0.770388
4.238000,0.548821,0.556855,-0.080157,-1.728069,-0.441532,1.752304,0.770388
4.240000,0.548821,0.556967,-0.080264,-1.727460,-0.441759,1.752392,0.770388
4.242000,0.548821,0.557079,-0.080371,-1.726850,-0.441978,1.752464,0.770388
4.244000,0.548821,0.557191,-0.080479,-1.726238,-0.442190,1.752521,0.770388
4.246000,0.548821,0.557304,-0.080587,-1.725625,-0.442395,1.752562,0.770388
4.248000,0.548821,0.557417,-0.080694,-1.725010,-0.442593,1.752588,0.770388
4.250000,0.548821,0.557531,-0.080802,-1.724394,-0.442784,1.752599,0.770388
4.252000,0.548821,0.557644,-0.080911,-1.723778,-0.442967,1.752599,0.770388
4.254000,0.548821,0.557758,-0.081020,-1.723162,-0.443142,1.752599,0.770388
4.256000,0.548821,0.557870,-0.081130,-1.722548,-0.443310,1.752599,0.770388
4.258000,0.548821,0.557983,-0.081241,-1.721936,-0.443470,1.752599,0.770388
4.260000,0.548821,0.558095,-0.081353,-1.721325,-0.443621,1.752599,0.770388
4.262000,0.548821,0.558206,-0.081466,-1.720715,-0.443765,1.752599,0.770388
4.264000,0.548821,0.558316,-0.081580,-1.720107,-0.443901,1.752599,0.770388
4.266000,0.548821,0.558427,-0.081694,-1.719500,-0.444029,1.752599,0.770388
4.268000,0.548821,0.558536,-0.081810,-1.718895,-0.444150,1.752599,0.770388
4.270000,0.548821,0.558645,-0.081926,-1.718291,-0.444262,1.752599,0.770388
4.272000,0.548821,0.558754,-0.082043,-1.717689,-0.444366,1.752599,0.770388
4.274000,0.548821,0.558862,-0.082162,-1.717088,-0.444463,1.752599,0.770388
4.276000,0.548821,0.558969,-0.082281,-1.716489,-0.444551,1.752599,0.770388
4.278000,0.548821,0.559022,-0.082341,-1.716191,-0.444593,1.752599,0.770388
4.280000,0.548821,0.559128,-0.082461,-1.715594,-0.444669,1.752599,0.770388
4.282000,0.548821,0.559234,-0.082583,-1.715000,-0.444738,1.752599,0.770388
4.284000,0.548821,0.559339,-0.082705,-1.714407,-0.444799,1.752599,0.770388
4.286000,0.548821,0.559443,-0.082829,-1.713816,-0.444852,1.752599,0.770388
4.288000,0.548821,0.559547,-0.082953,-1.713226,-0.444897,1.752599,0.770388
4.290000,0.548821,0.559650,-0.083078,-1.712639,-0.444935,1.752599,0.770388
4.292000,0.548821,0.559752,-0.083205,-1.712053,-0.444964,1.752599,0.770388
4.294000,0.548821,0.559854,-0.083332,-1.711469,-0.444985,1.752599,0.770388
4.296000,0.548821,0.559904,-0.083396,-1.711178,-0.444993,1.752599,0.770388
4.298000,0.548821,0.560005,-0.083525,-1.710597,-0.445003,1.752599,0.770388
4.300000,0.548821,0.560154,-0.083720,-1.709729,-0.445005,1.752599,0.770388
4.302000,0.548821,0.560252,-0.083851,-1.709153,-0.445005,1.752599,0.770388
4.304000,0.548821,0.560350,-0.083982,-1.708579,-0.445005,1.752599,0.770388
4.306000,0.548821,0.560447,-0.084114,-1.708007,-0.445005,1.752599,0.770388
4.308000,0.548821,0.560543,-0.084247,-1.707438,-0.445005,1.752599,0.770388
4.310000,0.548821,0.560639,-0.084380,-1.706870,-0.445005,1.752599,0.770388
4.312000,0.548821,0.560733,-0.084514,-1.706305,-0.445005,1.752599,0.770388
4.314000,0.548821,0.560826,-0.084649,-1.705742,-0.445005,1.752599,0.770388
4.316000,0.548821,0.560919,-0.084784,-1.705181,-0.445005,1.752599,0.770388
4.318000,0.548821,0.561011,-0.084920,-1.704622,-0.445005,1.752599,0.770388
4.320000,0.548821,0.561102,-0.085057,-1.704066,-0.445005,1.752599,0.770388
4.322000,0.548821,0.561192,-0.085194,-1.703512,-0.445005,1.752599,0.770388
4.324000,0.548821,0.561281,-0.085331,-1.702961,-0.445005,1.752599,0.770388
4.326000,0.548821,0.561369,-0.085470,-1.702411,-0.445005,1.752599,0.770388
4.328000,0.548821,0.561456,-0.085609,-1.701865,-0.445005,1.752599,0.770388
4.330000,0.548821,0.561542,-0.085749,-1.701320,-0.445005,1.752599,0.770388
4.332000,0.548821,0.561585,-0.085819,-1.701049,-0.445005,1.752599,0.770388
4.334000,0.548821,0.561669,-0.085960,-1.700509,-0.445005,1.752599,0.770388
4.336000,0.548821,0.561753,-0.086101,-1.699971,-0.445005,1.752599,0.770388
4.338000,0.548821,0.561836,-0.086243,-1.699435,-0.445005,1.752599,0.770388
4.340000,0.548821,0.561917,-0.086386,-1.698903,-0.445005,1.752599,0.770388
4.342000,0.548821,0.561998,-0.086529,-1.698372,-0.445005,1.752599,0.770388
4.344000,0.548821,0.562078,-0.086673,-1.697845,-0.445005,1.752599,0.770388
4.346000,0.548821,0.562156,-0.086817,-1.697320,-0.445005,1.752599,0.770388
4.348000,0.548821,0.562234,-0.086963,-1.696798,-0.445005,1.752599,0.770388
4.350000,0.548821,0.562310,-0.087109,-1.696278,-0.445005,1.752599,0.770388
4.352000,0.548821,0.562385,-0.087255,-1.695762,-0.445005,1.752599,0.770388
4.354000,0.548821,0.562459,-0.087402,-1.695248,-0.445005,1.752599,0.770388
4.356000,0.548821,0.562532,-0.087550,-1.694737,-0.445005,1.752599,0.770388
4.358000,0.548821,0.562604,-0.087699,-1.694229,-0.445005,1.752599,0.770388
4.360000,0.548821,0.562675,-0.087848,-1.693724,-0.445005,1.752599,0.770388
4.362000,0.548821,0.562744,-0.087997,-1.693222,-0.445005,1.752599,0.770388
4.364000,0.548821,0.562813,-0.088148,-1.692723,-0.445005,1.752599,0.770388
4.366000,0.548821,0.562879,-0.088299,-1.692227,-0.445005,1.752599,0.770388
4.368000,0.548821,0.562945,-0.088451,-1.691735,-0.445005,1.752599,0.770388
4.370000,0.548821,0.563010,-0.088603,-1.691245,-0.445005,1.752599,0.770388
4.372000,0.548821,0.563073,-0.088756,-1.690759,-0.445005,1.752599,0.770388
4.374000,0.548821,0.563134,-0.088910,-1.690276,-0.445005,1.752599,0.770388
4.376000,0.548821,0.563195,-0.089064,-1.689797,-0.445005,1.752599,0.770388
4.378000,0.548821,0.563254,-0.089219,-1.689321,-0.445005,1.752599,0.770388
4.380000,0.548821,0.563312,-0.089375,-1.688848,-0.445005,1.752599,0.770388
4.382000,0.548821,0.563368,-0.089531,-1.688379,-0.445005,1.752599,0.770388
4.384000,0.548821,0.563395,-0.089609,-1.688146,-0.445005,1.752599,0.770388
4.386000,0.548821,0.563423,-0.089688,-1.687914,-0.445005,1.752599,0.770388
4.388000,0.548821,0.563476,-0.089845,-1.687451,-0.445005,1.752599,0.770388
4.390000,0.548821,0.563528,-0.090003,-1.686993,-0.445005,1.752599,0.770388
4.392000,0.548821,0.563578,-0.090162,-1.686538,-0.445005,1.752599,0.770388
4.394000,0.548821,0.563627,-0.090321,-1.686087,-0.445005,1.752599,0.770388
4.396000,0.548821,0.563651,-0.090401,-1.685863,-0.445005,1.752599,0.770388
4.398000,0.548821,0.563721,-0.090642,-1.685196,-0.445005,1.752599,0.770388
4.400000,0.548821,0.563765,-0.090804,-1.684757,-0.445005,1.752599,0.770388
4.402000,0.548821,0.563808,-0.090966,-1.684321,-0.445005,1.752599,0.770388
4.404000,0.548821,0.563849,-0.091128,-1.683889,-0.445005,1.752599,0.770388
4.406000,0.548821,0.563888,-0.091291,-1.683461,-0.445005,1.752599,0.770388
4.408000,0.548821,0.563926,-0.091455,-1.683037,-0.445005,1.752599,0.770388
4.410000,0.548821,0.563963,-0.091620,-1.682617,-0.445005,1.752599,0.770388
4.412000,0.548821,0.563997,-0.091785,-1.682202,-0.445005,1.752599,0.770388
4.414000,0.548821,0.564030,-0.091951,-1.681790,-0.445005,1.752599,0.770388
4.416000,0.548821,0.564061,-0.092117,-1.681382,-0.445005,1.752599,0.770388
4.418000,0.548821,0.564091,-0.092284,-1.680979,-0.445005,1.752599,0.770388
4.420000,0.548821,0.564105,-0.092368,-1.680779,-0.445005,1.752599,0.770388
4.422000,0.548821,0.564132,-0.092536,-1.680382,-0.445005,1.752599,0.770388
4.424000,0.548821,0.564157,-0.092704,-1.679989,-0.445005,1.752599,0.770388
4.426000,0.548821,0.564180,-0.092874,-1.679601,-0.445005,1.752599,0.770388
4.428000,0.548821,0.564201,-0.093043,-1.679217,-0.445005,1.752599,0.770388
4.430000,0.548821,0.564221,-0.093214,-1.678838,-0.445005,1.752599,0.770388
4.432000,0.548821,0.564239,-0.093385,-1.678462,-0.445005,1.752599,0.770388
4.434000,0.548821,0.564255,-0.093557,-1.678092,-0.445005,1.752599,0.770388
4.436000,0.548821,0.564269,-0.093729,-1.677726,-0.445005,1.752599,0.770388
4.438000,0.548821,0.564281,-0.093902,-1.677364,-0.445005,1.752599,0.770388
4.440000,0.548821,0.564292,-0.094075,-1.677007,-0.445005,1.752599,0.770388
4.442000,0.548821,0.564300,-0.094250,-1.676655,-0.445005,1.752599,0.770388
4.444000,0.548821,0.564307,-0.094424,-1.676307,-0.445005,1.752599,0.770388
4.446000,0.548821,0.564311,-0.094600,-1.675964,-0.445005,1.752599,0.770388
4.448000,0.548821,0.564314,-0.094776,-1.675626,-0.445005,1.752599,0.770388
4.450000,0.548821,0.564314,-0.094952,-1.675292,-0.445005,1.752599,0.770388
4.452000,0.548821,0.564314,-0.095129,-1.674962,-0.445005,1.752597,0.770388
4.454000,0.548821,0.564312,-0.095307,-1.674636,-0.445005,1.752593,0.770388
4.456000,0.548821,0.564310,-0.095485,-1.674312,-0.445005,1.752586,0.770388
4.458000,0.548821,0.564307,-0.095664,-1.673991,-0.445005,1.752576,0.770388
4.460000,0.548821,0.564303,-0.095843,-1.673674,-0.445005,1.752562,0.770388
4.462000,0.548821,0.564301,-0.095933,-1.673516,-0.445005,1.752553,0.770388
4.464000,0.548821,0.564296,-0.096113,-1.673203,-0.445005,1.752534,0.770388
4.466000,0.548821,0.564290,-0.096294,-1.672893,-0.445005,1.752510,0.770388
4.468000,0.548821,0.564283,-0.096474,-1.672585,-0.445005,1.752482,0.770388
4.470000,0.548821,0.564275,-0.096656,-1.672281,-0.445005,1.752449,0.770388
4.472000,0.548821,0.564267,-0.096838,-1.671980,-0.445005,1.752411,0.770388
4.474000,0.548821,0.564258,-0.097020,-1.671681,-0.445005,1.752368,0.770388
4.476000,0.548821,0.564248,-0.097203,-1.671386,-0.445005,1.752319,0.770388
4.478000,0.548821,0.564237,-0.097386,-1.671093,-0.445005,1.752265,0.770388
4.480000,0.548821,0.564225,-0.097569,-1.670803,-0.445005,1.752204,0.770388
4.482000,0.548821,0.564213,-0.097753,-1.670516,-0.445005,1.752138,0.770388
4.484000,0.548821,0.564199,-0.097937,-1.670232,-0.445005,1.752065,0.770388
4.486000,0.548821,0.564185,-0.098121,-1.669951,-0.445005,1.751986,0.770388
4.488000,0.548821,0.564170,-0.098306,-1.669672,-0.445005,1.751899,0.770388
4.490000,0.548821,0.564155,-0.098491,-1.669396,-0.445005,1.751805,0.770388
4.492000,0.548821,0.564138,-0.098677,-1.669123,-0.445005,1.751704,0.770388
4.494000,0.548821,0.564121,-0.098863,-1.668852,-0.445005,1.751595,0.770388
4.496000,0.548821,0.564112,-0.098955,-1.668718,-0.445005,1.751537,0.770388
4.498000,0.548821,0.564084,-0.099235,-1.668319,-0.445005,1.751352,0.770388
4.500000,0.548821,0.564065,-0.099421,-1.668057,-0.445005,1.751217,0.770388
4.502000,0.548821,0.564044,-0.099608,-1.667797,-0.445005,1.751074,0.770388
4.504000,0.548821,0.564023,-0.099795,-1.667540,-0.445005,1.750921,0.770388
4.506000,0.548821,0.564001,-0.099982,-1.667285,-0.445005,1.750759,0.770388
4.508000,0.548821,0.563978,-0.100169,-1.667033,-0.445005,1.750587,0.770388
4.510000,0.548821,0.563955,-0.100356,-1.666783,-0.445005,1.750405,0.770388
4.512000,0.548821,0.563931,-0.100544,-1.666536,-0.445005,1.750213,0.770388
4.514000,0.548821,0.563906,-0.100731,-1.666292,-0.445005,1.750011,0.770388
4.516000,0.548821,0.563893,-0.100825,-1.666171,-0.445005,1.749906,0.770388
4.518000,0.548821,0.563867,-0.101013,-1.665930,-0.445005,1.749687,0.770388
4.520000,0.548821,0.563840,-0.101201,-1.665692,-0.445005,1.749458,0.770388
4.522000,0.548821,0.563812,-0.101389,-1.665456,-0.445005,1.749217,0.770388
4.524000,0.548821,0.563784,-0.101577,-1.665222,-0.445005,1.748965,0.770388
4.526000,0.548821,0.563755,-0.101765,-1.664992,-0.445005,1.748702,0.770388
4.528000,0.548821,0.563725,-0.101953,-1.664763,-0.445005,1.748427,0.770388
4.530000,0.548821,0.563694,-0.102141,-1.664537,-0.445005,1.748140,0.770388
4.532000,0.548821,0.563663,-0.102329,-1.664314,-0.445005,1.747840,0.770388
4.534000,0.548821,0.563630,-0.102517,-1.664092,-0.445005,1.747529,0.770388
4.536000,0.548821,0.563597,-0.102706,-1.663874,-0.445005,1.747205,0.770388
4.538000,0.548821,0.563564,-0.102894,-1.663657,-0.445005,1.746868,0.770388
4.540000,0.548821,0.563529,-0.103082,-1.663443,-0.445005,1.746519,0.770388
4.542000,0.548821,0.563494,-0.103270,-1.663232,-0.445005,1.746157,0.770388
4.544000,0.548821,0.563458,-0.103458,-1.663023,-0.445005,1.745783,0.770388
4.546000,0.548821,0.563421,-0.103646,-1.662816,-0.445005,1.745395,0.770388
4.548000,0.548821,0.563384,-0.103833,-1.662611,-0.445005,1.744994,0.770388
4.550000,0.548821,0.563346,-0.104021,-1.662409,-0.445005,1.744581,0.770388
4.552000,0.548821,0.563307,-0.104209,-1.662209,-0.445005,1.744154,0.770388
4.554000,0.548821,0.563267,-0.104396,-1.662012,-0.445005,1.743713,0.770388
4.556000,0.548821,0.563227,-0.104584,-1.661817,-0.445005,1.743260,0.770388
4.558000,0.548821,0.563185,-0.104771,-1.661625,-0.445005,1.742792,0.770388
4.560000,0.548821,0.563143,-0.104958,-1.661434,-0.445005,1.742312,0.770388
4.562000,0.548821,0.563101,-0.105145,-1.661247,-0.445005,1.741818,0.770388
4.564000,0.548821,0.563079,-0.105239,-1.661153,-0.445005,1.741565,0.770388
4.566000,0.548821,0.563035,-0.105426,-1.660969,-0.445005,1.741051,0.770388
4.568000,0.548821,0.562991,-0.105612,-1.660787,-0.445005,1.740523,0.770388
4.570000,0.548821,0.562945,-0.105799,-1.660608,-0.445005,1.739980,0.770388
4.572000,0.548821,0.562899,-0.105985,-1.660430,-0.445005,1.739424,0.770388
4.574000,0.548820,0.562852,-0.106171,-1.660256,-0.445005,1.738854,0.770388
4.576000,0.548820,0.562805,-0.106357,-1.660083,-0.445005,1.738269,0.770388
4.578000,0.548820,0.562756,-0.106542,-1.659913,-0.445005,1.737671,0.770388
4.580000,0.548820,0.562707,-0.106727,-1.659745,-0.445005,1.737059,0.770388
4.582000,0.548819,0.562657,-0.106912,-1.659580,-0.445005,1.736432,0.770388
4.584000,0.548818,0.562607,-0.107096,-1.659417,-0.445005,1.735792,0.770388
4.586000,0.548817,0.562556,-0.107280,-1.659256,-0.445005,1.735137,0.770388
4.588000,0.548816,0.562503,-0.107463,-1.659098,-0.445005,1.734468,0.770388
4.590000,0.548815,0.562451,-0.107646,-1.658942,-0.445005,1.733785,0.770388
4.592000,0.548813,0.562397,-0.107829,-1.658788,-0.445005,1.733089,0.770388
4.594000,0.548812,0.562343,-0.108010,-1.658637,-0.445005,1.732378,0.770388
4.596000,0.548809,0.562287,-0.108191,-1.658488,-0.445005,1.731653,0.770388
4.598000,0.548807,0.562232,-0.108372,-1.658342,-0.445005,1.730914,0.770388
4.600000,0.548804,0.562175,-0.108552,-1.658198,-0.445005,1.730161,0.770388
4.602000,0.548801,0.562117,-0.108731,-1.658057,-0.445005,1.729394,0.770388
4.604000,0.548798,0.562059,-0.108910,-1.657917,-0.445005,1.728613,0.770388
4.606000,0.548794,0.562000,-0.109088,-1.657781,-0.445005,1.727819,0.770388
4.608000,0.548790,0.561940,-0.109265,-1.657647,-0.445005,1.727010,0.770388
4.610000,0.548786,0.561880,-0.109441,-1.657515,-0.445005,1.726188,0.770388
4.612000,0.548781,0.561819,-0.109617,-1.657386,-0.445005,1.725352,0.770388
4.614000,0.548775,0.561757,-0.109792,-1.657259,-0.445005,1.724502,0.770388
4.616000,0.548772,0.561725,-0.109879,-1.657196,-0.445005,1.724073,0.770388
4.618000,0.548766,0.561662,-0.110052,-1.657073,-0.445005,1.723202,0.770388
4.620000,0.548760,0.561598,-0.110225,-1.656953,-0.445005,1.722319,0.770388
4.622000,0.548753,0.561533,-0.110397,-1.656834,-0.445005,1.721421,0.770388
4.624000,0.548745,0.561468,-0.110568,-1.656719,-0.445005,1.720510,0.770388
4.626000,0.548737,0.561401,-0.110738,-1.656606,-0.445005,1.719585,0.770388
4.628000,0.548729,0.561334,-0.110907,-1.656495,-0.445005,1.718647,0.770388
4.630000,0.548720,0.561267,-0.111075,-1.656387,-0.445005,1.717696,0.770388
4.632000,0.548710,0.561198,-0.111242,-1.656281,-0.445005,1.716730,0.770388
4.634000,0.548700,0.561128,-0.111408,-1.656178,-0.445005,1.715752,0.770388
4.636000,0.548689,0.561058,-0.111573,-1.656078,-0.445005,1.714760,0.770388
4.638000,0.548678,0.560987,-0.111737,-1.655980,-0.445005,1.713754,0.770388
4.640000,0.548665,0.560915,-0.111899,-1.655884,-0.445005,1.712736,0.770388
4.642000,0.548653,0.560843,-0.112061,-1.655791,-0.445005,1.711704,0.770388
4.644000,0.548639,0.560769,-0.112221,-1.655701,-0.445005,1.710658,0.770388
4.646000,0.548625,0.560695,-0.112380,-1.655613,-0.445005,1.709600,0.770388
4.648000,0.548610,0.560620,-0.112538,-1.655528,-0.445005,1.708528,0.770388
4.650000,0.548594,0.560545,-0.112694,-1.655446,-0.445005,1.707444,0.770388
4.652000,0.548578,0.560468,-0.112850,-1.655366,-0.445005,1.706346,0.770388
4.654000,0.548561,0.560391,-0.113004,-1.655289,-0.445005,1.705236,0.770388
4.656000,0.548543,0.560312,-0.113156,-1.655214,-0.445005,1.704112,0.770388
4.658000,0.548524,0.560233,-0.113307,-1.655142,-0.445005,1.702976,0.770388
4.660000,0.548504,0.560154,-0.113457,-1.655073,-0.445005,1.701827,0.770388
4.662000,0.548494,0.560114,-0.113531,-1.655039,-0.445005,1.701248,0.770388
4.664000,0.548473,0.560033,-0.113679,-1.654974,-0.445005,1.700080,0.770388
4.666000,0.548451,0.559951,-0.113825,-1.654911,-0.445005,1.698900,0.770388
4.668000,0.548428,0.559868,-0.113970,-1.654851,-0.445005,1.697706,0.770388
4.670000,0.548404,0.559785,-0.114113,-1.654794,-0.445005,1.696500,0.770388
4.672000,0.548380,0.559701,-0.114254,-1.654739,-0.445005,1.695281,0.770388
4.674000,0.548354,0.559616,-0.114394,-1.654687,-0.445005,1.694050,0.770388
4.676000,0.548327,0.559530,-0.114533,-1.654638,-0.445005,1.692807,0.770388
4.678000,0.548300,0.559443,-0.114670,-1.654592,-0.445005,1.691551,0.770388
4.680000,0.548271,0.559356,-0.114805,-1.654548,-0.445005,1.690283,0.770388
4.682000,0.548242,0.559268,-0.114938,-1.654507,-0.445005,1.689003,0.770388
4.684000,0.548211,0.559179,-0.115070,-1.654469,-0.445005,1.687711,0.770388
4.686000,0.548179,0.559089,-0.115200,-1.654434,-0.445005,1.686407,0.770388
4.688000,0.548147,0.558998,-0.115329,-1.654401,-0.445005,1.685091,0.770388
4.690000,0.548113,0.558906,-0.115456,-1.654371,-0.445005,1.683764,0.770388
4.692000,0.548078,0.558814,-0.115581,-1.654344,-0.445005,1.682425,0.770388
4.694000,0.548042,0.558721,-0.115704,-1.654320,-0.445005,1.681075,0.770388
4.696000,0.548005,0.558627,-0.115825,-1.654299,-0.445005,1.679713,0.770388
4.698000,0.547967,0.558532,-0.115945,-1.654281,-0.445005,1.678341,0.770388
4.700000,0.547927,0.558436,-0.116063,-1.654266,-0.445005,1.676957,0.770388
4.702000,0.547887,0.558340,-0.116179,-1.654253,-0.445005,1.675562,0.770388
4.704000,0.547866,0.558291,-0.116236,-1.654248,-0.445005,1.674861,0.770388
4.706000,0.547824,0.558193,-0.116350,-1.654240,-0.445005,1.673450,0.770388
4.708000,0.547780,0.558095,-0.116461,-1.654235,-0.445005,1.672028,0.770388
4.710000,0.547736,0.557995,-0.116571,-1.654233,-0.445005,1.670595,0.770388
4.712000,0.547690,0.557895,-0.116678,-1.654233,-0.445005,1.669150,0.770388
4.714000,0.547642,0.557796,-0.116783,-1.654233,-0.445005,1.667687,0.770388
4.716000,0.547592,0.557697,-0.116884,-1.654233,-0.445005,1.666208,0.770388
4.718000,0.547540,0.557598,-0.116983,-1.654233,-0.445005,1.664711,0.770388
4.720000,0.547486,0.557500,-0.117078,-1.654233,-0.445005,1.663198,0.770388
4.722000,0.547430,0.557403,-0.117170,-1.654233,-0.445005,1.661669,0.770388
4.724000,0.547372,0.557305,-0.117259,-1.654233,-0.445005,1.660123,0.770388
4.726000,0.547312,0.557209,-0.117346,-1.654233,-0.445005,1.658561,0.770388
4.728000,0.547250,0.557113,-0.117429,-1.654233,-0.445005,1.656982,0.770388
4.730000,0.547186,0.557017,-0.117508,-1.654233,-0.445005,1.655388,0.770388
4.732000,0.547120,0.556922,-0.117585,-1.654233,-0.445005,1.653778,0.770388
4.734000,0.547051,0.556828,-0.117659,-1.654233,-0.445005,1.652153,0.770388
4.736000,0.546981,0.556734,-0.117729,-1.654233,-0.445005,1.650512,0.770388
4.738000,0.546908,0.556640,-0.117796,-1.654233,-0.445005,1.648855,0.770388
4.740000,0.546834,0.556547,-0.117860,-1.654233,-0.445005,1.647184,0.770388
4.742000,0.546757,0.556455,-0.117921,-1.654233,-0.445005,1.645497,0.770388
4.744000,0.546678,0.556363,-0.117979,-1.654233,-0.445005,1.643796,0.770388
4.746000,0.546596,0.556272,-0.118033,-1.654233,-0.445005,1.642080,0.770388
4.748000,0.546513,0.556182,-0.118084,-1.654233,-0.445005,1.640349,0.770388
4.750000,0.546427,0.556092,-0.118132,-1.654233,-0.445005,1.638604,0.770388
4.752000,0.546339,0.556003,-0.118176,-1.654233,-0.445005,1.636844,0.770388
4.754000,0.546294,0.555958,-0.118197,-1.654233,-0.445005,1.635959,0.770388
4.756000,0.546203,0.555870,-0.118237,-1.654233,-0.445005,1.634179,0.770388
4.758000,0.546109,0.555782,-0.118273,-1.654233,-0.445005,1.632384,0.770388
4.760000,0.546014,0.555695,-0.118306,-1.654233,-0.445005,1.630575,0.770388
4.762000,0.545915,0.555609,-0.118336,-1.654233,-0.445005,1.628753,0.770388
4.764000,0.545815,0.555523,-0.118362,-1.654233,-0.445005,1.626917,0.770388
4.766000,0.545712,0.555438,-0.118385,-1.654233,-0.445005,1.625067,0.770388
4.768000,0.545607,0.555354,-0.118404,-1.654233,-0.445005,1.623204,0.770388
4.770000,0.545500,0.555270,-0.118420,-1.654233,-0.445005,1.621327,0.770388
4.772000,0.545390,0.555187,-0.118433,-1.654233,-0.445005,1.619438,0.770388
4.774000,0.545278,0.555105,-0.118442,-1.654233,-0.445005,1.617535,0.770388
4.776000,0.545163,0.555024,-0.118448,-1.654233,-0.445005,1.615620,0.770388
4.778000,0.545046,0.554943,-0.118451,-1.654233,-0.445005,1.613692,0.770388
4.780000,0.544927,0.554863,-0.118451,-1.654233,-0.445005,1.611752,0.770388
4.782000,0.544809,0.554784,-0.118451,-1.654233,-0.445005,1.609801,0.770388
4.784000,0.544691,0.554706,-0.118451,-1.654233,-0.445005,1.607838,0.770388
4.786000,0.544573,0.554628,-0.118451,-1.654233,-0.445005,1.605865,0.770388
4.788000,0.544455,0.554552,-0.118451,-1.654234,-0.445005,1.603881,0.770388
4.790000,0.544338,0.554477,-0.118451,-1.654234,-0.445005,1.601886,0.770388
4.792000,0.544221,0.554402,-0.118451,-1.654235,-0.445005,1.599881,0.770388
4.794000,0.544104,0.554328,-0.118451,-1.654236,-0.445005,1.597866,0.770388
4.796000,0.543987,0.554255,-0.118451,-1.654237,-0.445005,1.595841,0.770388
4.798000,0.543870,0.554183,-0.118451,-1.654238,-0.445005,1.593807,0.770388
4.800000,0.543754,0.554112,-0.118451,-1.654240,-0.445005,1.591763,0.770388
4.802000,0.543638,0.554042,-0.118451,-1.654242,-0.445005,1.589710,0.770388
4.804000,0.543522,0.553973,-0.118451,-1.654244,-0.445005,1.587648,0.770388
4.806000,0.543406,0.553904,-0.118451,-1.654247,-0.445005,1.585578,0.770388
4.808000,0.543291,0.553837,-0.118451,-1.654251,-0.445005,1.583499,0.770388
4.810000,0.543175,0.553770,-0.118451,-1.654254,-0.445005,1.581411,0.770388
4.812000,0.543060,0.553704,-0.118451,-1.654259,-0.445005,1.579316,0.770388
4.814000,0.542945,0.553638,-0.118451,-1.654264,-0.445005,1.577213,0.770388
4.816000,0.542888,0.553606,-0.118451,-1.654266,-0.445005,1.576158,0.770388
4.818000,0.542773,0.553542,-0.118451,-1.654272,-0.445005,1.574043,0.770388
4.820000,0.542658,0.553479,-0.118451,-1.654278,-0.445005,1.571921,0.770388
4.822000,0.542544,0.553417,-0.118451,-1.654285,-0.445005,1.569791,0.770388
4.824000,0.542430,0.553355,-0.118451,-1.654293,-0.445005,1.567654,0.770388
4.826000,0.542316,0.553294,-0.118451,-1.654301,-0.445005,1.565509,0.770388
4.828000,0.542202,0.553234,-0.118451,-1.654310,-0.445005,1.563358,0.770388
4.830000,0.542088,0.553175,-0.118451,-1.654320,-0.445005,1.561199,0.770388
4.832000,0.541975,0.553117,-0.118451,-1.654330,-0.445005,1.559035,0.770388
4.834000,0.541861,0.553059,-0.118451,-1.654341,-0.445005,1.556864,0.770388
4.836000,0.541748,0.553002,-0.118451,-1.654353,-0.445004,1.554686,0.770388
4.838000,0.541635,0.552946,-0.118451,-1.654366,-0.445003,1.552503,0.770388
4.840000,0.541522,0.552891,-0.118451,-1.654380,-0.445001,1.550314,0.770388
4.842000,0.541409,0.552836,-0.118451,-1.654395,-0.444998,1.548120,0.770388
4.844000,0.541296,0.552782,-0.118451,-1.654410,-0.444995,1.545920,0.770388
4.846000,0.541184,0.552729,-0.118451,-1.654427,-0.444991,1.543715,0.770388
4.848000,0.541071,0.552677,-0.118451,-1.654444,-0.444986,1.541505,0.770388
4.850000,0.540959,0.552625,-0.118451,-1.654463,-0.444980,1.539289,0.770388
4.852000,0.540846,0.552574,-0.118451,-1.654482,-0.444973,1.537070,0.770388
4.854000,0.540734,0.552524,-0.118451,-1.654503,-0.444965,1.534845,0.770388
4.856000,0.540622,0.552475,-0.118451,-1.654525,-0.444955,1.532616,0.770388
4.858000,0.540510,0.552426,-0.118451,-1.654548,-0.444944,1.530383,0.770388
4.860000,0.540397,0.552378,-0.118451,-1.654571,-0.444932,1.528146,0.770388
4.862000,0.540341,0.552354,-0.118451,-1.654584,-0.444925,1.527026,0.770388
4.864000,0.540229,0.552307,-0.118451,-1.654609,-0.444911,1.524783,0.770388
4.866000,0.540061,0.552238,-0.118451,-1.654650,-0.444886,1.521411,0.770388
4.868000,0.540005,0.552215,-0.118451,-1.654664,-0.444877,1.520285,0.770388
4.870000,0.539893,0.552170,-0.118451,-1.654693,-0.444857,1.518031,0.770388
4.872000,0.539781,0.552125,-0.118451,-1.654724,-0.444836,1.515773,0.770388
4.874000,0.539670,0.552082,-0.118451,-1.654755,-0.444813,1.513512,0.770388
4.876000,0.539558,0.552039,-0.118451,-1.654788,-0.444788,1.511247,0.770388
4.878000,0.539446,0.551997,-0.118451,-1.654822,-0.444761,1.508980,0.770388
4.880000,0.539334,0.551955,-0.118451,-1.654858,-0.444733,1.506709,0.770388
4.882000,0.539222,0.551914,-0.118451,-1.654894,-0.444702,1.504436,0.770388
4.884000,0.539110,0.551873,-0.118451,-1.654933,-0.444669,1.502160,0.770388
4.886000,0.538998,0.551834,-0.118451,-1.654972,-0.444633,1.499882,0.770388
4.888000,0.538886,0.551795,-0.118451,-1.655013,-0.444596,1.497601,0.770388
4.890000,0.538774,0.551756,-0.118451,-1.655055,-0.444557,1.495318,0.770388
4.892000,0.538662,0.551718,-0.118451,-1.655099,-0.444515,1.493033,0.770388
4.894000,0.538550,0.551681,-0.118451,-1.655144,-0.444471,1.490746,0.770388
4.896000,0.538437,0.551644,-0.118451,-1.655191,-0.444424,1.488457,0.770388
4.898000,0.538325,0.551608,-0.118451,-1.655239,-0.444376,1.486167,0.770388
4.900000,0.538213,0.551573,-0.118451,-1.655289,-0.444325,1.483874,0.770388
4.902000,0.538100,0.551538,-0.118451,-1.655340,-0.444271,1.481581,0.770388
4.904000,0.537988,0.551503,-0.118451,-1.655393,-0.444215,1.479286,0.770388
4.906000,0.537875,0.551470,-0.118451,-1.655447,-0.444157,1.476990,0.770388
4.908000,0.537763,0.551437,-0.118451,-1.655503,-0.444096,1.474692,0.770388
4.910000,0.537650,0.551404,-0.118451,-1.655560,-0.444033,1.472394,0.770388
4.912000,0.537537,0.551372,-0.118451,-1.655619,-0.443967,1.470095,0.770388
4.914000,0.537424,0.551340,-0.118451,-1.655680,-0.443899,1.467796,0.770388
4.916000,0.537311,0.551309,-0.118451,-1.655743,-0.443828,1.465496,0.770388
4.918000,0.537198,0.551279,-0.118451,-1.655807,-0.443755,1.463196,0.770388
4.920000,0.537085,0.551249,-0.118451,-1.655873,-0.443679,1.460897,0.770388
4.922000,0.536972,0.551219,-0.118451,-1.655941,-0.443601,1.458597,0.770388
4.924000,0.536858,0.551191,-0.118451,-1.656010,-0.443521,1.456298,0.770388
4.926000,0.536744,0.551162,-0.118451,-1.656081,-0.443438,1.453999,0.770388
4.928000,0.536631,0.551134,-0.118451,-1.656154,-0.443353,1.451700,0.770388
4.930000,0.536574,0.551120,-0.118451,-1.656192,-0.443309,1.450552,0.770388
4.932000,0.536460,0.551093,-0.118451,-1.656267,-0.443220,1.448255,0.770388
4.934000,0.536346,0.551066,-0.118451,-1.656345,-0.443129,1.445958,0.770388
4.936000,0.536232,0.551040,-0.118451,-1.656425,-0.443035,1.443663,0.770388
4.938000,0.536117,0.551014,-0.118451,-1.656506,-0.442938,1.441369,0.770388
4.940000,0.536003,0.550989,-0.118451,-1.656589,-0.442840,1.439076,0.770388
4.942000,0.535888,0.550964,-0.118451,-1.656675,-0.442738,1.436784,0.770388
4.944000,0.535773,0.550939,-0.118451,-1.656762,-0.442635,1.434494,0.770388
4.946000,0.535658,0.550915,-0.118451,-1.656851,-0.442529,1.432206,0.770388
4.948000,0.535543,0.550892,-0.118451,-1.656942,-0.442420,1.429919,0.770388
4.950000,0.535428,0.550868,-0.118451,-1.657035,-0.442309,1.427634,0.770388
4.952000,0.535312,0.550846,-0.118451,-1.657130,-0.442196,1.425352,0.770388
4.954000,0.535196,0.550823,-0.118451,-1.657227,-0.442081,1.423071,0.770388
4.956000,0.535081,0.550801,-0.118451,-1.657327,-0.441963,1.420793,0.770388
4.958000,0.534965,0.550779,-0.118451,-1.657428,-0.441843,1.418517,0.770388
4.960000,0.534848,0.550758,-0.118451,-1.657531,-0.441720,1.416244,0.770388
4.962000,0.534732,0.550737,-0.118451,-1.657637,-0.441595,1.413973,0.770388
4.964000,0.534615,0.550717,-0.118451,-1.657744,-0.441468,1.411705,0.770388
4.966000,0.534499,0.550696,-0.118451,-1.657854,-0.441339,1.409440,0.770388
4.968000,0.534382,0.550677,-0.118451,-1.657966,-0.441207,1.407178,0.770388
4.970000,0.534265,0.550657,-0.118451,-1.658080,-0.441074,1.404919,0.770388
4.972000,0.534147,0.550638,-0.118451,-1.658196,-0.440938,1.402663,0.770388
4.974000,0.534030,0.550619,-0.118451,-1.658314,-0.440800,1.400411,0.770388
4.976000,0.533912,0.550601,-0.118451,-1.658435,-0.440659,1.398161,0.770388
4.978000,0.533794,0.550582,-0.118451,-1.658557,-0.440517,1.395916,0.770388
4.980000,0.533676,0.550564,-0.118451,-1.658682,-0.440373,1.393674,0.770388
4.982000,0.533558,0.550547,-0.118451,-1.658809,-0.440226,1.391435,0.770388
4.984000,0.533439,0.550530,-0.118451,-1.658939,-0.440078,1.389200,0.770388
4.986000,0.533320,0.550513,-0.118451,-1.659070,-0.439927,1.386969,0.770388
4.988000,0.533261,0.550504,-0.118451,-1.659137,-0.439851,1.385855,0.770388
4.990000,0.533142,0.550488,-0.118451,-1.659272,-0.439697,1.383630,0.770388
4.992000,0.533023,0.550471,-0.118451,-1.659410,-0.439541,1.381409,0.770388
4.994000,0.532903,0.550455,-0.118451,-1.659549,-0.439384,1.379191,0.770388
4.996000,0.532784,0.550439,-0.118451,-1.659691,-0.439224,1.376978,0.770388
4.998000,0.532843,0.550447,-0.118451,-1.659620,-0.439304,1.378084,0.770388
5.000000,0.532544,0.550409,-0.118451,-1.659982,-0.438898,1.372563,0.770388
5.002000,0.532423,0.550394,-0.118451,-1.660131,-0.438732,1.370362,0.770388
5.004000,0.532303,0.550379,-0.118451,-1.660282,-0.438564,1.368164,0.770388
5.006000,0.532182,0.550364,-0.118451,-1.660436,-0.438395,1.365971,0.770388
5.008000,0.532061,0.550350,-0.118451,-1.660592,-0.438223,1.363782,0.770388
5.010000,0.531940,0.550336,-0.118451,-1.660750,-0.438050,1.361598,0.770388
5.012000,0.531819,0.550322,-0.118451,-1.660911,-0.437874,1.359418,0.770388
5.014000,0.531697,0.550309,-0.118451,-1.661074,-0.437697,1.357243,0.770388
5.016000,0.531575,0.550295,-0.118451,-1.661239,-0.437518,1.355073,0.770388
5.018000,0.531453,0.550282,-0.118451,-1.661407,-0.437338,1.352907,0.770388
5.020000,0.531331,0.550269,-0.118451,-1.661578,-0.437155,1.350746,0.770388
5.022000,0.531209,0.550256,-0.118451,-1.661750,-0.436971,1.348590,0.770388
5.024000,0.531086,0.550244,-0.118451,-1.661926,-0.436786,1.346439,0.770388
5.026000,0.530963,0.550231,-0.118451,-1.662103,-0.436598,1.344293,0.770388
5.028000,0.530840,0.550219,-0.118451,-1.662283,-0.436409,1.342152,0.770388
5.030000,0.530717,0.550207,-0.118451,-1.662466,-0.436219,1.340016,0.770388
5.032000,0.530593,0.550195,-0.118451,-1.662651,-0.436026,1.337885,0.770388
5.034000,0.530470,0.550183,-0.118451,-1.662839,-0.435833,1.335759,0.770388
5.036000,0.530346,0.550171,-0.118451,-1.663029,-0.435637,1.333638,0.770388
5.038000,0.530221,0.550160,-0.118451,-1.663221,-0.435441,1.331523,0.770388
5.040000,0.530097,0.550148,-0.118451,-1.663416,-0.435242,1.329413,0.770388
5.042000,0.529972,0.550137,-0.118451,-1.663614,-0.435042,1.327308,0.770388
5.044000,0.529848,0.550126,-0.118451,-1.663814,-0.434841,1.325209,0.770388
5.046000,0.529723,0.550115,-0.118451,-1.664016,-0.434639,1.323115,0.770388
5.048000,0.529660,0.550110,-0.118451,-1.664119,-0.434537,1.322070,0.770388
5.050000,0.529535,0.550099,-0.118451,-1.664325,-0.434332,1.319984,0.770388
5.052000,0.529409,0.550088,-0.118451,-1.664534,-0.434126,1.317904,0.770388
5.054000,0.529283,0.550078,-0.118451,-1.664745,-0.433919,1.315829,0.770388
5.056000,0.529157,0.550067,-0.118451,-1.664960,-0.433710,1.313760,0.770388
5.058000,0.529031,0.550057,-0.118451,-1.665176,-0.433500,1.311697,0.770388
5.060000,0.528904,0.550047,-0.118451,-1.665395,-0.433289,1.309640,0.770388
5.062000,0.528778,0.550037,-0.118451,-1.665617,-0.433077,1.307588,0.770388
5.064000,0.528651,0.550026,-0.118451,-1.665842,-0.432864,1.305543,0.770388
5.066000,0.528524,0.550016,-0.118451,-1.666069,-0.432650,1.303504,0.770388
5.068000,0.528397,0.550006,-0.118451,-1.666298,-0.432435,1.301472,0.770388
5.070000,0.528269,0.549997,-0.118451,-1.666531,-0.432220,1.299446,0.770388
5.072000,0.528141,0.549987,-0.118451,-1.666765,-0.432003,1.297426,0.770388
5.074000,0.528014,0.549977,-0.118451,-1.667003,-0.431786,1.295413,0.770388
5.076000,0.527886,0.549967,-0.118451,-1.667243,-0.431568,1.293407,0.770388
5.078000,0.527757,0.549957,-0.118451,-1.667486,-0.431349,1.291407,0.770388
5.080000,0.527629,0.549948,-0.118451,-1.667732,-0.431130,1.289414,0.770388
5.082000,0.527500,0.549938,-0.118451,-1.667980,-0.430910,1.287428,0.770388
5.084000,0.527371,0.549928,-0.118451,-1.668231,-0.430690,1.285450,0.770388
5.086000,0.527242,0.549918,-0.118451,-1.668485,-0.430469,1.283478,0.770388
5.088000,0.527113,0.549909,-0.118451,-1.668741,-0.430248,1.281513,0.770388
5.090000,0.526984,0.549899,-0.118451,-1.669000,-0.430026,1.279556,0.770388
5.092000,0.526854,0.549889,-0.118451,-1.669262,-0.429804,1.277605,0.770388
5.094000,0.526724,0.549880,-0.118451,-1.669526,-0.429581,1.275663,0.770388
5.096000,0.526659,0.549875,-0.118451,-1.669660,-0.429470,1.274694,0.770388
5.098000,0.526464,0.549860,-0.118451,-1.670063,-0.429136,1.271799,0.770388
5.100000,0.526334,0.549850,-0.118451,-1.670336,-0.428913,1.269878,0.770388
5.102000,0.526203,0.549840,-0.118451,-1.670611,-0.428690,1.267965,0.770388
5.104000,0.526073,0.549830,-0.118451,-1.670889,-0.428466,1.266059,0.770388
5.106000,0.525942,0.549820,-0.118451,-1.671170,-0.428243,1.264161,0.770388
5.108000,0.525811,0.549811,-0.118451,-1.671454,-0.428019,1.262270,0.770388
5.110000,0.525680,0.549800,-0.118451,-1.671740,-0.427796,1.260387,0.770388
5.112000,0.525614,0.549795,-0.118451,-1.671884,-0.427684,1.259449,0.770388
5.114000,0.525483,0.549785,-0.118451,-1.672175,-0.427460,1.257578,0.770388
5.116000,0.525351,0.549775,-0.118451,-1.672468,-0.427237,1.255714,0.770388
5.118000,0.525219,0.549765,-0.118451,-1.672764,-0.427013,1.253858,0.770388
5.120000,0.525087,0.549755,-0.118451,-1.673062,-0.426790,1.252010,0.770388
5.122000,0.524955,0.549744,-0.118451,-1.673364,-0.426567,1.250169,0.770388
5.124000,0.524823,0.549734,-0.118451,-1.673668,-0.426344,1.248337,0.770388
5.126000,0.524691,0.549723,-0.118451,-1.673974,-0.426121,1.246512,0.770388
5.128000,0.524558,0.549713,-0.118451,-1.674284,-0.425898,1.244695,0.770388
5.130000,0.524426,0.549702,-0.118451,-1.674596,-0.425676,1.242886,0.770388
5.132000,0.524293,0.549691,-0.118451,-1.674911,-0.425453,1.241084,0.770388
5.134000,0.524160,0.549681,-0.118451,-1.675229,-0.425231,1.239291,0.770388
5.136000,0.524027,0.549670,-0.118451,-1.675550,-0.425010,1.237505,0.770388
5.138000,0.523894,0.549659,-0.118451,-1.675873,-0.424788,1.235728,0.770388
5.140000,0.523761,0.549647,-0.118451,-1.676199,-0.424568,1.233958,0.770388
5.142000,0.523627,0.549636,-0.118451,-1.676527,-0.424347,1.232197,0.770388
5.144000,0.523494,0.549625,-0.118451,-1.676859,-0.424127,1.230443,0.770388
5.146000,0.523360,0.549613,-0.118451,-1.677193,-0.423907,1.228697,0.770388
5.148000,0.523226,0.549602,-0.118451,-1.677530,-0.423688,1.226960,0.770388
5.150000,0.523093,0.549590,-0.118451,-1.677869,-0.423470,1.225230,0.770388
5.152000,0.522959,0.549579,-0.118451,-1.678212,-0.423252,1.223509,0.770388
5.154000,0.522824,0.549567,-0.118451,-1.678557,-0.423034,1.221795,0.770388
5.156000,0.522690,0.549555,-0.118451,-1.678904,-0.422817,1.220090,0.770388
5.158000,0.522556,0.549543,-0.118451,-1.679255,-0.422601,1.218392,0.770388
5.160000,0.522489,0.549537,-0.118451,-1.679431,-0.422493,1.217546,0.770388
5.162000,0.522287,0.549518,-0.118451,-1.679964,-0.422170,1.215021,0.770388
5.164000,0.522220,0.549512,-0.118451,-1.680143,-0.422062,1.214184,0.770388
5.166000,0.522085,0.549499,-0.118451,-1.680503,-0.421848,1.212514,0.770388
5.168000,0.521950,0.549487,-0.118451,-1.680865,-0.421634,1.210853,0.770388
5.170000,0.521815,0.549474,-0.118451,-1.681231,-0.421421,1.209199,0.770388
5.172000,0.521680,0.549461,-0.118451,-1.681598,-0.421209,1.207553,0.770388
5.174000,0.521545,0.549448,-0.118451,-1.681969,-0.420997,1.205916,0.770388
5.176000,0.521410,0.549435,-0.118451,-1.682342,-0.420786,1.204286,0.770388
5.178000,0.521275,0.549422,-0.118451,-1.682718,-0.420576,1.202664,0.770388
5.180000,0.521140,0.549409,-0.118451,-1.683097,-0.420366,1.201050,0.770388
5.182000,0.521004,0.549395,-0.118451,-1.683478,-0.420158,1.199444,0.770388
5.184000,0.520869,0.549381,-0.118451,-1.683862,-0.419950,1.197845,0.770388
5.186000,0.520733,0.549368,-0.118451,-1.684249,-0.419742,1.196255,0.770388
5.188000,0.520598,0.549354,-0.118451,-1.684638,-0.419536,1.194673,0.770388
5.190000,0.520462,0.549340,-0.118451,-1.685030,-0.419330,1.193098,0.770388
5.192000,0.520327,0.549326,-0.118451,-1.685424,-0.419126,1.191531,0.770388
5.194000,0.520191,0.549311,-0.118451,-1.685821,-0.418922,1.189973,0.770388
5.196000,0.520123,0.549304,-0.118451,-1.686021,-0.418820,1.189197,0.770388
5.198000,0.519919,0.549282,-0.118451,-1.686624,-0.418517,1.186880,0.770388
5.200000,0.519783,0.549268,-0.118451,-1.687029,-0.418317,1.185346,0.770388
5.202000,0.519647,0.549253,-0.118451,-1.687436,-0.418117,1.183821,0.770388
5.204000,0.519579,0.549245,-0.118451,-1.687641,-0.418018,1.183061,0.770388
5.206000,0.519443,0.549230,-0.118451,-1.688053,-0.417820,1.181548,0.770388
5.208000,0.519307,0.549215,-0.118451,-1.688467,-0.417623,1.180043,0.770388
5.210000,0.519171,0.549200,-0.118451,-1.688884,-0.417428,1.178546,0.770388
5.212000,0.519035,0.549184,-0.118451,-1.689304,-0.417234,1.177058,0.770388
5.214000,0.518899,0.549168,-0.118451,-1.689726,-0.417041,1.175578,0.770388
5.216000,0.518763,0.549152,-0.118451,-1.690150,-0.416850,1.174107,0.770388
5.218000,0.518626,0.549136,-0.118451,-1.690578,-0.416660,1.172644,0.770388
5.220000,0.518490,0.549120,-0.118451,-1.691008,-0.416471,1.171190,0.770388
5.222000,0.518354,0.549104,-0.118451,-1.691440,-0.416284,1.169744,0.770388
5.224000,0.518218,0.549087,-0.118451,-1.691875,-0.416098,1.168307,0.770388
5.226000,0.518081,0.549070,-0.118451,-1.692313,-0.415914,1.166879,0.770388
5.228000,0.517945,0.549053,-0.118451,-1.692753,-0.415732,1.165459,0.770388
5.230000,0.517809,0.549036,-0.118451,-1.693196,-0.415551,1.164048,0.770388
5.232000,0.517673,0.549019,-0.118451,-1.693641,-0.415371,1.162645,0.770388
5.234000,0.517536,0.549001,-0.118451,-1.694089,-0.415194,1.161251,0.770388
5.236000,0.517400,0.548984,-0.118451,-1.694540,-0.415017,1.159866,0.770388
5.238000,0.517264,0.548966,-0.118451,-1.694993,-0.414843,1.158490,0.770388
5.240000,0.517128,0.548948,-0.118451,-1.695448,-0.414670,1.157122,0.770388
5.242000,0.516992,0.548930,-0.118451,-1.695907,-0.414500,1.155763,0.770388
5.244000,0.516856,0.548912,-0.118451,-1.696367,-0.414330,1.154413,0.770388
5.246000,0.516719,0.548893,-0.118451,-1.696830,-0.414163,1.153072,0.770388
5.248000,0.516583,0.548874,-0.118451,-1.697296,-0.413998,1.151739,0.770388
5.250000,0.516447,0.548856,-0.118451,-1.697764,-0.413834,1.150415,0.770388
5.252000,0.516311,0.548837,-0.118451,-1.698235,-0.413672,1.149100,0.770388
5.254000,0.516175,0.548817,-0.118451,-1.698708,-0.413512,1.147794,0.770388
5.256000,0.516039,0.548798,-0.118451,-1.699183,-0.413354,1.146496,0.770388
5.258000,0.515904,0.548779,-0.118451,-1.699661,-0.413198,1.145207,0.770388
5.260000,0.515768,0.548759,-0.118451,-1.700142,-0.413044,1.143927,0.770388
5.262000,0.515632,0.548739,-0.118451,-1.700625,-0.412891,1.142655,0.770388
5.264000,0.515496,0.548719,-0.118451,-1.701110,-0.412741,1.141393,0.770388
5.266000,0.515361,0.548699,-0.118451,-1.701598,-0.412593,1.140139,0.770388
5.268000,0.515225,0.548678,-0.118451,-1.702088,-0.412446,1.138894,0.770388
5.270000,0.515090,0.548658,-0.118451,-1.702581,-0.412302,1.137657,0.770388
5.272000,0.514954,0.548637,-0.118451,-1.703076,-0.412160,1.136429,0.770388
5.274000,0.514819,0.548616,-0.118451,-1.703573,-0.412019,1.135210,0.770388
5.276000,0.514683,0.548595,-0.118451,-1.704073,-0.411881,1.134000,0.770388
5.278000,0.514548,0.548574,-0.118451,-1.704575,-0.411745,1.132798,0.770388
5.280000,0.514481,0.548563,-0.118451,-1.704827,-0.411677,1.132200,0.770388
5.282000,0.514346,0.548542,-0.118451,-1.705332,-0.411544,1.131011,0.770388
5.284000,0.514211,0.548520,-0.118451,-1.705840,-0.411413,1.129831,0.770388
5.286000,0.514076,0.548498,-0.118451,-1.706350,-0.411284,1.128659,0.770388
5.288000,0.513941,0.548476,-0.118451,-1.706863,-0.411157,1.127496,0.770388
5.290000,0.513806,0.548454,-0.118451,-1.707378,-0.411032,1.126341,0.770388
5.292000,0.513672,0.548432,-0.118451,-1.707895,-0.410910,1.125195,0.770388
5.294000,0.513537,0.548409,-0.118451,-1.708414,-0.410789,1.124057,0.770388
5.296000,0.513470,0.548398,-0.118451,-1.708675,-0.410729,1.123491,0.770388
5.298000,0.513268,0.548364,-0.118451,-1.709460,-0.410554,1.121806,0.770388
5.300000,0.513134,0.548341,-0.118451,-1.709986,-0.410440,1.120693,0.770388
5.302000,0.513000,0.548318,-0.118451,-1.710514,-0.410327,1.119589,0.770388
5.304000,0.512866,0.548295,-0.118451,-1.711045,-0.410217,1.118492,0.770388
5.306000,0.512732,0.548272,-0.118451,-1.711577,-0.410109,1.117404,0.770388
5.308000,0.512599,0.548249,-0.118451,-1.712112,-0.410003,1.116325,0.770388
5.310000,0.512465,0.548225,-0.118451,-1.712649,-0.409900,1.115253,0.770388
5.312000,0.512331,0.548202,-0.118451,-1.713189,-0.409798,1.114190,0.770388
5.314000,0.512198,0.548178,-0.118451,-1.713730,-0.409699,1.113135,0.770388
5.316000,0.512065,0.548154,-0.118451,-1.714274,-0.409602,1.112088,0.770388
5.318000,0.511932,0.548130,-0.118451,-1.714819,-0.409506,1.111049,0.770388
5.320000,0.511799,0.548106,-0.118451,-1.715367,-0.409414,1.110018,0.770388
5.322000,0.511666,0.548082,-0.118451,-1.715917,-0.409323,1.108995,0.770388
5.324000,0.511534,0.548058,-0.118451,-1.716469,-0.409234,1.107980,0.770388
5.326000,0.511401,0.548033,-0.118451,-1.717023,-0.409148,1.106973,0.770388
5.328000,0.511269,0.548009,-0.118451,-1.717579,-0.409063,1.105974,0.770388
5.330000,0.511137,0.547984,-0.118451,-1.718137,-0.408981,1.104983,0.770388
5.332000,0.511004,0.547959,-0.118451,-1.718697,-0.408901,1.104000,0.770388
5.334000,0.510873,0.547934,-0.118451,-1.719259,-0.408823,1.103025,0.770388
5.336000,0.510741,0.547909,-0.118451,-1.719823,-0.408748,1.102059,0.770388
5.338000,0.510609,0.547884,-0.118451,-1.720390,-0.408675,1.101100,0.770388
5.340000,0.510478,0.547859,-0.118451,-1.720958,-0.408604,1.100149,0.770388
5.342000,0.510347,0.547834,-0.118451,-1.721528,-0.408535,1.099206,0.770388
5.344000,0.510281,0.547821,-0.118451,-1.721814,-0.408502,1.098738,0.770388
5.346000,0.510085,0.547783,-0.118451,-1.722674,-0.408405,1.097345,0.770388
5.348000,0.510020,0.547771,-0.118451,-1.722962,-0.408374,1.096885,0.770388
5.350000,0.509889,0.547745,-0.118451,-1.723539,-0.408314,1.095970,0.770388
5.352000,0.509759,0.547719,-0.118451,-1.724118,-0.408256,1.095064,0.770388
5.354000,0.509628,0.547694,-0.118451,-1.724699,-0.408201,1.094166,0.770388
5.356000,0.509498,0.547668,-0.118451,-1.725282,-0.408148,1.093275,0.770388
5.358000,0.509369,0.547642,-0.118451,-1.725867,-0.408097,1.092393,0.770388
5.360000,0.509239,0.547616,-0.118451,-1.726453,-0.408049,1.091519,0.770388
5.362000,0.509110,0.547590,-0.118451,-1.727042,-0.408004,1.090654,0.770388
5.364000,0.508981,0.547564,-0.118451,-1.727632,-0.407960,1.089796,0.770388
5.366000,0.508852,0.547537,-0.118451,-1.728225,-0.407920,1.088946,0.770388
5.368000,0.508723,0.547511,-0.118451,-1.728819,-0.407882,1.088105,0.770388
5.370000,0.508594,0.547485,-0.118451,-1.729415,-0.407846,1.087271,0.770388
5.372000,0.508466,0.547458,-0.118451,-1.730012,-0.407813,1.086446,0.770388
5.374000,0.508338,0.547432,-0.118451,-1.730612,-0.407783,1.085628,0.770388
5.376000,0.508210,0.547405,-0.118451,-1.731213,-0.407755,1.084819,0.770388
5.378000,0.508082,0.547379,-0.118451,-1.731817,-0.407729,1.084018,0.770388
5.380000,0.507955,0.547352,-0.118451,-1.732421,-0.407707,1.083225,0.770388
5.382000,0.507828,0.547325,-0.118451,-1.733028,-0.407687,1.082440,0.770388
5.384000,0.507701,0.547298,-0.118451,-1.733637,-0.407669,1.081662,0.770388
5.386000,0.507574,0.547272,-0.118451,-1.734247,-0.407654,1.080893,0.770388
5.388000,0.507447,0.547245,-0.118451,-1.734859,-0.407642,1.080132,0.770388
5.390000,0.507321,0.547218,-0.118451,-1.735472,-0.407632,1.079379,0.770388
5.392000,0.507195,0.547191,-0.118451,-1.736087,-0.407625,1.078634,0.770388
5.394000,0.507069,0.547164,-0.118451,-1.736704,-0.407621,1.077896,0.770388
5.396000,0.507007,0.547150,-0.118451,-1.737013,-0.407619,1.077531,0.770388
5.398000,0.506881,0.547123,-0.118451,-1.737633,-0.407619,1.076805,0.770388
5.400000,0.506694,0.547083,-0.118451,-1.738565,-0.407619,1.075732,0.770388
5.402000,0.506631,0.547069,-0.118451,-1.738876,-0.407619,1.075378,0.770388
5.404000,0.506506,0.547042,-0.118451,-1.739500,-0.407619,1.074676,0.770388
5.406000,0.506381,0.547015,-0.118451,-1.740126,-0.407619,1.073981,0.770388
5.408000,0.506256,0.546988,-0.118451,-1.740753,-0.407619,1.073295,0.770388
5.410000,0.506131,0.546961,-0.118451,-1.741381,-0.407619,1.072616,0.770388
5.412000,0.506007,0.546934,-0.118451,-1.742011,-0.407619,1.071944,0.770388
5.414000,0.505882,0.546907,-0.118451,-1.742642,-0.407619,1.071281,0.770388
5.416000,0.505758,0.546880,-0.118451,-1.743275,-0.407619,1.070624,0.770388
5.418000,0.505633,0.546853,-0.118451,-1.743909,-0.407619,1.069976,0.770388
5.420000,0.505509,0.546826,-0.118451,-1.744544,-0.407619,1.069335,0.770388
5.422000,0.505385,0.546799,-0.118451,-1.745181,-0.407619,1.068701,0.770388
5.424000,0.505261,0.546772,-0.118451,-1.745820,-0.407619,1.068075,0.770388
5.426000,0.505137,0.546746,-0.118451,-1.746459,-0.407619,1.067457,0.770388
5.428000,0.505013,0.546719,-0.118451,-1.747100,-0.407619,1.066845,0.770388
5.430000,0.504889,0.546692,-0.118451,-1.747742,-0.407619,1.066242,0.770388
5.432000,0.504765,0.546665,-0.118451,-1.748386,-0.407619,1.065645,0.770388
5.434000,0.504642,0.546639,-0.118451,-1.749030,-0.407619,1.065056,0.770388
5.436000,0.504518,0.546612,-0.118451,-1.749676,-0.407619,1.064474,0.770388
5.438000,0.504395,0.546586,-0.118451,-1.750324,-0.407619,1.063900,0.770388
5.440000,0.504272,0.546559,-0.118451,-1.750972,-0.407619,1.063332,0.770388
5.442000,0.504148,0.546533,-0.118451,-1.751622,-0.407619,1.062772,0.770388
5.444000,0.504025,0.546507,-0.118451,-1.752272,-0.407619,1.062219,0.770388
5.446000,0.503902,0.546481,-0.118451,-1.752924,-0.407619,1.061673,0.770388
5.448000,0.503780,0.546454,-0.118451,-1.753578,-0.407619,1.061134,0.770388
5.450000,0.503657,0.546429,-0.118451,-1.754232,-0.407619,1.060602,0.770388
5.452000,0.503535,0.546403,-0.118451,-1.754887,-0.407619,1.060078,0.770388
5.454000,0.503412,0.546377,-0.118451,-1.755544,-0.407619,1.059560,0.770388
5.456000,0.503290,0.546351,-0.118451,-1.756202,-0.407619,1.059049,0.770388
5.458000,0.503168,0.546326,-0.118451,-1.756860,-0.407619,1.058545,0.770388
5.460000,0.503046,0.546300,-0.118451,-1.757520,-0.407619,1.058048,0.770388
5.462000,0.502924,0.546275,-0.118451,-1.758181,-0.407619,1.057557,0.770388
5.464000,0.502802,0.546250,-0.118451,-1.758843,-0.407619,1.057074,0.770388
5.466000,0.502680,0.546224,-0.118451,-1.759506,-0.407619,1.056597,0.770388
5.468000,0.502559,0.546200,-0.118451,-1.760169,-0.407619,1.056127,0.770388
5.470000,0.502437,0.546175,-0.118451,-1.760834,-0.407619,1.055664,0.770388
5.472000,0.502316,0.546150,-0.118451,-1.761500,-0.407619,1.055207,0.770388
5.474000,0.502195,0.546125,-0.118451,-1.762167,-0.407619,1.054757,0.770388
5.476000,0.502074,0.546101,-0.118451,-1.762835,-0.407619,1.054314,0.770388
5.478000,0.501953,0.546077,-0.118451,-1.763503,-0.407619,1.053878,0.770388
5.480000,0.501832,0.546053,-0.118451,-1.764173,-0.407619,1.053449,0.770388
5.482000,0.501712,0.546029,-0.118451,-1.764843,-0.407619,1.053026,0.770388
5.484000,0.501651,0.546017,-0.118451,-1.765179,-0.407619,1.052817,0.770388
5.486000,0.501531,0.545993,-0.118451,-1.765851,-0.407619,1.052404,0.770388
5.488000,0.501411,0.545970,-0.118451,-1.766524,-0.407619,1.051998,0.770388
5.490000,0.501291,0.545946,-0.118451,-1.767197,-0.407619,1.051599,0.770388
5.492000,0.501171,0.545923,-0.118451,-1.767872,-0.407619,1.051207,0.770388
5.494000,0.501051,0.545900,-0.118451,-1.768547,-0.407619,1.050821,0.770388
5.496000,0.500991,0.545888,-0.118451,-1.768885,-0.407619,1.050631,0.770388
5.498000,0.500812,0.545854,-0.118451,-1.769900,-0.407619,1.050070,0.770388
5.500000,0.500692,0.545832,-0.118451,-1.770577,-0.407619,1.049705,0.770388
5.502000,0.500573,0.545809,-0.118451,-1.771256,-0.407619,1.049346,0.770388
5.504000,0.500454,0.545787,-0.118451,-1.771935,-0.407619,1.048994,0.770388
5.506000,0.500335,0.545765,-0.118451,-1.772615,-0.407619,1.048649,0.770388
5.508000,0.500216,0.545743,-0.118451,-1.773296,-0.407619,1.048310,0.770388
5.510000,0.500097,0.545722,-0.118451,-1.773977,-0.407619,1.047978,0.770388
5.512000,0.499979,0.545700,-0.118451,-1.774659,-0.407619,1.047653,0.770388
5.514000,0.499860,0.545679,-0.118451,-1.775342,-0.407619,1.047334,0.770388
5.516000,0.499742,0.545658,-0.118451,-1.776026,-0.407619,1.047022,0.770388
5.518000,0.499624,0.545637,-0.118451,-1.776710,-0.407619,1.046717,0.770388
5.520000,0.499506,0.545617,-0.118451,-1.777395,-0.407619,1.046418,0.770388
5.522000,0.499388,0.545597,-0.118451,-1.778080,-0.407619,1.046126,0.770388
5.524000,0.499271,0.545576,-0.118451,-1.778766,-0.407619,1.045841,0.770388
5.526000,0.499153,0.545557,-0.118451,-1.779453,-0.407619,1.045562,0.770388
5.528000,0.499036,0.545537,-0.118451,-1.780140,-0.407619,1.045289,0.770388
5.530000,0.499036,0.545537,-0.118451,-1.780140,-0.407619,1.045289,0.770388
5.532000,0.498919,0.545517,-0.118451,-1.780828,-0.407619,1.045023,0.770388
5.534000,0.498743,0.545489,-0.118451,-1.781860,-0.407619,1.044637,0.770388
5.536000,0.498626,0.545470,-0.118451,-1.782550,-0.407619,1.044387,0.770388
5.538000,0.498510,0.545451,-0.118451,-1.783239,-0.407619,1.044144,0.770388
5.540000,0.498393,0.545433,-0.118451,-1.783929,-0.407619,1.043907,0.770388
5.542000,0.498277,0.545415,-0.118451,-1.784620,-0.407619,1.043677,0.770388
5.544000,0.498161,0.545397,-0.118451,-1.785311,-0.407619,1.043453,0.770388
5.546000,0.498045,0.545380,-0.118451,-1.786003,-0.407619,1.043235,0.770388
5.548000,0.497929,0.545362,-0.118451,-1.786695,-0.407619,1.043024,0.770388
5.550000,0.497813,0.545345,-0.118451,-1.787388,-0.407619,1.042819,0.770388
5.552000,0.497698,0.545329,-0.118451,-1.788081,-0.407619,1.042621,0.770388
5.554000,0.497583,0.545312,-0.118451,-1.788774,-0.407619,1.042428,0.770388
5.556000,0.497467,0.545296,-0.118451,-1.789468,-0.407619,1.042242,0.770388
5.558000,0.497352,0.545280,-0.118451,-1.790162,-0.407619,1.042063,0.770388
5.560000,0.497238,0.545264,-0.118451,-1.790857,-0.407619,1.041889,0.770388
5.562000,0.497123,0.545249,-0.118451,-1.791551,-0.407619,1.041722,0.770388
5.564000,0.497008,0.545234,-0.118451,-1.792247,-0.407619,1.041560,0.770388
5.566000,0.496894,0.545219,-0.118451,-1.792942,-0.407619,1.041405,0.770388
5.568000,0.496780,0.545205,-0.118451,-1.793638,-0.407619,1.041256,0.770388
5.570000,0.496666,0.545191,-0.118451,-1.794334,-0.407619,1.041113,0.770388
5.572000,0.496552,0.545177,-0.118451,-1.795030,-0.407619,1.040976,0.770388
5.574000,0.496439,0.545164,-0.118451,-1.795727,-0.407619,1.040845,0.770388
5.576000,0.496325,0.545151,-0.118451,-1.796424,-0.407619,1.040720,0.770388
5.578000,0.496212,0.545138,-0.118451,-1.797121,-0.407619,1.040601,0.770388
5.580000,0.496099,0.545125,-0.118451,-1.797818,-0.407619,1.040488,0.770388
5.582000,0.495986,0.545113,-0.118451,-1.798516,-0.407619,1.040381,0.770388
5.584000,0.495873,0.545101,-0.118451,-1.799214,-0.407619,1.040280,0.770388
5.586000,0.495761,0.545090,-0.118451,-1.799912,-0.407619,1.040185,0.770388
5.588000,0.495648,0.545079,-0.118451,-1.800610,-0.407619,1.040095,0.770388
5.590000,0.495536,0.545068,-0.118451,-1.801308,-0.407619,1.040011,0.770388
5.592000,0.495424,0.545058,-0.118451,-1.802006,-0.407619,1.039933,0.770388
5.594000,0.495312,0.545048,-0.118451,-1.802705,-0.407619,1.039861,0.770388
5.596000,0.495201,0.545038,-0.118451,-1.803403,-0.407619,1.039794,0.770388
5.598000,0.495089,0.545029,-0.118451,-1.804102,-0.407619,1.039733,0.770388
5.600000,0.494978,0.545020,-0.118451,-1.804801,-0.407619,1.039678,0.770388
5.602000,0.494867,0.545011,-0.118451,-1.805499,-0.407619,1.039628,0.770388
5.604000,0.494756,0.545003,-0.118451,-1.806198,-0.407619,1.039584,0.770388
5.606000,0.494646,0.544995,-0.118451,-1.806897,-0.407619,1.039545,0.770388
5.608000,0.494535,0.544988,-0.118451,-1.807596,-0.407619,1.039512,0.770388
5.610000,0.494425,0.544981,-0.118451,-1.808295,-0.407619,1.039484,0.770388
5.612000,0.494315,0.544974,-0.118451,-1.808994,-0.407619,1.039462,0.770388
5.614000,0.494205,0.544968,-0.118451,-1.809693,-0.407619,1.039446,0.770388
5.616000,0.494150,0.544965,-0.118451,-1.810042,-0.407619,1.039439,0.770388
5.618000,0.493986,0.544957,-0.118451,-1.811090,-0.407619,1.039429,0.770388
5.620000,0.493931,0.544954,-0.118451,-1.811440,-0.407619,1.039428,0.770388
5.622000,0.493822,0.544950,-0.118451,-1.812138,-0.407619,1.039428,0.770388
5.624000,0.493713,0.544946,-0.118451,-1.812835,-0.407619,1.039428,0.770388
5.626000,0.493604,0.544944,-0.118451,-1.813531,-0.407619,1.039428,0.770388
5.628000,0.493496,0.544942,-0.118451,-1.814227,-0.407619,1.039428,0.770388
5.630000,0.493388,0.544941,-0.118451,-1.814921,-0.407619,1.039428,0.770388
5.632000,0.493280,0.544941,-0.118451,-1.815615,-0.407619,1.039428,0.770388
5.634000,0.493173,0.544941,-0.118451,-1.816308,-0.407619,1.039428,0.770388
5.636000,0.493065,0.544941,-0.118451,-1.817002,-0.407619,1.039428,0.770388
5.638000,0.492958,0.544941,-0.118451,-1.817695,-0.407619,1.039428,0.770388
5.640000,0.492852,0.544941,-0.118451,-1.818389,-0.407619,1.039428,0.770388
5.642000,0.492745,0.544941,-0.118451,-1.819082,-0.407619,1.039428,0.770388
5.644000,0.492639,0.544941,-0.118451,-1.819775,-0.407619,1.039428,0.770388
5.646000,0.492534,0.544941,-0.118451,-1.820469,-0.407619,1.039428,0.770388
5.648000,0.492428,0.544942,-0.118451,-1.821162,-0.407619,1.039428,0.770388
5.650000,0.492323,0.544942,-0.118451,-1.821855,-0.407619,1.039428,0.770388
5.652000,0.492218,0.544942,-0.118451,-1.822548,-0.407619,1.039428,0.770388
5.654000,0.492114,0.544942,-0.118451,-1.823240,-0.407619,1.039428,0.770388
5.656000,0.492061,0.544943,-0.118451,-1.823587,-0.407619,1.039428,0.770388
5.658000,0.491957,0.544943,-0.118451,-1.824279,-0.407619,1.039428,0.770388
5.660000,0.491854,0.544944,-0.118451,-1.824971,-0.407619,1.039428,0.770388
5.662000,0.491750,0.544944,-0.118451,-1.825663,-0.407619,1.039428,0.770388
5.664000,0.491647,0.544945,-0.118451,-1.826355,-0.407619,1.039428,0.770388
5.666000,0.491544,0.544946,-0.118451,-1.827047,-0.407619,1.039428,0.770388
5.668000,0.491441,0.544947,-0.118451,-1.827738,-0.407619,1.039428,0.770388
5.670000,0.491339,0.544948,-0.118451,-1.828429,-0.407619,1.039428,0.770388
5.672000,0.491237,0.544949,-0.118451,-1.829120,-0.407619,1.039428,0.770388
5.674000,0.491136,0.544951,-0.118451,-1.829811,-0.407619,1.039428,0.770388
5.676000,0.491034,0.544952,-0.118451,-1.830501,-0.407619,1.039428,0.770388
5.678000,0.490933,0.544954,-0.118451,-1.831191,-0.407619,1.039428,0.770388
5.680000,0.490832,0.544956,-0.118451,-1.831880,-0.407619,1.039428,0.770388
5.682000,0.490732,0.544958,-0.118451,-1.832569,-0.407619,1.039428,0.770388
5.684000,0.490632,0.544960,-0.118451,-1.833258,-0.407619,1.039428,0.770388
5.686000,0.490532,0.544962,-0.118451,-1.833946,-0.407619,1.039428,0.770388
5.688000,0.490432,0.544965,-0.118451,-1.834634,-0.407619,1.039428,0.770388
5.690000,0.490333,0.544967,-0.118451,-1.835321,-0.407619,1.039428,0.770388
5.692000,0.490234,0.544970,-0.118451,-1.836008,-0.407619,1.039428,0.770388
5.694000,0.490135,0.544973,-0.118451,-1.836694,-0.407619,1.039428,0.770388
5.696000,0.490086,0.544975,-0.118451,-1.837037,-0.407619,1.039428,0.770388
5.698000,0.489939,0.544980,-0.118451,-1.838066,-0.407619,1.039428,0.770388
5.700000,0.489841,0.544984,-0.118451,-1.838751,-0.407619,1.039428,0.770388
5.702000,0.489744,0.544988,-0.118451,-1.839435,-0.407619,1.039428,0.770388
5.704000,0.489695,0.544990,-0.118451,-1.839777,-0.407619,1.039428,0.770388
5.706000,0.489550,0.544997,-0.118451,-1.840802,-0.407619,1.039428,0.770388
5.708000,0.489502,0.544999,-0.118451,-1.841144,-0.407619,1.039428,0.770388
5.710000,0.489405,0.545004,-0.118451,-1.841826,-0.407619,1.039428,0.770388
5.712000,0.489309,0.545009,-0.118451,-1.842508,-0.407619,1.039428,0.770388
5.714000,0.489214,0.545015,-0.118451,-1.843189,-0.407619,1.039428,0.770388
5.716000,0.489118,0.545020,-0.118451,-1.843869,-0.407619,1.039428,0.770388
5.718000,0.489023,0.545026,-0.118451,-1.844549,-0.407619,1.039428,0.770388
5.720000,0.488928,0.545032,-0.118451,-1.845228,-0.407619,1.039428,0.770388
5.722000,0.488834,0.545039,-0.118451,-1.845907,-0.407619,1.039428,0.770388
5.724000,0.488740,0.545046,-0.118451,-1.846585,-0.407619,1.039428,0.770388
5.726000,0.488646,0.545053,-0.118451,-1.847262,-0.407619,1.039428,0.770388
5.728000,0.488552,0.545060,-0.118451,-1.847938,-0.407619,1.039428,0.770388
5.730000,0.488459,0.545068,-0.118451,-1.848614,-0.407619,1.039428,0.770388
5.732000,0.488366,0.545076,-0.118451,-1.849289,-0.407619,1.039428,0.770388
5.734000,0.488273,0.545085,-0.118451,-1.849963,-0.407619,1.039428,0.770388
5.736000,0.488181,0.545094,-0.118451,-1.850636,-0.407619,1.039428,0.770388
5.738000,0.488089,0.545103,-0.118451,-1.851308,-0.407619,1.039428,0.770388
5.740000,0.487997,0.545112,-0.118451,-1.851980,-0.407619,1.039428,0.770388
5.742000,0.487906,0.545122,-0.118451,-1.852651,-0.407619,1.039428,0.770388
5.744000,0.487815,0.545132,-0.118451,-1.853321,-0.407619,1.039428,0.770388
5.746000,0.487724,0.545143,-0.118451,-1.853990,-0.407619,1.039428,0.770388
5.748000,0.487634,0.545154,-0.118451,-1.854658,-0.407619,1.039428,0.770388
5.750000,0.487543,0.545165,-0.118451,-1.855326,-0.407619,1.039428,0.770388
5.752000,0.487454,0.545177,-0.118451,-1.855992,-0.407619,1.039428,0.770388
5.754000,0.487364,0.545189,-0.118451,-1.856658,-0.407619,1.039428,0.770388
5.756000,0.487275,0.545201,-0.118451,-1.857322,-0.407619,1.039428,0.770388
5.758000,0.487186,0.545214,-0.118451,-1.857986,-0.407619,1.039428,0.770388
5.760000,0.487097,0.545227,-0.118451,-1.858648,-0.407619,1.039428,0.770388
5.762000,0.487009,0.545241,-0.118451,-1.859310,-0.407619,1.039428,0.770388
5.764000,0.486921,0.545255,-0.118451,-1.859971,-0.407619,1.039428,0.770388
5.766000,0.486877,0.545262,-0.118451,-1.860301,-0.407619,1.039428,0.770388
5.768000,0.486790,0.545277,-0.118451,-1.860960,-0.407619,1.039428,0.770388
5.770000,0.486702,0.545292,-0.118451,-1.861618,-0.407619,1.039428,0.770388
5.772000,0.486615,0.545308,-0.118451,-1.862274,-0.407619,1.039428,0.770388
5.774000,0.486529,0.545324,-0.118451,-1.862930,-0.407619,1.039428,0.770388
5.776000,0.486443,0.545341,-0.118451,-1.863585,-0.407619,1.039428,0.770388
5.778000,0.486357,0.545358,-0.118451,-1.864238,-0.407619,1.039428,0.770388
5.780000,0.486271,0.545376,-0.118451,-1.864891,-0.407619,1.039428,0.770388
5.782000,0.486186,0.545394,-0.118451,-1.865542,-0.407619,1.039428,0.770388
5.784000,0.486101,0.545412,-0.118451,-1.866192,-0.407619,1.039428,0.770388
5.786000,0.486016,0.545431,-0.118451,-1.866841,-0.407619,1.039428,0.770388
5.788000,0.485932,0.545451,-0.118451,-1.867489,-0.407619,1.039428,0.770388
5.790000,0.485847,0.545471,-0.118451,-1.868135,-0.407619,1.039428,0.770388
5.792000,0.485764,0.545491,-0.118451,-1.868780,-0.407619,1.039428,0.770388
5.794000,0.485680,0.545513,-0.118451,-1.869424,-0.407619,1.039428,0.770388
5.796000,0.485639,0.545523,-0.118451,-1.869745,-0.407619,1.039428,0.770388
5.798000,0.485514,0.545556,-0.118451,-1.870708,-0.407619,1.039428,0.770388
5.800000,0.485473,0.545568,-0.118451,-1.871028,-0.407619,1.039428,0.770388
5.802000,0.485391,0.545591,-0.118451,-1.871667,-0.407619,1.039428,0.770388
5.804000,0.485308,0.545614,-0.118451,-1.872305,-0.407619,1.039428,0.770388
5.806000,0.485227,0.545639,-0.118451,-1.872942,-0.407619,1.039428,0.770388
5.808000,0.485145,0.545663,-0.118451,-1.873577,-0.407619,1.039428,0.770388
5.810000,0.485064,0.545689,-0.118451,-1.874211,-0.407619,1.039428,0.770388
5.812000,0.484983,0.545714,-0.118451,-1.874843,-0.407619,1.039428,0.770388
5.814000,0.484903,0.545741,-0.118451,-1.875474,-0.407619,1.039428,0.770388
5.816000,0.484823,0.545768,-0.118451,-1.876104,-0.407619,1.039428,0.770388
5.818000,0.484743,0.545796,-0.118451,-1.876732,-0.407619,1.039428,0.770388
5.820000,0.484663,0.545824,-0.118451,-1.877358,-0.407619,1.039428,0.770388
5.822000,0.484584,0.545853,-0.118451,-1.877984,-0.407619,1.039428,0.770388
5.824000,0.484505,0.545882,-0.118451,-1.878607,-0.407619,1.039428,0.770388
5.826000,0.484426,0.545912,-0.118451,-1.879229,-0.407619,1.039428,0.770388
5.828000,0.484348,0.545943,-0.118451,-1.879850,-0.407619,1.039428,0.770388
5.830000,0.484270,0.545974,-0.118451,-1.880469,-0.407619,1.039428,0.770388
5.832000,0.484192,0.546006,-0.118451,-1.881086,-0.407619,1.039428,0.770388
5.834000,0.484115,0.546039,-0.118451,-1.881702,-0.407619,1.039428,0.770388
5.836000,0.484038,0.546072,-0.118451,-1.882316,-0.407619,1.039428,0.770388
5.838000,0.483961,0.546106,-0.118451,-1.882929,-0.407619,1.039428,0.770388
5.840000,0.483884,0.546141,-0.118451,-1.883540,-0.407619,1.039428,0.770388
5.842000,0.483808,0.546176,-0.118451,-1.884150,-0.407619,1.039428,0.770388
5.844000,0.483732,0.546212,-0.118451,-1.884757,-0.407619,1.039428,0.770388
5.846000,0.483657,0.546249,-0.118451,-1.885363,-0.407619,1.039428,0.770388
5.848000,0.483581,0.546286,-0.118451,-1.885968,-0.407619,1.039428,0.770388
5.850000,0.483544,0.546305,-0.118451,-1.886269,-0.407619,1.039428,0.770388
5.852000,0.483469,0.546343,-0.118451,-1.886871,-0.407619,1.039428,0.770388
5.854000,0.483395,0.546382,-0.118451,-1.887471,-0.407619,1.039428,0.770388
5.856000,0.483321,0.546422,-0.118451,-1.888070,-0.407619,1.039428,0.770388
5.858000,0.483247,0.546462,-0.118451,-1.888666,-0.407619,1.039428,0.770388
5.860000,0.483173,0.546503,-0.118451,-1.889261,-0.407619,1.039428,0.770388
5.862000,0.483100,0.546545,-0.118451,-1.889854,-0.407619,1.039428,0.770388
5.864000,0.483027,0.546588,-0.118451,-1.890446,-0.407619,1.039428,0.770388
5.866000,0.482954,0.546631,-0.118451,-1.891035,-0.407619,1.039428,0.770388
5.868000,0.482882,0.546675,-0.118451,-1.891623,-0.407619,1.039428,0.770388
5.870000,0.482810,0.546720,-0.118451,-1.892209,-0.407619,1.039428,0.770388
5.872000,0.482739,0.546765,-0.118451,-1.892793,-0.407619,1.039428,0.770388
5.874000,0.482667,0.546812,-0.118451,-1.893375,-0.407619,1.039428,0.770388
5.876000,0.482596,0.546859,-0.118451,-1.893955,-0.407619,1.039428,0.770388
5.878000,0.482525,0.546906,-0.118451,-1.894534,-0.407619,1.039428,0.770388
5.880000,0.482455,0.546955,-0.118451,-1.895110,-0.407619,1.039428,0.770388
5.882000,0.482385,0.547004,-0.118451,-1.895685,-0.407619,1.039428,0.770388
5.884000,0.482315,0.547054,-0.118451,-1.896258,-0.407619,1.039428,0.770388
5.886000,0.482245,0.547105,-0.118451,-1.896828,-0.407619,1.039428,0.770388
5.888000,0.482176,0.547157,-0.118451,-1.897397,-0.407619,1.039428,0.770388
5.890000,0.482107,0.547209,-0.118451,-1.897964,-0.407619,1.039428,0.770388
5.892000,0.482039,0.547262,-0.118451,-1.898529,-0.407619,1.039428,0.770388
5.894000,0.481970,0.547316,-0.118451,-1.899092,-0.407619,1.039428,0.770388
5.896000,0.481936,0.547343,-0.118451,-1.899373,-0.407619,1.039428,0.770388
5.898000,0.481835,0.547426,-0.118451,-1.900212,-0.407619,1.039428,0.770388
5.900000,0.481767,0.547483,-0.118451,-1.900768,-0.407619,1.039428,0.770388
5.902000,0.481700,0.547540,-0.118451,-1.901323,-0.407619,1.039428,0.770388
5.904000,0.481634,0.547598,-0.118451,-1.901876,-0.407619,1.039428,0.770388
5.906000,0.481600,0.547627,-0.118451,-1.902151,-0.407619,1.039428,0.770388
5.908000,0.481534,0.547687,-0.118451,-1.902700,-0.407619,1.039428,0.770388
5.910000,0.481468,0.547747,-0.118451,-1.903248,-0.407619,1.039428,0.770388
5.912000,0.481402,0.547808,-0.118451,-1.903793,-0.407619,1.039428,0.770388
5.914000,0.481337,0.547869,-0.118451,-1.904336,-0.407619,1.039428,0.770388
5.916000,0.481272,0.547932,-0.118451,-1.904877,-0.407619,1.039428,0.770388
5.918000,0.481207,0.547995,-0.118451,-1.905415,-0.407619,1.039428,0.770388
5.920000,0.481143,0.548060,-0.118451,-1.905952,-0.407619,1.039428,0.770388
5.922000,0.481079,0.548125,-0.118451,-1.906486,-0.407619,1.039428,0.770388
5.924000,0.481015,0.548191,-0.118451,-1.907018,-0.407619,1.039428,0.770388
5.926000,0.480951,0.548258,-0.118451,-1.907547,-0.407619,1.039428,0.770388
5.928000,0.480888,0.548326,-0.118451,-1.908075,-0.407619,1.039428,0.770388
5.930000,0.480888,0.548326,-0.118451,-1.908075,-0.407619,1.039428,0.770388
5.932000,0.480762,0.548465,-0.118451,-1.909123,-0.407619,1.039428,0.770388
5.934000,0.480700,0.548535,-0.118451,-1.909643,-0.407619,1.039428,0.770388
5.936000,0.480638,0.548607,-0.118451,-1.910161,-0.407619,1.039428,0.770388
5.938000,0.480576,0.548679,-0.118451,-1.910677,-0.407619,1.039428,0.770388
5.940000,0.480514,0.548752,-0.118451,-1.911190,-0.407619,1.039428,0.770388
5.942000,0.480484,0.548789,-0.118451,-1.911446,-0.407619,1.039428,0.770388
5.944000,0.480423,0.548864,-0.118451,-1.911956,-0.407619,1.039428,0.770388
5.946000,0.480362,0.548940,-0.118451,-1.912463,-0.407619,1.039428,0.770388
5.948000,0.480301,0.549016,-0.118451,-1.912968,-0.407619,1.039428,0.770388
5.950000,0.480241,0.549094,-0.118451,-1.913470,-0.407619,1.039428,0.770388
5.952000,0.480181,0.549172,-0.118451,-1.913970,-0.407619,1.039428,0.770388
5.954000,0.480122,0.549252,-0.118451,-1.914468,-0.407619,1.039428,0.770388
5.956000,0.480062,0.549332,-0.118451,-1.914963,-0.407619,1.039428,0.770388
5.958000,0.480003,0.549413,-0.118451,-1.915456,-0.407619,1.039428,0.770388
5.960000,0.479945,0.549495,-0.118451,-1.915946,-0.407619,1.039428,0.770388
5.962000,0.479886,0.549579,-0.118451,-1.916433,-0.407619,1.039428,0.770388
5.964000,0.479828,0.549663,-0.118451,-1.916918,-0.407619,1.039428,0.770388
5.966000,0.479770,0.549748,-0.118451,-1.917400,-0.407619,1.039428,0.770388
5.968000,0.479713,0.549834,-0.118451,-1.917880,-0.407619,1.039428,0.770388
5.970000,0.479655,0.549921,-0.118451,-1.918357,-0.407619,1.039428,0.770388
5.972000,0.479598,0.550010,-0.118451,-1.918832,-0.407619,1.039428,0.770388
5.974000,0.479542,0.550099,-0.118451,-1.919304,-0.407619,1.039428,0.770388
5.976000,0.479485,0.550189,-0.118451,-1.919773,-0.407619,1.039428,0.770388
5.978000,0.479429,0.550280,-0.118451,-1.920240,-0.407619,1.039428,0.770388
5.980000,0.479373,0.550372,-0.118451,-1.920704,-0.407619,1.039428,0.770388
5.982000,0.479318,0.550465,-0.118451,-1.921165,-0.407619,1.039428,0.770388
5.984000,0.479262,0.550559,-0.118451,-1.921624,-0.407619,1.039428,0.770388
5.986000,0.479207,0.550655,-0.118451,-1.922080,-0.407619,1.039428,0.770388
5.988000,0.479153,0.550751,-0.118451,-1.922533,-0.407619,1.039428,0.770388
5.990000,0.479098,0.550848,-0.118451,-1.922984,-0.407619,1.039428,0.770388
5.992000,0.479044,0.550946,-0.118451,-1.923432,-0.407619,1.039428,0.770388
5.994000,0.479017,0.550996,-0.118451,-1.923655,-0.407619,1.039428,0.770388
5.996000,0.478963,0.551095,-0.118451,-1.924098,-0.407619,1.039428,0.770388
5.998000,0.478910,0.551196,-0.118451,-1.924539,-0.407619,1.039428,0.770388
6.000000,0.478856,0.551298,-0.118451,-1.924977,-0.407619,1.039428,0.770388
6.002000,0.478804,0.551401,-0.118451,-1.925413,-0.407619,1.039428,0.770388
6.004000,0.478751,0.551505,-0.118451,-1.925845,-0.407619,1.039428,0.770388
6.006000,0.478698,0.551610,-0.118451,-1.926275,-0.407619,1.039428,0.770388
6.008000,0.478646,0.551716,-0.118451,-1.926702,-0.407619,1.039428,0.770388
6.010000,0.478595,0.551823,-0.118451,-1.927126,-0.407619,1.039428,0.770388
6.012000,0.478543,0.551931,-0.118451,-1.927547,-0.407619,1.039428,0.770388
6.014000,0.478492,0.552041,-0.118451,-1.927965,-0.407619,1.039428,0.770388
6.016000,0.478441,0.552151,-0.118451,-1.928380,-0.407619,1.039428,0.770388
6.018000,0.478390,0.552262,-0.118451,-1.928793,-0.407619,1.039428,0.770388
6.020000,0.478339,0.552375,-0.118451,-1.929203,-0.407619,1.039428,0.770388
6.022000,0.478289,0.552488,-0.118451,-1.929609,-0.407619,1.039428,0.770388
6.024000,0.478239,0.552603,-0.118451,-1.930013,-0.407619,1.039428,0.770388
6.026000,0.478190,0.552718,-0.118451,-1.930414,-0.407619,1.039428,0.770388
6.028000,0.478140,0.552835,-0.118451,-1.930812,-0.407619,1.039428,0.770388
6.030000,0.478091,0.552953,-0.118451,-1.931207,-0.407619,1.039428,0.770388
6.032000,0.478042,0.553072,-0.118451,-1.931599,-0.407619,1.039428,0.770388
6.034000,0.477993,0.553192,-0.118451,-1.931988,-0.407619,1.039428,0.770388
6.036000,0.477945,0.553313,-0.118451,-1.932374,-0.407619,1.039428,0.770388
6.038000,0.477897,0.553436,-0.118451,-1.932756,-0.407619,1.039428,0.770388
6.040000,0.477849,0.553559,-0.118451,-1.933136,-0.407619,1.039428,0.770388
6.042000,0.477802,0.553683,-0.118451,-1.933513,-0.407619,1.039428,0.770388
6.044000,0.477754,0.553809,-0.118451,-1.933887,-0.407619,1.039428,0.770388
6.046000,0.477707,0.553936,-0.118451,-1.934257,-0.407619,1.039428,0.770388
6.048000,0.477660,0.554064,-0.118451,-1.934625,-0.407619,1.039428,0.770388
6.050000,0.477614,0.554193,-0.118451,-1.934989,-0.407619,1.039428,0.770388
6.052000,0.477567,0.554323,-0.118451,-1.935350,-0.407619,1.039428,0.770388
6.054000,0.477521,0.554454,-0.118451,-1.935708,-0.407619,1.039428,0.770388
6.056000,0.477475,0.554587,-0.118451,-1.936063,-0.407619,1.039428,0.770388
6.058000,0.477430,0.554720,-0.118451,-1.936414,-0.407619,1.039428,0.770388
6.060000,0.477385,0.554855,-0.118451,-1.936763,-0.407619,1.039428,0.770388
6.062000,0.477339,0.554991,-0.118451,-1.937108,-0.407619,1.039428,0.770388
6.064000,0.477295,0.555128,-0.118451,-1.937450,-0.407619,1.039428,0.770388
6.066000,0.477250,0.555266,-0.118451,-1.937788,-0.407619,1.039428,0.770388
6.068000,0.477206,0.555406,-0.118451,-1.938124,-0.407619,1.039428,0.770388
6.070000,0.477161,0.555546,-0.118451,-1.938456,-0.407619,1.039428,0.770388
6.072000,0.477118,0.555688,-0.118451,-1.938784,-0.407619,1.039428,0.770388
6.074000,0.477096,0.555759,-0.118451,-1.938948,-0.407619,1.039428,0.770388
6.076000,0.477052,0.555903,-0.118451,-1.939271,-0.407619,1.039428,0.770388
6.078000,0.477009,0.556048,-0.118451,-1.939592,-0.407619,1.039428,0.770388
6.080000,0.476966,0.556194,-0.118451,-1.939909,-0.407619,1.039428,0.770388
6.082000,0.476923,0.556341,-0.118451,-1.940222,-0.407619,1.039428,0.770388
6.084000,0.476880,0.556489,-0.118451,-1.940533,-0.407619,1.039428,0.770388
6.086000,0.476838,0.556639,-0.118451,-1.940840,-0.407620,1.039428,0.770388
6.088000,0.476796,0.556790,-0.118451,-1.941143,-0.407621,1.039428,0.770388
6.090000,0.476754,0.556942,-0.118451,-1.941443,-0.407623,1.039428,0.770388
6.092000,0.476712,0.557095,-0.118451,-1.941740,-0.407625,1.039428,0.770388
6.094000,0.476671,0.557249,-0.118451,-1.942033,-0.407629,1.039428,0.770388
6.096000,0.476630,0.557405,-0.118451,-1.942323,-0.407633,1.039428,0.770388
6.098000,0.476589,0.557562,-0.118451,-1.942609,-0.407639,1.039428,0.770388
6.100000,0.476549,0.557720,-0.118451,-1.942892,-0.407646,1.039428,0.770388
6.102000,0.476509,0.557879,-0.118451,-1.943172,-0.407654,1.039428,0.770388
6.104000,0.476469,0.558040,-0.118451,-1.943448,-0.407663,1.039428,0.770388
6.106000,0.476430,0.558201,-0.118451,-1.943720,-0.407674,1.039428,0.770388
6.108000,0.476390,0.558365,-0.118451,-1.943989,-0.407687,1.039428,0.770388
6.110000,0.476352,0.558529,-0.118451,-1.944255,-0.407701,1.039428,0.770388
6.112000,0.476313,0.558694,-0.118451,-1.944517,-0.407717,1.039428,0.770388
6.114000,0.476275,0.558861,-0.118451,-1.944775,-0.407735,1.039428,0.770388
6.116000,0.476256,0.558945,-0.118451,-1.944903,-0.407745,1.039428,0.770388
6.118000,0.476218,0.559114,-0.118451,-1.945156,-0.407766,1.039428,0.770388
6.120000,0.476181,0.559284,-0.118451,-1.945405,-0.407790,1.039428,0.770388
6.122000,0.476144,0.559455,-0.118451,-1.945651,-0.407816,1.039428,0.770388
6.124000,0.476108,0.559627,-0.118451,-1.945894,-0.407844,1.039428,0.770388
6.126000,0.476072,0.559801,-0.118451,-1.946133,-0.407874,1.039428,0.770388
6.128000,0.476036,0.559976,-0.118451,-1.946368,-0.407907,1.039428,0.770388
6.130000,0.476000,0.560152,-0.118451,-1.946600,-0.407943,1.039428,0.770388
6.132000,0.475965,0.560329,-0.118451,-1.946828,-0.407981,1.039428,0.770388
6.134000,0.475931,0.560508,-0.118451,-1.947052,-0.408023,1.039428,0.770388
6.136000,0.475896,0.560688,-0.118451,-1.947273,-0.408067,1.039428,0.770388
6.138000,0.475863,0.560870,-0.118451,-1.947490,-0.408114,1.039428,0.770388
6.140000,0.475829,0.561052,-0.118451,-1.947704,-0.408164,1.039428,0.770388
6.142000,0.475796,0.561236,-0.118451,-1.947914,-0.408217,1.039428,0.770388
6.144000,0.475764,0.561421,-0.118451,-1.948120,-0.408274,1.039428,0.770388
6.146000,0.475731,0.561608,-0.118451,-1.948323,-0.408334,1.039428,0.770388
6.148000,0.475700,0.561795,-0.118451,-1.948521,-0.408397,1.039428,0.770388
6.150000,0.475668,0.561984,-0.118451,-1.948717,-0.408463,1.039428,0.770388
6.152000,0.475637,0.562175,-0.118451,-1.948908,-0.408533,1.039428,0.770388
6.154000,0.475607,0.562366,-0.118451,-1.949096,-0.408607,1.039428,0.770388
6.156000,0.475577,0.562559,-0.118451,-1.949281,-0.408684,1.039428,0.770388
6.158000,0.475547,0.562754,-0.118451,-1.949461,-0.408764,1.039428,0.770388
6.160000,0.475518,0.562949,-0.118451,-1.949638,-0.408849,1.039428,0.770388
6.162000,0.475490,0.563146,-0.118451,-1.949811,-0.408937,1.039428,0.770388
6.164000,0.475462,0.563344,-0.118451,-1.949981,-0.409029,1.039428,0.770388
6.166000,0.475434,0.563543,-0.118451,-1.950146,-0.409125,1.039428,0.770388
6.168000,0.475407,0.563744,-0.118451,-1.950308,-0.409225,1.039428,0.770388
6.170000,0.475380,0.563946,-0.118451,-1.950466,-0.409329,1.039428,0.770388
6.172000,0.475353,0.564150,-0.118451,-1.950621,-0.409436,1.039428,0.770388
6.174000,0.475328,0.564354,-0.118451,-1.950772,-0.409549,1.039428,0.770388
6.176000,0.475302,0.564560,-0.118451,-1.950919,-0.409665,1.039428,0.770388
6.178000,0.475277,0.564768,-0.118451,-1.951062,-0.409786,1.039428,0.770388
6.180000,0.475253,0.564976,-0.118451,-1.951201,-0.409911,1.039428,0.770388
6.182000,0.475241,0.565081,-0.118451,-1.951269,-0.409975,1.039428,0.770388
6.184000,0.475217,0.565292,-0.118451,-1.951403,-0.410107,1.039428,0.770388
6.186000,0.475194,0.565504,-0.118451,-1.951533,-0.410244,1.039428,0.770388
6.188000,0.475172,0.565717,-0.118451,-1.951659,-0.410386,1.039428,0.770388
6.190000,0.475150,0.565932,-0.118451,-1.951781,-0.410532,1.039428,0.770388
6.192000,0.475128,0.566148,-0.118451,-1.951900,-0.410683,1.039428,0.770388
6.194000,0.475107,0.566365,-0.118451,-1.952014,-0.410840,1.039428,0.770388
6.196000,0.475097,0.566474,-0.118451,-1.952070,-0.410920,1.039428,0.770388
6.198000,0.475067,0.566804,-0.118451,-1.952231,-0.411167,1.039428,0.770388
6.200000,0.475047,0.567025,-0.118451,-1.952334,-0.411339,1.039428,0.770388
6.202000,0.475029,0.567248,-0.118451,-1.952433,-0.411516,1.039428,0.770388
6.204000,0.475010,0.567472,-0.118451,-1.952528,-0.411698,1.039428,0.770388
6.206000,0.474993,0.567697,-0.118451,-1.952619,-0.411886,1.039428,0.770388
6.208000,0.474975,0.567924,-0.118451,-1.952707,-0.412079,1.039428,0.770388
6.210000,0.474959,0.568152,-0.118451,-1.952790,-0.412278,1.039428,0.770388
6.212000,0.474943,0.568382,-0.118451,-1.952869,-0.412482,1.039428,0.770388
6.214000,0.474928,0.568613,-0.118451,-1.952944,-0.412692,1.039428,0.770388
6.216000,0.474913,0.568845,-0.118451,-1.953016,-0.412908,1.039428,0.770388
6.218000,0.474898,0.569079,-0.118451,-1.953083,-0.413129,1.039428,0.770388
6.220000,0.474885,0.569314,-0.118451,-1.953147,-0.413356,1.039428,0.770388
6.222000,0.474872,0.569551,-0.118451,-1.953206,-0.413589,1.039428,0.770388
6.224000,0.474859,0.569789,-0.118451,-1.953262,-0.413828,1.039428,0.770388
6.226000,0.474847,0.570028,-0.118451,-1.953313,-0.414073,1.039428,0.770388
6.228000,0.474836,0.570269,-0.118451,-1.953361,-0.414323,1.039428,0.770388
6.230000,0.474831,0.570390,-0.118451,-1.953383,-0.414451,1.039428,0.770388
6.232000,0.474820,0.570632,-0.118451,-1.953424,-0.414711,1.039428,0.770388
6.234000,0.474811,0.570877,-0.118451,-1.953462,-0.414976,1.039428,0.770388
6.236000,0.474802,0.571122,-0.118451,-1.953495,-0.415248,1.039428,0.770388
6.238000,0.474793,0.571369,-0.118451,-1.953525,-0.415527,1.039428,0.770388
6.240000,0.474785,0.571617,-0.118451,-1.953550,-0.415811,1.039428,0.770388
6.242000,0.474778,0.571867,-0.118451,-1.953571,-0.416102,1.039428,0.770388
6.244000,0.474771,0.572118,-0.118451,-1.953589,-0.416399,1.039428,0.770388
6.246000,0.474765,0.572371,-0.118451,-1.953602,-0.416702,1.039428,0.770388
6.248000,0.474760,0.572625,-0.118451,-1.953611,-0.417011,1.039428,0.770388
6.250000,0.474755,0.572881,-0.118451,-1.953616,-0.417327,1.039428,0.770388
6.252000,0.474751,0.573137,-0.118451,-1.953617,-0.417650,1.039428,0.770388
6.254000,0.474748,0.573395,-0.118451,-1.953615,-0.417979,1.039429,0.770388
6.256000,0.474745,0.573653,-0.118451,-1.953612,-0.418316,1.039431,0.770388
6.258000,0.474744,0.573911,-0.118451,-1.953606,-0.418660,1.039433,0.770388
6.260000,0.474743,0.574169,-0.118451,-1.953599,-0.419012,1.039437,0.770388
6.262000,0.474742,0.574428,-0.118451,-1.953590,-0.419371,1.039442,0.770388
6.264000,0.474742,0.574688,-0.118451,-1.953578,-0.419736,1.039448,0.770388
6.266000,0.474742,0.574947,-0.118451,-1.953565,-0.420107,1.039456,0.770388
6.268000,0.474743,0.575208,-0.118451,-1.953549,-0.420483,1.039465,0.770388
6.270000,0.474743,0.575468,-0.118451,-1.953532,-0.420865,1.039476,0.770388
6.272000,0.474743,0.575729,-0.118451,-1.953512,-0.421254,1.039488,0.770388
6.274000,0.474744,0.575990,-0.118451,-1.953490,-0.421647,1.039502,0.770388
6.276000,0.474745,0.576252,-0.118451,-1.953467,-0.422047,1.039517,0.770388
6.278000,0.474746,0.576514,-0.118451,-1.953441,-0.422453,1.039534,0.770388
6.280000,0.474747,0.576776,-0.118451,-1.953413,-0.422864,1.039553,0.770388
6.282000,0.474748,0.577039,-0.118451,-1.953383,-0.423282,1.039573,0.770388
6.284000,0.474749,0.577302,-0.118451,-1.953350,-0.423705,1.039595,0.770388
6.286000,0.474750,0.577565,-0.118451,-1.953316,-0.424135,1.039619,0.770388
6.288000,0.474752,0.577829,-0.118451,-1.953280,-0.424570,1.039644,0.770388
6.290000,0.474754,0.578094,-0.118451,-1.953241,-0.425012,1.039671,0.770388
6.292000,0.474755,0.578358,-0.118451,-1.953201,-0.425459,1.039700,0.770388
6.294000,0.474757,0.578623,-0.118451,-1.953158,-0.425913,1.039730,0.770388
6.296000,0.474758,0.578756,-0.118451,-1.953136,-0.426142,1.039746,0.770388
6.298000,0.474762,0.579155,-0.118451,-1.953066,-0.426838,1.039795,0.770388
6.300000,0.474764,0.579421,-0.118451,-1.953017,-0.427310,1.039831,0.770388
6.302000,0.474765,0.579554,-0.118451,-1.952991,-0.427548,1.039849,0.770388
6.304000,0.474769,0.579954,-0.118451,-1.952912,-0.428272,1.039907,0.770388
6.306000,0.474771,0.580088,-0.118451,-1.952884,-0.428517,1.039927,0.770388
6.308000,0.474774,0.580356,-0.118451,-1.952827,-0.429010,1.039968,0.770388
6.310000,0.474777,0.580624,-0.118451,-1.952768,-0.429510,1.040011,0.770388
6.312000,0.474780,0.580892,-0.118451,-1.952707,-0.430016,1.040056,0.770388
6.314000,0.474784,0.581161,-0.118451,-1.952644,-0.430528,1.040103,0.770388
6.316000,0.474788,0.581430,-0.118451,-1.952579,-0.431047,1.040151,0.770388
6.318000,0.474792,0.581700,-0.118451,-1.952511,-0.431572,1.040202,0.770388
6.320000,0.474796,0.581970,-0.118451,-1.952441,-0.432103,1.040254,0.770388
6.322000,0.474800,0.582240,-0.118451,-1.952369,-0.432641,1.040308,0.770388
6.324000,0.474804,0.582511,-0.118451,-1.952295,-0.433186,1.040364,0.770388
6.326000,0.474809,0.582782,-0.118451,-1.952218,-0.433737,1.040423,0.770388
6.328000,0.474814,0.583053,-0.118451,-1.952140,-0.434295,1.040483,0.770388
6.330000,0.474814,0.583053,-0.118451,-1.952140,-0.434295,1.040483,0.770388
6.332000,0.474825,0.583598,-0.118451,-1.951975,-0.435430,1.040609,0.770388
6.334000,0.474830,0.583871,-0.118451,-1.951890,-0.436008,1.040675,0.770388
6.336000,0.474836,0.584144,-0.118451,-1.951802,-0.436592,1.040744,0.770388
6.338000,0.474842,0.584418,-0.118450,-1.951712,-0.437183,1.040814,0.770388
6.340000,0.474845,0.584555,-0.118450,-1.951667,-0.437482,1.040850,0.770388
6.342000,0.474851,0.584829,-0.118450,-1.951573,-0.438083,1.040923,0.770388
6.344000,0.474857,0.585103,-0.118450,-1.951478,-0.438692,1.040999,0.770388
6.346000,0.474864,0.585378,-0.118449,-1.951380,-0.439307,1.041077,0.770388
6.348000,0.474870,0.585654,-0.118449,-1.951280,-0.439929,1.041157,0.770388
6.350000,0.474877,0.585930,-0.118448,-1.951177,-0.440559,1.041239,0.770388
6.352000,0.474884,0.586206,-0.118447,-1.951073,-0.441195,1.041323,0.770388
6.354000,0.474891,0.586483,-0.118446,-1.950966,-0.441839,1.041409,0.770388
6.356000,0.474898,0.586760,-0.118445,-1.950856,-0.442489,1.041498,0.770388
6.358000,0.474906,0.587038,-0.118444,-1.950745,-0.443147,1.041589,0.770388
6.360000,0.474913,0.587315,-0.118442,-1.950631,-0.443812,1.041682,0.770388
6.362000,0.474921,0.587594,-0.118441,-1.950515,-0.444484,1.041777,0.770388
6.364000,0.474929,0.587873,-0.118439,-1.950396,-0.445163,1.041874,0.770388
6.366000,0.474937,0.588152,-0.118437,-1.950275,-0.445849,1.041974,0.770388
6.368000,0.474945,0.588432,-0.118435,-1.950152,-0.446543,1.042076,0.770388
6.370000,0.474953,0.588712,-0.118432,-1.950026,-0.447244,1.042180,0.770388
6.372000,0.474961,0.588992,-0.118430,-1.949898,-0.447952,1.042286,0.770388
6.374000,0.474969,0.589273,-0.118427,-1.949768,-0.448667,1.042395,0.770388
6.376000,0.474978,0.589554,-0.118424,-1.949636,-0.449389,1.042505,0.770388
6.378000,0.474986,0.589836,-0.118421,-1.949501,-0.450119,1.042618,0.770388
6.380000,0.474995,0.590118,-0.118417,-1.949363,-0.450855,1.042734,0.770388
6.382000,0.475004,0.590401,-0.118413,-1.949224,-0.451599,1.042851,0.770388
6.384000,0.475013,0.590684,-0.118409,-1.949082,-0.452351,1.042971,0.770388
6.386000,0.475017,0.590826,-0.118407,-1.949010,-0.452729,1.043031,0.770388
6.388000,0.475026,0.591110,-0.118403,-1.948864,-0.453491,1.043154,0.770388
6.390000,0.475035,0.591394,-0.118398,-1.948716,-0.454261,1.043279,0.770388
6.392000,0.475045,0.591678,-0.118393,-1.948566,-0.455038,1.043407,0.770388
6.394000,0.475054,0.591963,-0.118388,-1.948413,-0.455822,1.043537,0.770388
6.396000,0.475063,0.592249,-0.118382,-1.948258,-0.456614,1.043669,0.770388
6.398000,0.475073,0.592535,-0.118377,-1.948100,-0.457412,1.043803,0.770388
6.400000,0.475082,0.592821,-0.118370,-1.947940,-0.458219,1.043940,0.770388
6.402000,0.475092,0.593108,-0.118364,-1.947778,-0.459032,1.044078,0.770388
6.404000,0.475102,0.593395,-0.118357,-1.947613,-0.459853,1.044220,0.770388
6.406000,0.475112,0.593683,-0.118350,-1.947446,-0.460682,1.044363,0.770388
6.408000,0.475122,0.593971,-0.118343,-1.947276,-0.461517,1.044509,0.770388
6.410000,0.475131,0.594259,-0.118335,-1.947104,-0.462360,1.044656,0.770388
6.412000,0.475142,0.594548,-0.118327,-1.946930,-0.463210,1.044806,0.770388
6.414000,0.475152,0.594837,-0.118319,-1.946753,-0.464068,1.044959,0.770388
6.416000,0.475162,0.595127,-0.118310,-1.946573,-0.464933,1.045113,0.770388
6.418000,0.475172,0.595418,-0.118301,-1.946392,-0.465805,1.045270,0.770388
6.420000,0.475182,0.595708,-0.118292,-1.946207,-0.466684,1.045429,0.770388
6.422000,0.475193,0.596000,-0.118282,-1.946021,-0.467571,1.045590,0.770388
6.424000,0.475203,0.596291,-0.118272,-1.945832,-0.468465,1.045753,0.770388
6.426000,0.475214,0.596583,-0.118262,-1.945640,-0.469366,1.045919,0.770388
6.428000,0.475224,0.596876,-0.118251,-1.945446,-0.470274,1.046087,0.770388
6.430000,0.475235,0.597169,-0.118240,-1.945250,-0.471190,1.046257,0.770388
6.432000,0.475246,0.597462,-0.118228,-1.945051,-0.472112,1.046429,0.770388
6.434000,0.475257,0.597756,-0.118217,-1.944850,-0.473042,1.046603,0.770388
6.436000,0.475268,0.598050,-0.118205,-1.944646,-0.473979,1.046779,0.770388
6.438000,0.475279,0.598345,-0.118192,-1.944440,-0.474923,1.046958,0.770388
6.440000,0.475290,0.598640,-0.118179,-1.944231,-0.475874,1.047139,0.770388
6.442000,0.475301,0.598936,-0.118166,-1.944020,-0.476832,1.047322,0.770388
6.444000,0.475312,0.599232,-0.118152,-1.943807,-0.477797,1.047507,0.770388
6.446000,0.475323,0.599529,-0.118138,-1.943591,-0.478770,1.047694,0.770388
6.448000,0.475335,0.599826,-0.118124,-1.943372,-0.479749,1.047883,0.770388
6.450000,0.475346,0.600123,-0.118110,-1.943151,-0.480735,1.048074,0.770388
6.452000,0.475358,0.600421,-0.118094,-1.942928,-0.481729,1.048268,0.770388
6.454000,0.475369,0.600720,-0.118079,-1.942702,-0.482729,1.048463,0.770388
6.456000,0.475381,0.601018,-0.118063,-1.942474,-0.483736,1.048661,0.770388
6.458000,0.475393,0.601318,-0.118047,-1.942243,-0.484751,1.048861,0.770388
6.460000,0.475405,0.601618,-0.118031,-1.942010,-0.485772,1.049063,0.770388
6.462000,0.475416,0.601918,-0.118014,-1.941774,-0.486800,1.049268,0.770388
6.464000,0.475428,0.602218,-0.117996,-1.941536,-0.487836,1.049474,0.770388
6.466000,0.475440,0.602520,-0.117979,-1.941295,-0.488878,1.049683,0.770388
6.468000,0.475453,0.602821,-0.117961,-1.941052,-0.489927,1.049894,0.770388
6.470000,0.475465,0.603123,-0.117942,-1.940807,-0.490983,1.050107,0.770388
6.472000,0.475477,0.603426,-0.117923,-1.940559,-0.492046,1.050323,0.770388
6.474000,0.475489,0.603729,-0.117904,-1.940308,-0.493116,1.050541,0.770388
6.476000,0.475502,0.604032,-0.117884,-1.940055,-0.494193,1.050761,0.770388
6.478000,0.475514,0.604336,-0.117864,-1.939800,-0.495277,1.050983,0.770388
6.480000,0.475527,0.604640,-0.117844,-1.939542,-0.496368,1.051208,0.770388
6.482000,0.475539,0.604945,-0.117823,-1.939281,-0.497466,1.051435,0.770388
6.484000,0.475552,0.605250,-0.117801,-1.939019,-0.498570,1.051664,0.770388
6.486000,0.475565,0.605556,-0.117780,-1.938753,-0.499681,1.051896,0.770388
6.488000,0.475577,0.605862,-0.117758,-1.938485,-0.500800,1.052130,0.770388
6.490000,0.475590,0.606168,-0.117735,-1.938215,-0.501925,1.052366,0.770388
6.492000,0.475603,0.606475,-0.117712,-1.937943,-0.503056,1.052605,0.770388
6.494000,0.475616,0.606783,-0.117689,-1.937667,-0.504195,1.052846,0.770388
6.496000,0.475630,0.607091,-0.117665,-1.937390,-0.505340,1.053089,0.770388
6.498000,0.475643,0.607399,-0.117641,-1.937110,-0.506492,1.053335,0.770388
6.500000,0.475656,0.607708,-0.117616,-1.936827,-0.507651,1.053583,0.770388
6.502000,0.475669,0.608017,-0.117591,-1.936542,-0.508817,1.053833,0.770388
6.504000,0.475683,0.608327,-0.117566,-1.936255,-0.509989,1.054086,0.770388
6.506000,0.475696,0.608637,-0.117540,-1.935965,-0.511168,1.054341,0.770388
6.508000,0.475710,0.608948,-0.117514,-1.935673,-0.512354,1.054598,0.770388
6.510000,0.475724,0.609259,-0.117487,-1.935378,-0.513546,1.054858,0.770388
6.512000,0.475738,0.609570,-0.117460,-1.935081,-0.514745,1.055120,0.770388
6.514000,0.475751,0.609882,-0.117432,-1.934781,-0.515950,1.055385,0.770388
6.516000,0.475758,0.610038,-0.117419,-1.934630,-0.516555,1.055518,0.770388
6.518000,0.475772,0.610351,-0.117390,-1.934327,-0.517770,1.055787,0.770388
6.520000,0.475787,0.610664,-0.117362,-1.934021,-0.518992,1.056057,0.770388
6.522000,0.475801,0.610978,-0.117333,-1.933713,-0.520221,1.056330,0.770388
6.524000,0.475815,0.611291,-0.117304,-1.933402,-0.521456,1.056606,0.770388
6.526000,0.475829,0.611606,-0.117274,-1.933089,-0.522698,1.056884,0.770388
6.528000,0.475844,0.611921,-0.117244,-1.932773,-0.523946,1.057164,0.770388
6.530000,0.475858,0.612236,-0.117213,-1.932455,-0.525201,1.057447,0.770388
6.532000,0.475873,0.612552,-0.117182,-1.932135,-0.526462,1.057733,0.770388
6.534000,0.475888,0.612868,-0.117151,-1.931812,-0.527730,1.058020,0.770388
6.536000,0.475903,0.613185,-0.117119,-1.931487,-0.529004,1.058311,0.770388
6.538000,0.475918,0.613502,-0.117086,-1.931159,-0.530285,1.058603,0.770388
6.540000,0.475933,0.613819,-0.117054,-1.930829,-0.531572,1.058899,0.770388
6.542000,0.475948,0.614137,-0.117021,-1.930496,-0.532865,1.059196,0.770388
6.544000,0.475963,0.614456,-0.116987,-1.930161,-0.534165,1.059496,0.770388
6.546000,0.475979,0.614774,-0.116953,-1.929824,-0.535471,1.059799,0.770388
6.548000,0.475994,0.615094,-0.116919,-1.929484,-0.536784,1.060104,0.770388
6.550000,0.476010,0.615413,-0.116884,-1.929142,-0.538102,1.060411,0.770388
6.552000,0.476026,0.615734,-0.116849,-1.928798,-0.539427,1.060721,0.770388
6.554000,0.476041,0.616054,-0.116814,-1.928451,-0.540758,1.061033,0.770388
6.556000,0.476057,0.616375,-0.116778,-1.928101,-0.542095,1.061348,0.770388
6.558000,0.476074,0.616697,-0.116742,-1.927749,-0.543438,1.061665,0.770388
6.560000,0.476082,0.616858,-0.116723,-1.927573,-0.544112,1.061825,0.770388
6.562000,0.476098,0.617180,-0.116687,-1.927217,-0.545464,1.062145,0.770388
6.564000,0.476114,0.617502,-0.116649,-1.926860,-0.546822,1.062469,0.770388
6.566000,0.476131,0.617825,-0.116612,-1.926499,-0.548187,1.062794,0.770388
6.568000,0.476148,0.618149,-0.116574,-1.926137,-0.549557,1.063123,0.770388
6.570000,0.476165,0.618473,-0.116536,-1.925772,-0.550934,1.063453,0.770388
6.572000,0.476182,0.618797,-0.116497,-1.925405,-0.552317,1.063786,0.770388
6.574000,0.476199,0.619122,-0.116458,-1.925035,-0.553705,1.064122,0.770388
6.576000,0.476216,0.619447,-0.116418,-1.924663,-0.555100,1.064460,0.770388
6.578000,0.476233,0.619773,-0.116378,-1.924289,-0.556501,1.064801,0.770388
6.580000,0.476251,0.620099,-0.116338,-1.923912,-0.557907,1.065144,0.770388
6.582000,0.476269,0.620425,-0.116298,-1.923533,-0.559319,1.065489,0.770388
6.584000,0.476287,0.620752,-0.116257,-1.923152,-0.560737,1.065837,0.770388
6.586000,0.476305,0.621079,-0.116216,-1.922768,-0.562161,1.066187,0.770388
6.588000,0.476323,0.621407,-0.116174,-1.922382,-0.563590,1.066540,0.770388
6.590000,0.476341,0.621735,-0.116132,-1.921994,-0.565025,1.066895,0.770388
6.592000,0.476360,0.622064,-0.116090,-1.921603,-0.566466,1.067253,0.770388
6.594000,0.476378,0.622393,-0.116047,-1.921210,-0.567913,1.067613,0.770388
6.596000,0.476388,0.622558,-0.116026,-1.921013,-0.568638,1.067794,0.770388
6.598000,0.476407,0.622887,-0.115983,-1.920616,-0.570092,1.068158,0.770388
6.600000,0.476426,0.623218,-0.115940,-1.920218,-0.571553,1.068524,0.770388
6.602000,0.476445,0.623548,-0.115896,-1.919817,-0.573019,1.068893,0.770388
6.604000,0.476465,0.623879,-0.115852,-1.919413,-0.574490,1.069264,0.770388
6.606000,0.476485,0.624210,-0.115808,-1.919008,-0.575967,1.069639,0.770388
6.608000,0.476504,0.624542,-0.115763,-1.918600,-0.577449,1.070015,0.770388
6.610000,0.476525,0.624874,-0.115718,-1.918190,-0.578937,1.070394,0.770388
6.612000,0.476545,0.625207,-0.115673,-1.917777,-0.580430,1.070776,0.770388
6.614000,0.476565,0.625540,-0.115627,-1.917362,-0.581929,1.071161,0.770388
6.616000,0.476586,0.625873,-0.115582,-1.916945,-0.583433,1.071548,0.770388
6.618000,0.476607,0.626207,-0.115536,-1.916526,-0.584942,1.071937,0.770388
6.620000,0.476628,0.626541,-0.115489,-1.916105,-0.586456,1.072330,0.770388
6.622000,0.476649,0.626876,-0.115443,-1.915681,-0.587976,1.072724,0.770388
6.624000,0.476671,0.627211,-0.115396,-1.915255,-0.589500,1.073122,0.770388
6.626000,0.476693,0.627547,-0.115349,-1.914827,-0.591030,1.073522,0.770388
6.628000,0.476715,0.627882,-0.115301,-1.914397,-0.592564,1.073925,0.770388
6.630000,0.476737,0.628219,-0.115254,-1.913964,-0.594104,1.074330,0.770388
6.632000,0.476760,0.628555,-0.115206,-1.913529,-0.595649,1.074738,0.770388
6.634000,0.476782,0.628892,-0.115158,-1.913092,-0.597198,1.075149,0.770388
6.636000,0.476805,0.629230,-0.115110,-1.912653,-0.598753,1.075563,0.770388
6.638000,0.476828,0.629568,-0.115061,-1.912212,-0.600312,1.075979,0.770388
6.640000,0.476852,0.629906,-0.115013,-1.911768,-0.601876,1.076397,0.770388
6.642000,0.476876,0.630244,-0.114964,-1.911323,-0.603444,1.076819,0.770388
6.644000,0.476900,0.630583,-0.114915,-1.910875,-0.605018,1.077243,0.770388
6.646000,0.476924,0.630923,-0.114866,-1.910425,-0.606596,1.077669,0.770388
6.648000,0.476949,0.631263,-0.114816,-1.909973,-0.608178,1.078098,0.770388
6.650000,0.476973,0.631603,-0.114767,-1.909518,-0.609765,1.078530,0.770388
6.652000,0.476998,0.631943,-0.114717,-1.909062,-0.611357,1.078965,0.770388
6.654000,0.477024,0.632284,-0.114667,-1.908603,-0.612953,1.079402,0.770388
6.656000,0.477050,0.632626,-0.114617,-1.908142,-0.614553,1.079842,0.770388
6.658000,0.477076,0.632967,-0.114567,-1.907680,-0.616158,1.080285,0.770388
6.660000,0.477089,0.633138,-0.114542,-1.907447,-0.616962,1.080507,0.770388
6.662000,0.477115,0.633481,-0.114492,-1.906981,-0.618573,1.080954,0.770388
6.664000,0.477142,0.633823,-0.114441,-1.906513,-0.620189,1.081403,0.770388
6.666000,0.477169,0.634166,-0.114391,-1.906043,-0.621809,1.081856,0.770388
6.668000,0.477196,0.634510,-0.114340,-1.905571,-0.623433,1.082310,0.770388
6.670000,0.477224,0.634853,-0.114289,-1.905096,-0.625062,1.082768,0.770388
6.672000,0.477252,0.635198,-0.114239,-1.904620,-0.626694,1.083228,0.770388
6.674000,0.477280,0.635542,-0.114188,-1.904142,-0.628331,1.083691,0.770388
6.676000,0.477309,0.635887,-0.114136,-1.903661,-0.629972,1.084157,0.770388
6.678000,0.477337,0.636232,-0.114085,-1.903178,-0.631617,1.084626,0.770388
6.680000,0.477367,0.636578,-0.114034,-1.902694,-0.633266,1.085097,0.770388
6.682000,0.477396,0.636924,-0.113983,-1.902207,-0.634919,1.085571,0.770388
6.684000,0.477426,0.637270,-0.113932,-1.901718,-0.636576,1.086048,0.770388
6.686000,0.477456,0.637617,-0.113880,-1.901228,-0.638237,1.086528,0.770388
6.688000,0.477487,0.637964,-0.113829,-1.900735,-0.639902,1.087010,0.770388
6.690000,0.477518,0.638311,-0.113777,-1.900240,-0.641570,1.087495,0.770388
6.692000,0.477549,0.638659,-0.113726,-1.899743,-0.643242,1.087982,0.770388
6.694000,0.477581,0.639007,-0.113675,-1.899245,-0.644918,1.088473,0.770388
6.696000,0.477597,0.639181,-0.113649,-1.898995,-0.645757,1.088719,0.770388
6.698000,0.477645,0.639704,-0.113572,-1.898241,-0.648280,1.089462,0.770388
6.700000,0.477678,0.640054,-0.113520,-1.897737,-0.649967,1.089960,0.770388
6.702000,0.477711,0.640403,-0.113469,-1.897230,-0.651657,1.090462,0.770388
6.704000,0.477745,0.640753,-0.113417,-1.896721,-0.653351,1.090966,0.770388
6.706000,0.477779,0.641103,-0.113366,-1.896211,-0.655047,1.091472,0.770388
6.708000,0.477796,0.641278,-0.113341,-1.895955,-0.655897,1.091727,0.770388
6.710000,0.477831,0.641629,-0.113289,-1.895442,-0.657599,1.092237,0.770388
6.712000,0.477866,0.641980,-0.113238,-1.894926,-0.659304,1.092751,0.770388
6.714000,0.477901,0.642332,-0.113187,-1.894409,-0.661013,1.093267,0.770388
6.716000,0.477937,0.642683,-0.113136,-1.893890,-0.662725,1.093786,0.770388
6.718000,0.477973,0.643036,-0.113085,-1.893369,-0.664440,1.094308,0.770388
6.720000,0.478009,0.643388,-0.113034,-1.892846,-0.666158,1.094832,0.770388
6.722000,0.478046,0.643741,-0.112983,-1.892321,-0.667880,1.095359,0.770388
6.724000,0.478084,0.644094,-0.112933,-1.891794,-0.669604,1.095889,0.770388
6.726000,0.478121,0.644447,-0.112882,-1.891266,-0.671332,1.096422,0.770388
6.728000,0.478160,0.644801,-0.112832,-1.890735,-0.673063,1.096957,0.770388
6.730000,0.478198,0.645155,-0.112781,-1.890203,-0.674796,1.097495,0.770388
6.732000,0.478238,0.645509,-0.112731,-1.889669,-0.676533,1.098036,0.770388
6.734000,0.478277,0.645864,-0.112681,-1.889133,-0.678272,1.098580,0.770388
6.736000,0.478317,0.646219,-0.112631,-1.888595,-0.680014,1.099126,0.770388
6.738000,0.478358,0.646575,-0.112582,-1.888055,-0.681759,1.099675,0.770388
6.740000,0.478399,0.646930,-0.112532,-1.887514,-0.683506,1.100226,0.770388
6.742000,0.478440,0.647286,-0.112483,-1.886971,-0.685256,1.100781,0.770388
6.744000,0.478482,0.647643,-0.112434,-1.886426,-0.687008,1.101338,0.770388
6.746000,0.478524,0.647999,-0.112386,-1.885879,-0.688763,1.101897,0.770388
6.748000,0.478567,0.648356,-0.112337,-1.885330,-0.690520,1.102459,0.770388
6.750000,0.478610,0.648713,-0.112289,-1.884780,-0.692279,1.103024,0.770388
6.752000,0.478654,0.649071,-0.112241,-1.884228,-0.694040,1.103592,0.770388
6.754000,0.478699,0.649429,-0.112193,-1.883674,-0.695804,1.104162,0.770388
6.756000,0.478743,0.649787,-0.112146,-1.883118,-0.697569,1.104735,0.770388
6.758000,0.478789,0.650146,-0.112099,-1.882561,-0.699337,1.105311,0.770388
6.760000,0.478835,0.650504,-0.112052,-1.882001,-0.701106,1.105889,0.770388
6.762000,0.478881,0.650863,-0.112005,-1.881441,-0.702877,1.106469,0.770388
6.764000,0.478928,0.651223,-0.111959,-1.880878,-0.704650,1.107053,0.770388
6.766000,0.478952,0.651403,-0.111936,-1.880596,-0.705537,1.107345,0.770388
6.768000,0.478999,0.651763,-0.111890,-1.880031,-0.707313,1.107933,0.770388
6.770000,0.479048,0.652123,-0.111845,-1.879464,-0.709090,1.108523,0.770388
6.772000,0.479096,0.652483,-0.111800,-1.878895,-0.710869,1.109115,0.770388
6.774000,0.479146,0.652844,-0.111756,-1.878325,-0.712650,1.109710,0.770388
6.776000,0.479196,0.653205,-0.111712,-1.877753,-0.714432,1.110308,0.770388
6.778000,0.479246,0.653566,-0.111668,-1.877180,-0.716216,1.110909,0.770388
6.780000,0.479297,0.653928,-0.111624,-1.876604,-0.718001,1.111512,0.770388
6.782000,0.479348,0.654290,-0.111581,-1.876027,-0.719788,1.112118,0.770388
6.784000,0.479400,0.654652,-0.111539,-1.875449,-0.721576,1.112726,0.770388
6.786000,0.479453,0.655014,-0.111497,-1.874868,-0.723365,1.113338,0.770388
6.788000,0.479506,0.655377,-0.111455,-1.874287,-0.725156,1.113951,0.770388
6.790000,0.479560,0.655740,-0.111414,-1.873703,-0.726947,1.114568,0.770388
6.792000,0.479614,0.656104,-0.111373,-1.873118,-0.728740,1.115186,0.770388
6.794000,0.479669,0.656467,-0.111333,-1.872531,-0.730533,1.115808,0.770388
6.796000,0.479697,0.656649,-0.111313,-1.872237,-0.731430,1.116119,0.770388
6.798000,0.479781,0.657195,-0.111254,-1.871353,-0.734123,1.117058,0.770388
6.800000,0.479838,0.657560,-0.111215,-1.870762,-0.735919,1.117688,0.770388
6.802000,0.479895,0.657924,-0.111177,-1.870168,-0.737716,1.118319,0.770388
6.804000,0.479953,0.658289,-0.111139,-1.869574,-0.739514,1.118953,0.770388
6.806000,0.480012,0.658655,-0.111102,-1.868978,-0.741312,1.119590,0.770388
6.808000,0.480071,0.659020,-0.111066,-1.868380,-0.743111,1.120230,0.770388
6.810000,0.480131,0.659386,-0.111030,-1.867780,-0.744910,1.120871,0.770388
6.812000,0.480191,0.659752,-0.110994,-1.867180,-0.746710,1.121515,0.770388
6.814000,0.480252,0.660118,-0.110960,-1.866577,-0.748510,1.122162,0.770388
6.816000,0.480314,0.660485,-0.110925,-1.865973,-0.750311,1.122811,0.770388
6.818000,0.480376,0.660852,-0.110892,-1.865368,-0.752111,1.123463,0.770388
6.820000,0.480439,0.661219,-0.110859,-1.864761,-0.753912,1.124117,0.770388
6.822000,0.480503,0.661586,-0.110827,-1.864152,-0.755713,1.124774,0.770388
6.824000,0.480567,0.661954,-0.110795,-1.863542,-0.757514,1.125433,0.770388
6.826000,0.480599,0.662137,-0.110779,-1.863237,-0.758415,1.125763,0.770388
6.828000,0.480665,0.662505,-0.110749,-1.862625,-0.760216,1.126425,0.770388
6.830000,0.480730,0.662874,-0.110719,-1.862011,-0.762017,1.127090,0.770388
6.832000,0.480797,0.663242,-0.110689,-1.861396,-0.763818,1.127758,0.770388
6.834000,0.480864,0.663611,-0.110661,-1.860779,-0.765619,1.128428,0.770388
6.836000,0.480932,0.663980,-0.110633,-1.860161,-0.767420,1.129100,0.770388
6.838000,0.481001,0.664349,-0.110606,-1.859541,-0.769221,1.129775,0.770388
6.840000,0.481070,0.664719,-0.110579,-1.858920,-0.771022,1.130453,0.770388
6.842000,0.481140,0.665088,-0.110553,-1.858298,-0.772822,1.131132,0.770388
6.844000,0.481210,0.665458,-0.110528,-1.857674,-0.774622,1.131815,0.770388
6.846000,0.481282,0.665829,-0.110504,-1.857049,-0.776422,1.132499,0.770388
6.848000,0.481353,0.666199,-0.110480,-1.856422,-0.778221,1.133186,0.770388
6.850000,0.481426,0.666570,-0.110458,-1.855794,-0.780020,1.133876,0.770388
6.852000,0.481499,0.666941,-0.110436,-1.855164,-0.781818,1.134567,0.770388
6.854000,0.481573,0.667312,-0.110414,-1.854533,-0.783616,1.135262,0.770388
6.856000,0.481648,0.667683,-0.110394,-1.853901,-0.785413,1.135958,0.770388
6.858000,0.481724,0.668055,-0.110374,-1.853267,-0.787209,1.136657,0.770388
6.860000,0.481800,0.668427,-0.110356,-1.852632,-0.789004,1.137358,0.770388
6.862000,0.481877,0.668799,-0.110338,-1.851996,-0.790799,1.138061,0.770388
6.864000,0.481954,0.669171,-0.110321,-1.851358,-0.792592,1.138767,0.770388
6.866000,0.482032,0.669544,-0.110304,-1.850719,-0.794385,1.139475,0.770388
6.868000,0.482111,0.669917,-0.110289,-1.850078,-0.796177,1.140185,0.770388
6.870000,0.482191,0.670290,-0.110274,-1.849436,-0.797967,1.140898,0.770388
6.872000,0.482272,0.670663,-0.110261,-1.848793,-0.799757,1.141612,0.770388
6.874000,0.482353,0.671036,-0.110248,-1.848149,-0.801545,1.142329,0.770388
6.876000,0.482435,0.671410,-0.110236,-1.847503,-0.803332,1.143048,0.770388
6.878000,0.482518,0.671784,-0.110225,-1.846855,-0.805117,1.143770,0.770388
6.880000,0.482601,0.672158,-0.110216,-1.846207,-0.806901,1.144493,0.770388
6.882000,0.482685,0.672533,-0.110207,-1.845557,-0.808683,1.145218,0.770388
6.884000,0.482728,0.672720,-0.110202,-1.845232,-0.809573,1.145582,0.770388
6.886000,0.482813,0.673094,-0.110195,-1.844580,-0.811353,1.146310,0.770388
6.888000,0.482899,0.673469,-0.110188,-1.843927,-0.813131,1.147041,0.770388
6.890000,0.482986,0.673845,-0.110183,-1.843272,-0.814907,1.147773,0.770388
6.892000,0.483073,0.674220,-0.110178,-1.842617,-0.816682,1.148508,0.770388
6.894000,0.483162,0.674596,-0.110175,-1.841960,-0.818454,1.149244,0.770388
6.896000,0.483206,0.674783,-0.110173,-1.841631,-0.819340,1.149613,0.770388
6.898000,0.483341,0.675347,-0.110170,-1.840642,-0.821993,1.150723,0.770388
6.900000,0.483431,0.675724,-0.110170,-1.839981,-0.823759,1.151466,0.770388
6.902000,0.483522,0.676100,-0.110170,-1.839319,-0.825524,1.152210,0.770388
6.904000,0.483613,0.676477,-0.110170,-1.838655,-0.827287,1.152956,0.770388
6.906000,0.483704,0.676854,-0.110170,-1.837990,-0.829048,1.153702,0.770388
6.908000,0.483795,0.677231,-0.110170,-1.837324,-0.830807,1.154450,0.770388
6.910000,0.483886,0.677608,-0.110170,-1.836657,-0.832565,1.155198,0.770388
6.912000,0.483977,0.677985,-0.110170,-1.835988,-0.834320,1.155948,0.770388
6.914000,0.484068,0.678363,-0.110170,-1.835318,-0.836074,1.156699,0.770388
6.916000,0.484159,0.678741,-0.110170,-1.834647,-0.837825,1.157451,0.770388
6.918000,0.484250,0.679119,-0.110170,-1.833974,-0.839575,1.158204,0.770388
6.920000,0.484341,0.679498,-0.110170,-1.833300,-0.841322,1.158957,0.770388
6.922000,0.484431,0.679876,-0.110170,-1.832625,-0.843066,1.159712,0.770388
6.924000,0.484522,0.680255,-0.110170,-1.831948,-0.844809,1.160467,0.770388
6.926000,0.484612,0.680634,-0.110170,-1.831270,-0.846549,1.161224,0.770388
6.928000,0.484703,0.681013,-0.110170,-1.830591,-0.848286,1.161981,0.770388
6.930000,0.484793,0.681392,-0.110170,-1.829911,-0.850021,1.162739,0.770388
6.932000,0.484884,0.681772,-0.110170,-1.829229,-0.851754,1.163498,0.770388
6.934000,0.484974,0.682151,-0.110170,-1.828546,-0.853484,1.164257,0.770388
6.936000,0.485064,0.682531,-0.110170,-1.827862,-0.855211,1.165017,0.770388
6.938000,0.485109,0.682721,-0.110170,-1.827519,-0.856073,1.165398,0.770388
6.940000,0.485199,0.683101,-0.110170,-1.826833,-0.857796,1.166159,0.770388
6.942000,0.485289,0.683482,-0.110170,-1.826145,-0.859516,1.166921,0.770388
6.944000,0.485379,0.683862,-0.110170,-1.825457,-0.861233,1.167683,0.770388
6.946000,0.485469,0.684243,-0.110170,-1.824767,-0.862948,1.168446,0.770388
6.948000,0.485558,0.684624,-0.110170,-1.824076,-0.864659,1.169210,0.770388
6.950000,0.485648,0.685005,-0.110170,-1.823383,-0.866368,1.169975,0.770388
6.952000,0.485737,0.685386,-0.110170,-1.822690,-0.868073,1.170740,0.770388
6.954000,0.485826,0.685768,-0.110170,-1.821995,-0.869776,1.171506,0.770388
6.956000,0.485915,0.686150,-0.110170,-1.821299,-0.871475,1.172272,0.770388
6.958000,0.486004,0.686531,-0.110170,-1.820601,-0.873171,1.173039,0.770388
6.960000,0.486093,0.686913,-0.110170,-1.819903,-0.874864,1.173806,0.770388
6.962000,0.486182,0.687296,-0.110170,-1.819203,-0.876553,1.174574,0.770388
6.964000,0.486270,0.687678,-0.110170,-1.818502,-0.878239,1.175342,0.770388
6.966000,0.486359,0.688061,-0.110170,-1.817800,-0.879922,1.176111,0.770388
6.968000,0.486447,0.688443,-0.110170,-1.817097,-0.881601,1.176880,0.770388
6.970000,0.486535,0.688826,-0.110170,-1.816392,-0.883276,1.177649,0.770388
6.972000,0.486623,0.689209,-0.110170,-1.815686,-0.884948,1.178419,0.770388
6.974000,0.486711,0.689593,-0.110170,-1.814980,-0.886617,1.179189,0.770388
6.976000,0.486798,0.689976,-0.110170,-1.814271,-0.888281,1.179959,0.770388
6.978000,0.486886,0.690360,-0.110170,-1.813562,-0.889942,1.180729,0.770388
6.980000,0.486973,0.690744,-0.110170,-1.812852,-0.891600,1.181500,0.770388
6.982000,0.487060,0.691128,-0.110170,-1.812140,-0.893253,1.182271,0.770388
6.984000,0.487147,0.691512,-0.110170,-1.811427,-0.894902,1.183042,0.770388
6.986000,0.487233,0.691896,-0.110170,-1.810713,-0.896548,1.183813,0.770388
6.988000,0.487320,0.692280,-0.110170,-1.809998,-0.898189,1.184585,0.770388
6.990000,0.487406,0.692665,-0.110170,-1.809282,-0.899827,1.185356,0.770388
6.992000,0.487492,0.693050,-0.110170,-1.808564,-0.901461,1.186128,0.770388
6.994000,0.487578,0.693435,-0.110170,-1.807846,-0.903090,1.186900,0.770388
6.996000,0.487664,0.693820,-0.110170,-1.807126,-0.904715,1.187671,0.770388
6.998000,0.487749,0.694205,-0.110170,-1.806405,-0.906336,1.188443,0.770388
7.000000,0.487835,0.694591,-0.110170,-1.805683,-0.907953,1.189215,0.770388
7.002000,0.487920,0.694976,-0.110170,-1.804959,-0.909566,1.189987,0.770388
7.004000,0.488004,0.695362,-0.110170,-1.804235,-0.911174,1.190758,0.770388
7.006000,0.488089,0.695748,-0.110170,-1.803510,-0.912778,1.191530,0.770388
7.008000,0.488173,0.696134,-0.110170,-1.802783,-0.914378,1.192302,0.770388
7.010000,0.488257,0.696520,-0.110170,-1.802055,-0.915973,1.193073,0.770388
7.012000,0.488341,0.696907,-0.110170,-1.801326,-0.917564,1.193845,0.770388
7.014000,0.488425,0.697293,-0.110170,-1.800597,-0.919150,1.194616,0.770388
7.016000,0.488467,0.697487,-0.110170,-1.800231,-0.919941,1.195001,0.770388
7.018000,0.488550,0.697873,-0.110170,-1.799499,-0.921520,1.195772,0.770388
7.020000,0.488633,0.698260,-0.110170,-1.798767,-0.923094,1.196542,0.770388
7.022000,0.488716,0.698648,-0.110170,-1.798033,-0.924664,1.197312,0.770388
7.024000,0.488798,0.699035,-0.110170,-1.797298,-0.926229,1.198082,0.770388
7.026000,0.488880,0.699422,-0.110170,-1.796562,-0.927789,1.198851,0.770388
7.028000,0.488962,0.699810,-0.110170,-1.795824,-0.929344,1.199620,0.770388
7.030000,0.489044,0.700198,-0.110170,-1.795086,-0.930893,1.200388,0.770388
7.032000,0.489125,0.700586,-0.110170,-1.794346,-0.932438,1.201156,0.770388
7.034000,0.489206,0.700974,-0.110170,-1.793606,-0.933978,1.201923,0.770388
7.036000,0.489287,0.701362,-0.110170,-1.792864,-0.935512,1.202689,0.770388
7.038000,0.489368,0.701750,-0.110170,-1.792121,-0.937041,1.203455,0.770388
7.040000,0.489448,0.702139,-0.110170,-1.791377,-0.938565,1.204219,0.770388
7.042000,0.489528,0.702527,-0.110170,-1.790632,-0.940083,1.204984,0.770388
7.044000,0.489608,0.702916,-0.110170,-1.789886,-0.941596,1.205747,0.770388
7.046000,0.489687,0.703305,-0.110170,-1.789138,-0.943103,1.206509,0.770388
7.048000,0.489766,0.703695,-0.110170,-1.788390,-0.944604,1.207270,0.770388
7.050000,0.489845,0.704084,-0.110170,-1.787640,-0.946100,1.208030,0.770388
7.052000,0.489924,0.704473,-0.110170,-1.786890,-0.947590,1.208790,0.770388
7.054000,0.490002,0.704863,-0.110170,-1.786138,-0.949074,1.209548,0.770388
7.056000,0.490080,0.705253,-0.110170,-1.785385,-0.950553,1.210305,0.770388
7.058000,0.490157,0.705643,-0.110170,-1.784631,-0.952025,1.211061,0.770388
7.060000,0.490235,0.706033,-0.110170,-1.783876,-0.953492,1.211815,0.770388
7.062000,0.490312,0.706423,-0.110170,-1.783120,-0.954952,1.212569,0.770388
7.064000,0.490388,0.706814,-0.110170,-1.782362,-0.956407,1.213321,0.770388
7.066000,0.490464,0.707205,-0.110170,-1.781604,-0.957855,1.214072,0.770388
7.068000,0.490540,0.707595,-0.110170,-1.780844,-0.959297,1.214821,0.770388
7.070000,0.490616,0.707986,-0.110170,-1.780084,-0.960733,1.215570,0.770388
7.072000,0.490691,0.708377,-0.110170,-1.779322,-0.962163,1.216316,0.770388
7.074000,0.490766,0.708769,-0.110170,-1.778559,-0.963586,1.217062,0.770388
7.076000,0.490841,0.709160,-0.110170,-1.777795,-0.965003,1.217805,0.770388
7.078000,0.490878,0.709356,-0.110170,-1.777413,-0.965709,1.218177,0.770388
7.080000,0.490952,0.709748,-0.110170,-1.776647,-0.967117,1.218918,0.770388
7.082000,0.491026,0.710139,-0.110170,-1.775880,-0.968518,1.219658,0.770388
7.084000,0.491099,0.710531,-0.110170,-1.775113,-0.969913,1.220397,0.770388
7.086000,0.491172,0.710923,-0.110170,-1.774344,-0.971301,1.221134,0.770388
7.088000,0.491244,0.711316,-0.110170,-1.773574,-0.972683,1.221869,0.770388
7.090000,0.491317,0.711708,-0.110170,-1.772803,-0.974058,1.222603,0.770388
7.092000,0.491389,0.712101,-0.110170,-1.772031,-0.975427,1.223336,0.770388
7.094000,0.491460,0.712494,-0.110170,-1.771257,-0.976790,1.224066,0.770388
7.096000,0.491496,0.712690,-0.110170,-1.770870,-0.977468,1.224431,0.770388
7.098000,0.491602,0.713280,-0.110170,-1.769708,-0.979495,1.225523,0.770388
7.100000,0.491673,0.713673,-0.110170,-1.768931,-0.980837,1.226248,0.770388
7.102000,0.491743,0.714066,-0.110170,-1.768154,-0.982173,1.226972,0.770388
7.104000,0.491812,0.714460,-0.110170,-1.767375,-0.983502,1.227694,0.770388
7.106000,0.491882,0.714853,-0.110170,-1.766596,-0.984824,1.228415,0.770388
7.108000,0.491951,0.715247,-0.110170,-1.765815,-0.986140,1.229133,0.770388
7.110000,0.492019,0.715641,-0.110170,-1.765033,-0.987449,1.229850,0.770388
7.112000,0.492087,0.716035,-0.110170,-1.764251,-0.988750,1.230565,0.770388
7.114000,0.492155,0.716429,-0.110170,-1.763467,-0.990045,1.231277,0.770388
7.116000,0.492222,0.716824,-0.110170,-1.762682,-0.991334,1.231988,0.770388
7.118000,0.492289,0.717218,-0.110170,-1.761896,-0.992615,1.232697,0.770388
7.120000,0.492356,0.717613,-0.110170,-1.761109,-0.993889,1.233404,0.770388
7.122000,0.492422,0.718008,-0.110170,-1.760321,-0.995157,1.234110,0.770388
7.124000,0.492488,0.718403,-0.110170,-1.759532,-0.996417,1.234813,0.770388
7.126000,0.492553,0.718798,-0.110170,-1.758742,-0.997670,1.235514,0.770388
7.128000,0.492618,0.719193,-0.110170,-1.757950,-0.998917,1.236213,0.770388
7.130000,0.492683,0.719589,-0.110170,-1.757158,-1.000156,1.236910,0.770388
7.132000,0.492715,0.719786,-0.110170,-1.756762,-1.000773,1.237258,0.770388
7.134000,0.492779,0.720182,-0.110170,-1.755968,-1.002002,1.237951,0.770388
7.136000,0.492842,0.720578,-0.110170,-1.755173,-1.003224,1.238643,0.770388
7.138000,0.492905,0.720974,-0.110170,-1.754377,-1.004439,1.239333,0.770388
7.140000,0.492968,0.721370,-0.110170,-1.753581,-1.005647,1.240021,0.770388
7.142000,0.493030,0.721766,-0.110170,-1.752783,-1.006848,1.240707,0.770388
7.144000,0.493092,0.722162,-0.110170,-1.751984,-1.008042,1.241391,0.770388
7.146000,0.493154,0.722559,-0.110170,-1.751184,-1.009229,1.242073,0.770388
7.148000,0.493215,0.722955,-0.110170,-1.750383,-1.010409,1.242752,0.770388
7.150000,0.493275,0.723352,-0.110170,-1.749582,-1.011582,1.243430,0.770388
7.152000,0.493335,0.723749,-0.110170,-1.748779,-1.012747,1.244105,0.770388
7.154000,0.493395,0.724146,-0.110170,-1.747975,-1.013906,1.244778,0.770388
7.156000,0.493454,0.724543,-0.110170,-1.747170,-1.015057,1.245449,0.770388
7.158000,0.493513,0.724940,-0.110170,-1.746364,-1.016202,1.246118,0.770388
7.160000,0.493571,0.725337,-0.110170,-1.745558,-1.017338,1.246784,0.770388
7.162000,0.493629,0.725735,-0.110170,-1.744750,-1.018468,1.247448,0.770388
7.164000,0.493687,0.726132,-0.110170,-1.743941,-1.019590,1.248109,0.770388
7.166000,0.493744,0.726530,-0.110170,-1.743131,-1.020704,1.248767,0.770388
7.168000,0.493800,0.726928,-0.110170,-1.742320,-1.021812,1.249423,0.770388
7.170000,0.493857,0.727326,-0.110170,-1.741508,-1.022911,1.250077,0.770388
7.172000,0.493912,0.727724,-0.110170,-1.740695,-1.024003,1.250727,0.770388
7.174000,0.493940,0.727923,-0.110170,-1.740288,-1.024546,1.251051,0.770388
7.176000,0.493995,0.728322,-0.110170,-1.739474,-1.025627,1.251698,0.770388
7.178000,0.494050,0.728720,-0.110170,-1.738659,-1.026700,1.252342,0.770388
7.180000,0.494104,0.729119,-0.110170,-1.737842,-1.027765,1.252983,0.770388
7.182000,0.494157,0.729518,-0.110170,-1.737025,-1.028823,1.253621,0.770388
7.184000,0.494211,0.729917,-0.110170,-1.736206,-1.029873,1.254256,0.770388
7.186000,0.494263,0.730316,-0.110170,-1.735387,-1.030916,1.254889,0.770388
7.188000,0.494316,0.730715,-0.110170,-1.734566,-1.031950,1.255518,0.770388
7.190000,0.494368,0.731115,-0.110170,-1.733745,-1.032977,1.256145,0.770388
7.192000,0.494419,0.731514,-0.110170,-1.732922,-1.033996,1.256768,0.770388
7.194000,0.494470,0.731914,-0.110170,-1.732099,-1.035008,1.257389,0.770388
7.196000,0.494520,0.732314,-0.110170,-1.731274,-1.036011,1.258006,0.770388
7.198000,0.494570,0.732714,-0.110170,-1.730449,-1.037007,1.258620,0.770388
7.200000,0.494620,0.733114,-0.110170,-1.729622,-1.037995,1.259232,0.770388
7.202000,0.494669,0.733514,-0.110170,-1.728795,-1.038975,1.259840,0.770388
7.204000,0.494718,0.733915,-0.110170,-1.727966,-1.039946,1.260444,0.770388
7.206000,0.494766,0.734315,-0.110170,-1.727137,-1.040911,1.261046,0.770388
7.208000,0.494813,0.734716,-0.110170,-1.726306,-1.041867,1.261644,0.770388
7.210000,0.494860,0.735117,-0.110170,-1.725475,-1.042815,1.262239,0.770388
7.212000,0.494907,0.735518,-0.110170,-1.724642,-1.043755,1.262831,0.770388
7.214000,0.494953,0.735919,-0.110170,-1.723809,-1.044687,1.263419,0.770388
7.216000,0.494999,0.736320,-0.110170,-1.722974,-1.045611,1.264004,0.770388
7.218000,0.495044,0.736721,-0.110170,-1.722139,-1.046527,1.264586,0.770388
7.220000,0.495089,0.737123,-0.110170,-1.721302,-1.047436,1.265164,0.770388
7.222000,0.495133,0.737525,-0.110170,-1.720465,-1.048336,1.265739,0.770388
7.224000,0.495177,0.737926,-0.110170,-1.719626,-1.049228,1.266310,0.770388
7.226000,0.495220,0.738328,-0.110170,-1.718787,-1.050112,1.266878,0.770388
7.228000,0.495263,0.738731,-0.110170,-1.717946,-1.050988,1.267442,0.770388
7.230000,0.495306,0.739133,-0.110170,-1.717105,-1.051856,1.268003,0.770388
7.232000,0.495327,0.739334,-0.110170,-1.716684,-1.052287,1.268282,0.770388
7.234000,0.495368,0.739736,-0.110170,-1.715841,-1.053143,1.268838,0.770388
7.236000,0.495409,0.740139,-0.110170,-1.714997,-1.053991,1.269390,0.770388
7.238000,0.495450,0.740542,-0.110170,-1.714152,-1.054831,1.269939,0.770388
7.240000,0.495490,0.740945,-0.110170,-1.713306,-1.055663,1.270484,0.770388
7.242000,0.495530,0.741348,-0.110170,-1.712459,-1.056488,1.271026,0.770388
7.244000,0.495569,0.741751,-0.110170,-1.711612,-1.057304,1.271564,0.770388
7.246000,0.495607,0.742154,-0.110170,-1.710763,-1.058112,1.272099,0.770388
7.248000,0.495646,0.742557,-0.110170,-1.709913,-1.058913,1.272630,0.770388
7.250000,0.495683,0.742961,-0.110170,-1.709063,-1.059705,1.273157,0.770388
7.252000,0.495720,0.743364,-0.110170,-1.708211,-1.060490,1.273681,0.770388
7.254000,0.495757,0.743768,-0.110170,-1.707359,-1.061266,1.274202,0.770388
7.256000,0.495793,0.744172,-0.110170,-1.706505,-1.062035,1.274719,0.770388
7.258000,0.495829,0.744576,-0.110170,-1.705651,-1.062796,1.275232,0.770388
7.260000,0.495864,0.744980,-0.110170,-1.704796,-1.063549,1.275742,0.770388
7.262000,0.495899,0.745385,-0.110170,-1.703939,-1.064294,1.276248,0.770388
7.264000,0.495933,0.745789,-0.110170,-1.703082,-1.065031,1.276751,0.770388
7.266000,0.495966,0.746194,-0.110170,-1.702224,-1.065761,1.277250,0.770388
7.268000,0.496000,0.746598,-0.110170,-1.701365,-1.066483,1.277745,0.770388
7.270000,0.496032,0.747003,-0.110170,-1.700505,-1.067196,1.278237,0.770388
7.272000,0.496064,0.747408,-0.110170,-1.699644,-1.067903,1.278725,0.770388
7.274000,0.496096,0.747813,-0.110170,-1.698783,-1.068601,1.279210,0.770388
7.276000,0.496127,0.748218,-0.110170,-1.697920,-1.069292,1.279691,0.770388
7.278000,0.496157,0.748623,-0.110170,-1.697056,-1.069975,1.280168,0.770388
7.280000,0.496187,0.749029,-0.110170,-1.696192,-1.070650,1.280642,0.770388
7.282000,0.496217,0.749434,-0.110170,-1.695327,-1.071317,1.281112,0.770388
7.284000,0.496246,0.749840,-0.110170,-1.694460,-1.071977,1.281579,0.770388
7.286000,0.496274,0.750245,-0.110170,-1.693593,-1.072630,1.282042,0.770388
7.288000,0.496302,0.750651,-0.110170,-1.692725,-1.073274,1.282501,0.770388
7.290000,0.496330,0.751057,-0.110170,-1.691856,-1.073911,1.282957,0.770388
7.292000,0.496357,0.751463,-0.110170,-1.690987,-1.074541,1.283409,0.770388
7.294000,0.496383,0.751869,-0.110170,-1.690116,-1.075163,1.283858,0.770388
7.296000,0.496396,0.752073,-0.110170,-1.689680,-1.075471,1.284081,0.770388
7.298000,0.496422,0.752479,-0.110170,-1.688808,-1.076081,1.284523,0.770388
7.300000,0.496447,0.752885,-0.110170,-1.687935,-1.076684,1.284963,0.770388
7.302000,0.496471,0.753292,-0.110170,-1.687062,-1.077279,1.285398,0.770388
7.304000,0.496495,0.753699,-0.110170,-1.686187,-1.077867,1.285830,0.770388
7.306000,0.496519,0.754105,-0.110170,-1.685312,-1.078447,1.286257,0.770388
7.308000,0.496542,0.754512,-0.110170,-1.684435,-1.079019,1.286681,0.770388
7.310000,0.496564,0.754919,-0.110170,-1.683558,-1.079584,1.287101,0.770388
7.312000,0.496586,0.755326,-0.110170,-1.682680,-1.080141,1.287517,0.770388
7.314000,0.496608,0.755734,-0.110170,-1.681801,-1.080690,1.287930,0.770388
7.316000,0.496629,0.756141,-0.110170,-1.680921,-1.081232,1.288338,0.770388
7.318000,0.496649,0.756548,-0.110170,-1.680040,-1.081766,1.288742,0.770388
7.320000,0.496669,0.756956,-0.110170,-1.679158,-1.082292,1.289142,0.770388
7.322000,0.496688,0.757364,-0.110170,-1.678276,-1.082811,1.289538,0.770388
7.324000,0.496707,0.757772,-0.110170,-1.677392,-1.083322,1.289930,0.770388
7.326000,0.496725,0.758180,-0.110170,-1.676508,-1.083826,1.290318,0.770388
7.328000,0.496743,0.758588,-0.110170,-1.675623,-1.084322,1.290701,0.770388
7.330000,0.496760,0.758996,-0.110170,-1.674737,-1.084810,1.291081,0.770388
7.332000,0.496777,0.759404,-0.110170,-1.673850,-1.085291,1.291456,0.770388
7.334000,0.496793,0.759813,-0.110170,-1.672962,-1.085764,1.291827,0.770388
7.336000,0.496808,0.760221,-0.110170,-1.672074,-1.086230,1.292194,0.770388
7.338000,0.496823,0.760630,-0.110170,-1.671184,-1.086688,1.292557,0.770388
7.340000,0.496838,0.761039,-0.110170,-1.670294,-1.087138,1.292916,0.770388
7.342000,0.496852,0.761447,-0.110170,-1.669402,-1.087581,1.293270,0.770388
7.344000,0.496865,0.761856,-0.110170,-1.668510,-1.088016,1.293620,0.770388
7.346000,0.496878,0.762265,-0.110170,-1.667617,-1.088444,1.293966,0.770388
7.348000,0.496891,0.762675,-0.110170,-1.666724,-1.088864,1.294307,0.770388
7.350000,0.496903,0.763084,-0.110170,-1.665829,-1.089277,1.294644,0.770388
7.352000,0.496914,0.763493,-0.110170,-1.664933,-1.089682,1.294977,0.770388
7.354000,0.496925,0.763903,-0.110170,-1.664037,-1.090080,1.295306,0.770388
7.356000,0.496935,0.764313,-0.110170,-1.663140,-1.090471,1.295630,0.770388
7.358000,0.496940,0.764518,-0.110170,-1.662691,-1.090664,1.295791,0.770388
7.360000,0.496954,0.765132,-0.110170,-1.661343,-1.091230,1.296266,0.770388
7.362000,0.496958,0.765337,-0.110170,-1.660893,-1.091415,1.296422,0.770388
7.364000,0.496967,0.765747,-0.110170,-1.659993,-1.091780,1.296731,0.770388
7.366000,0.496974,0.766158,-0.110170,-1.659092,-1.092138,1.297036,0.770388
7.368000,0.496982,0.766568,-0.110170,-1.658190,-1.092488,1.297337,0.770388
7.370000,0.496988,0.766978,-0.110170,-1.657288,-1.092831,1.297633,0.770388
7.372000,0.496995,0.767389,-0.110170,-1.656384,-1.093167,1.297925,0.770388
7.374000,0.497000,0.767799,-0.110170,-1.655480,-1.093496,1.298213,0.770388
7.376000,0.497005,0.768210,-0.110170,-1.654575,-1.093818,1.298497,0.770388
7.378000,0.497010,0.768621,-0.110170,-1.653669,-1.094132,1.298776,0.770388
7.380000,0.497014,0.769032,-0.110170,-1.652763,-1.094440,1.299051,0.770388
7.382000,0.497017,0.769443,-0.110170,-1.651855,-1.094740,1.299322,0.770388
7.384000,0.497020,0.769854,-0.110170,-1.650947,-1.095034,1.299588,0.770388
7.386000,0.497023,0.770265,-0.110170,-1.650038,-1.095320,1.299850,0.770388
7.388000,0.497025,0.770676,-0.110170,-1.649128,-1.095600,1.300108,0.770388
7.390000,0.497026,0.771087,-0.110170,-1.648217,-1.095873,1.300362,0.770388
7.392000,0.497027,0.771499,-0.110170,-1.647306,-1.096139,1.300612,0.770388
7.394000,0.497027,0.771910,-0.110170,-1.646394,-1.096398,1.300857,0.770388
7.396000,0.497027,0.772322,-0.110170,-1.645481,-1.096651,1.301097,0.770388
7.398000,0.497027,0.772734,-0.110170,-1.644567,-1.096899,1.301332,0.770388
7.400000,0.497027,0.773146,-0.110170,-1.643653,-1.097141,1.301560,0.770388
7.402000,0.497026,0.773558,-0.110170,-1.642738,-1.097377,1.301784,0.770388
7.404000,0.497026,0.773970,-0.110170,-1.641822,-1.097608,1.302001,0.770388
7.406000,0.497026,0.774382,-0.110170,-1.640906,-1.097834,1.302213,0.770388
7.408000,0.497026,0.774589,-0.110170,-1.640447,-1.097945,1.302317,0.770388
7.410000,0.497025,0.775207,-0.110170,-1.639071,-1.098269,1.302621,0.770388
7.412000,0.497025,0.775620,-0.110170,-1.638153,-1.098479,1.302816,0.770388
7.414000,0.497025,0.775826,-0.110170,-1.637693,-1.098581,1.302912,0.770388
7.416000,0.497024,0.776239,-0.110170,-1.636774,-1.098783,1.303100,0.770388
7.418000,0.497024,0.776652,-0.110170,-1.635854,-1.098979,1.303282,0.770388
7.420000,0.497023,0.777065,-0.110170,-1.634933,-1.099170,1.303459,0.770388
7.422000,0.497022,0.777478,-0.110170,-1.634012,-1.099356,1.303631,0.770388
7.424000,0.497021,0.777892,-0.110170,-1.633090,-1.099537,1.303797,0.770388
7.426000,0.497020,0.778305,-0.110170,-1.632168,-1.099713,1.303959,0.770388
7.428000,0.497019,0.778719,-0.110170,-1.631245,-1.099883,1.304115,0.770388
7.430000,0.497018,0.779132,-0.110170,-1.630321,-1.100049,1.304267,0.770388
7.432000,0.497017,0.779546,-0.110170,-1.629397,-1.100209,1.304413,0.770388
7.434000,0.497016,0.779960,-0.110170,-1.628472,-1.100364,1.304554,0.770388
7.436000,0.497015,0.780373,-0.110170,-1.627546,-1.100515,1.304690,0.770388
7.438000,0.497013,0.780787,-0.110170,-1.626620,-1.100660,1.304821,0.770388
7.440000,0.497012,0.781202,-0.110170,-1.625694,-1.100800,1.304947,0.770388
7.442000,0.497010,0.781616,-0.110170,-1.624766,-1.100935,1.305068,0.770388
7.444000,0.497008,0.782030,-0.110170,-1.623839,-1.101065,1.305184,0.770388
7.446000,0.497006,0.782444,-0.110170,-1.622910,-1.101190,1.305294,0.770388
7.448000,0.497004,0.782859,-0.110170,-1.621981,-1.101310,1.305400,0.770388
7.450000,0.497002,0.783273,-0.110170,-1.621052,-1.101425,1.305501,0.770388
7.452000,0.497000,0.783688,-0.110170,-1.620121,-1.101535,1.305596,0.770388
7.454000,0.496998,0.784102,-0.110170,-1.619191,-1.101639,1.305687,0.770388
7.456000,0.496995,0.784517,-0.110170,-1.618259,-1.101739,1.305772,0.770388
7.458000,0.496993,0.784932,-0.110170,-1.617327,-1.101834,1.305853,0.770388
7.460000,0.496990,0.785347,-0.110170,-1.616395,-1.101924,1.305928,0.770388
7.462000,0.496987,0.785762,-0.110170,-1.615462,-1.102009,1.305998,0.770388
7.464000,0.496984,0.786177,-0.110170,-1.614528,-1.102089,1.306064,0.770388
7.466000,0.496981,0.786592,-0.110170,-1.613594,-1.102164,1.306124,0.770388
7.468000,0.496979,0.786800,-0.110170,-1.613127,-1.102200,1.306153,0.770388
7.470000,0.496976,0.787215,-0.110170,-1.612192,-1.102268,1.306206,0.770388
7.472000,0.496973,0.787630,-0.110170,-1.611257,-1.102331,1.306254,0.770388
7.474000,0.496969,0.788046,-0.110170,-1.610321,-1.102389,1.306297,0.770388
7.476000,0.496965,0.788461,-0.110170,-1.609384,-1.102442,1.306335,0.770388
7.478000,0.496962,0.788877,-0.110170,-1.608447,-1.102491,1.306368,0.770388
7.480000,0.496958,0.789293,-0.110170,-1.607510,-1.102535,1.306397,0.770388
7.482000,0.496953,0.789708,-0.110170,-1.606572,-1.102574,1.306420,0.770388
7.484000,0.496949,0.790124,-0.110170,-1.605633,-1.102608,1.306439,0.770388
7.486000,0.496945,0.790540,-0.110170,-1.604694,-1.102638,1.306453,0.770388
7.488000,0.496940,0.790956,-0.110170,-1.603754,-1.102663,1.306462,0.770388
7.490000,0.496935,0.791372,-0.110170,-1.602814,-1.102683,1.306466,0.770388
7.492000,0.496930,0.791788,-0.110170,-1.601874,-1.102699,1.306467,0.770388
7.494000,0.496926,0.792203,-0.110170,-1.600933,-1.102710,1.306467,0.770388
7.496000,0.496921,0.792619,-0.110171,-1.599993,-1.102717,1.306467,0.770388
7.498000,0.496916,0.793034,-0.110173,-1.599053,-1.102718,1.306467,0.770388
7.500000,0.496911,0.793448,-0.110175,-1.598113,-1.102718,1.306467,0.770388
7.502000,0.496905,0.793863,-0.110176,-1.597174,-1.102718,1.306467,0.770388
7.504000,0.496899,0.794276,-0.110177,-1.596236,-1.102718,1.306467,0.770388
7.506000,0.496893,0.794690,-0.110178,-1.595298,-1.102718,1.306467,0.770388
7.508000,0.496887,0.795103,-0.110179,-1.594361,-1.102718,1.306467,0.770388
7.510000,0.496880,0.795515,-0.110180,-1.593425,-1.102718,1.306467,0.770388
7.512000,0.496872,0.795927,-0.110180,-1.592489,-1.102718,1.306467,0.770388
7.514000,0.496865,0.796339,-0.110180,-1.591554,-1.102718,1.306467,0.770388
7.516000,0.496857,0.796750,-0.110180,-1.590620,-1.102718,1.306467,0.770388
7.518000,0.496849,0.797160,-0.110180,-1.589686,-1.102718,1.306467,0.770388
7.520000,0.496840,0.797571,-0.110180,-1.588754,-1.102718,1.306467,0.770388
7.522000,0.496832,0.797980,-0.110180,-1.587822,-1.102718,1.306467,0.770388
7.524000,0.496823,0.798389,-0.110180,-1.586890,-1.102718,1.306467,0.770388
7.526000,0.496818,0.798594,-0.110180,-1.586425,-1.102718,1.306467,0.770388
7.528000,0.496809,0.799002,-0.110180,-1.585495,-1.102718,1.306467,0.770388
7.530000,0.496800,0.799410,-0.110180,-1.584565,-1.102718,1.306467,0.770388
7.532000,0.496790,0.799818,-0.110180,-1.583637,-1.102718,1.306467,0.770388
7.534000,0.496780,0.800225,-0.110180,-1.582709,-1.102718,1.306467,0.770388
7.536000,0.496770,0.800632,-0.110180,-1.581782,-1.102718,1.306467,0.770388
7.538000,0.496760,0.801038,-0.110180,-1.580856,-1.102718,1.306467,0.770388
7.540000,0.496749,0.801443,-0.110180,-1.579930,-1.102718,1.306467,0.770388
7.542000,0.496738,0.801849,-0.110180,-1.579006,-1.102718,1.306467,0.770388
7.544000,0.496727,0.802253,-0.110180,-1.578082,-1.102718,1.306467,0.770388
7.546000,0.496716,0.802657,-0.110180,-1.577159,-1.102718,1.306467,0.770388
7.548000,0.496704,0.803061,-0.110180,-1.576237,-1.102718,1.306467,0.770388
7.550000,0.496693,0.803464,-0.110180,-1.575316,-1.102718,1.306467,0.770388
7.552000,0.496680,0.803866,-0.110180,-1.574396,-1.102718,1.306467,0.770388
7.554000,0.496668,0.804268,-0.110180,-1.573477,-1.102718,1.306467,0.770388
7.556000,0.496656,0.804670,-0.110180,-1.572558,-1.102718,1.306467,0.770388
7.558000,0.496643,0.805071,-0.110180,-1.571641,-1.102718,1.306467,0.770388
7.560000,0.496630,0.805471,-0.110180,-1.570724,-1.102718,1.306467,0.770388
7.562000,0.496617,0.805871,-0.110180,-1.569809,-1.102718,1.306467,0.770388
7.564000,0.496617,0.805871,-0.110180,-1.569809,-1.102718,1.306467,0.770388
7.566000,0.496610,0.806071,-0.110180,-1.569351,-1.102718,1.306467,0.770388
7.568000,0.496603,0.806270,-0.110180,-1.568894,-1.102718,1.306467,0.770388
7.570000,0.496596,0.806470,-0.110180,-1.568437,-1.102718,1.306467,0.770388
7.572000,0.496589,0.806669,-0.110180,-1.567980,-1.102718,1.306467,0.770388
7.574000,0.496575,0.807067,-0.110180,-1.567067,-1.102718,1.306467,0.770388
7.576000,0.496532,0.808258,-0.110180,-1.564334,-1.102718,1.306467,0.770388
7.578000,0.496501,0.809050,-0.110180,-1.562517,-1.102718,1.306467,0.770388
7.580000,0.496493,0.809247,-0.110180,-1.562064,-1.102718,1.306467,0.770388
7.582000,0.496470,0.809839,-0.110180,-1.560704,-1.102718,1.306467,0.770388
7.584000,0.496454,0.810232,-0.110180,-1.559799,-1.102718,1.306467,0.770388
7.586000,0.496437,0.810625,-0.110180,-1.558896,-1.102718,1.306467,0.770388
7.588000,0.496429,0.810821,-0.110180,-1.558444,-1.102718,1.306467,0.770388
7.590000,0.496412,0.811213,-0.110180,-1.557542,-1.102718,1.306467,0.770388
7.592000,0.496395,0.811605,-0.110180,-1.556641,-1.102718,1.306467,0.770388
7.594000,0.496378,0.811996,-0.110180,-1.555741,-1.102718,1.306467,0.770388
7.596000,0.496369,0.812191,-0.110180,-1.555291,-1.102718,1.306467,0.770388
7.598000,0.496342,0.812775,-0.110180,-1.553944,-1.102718,1.306467,0.770388
7.600000,0.496324,0.813164,-0.110180,-1.553048,-1.102718,1.306467,0.770388
7.602000,0.496306,0.813552,-0.110180,-1.552152,-1.102718,1.306467,0.770388
7.604000,0.496287,0.813940,-0.110180,-1.551258,-1.102718,1.306467,0.770388
7.606000,0.496268,0.814327,-0.110181,-1.550365,-1.102718,1.306467,0.770388
7.608000,0.496249,0.814713,-0.110181,-1.549473,-1.102718,1.306467,0.770388
7.610000,0.496230,0.815098,-0.110181,-1.548582,-1.102718,1.306467,0.770388
7.612000,0.496210,0.815483,-0.110181,-1.547693,-1.102718,1.306467,0.770388
7.614000,0.496190,0.815868,-0.110181,-1.546805,-1.102718,1.306467,0.770388
7.616000,0.496170,0.816251,-0.110182,-1.545918,-1.102718,1.306467,0.770388
7.618000,0.496149,0.816634,-0.110182,-1.545032,-1.102718,1.306467,0.770388
7.620000,0.496129,0.817016,-0.110182,-1.544148,-1.102718,1.306467,0.770388
7.622000,0.496108,0.817397,-0.110183,-1.543264,-1.102718,1.306467,0.770388
7.624000,0.496087,0.817778,-0.110183,-1.542383,-1.102718,1.306467,0.770388
7.626000,0.496065,0.818158,-0.110184,-1.541502,-1.102718,1.306467,0.770388
7.628000,0.496044,0.818537,-0.110185,-1.540623,-1.102718,1.306467,0.770388
7.630000,0.496022,0.818916,-0.110185,-1.539745,-1.102718,1.306467,0.770388
7.632000,0.496000,0.819293,-0.110186,-1.538869,-1.102718,1.306467,0.770388
7.634000,0.495977,0.819670,-0.110187,-1.537994,-1.102718,1.306467,0.770388
7.636000,0.495955,0.820047,-0.110188,-1.537120,-1.102718,1.306467,0.770388
7.638000,0.495932,0.820422,-0.110189,-1.536248,-1.102718,1.306467,0.770388
7.640000,0.495909,0.820797,-0.110190,-1.535377,-1.102718,1.306467,0.770388
7.642000,0.495886,0.821171,-0.110192,-1.534507,-1.102718,1.306467,0.770388
7.644000,0.495862,0.821544,-0.110193,-1.533639,-1.102718,1.306467,0.770388
7.646000,0.495838,0.821917,-0.110195,-1.532772,-1.102718,1.306467,0.770388
7.648000,0.495815,0.822288,-0.110196,-1.531907,-1.102718,1.306467,0.770388
7.650000,0.495790,0.822659,-0.110198,-1.531043,-1.102718,1.306467,0.770388
7.652000,0.495766,0.823029,-0.110200,-1.530181,-1.102718,1.306467,0.770388
7.654000,0.495742,0.823399,-0.110202,-1.529320,-1.102718,1.306467,0.770388
7.656000,0.495717,0.823767,-0.110204,-1.528461,-1.102718,1.306467,0.770388
7.658000,0.495717,0.823767,-0.110204,-1.528461,-1.102718,1.306467,0.770388
7.660000,0.495692,0.824135,-0.110206,-1.527603,-1.102718,1.306467,0.770388
7.662000,0.495641,0.824868,-0.110211,-1.525892,-1.102718,1.306467,0.770388
7.664000,0.495616,0.825233,-0.110213,-1.525039,-1.102718,1.306467,0.770388
7.666000,0.495590,0.825598,-0.110216,-1.524187,-1.102718,1.306467,0.770388
7.668000,0.495564,0.825961,-0.110219,-1.523337,-1.102718,1.306467,0.770388
7.670000,0.495551,0.826143,-0.110221,-1.522913,-1.102718,1.306467,0.770388
7.672000,0.495524,0.826505,-0.110224,-1.522065,-1.102718,1.306467,0.770388
7.674000,0.495498,0.826867,-0.110227,-1.521219,-1.102718,1.306467,0.770388
7.676000,0.495471,0.827227,-0.110230,-1.520374,-1.102718,1.306467,0.770388
7.678000,0.495444,0.827587,-0.110234,-1.519531,-1.102718,1.306467,0.770388
7.680000,0.495417,0.827946,-0.110238,-1.518690,-1.102718,1.306467,0.770388
7.682000,0.495390,0.828304,-0.110242,-1.517850,-1.102718,1.306467,0.770388
7.684000,0.495362,0.828662,-0.110246,-1.517012,-1.102718,1.306467,0.770388
7.686000,0.495335,0.829018,-0.110250,-1.516176,-1.102718,1.306467,0.770388
7.688000,0.495307,0.829374,-0.110254,-1.515341,-1.102718,1.306467,0.770388
7.690000,0.495279,0.829728,-0.110259,-1.514508,-1.102718,1.306467,0.770388
7.692000,0.495251,0.830082,-0.110264,-1.513676,-1.102718,1.306467,0.770388
7.694000,0.495222,0.830435,-0.110269,-1.512847,-1.102718,1.306467,0.770388
7.696000,0.495194,0.830787,-0.110274,-1.512018,-1.102718,1.306467,0.770388
7.698000,0.495165,0.831138,-0.110279,-1.511192,-1.102718,1.306467,0.770388
7.700000,0.495136,0.831488,-0.110285,-1.510368,-1.102718,1.306467,0.770388
7.702000,0.495107,0.831837,-0.110290,-1.509545,-1.102718,1.306467,0.770388
7.704000,0.495078,0.832186,-0.110296,-1.508724,-1.102718,1.306467,0.770388
7.706000,0.495048,0.832533,-0.110303,-1.507904,-1.102718,1.306467,0.770388
7.708000,0.495019,0.832880,-0.110309,-1.507087,-1.102718,1.306467,0.770388
7.710000,0.494989,0.833225,-0.110315,-1.506271,-1.102718,1.306467,0.770388
7.712000,0.494959,0.833570,-0.110322,-1.505457,-1.102718,1.306467,0.770388
7.714000,0.494929,0.833914,-0.110329,-1.504645,-1.102718,1.306467,0.770388
7.716000,0.494899,0.834257,-0.110336,-1.503834,-1.102718,1.306467,0.770388
7.718000,0.494868,0.834598,-0.110344,-1.503026,-1.102718,1.306467,0.770388
7.720000,0.494838,0.834939,-0.110351,-1.502219,-1.102718,1.306467,0.770388
7.722000,0.494807,0.835279,-0.110359,-1.501414,-1.102718,1.306467,0.770388
7.724000,0.494776,0.835618,-0.110367,-1.500611,-1.102718,1.306467,0.770388
7.726000,0.494745,0.835956,-0.110375,-1.499810,-1.102718,1.306467,0.770388
7.728000,0.494713,0.836293,-0.110384,-1.499011,-1.102718,1.306467,0.770388
7.730000,0.494682,0.836629,-0.110393,-1.498214,-1.102718,1.306467,0.770388
7.732000,0.494650,0.836964,-0.110402,-1.497418,-1.102718,1.306467,0.770388
7.734000,0.494619,0.837298,-0.110411,-1.496625,-1.102718,1.306467,0.770388
7.736000,0.494587,0.837631,-0.110420,-1.495833,-1.102718,1.306467,0.770388
7.738000,0.494555,0.837963,-0.110430,-1.495044,-1.102718,1.306467,0.770388
7.740000,0.494523,0.838294,-0.110440,-1.494256,-1.102718,1.306467,0.770388
7.742000,0.494490,0.838624,-0.110450,-1.493470,-1.102718,1.306467,0.770388
7.744000,0.494458,0.838953,-0.110460,-1.492687,-1.102718,1.306467,0.770388
7.746000,0.494425,0.839281,-0.110471,-1.491905,-1.102718,1.306467,0.770388
7.748000,0.494409,0.839445,-0.110476,-1.491515,-1.102718,1.306467,0.770388
7.750000,0.494359,0.839934,-0.110493,-1.490348,-1.102718,1.306467,0.770388
7.752000,0.494343,0.840096,-0.110498,-1.489960,-1.102718,1.306467,0.770388
7.754000,0.494310,0.840421,-0.110510,-1.489185,-1.102718,1.306467,0.770388
7.756000,0.494276,0.840744,-0.110521,-1.488413,-1.102718,1.306467,0.770388
7.758000,0.494243,0.841066,-0.110533,-1.487642,-1.102718,1.306467,0.770388
7.760000,0.494209,0.841387,-0.110546,-1.486874,-1.102718,1.306467,0.770388
7.762000,0.494176,0.841707,-0.110558,-1.486108,-1.102718,1.306467,0.770388
7.764000,0.494142,0.842026,-0.110571,-1.485343,-1.102718,1.306467,0.770388
7.766000,0.494108,0.842344,-0.110584,-1.484581,-1.102718,1.306467,0.770388
7.768000,0.494073,0.842661,-0.110597,-1.483821,-1.102718,1.306467,0.770388
7.770000,0.494039,0.842976,-0.110611,-1.483064,-1.102718,1.306467,0.770388
7.772000,0.494005,0.843291,-0.110624,-1.482308,-1.102718,1.306467,0.770388
7.774000,0.493970,0.843605,-0.110638,-1.481554,-1.102718,1.306467,0.770388
7.776000,0.493936,0.843917,-0.110653,-1.480803,-1.102718,1.306467,0.770388
7.778000,0.493901,0.844228,-0.110667,-1.480054,-1.102718,1.306467,0.770388
7.780000,0.493866,0.844538,-0.110682,-1.479307,-1.102718,1.306467,0.770388
7.782000,0.493831,0.844847,-0.110697,-1.478562,-1.102718,1.306467,0.770388
7.784000,0.493795,0.845155,-0.110713,-1.477819,-1.102718,1.306467,0.770388
7.786000,0.493760,0.845462,-0.110728,-1.477079,-1.102718,1.306467,0.770388
7.788000,0.493725,0.845768,-0.110744,-1.476341,-1.102718,1.306467,0.770388
7.790000,0.493689,0.846072,-0.110760,-1.475605,-1.102718,1.306467,0.770388
7.792000,0.493671,0.846224,-0.110769,-1.475237,-1.102718,1.306467,0.770388
7.794000,0.493635,0.846527,-0.110785,-1.474505,-1.102718,1.306467,0.770388
7.796000,0.493599,0.846829,-0.110802,-1.473774,-1.102718,1.306467,0.770388
7.798000,0.493563,0.847129,-0.110819,-1.473046,-1.102718,1.306467,0.770388
7.800000,0.493527,0.847428,-0.110837,-1.472321,-1.102718,1.306467,0.770388
7.802000,0.493491,0.847726,-0.110855,-1.471597,-1.102718,1.306467,0.770388
7.804000,0.493455,0.848023,-0.110873,-1.470876,-1.102718,1.306467,0.770388
7.806000,0.493418,0.848319,-0.110891,-1.470157,-1.102718,1.306467,0.770388
7.808000,0.493381,0.848614,-0.110909,-1.469440,-1.102718,1.306467,0.770388
7.810000,0.493345,0.848907,-0.110928,-1.468726,-1.102718,1.306467,0.770388
7.812000,0.493308,0.849199,-0.110948,-1.468014,-1.102718,1.306467,0.770388
7.814000,0.493271,0.849491,-0.110967,-1.467305,-1.102718,1.306467,0.770388
7.816000,0.493234,0.849780,-0.110987,-1.466598,-1.102718,1.306467,0.770388
7.818000,0.493196,0.850069,-0.111007,-1.465893,-1.102718,1.306467,0.770388
7.820000,0.493159,0.850356,-0.111027,-1.465190,-1.102718,1.306467,0.770388
7.822000,0.493122,0.850643,-0.111048,-1.464490,-1.102718,1.306467,0.770388
7.824000,0.493084,0.850928,-0.111069,-1.463793,-1.102718,1.306467,0.770388
7.826000,0.493046,0.851211,-0.111090,-1.463097,-1.102718,1.306467,0.770388
7.828000,0.493027,0.851353,-0.111101,-1.462751,-1.102718,1.306467,0.770388
7.830000,0.492990,0.851635,-0.111122,-1.462059,-1.102718,1.306467,0.770388
7.832000,0.492952,0.851915,-0.111144,-1.461370,-1.102718,1.306467,0.770388
7.834000,0.492914,0.852195,-0.111166,-1.460683,-1.102718,1.306467,0.770388
7.836000,0.492875,0.852473,-0.111189,-1.459999,-1.102718,1.306467,0.770388
7.838000,0.492837,0.852750,-0.111212,-1.459317,-1.102718,1.306467,0.770388
7.840000,0.492799,0.853026,-0.111235,-1.458637,-1.102718,1.306467,0.770388
7.842000,0.492760,0.853300,-0.111258,-1.457961,-1.102718,1.306467,0.770388
7.844000,0.492722,0.853573,-0.111282,-1.457286,-1.102718,1.306467,0.770388
7.846000,0.492683,0.853845,-0.111306,-1.456614,-1.102718,1.306467,0.770388
7.848000,0.492644,0.854116,-0.111331,-1.455945,-1.102718,1.306467,0.770388
7.850000,0.492605,0.854385,-0.111355,-1.455278,-1.102718,1.306467,0.770388
7.852000,0.492566,0.854653,-0.111380,-1.454613,-1.102718,1.306467,0.770388
7.854000,0.492527,0.854920,-0.111405,-1.453951,-1.102718,1.306467,0.770388
7.856000,0.492488,0.855185,-0.111431,-1.453292,-1.102718,1.306467,0.770388
7.858000,0.492449,0.855450,-0.111457,-1.452635,-1.102718,1.306467,0.770388
7.860000,0.492409,0.855713,-0.111483,-1.451981,-1.102718,1.306467,0.770388
7.862000,0.492370,0.855974,-0.111509,-1.451329,-1.102718,1.306467,0.770388
7.864000,0.492330,0.856235,-0.111536,-1.450680,-1.102718,1.306467,0.770388
7.866000,0.492291,0.856494,-0.111563,-1.450033,-1.102718,1.306467,0.770388
7.868000,0.492251,0.856751,-0.111590,-1.449389,-1.102718,1.306467,0.770388
7.870000,0.492211,0.857008,-0.111618,-1.448748,-1.102718,1.306467,0.770388
7.872000,0.492171,0.857263,-0.111646,-1.448109,-1.102718,1.306467,0.770388
7.874000,0.492131,0.857516,-0.111674,-1.447473,-1.102718,1.306467,0.770388
7.876000,0.492111,0.857643,-0.111688,-1.447156,-1.102718,1.306467,0.770388
7.878000,0.492070,0.857894,-0.111717,-1.446524,-1.102718,1.306467,0.770388
7.880000,0.492030,0.858145,-0.111746,-1.445894,-1.102718,1.306467,0.770388
7.882000,0.491989,0.858394,-0.111775,-1.445267,-1.102718,1.306467,0.770388
7.884000,0.491949,0.858641,-0.111805,-1.444643,-1.102718,1.306467,0.770388
7.886000,0.491908,0.858888,-0.111834,-1.444021,-1.102718,1.306467,0.770388
7.888000,0.491867,0.859133,-0.111865,-1.443402,-1.102718,1.306467,0.770388
7.890000,0.491826,0.859376,-0.111895,-1.442786,-1.102718,1.306467,0.770388
7.892000,0.491785,0.859618,-0.111926,-1.442173,-1.102718,1.306467,0.770388
7.894000,0.491744,0.859859,-0.111956,-1.441562,-1.102718,1.306467,0.770388
7.896000,0.491703,0.860099,-0.111988,-1.440954,-1.102718,1.306467,0.770388
7.898000,0.491662,0.860337,-0.112019,-1.440348,-1.102718,1.306467,0.770388
7.900000,0.491621,0.860573,-0.112051,-1.439746,-1.102718,1.306467,0.770388
7.902000,0.491579,0.860809,-0.112083,-1.439146,-1.102718,1.306467,0.770388
7.904000,0.491537,0.861043,-0.112115,-1.438548,-1.102718,1.306467,0.770388
7.906000,0.491496,0.861275,-0.112148,-1.437954,-1.102718,1.306467,0.770388
7.908000,0.491454,0.861506,-0.112181,-1.437362,-1.102718,1.306467,0.770388
7.910000,0.491412,0.861736,-0.112214,-1.436773,-1.102718,1.306467,0.770388
7.912000,0.491370,0.861964,-0.112248,-1.436187,-1.102718,1.306467,0.770388
7.914000,0.491328,0.862191,-0.112281,-1.435604,-1.102718,1.306467,0.770388
7.916000,0.491286,0.862417,-0.112315,-1.435023,-1.102718,1.306467,0.770388
7.918000,0.491243,0.862641,-0.112350,-1.434445,-1.102718,1.306467,0.770388
7.920000,0.491201,0.862863,-0.112384,-1.433870,-1.102718,1.306467,0.770388
7.922000,0.491159,0.863084,-0.112419,-1.433298,-1.102718,1.306467,0.770388
7.924000,0.491137,0.863194,-0.112436,-1.433013,-1.102718,1.306467,0.770388
7.926000,0.491095,0.863413,-0.112472,-1.432445,-1.102718,1.306467,0.770388
7.928000,0.491052,0.863631,-0.112507,-1.431880,-1.102718,1.306467,0.770388
7.930000,0.491009,0.863847,-0.112543,-1.431318,-1.102718,1.306467,0.770388
7.932000,0.490966,0.864062,-0.112579,-1.430758,-1.102718,1.306467,0.770388
7.934000,0.490923,0.864275,-0.112615,-1.430202,-1.102718,1.306467,0.770388
7.936000,0.490880,0.864487,-0.112652,-1.429648,-1.102718,1.306467,0.770388
7.938000,0.490836,0.864697,-0.112688,-1.429097,-1.102718,1.306467,0.770388
7.940000,0.490793,0.864906,-0.112725,-1.428549,-1.102718,1.306467,0.770388
7.942000,0.490750,0.865114,-0.112763,-1.428004,-1.102718,1.306467,0.770388
7.944000,0.490706,0.865320,-0.112800,-1.427462,-1.102718,1.306467,0.770388
7.946000,0.490662,0.865524,-0.112838,-1.426922,-1.102718,1.306467,0.770388
7.948000,0.490619,0.865727,-0.112876,-1.426386,-1.102718,1.306467,0.770388
7.950000,0.490575,0.865929,-0.112914,-1.425852,-1.102718,1.306467,0.770388
7.952000,0.490531,0.866129,-0.112953,-1.425321,-1.102718,1.306467,0.770388
7.954000,0.490487,0.866328,-0.112992,-1.424794,-1.102718,1.306467,0.770388
7.956000,0.490443,0.866525,-0.113031,-1.424269,-1.102718,1.306467,0.770388
7.958000,0.490398,0.866720,-0.113070,-1.423747,-1.102718,1.306467,0.770388
7.960000,0.490354,0.866914,-0.113110,-1.423228,-1.102718,1.306467,0.770388
7.962000,0.490309,0.867107,-0.113149,-1.422712,-1.102718,1.306467,0.770388
7.964000,0.490265,0.867298,-0.113189,-1.422198,-1.102718,1.306467,0.770388
7.966000,0.490220,0.867488,-0.113230,-1.421688,-1.102718,1.306467,0.770388
7.968000,0.490175,0.867676,-0.113270,-1.421181,-1.102718,1.306467,0.770388
7.970000,0.490130,0.867863,-0.113311,-1.420677,-1.102718,1.306467,0.770388
7.972000,0.490085,0.868048,-0.113352,-1.420175,-1.102718,1.306467,0.770388
7.974000,0.490040,0.868231,-0.113393,-1.419677,-1.102718,1.306467,0.770388
7.976000,0.489995,0.868413,-0.113434,-1.419182,-1.102718,1.306467,0.770388
7.978000,0.489950,0.868594,-0.113476,-1.418689,-1.102718,1.306467,0.770388
7.980000,0.489904,0.868773,-0.113518,-1.418200,-1.102718,1.306467,0.770388
7.982000,0.489859,0.868950,-0.113560,-1.417713,-1.102718,1.306467,0.770388
7.984000,0.489813,0.869126,-0.113602,-1.417230,-1.102718,1.306467,0.770388
7.986000,0.489790,0.869214,-0.113623,-1.416989,-1.102718,1.306467,0.770388
7.988000,0.489744,0.869388,-0.113666,-1.416510,-1.102718,1.306467,0.770388
7.990000,0.489699,0.869560,-0.113709,-1.416034,-1.102718,1.306467,0.770388
7.992000,0.489653,0.869730,-0.113752,-1.415561,-1.102718,1.306467,0.770388
7.994000,0.489607,0.869899,-0.113795,-1.415091,-1.102718,1.306467,0.770388
7.996000,0.489583,0.869983,-0.113817,-1.414857,-1.102718,1.306467,0.770388
7.998000,0.489514,0.870233,-0.113882,-1.414160,-1.102718,1.306467,0.770388
8.000000,0.489468,0.870397,-0.113926,-1.413699,-1.102718,1.306467,0.770388
8.002000,0.489421,0.870560,-0.113970,-1.413241,-1.102718,1.306467,0.770388
8.004000,0.489374,0.870722,-0.114014,-1.412786,-1.102718,1.306467,0.770388
8.006000,0.489328,0.870882,-0.114059,-1.412335,-1.102718,1.306467,0.770388
8.008000,0.489281,0.871040,-0.114103,-1.411886,-1.102718,1.306467,0.770388
8.010000,0.489234,0.871196,-0.114148,-1.411440,-1.102718,1.306467,0.770388
8.012000,0.489187,0.871352,-0.114193,-1.410997,-1.102718,1.306467,0.770388
8.014000,0.489140,0.871505,-0.114238,-1.410558,-1.102718,1.306467,0.770388
8.016000,0.489092,0.871657,-0.114284,-1.410121,-1.102718,1.306467,0.770388
8.018000,0.489045,0.871807,-0.114329,-1.409688,-1.102718,1.306467,0.770388
8.020000,0.488997,0.871956,-0.114375,-1.409257,-1.102718,1.306467,0.770388
8.022000,0.488949,0.872104,-0.114421,-1.408830,-1.102718,1.306467,0.770388
8.024000,0.488902,0.872249,-0.114467,-1.408405,-1.102718,1.306467,0.770388
8.026000,0.488854,0.872393,-0.114513,-1.407984,-1.102718,1.306467,0.770388
8.028000,0.488806,0.872536,-0.114559,-1.407566,-1.102718,1.306467,0.770388
8.030000,0.488758,0.872677,-0.114606,-1.407151,-1.102718,1.306467,0.770388
8.032000,0.488733,0.872747,-0.114629,-1.406945,-1.102718,1.306467,0.770388
8.034000,0.488685,0.872885,-0.114676,-1.406534,-1.102718,1.306467,0.770388
8.036000,0.488636,0.873022,-0.114723,-1.406127,-1.102718,1.306467,0.770388
8.038000,0.488588,0.873158,-0.114770,-1.405723,-1.102718,1.306467,0.770388
8.040000,0.488539,0.873291,-0.114817,-1.405322,-1.102718,1.306467,0.770388
8.042000,0.488490,0.873424,-0.114864,-1.404924,-1.102718,1.306467,0.770388
8.044000,0.488441,0.873554,-0.114911,-1.404529,-1.102718,1.306467,0.770388
8.046000,0.488392,0.873683,-0.114959,-1.404137,-1.102718,1.306467,0.770388
8.048000,0.488343,0.873811,-0.115006,-1.403748,-1.102718,1.306467,0.770388
8.050000,0.488293,0.873936,-0.115054,-1.403363,-1.102718,1.306467,0.770388
8.052000,0.488244,0.874060,-0.115102,-1.402980,-1.102718,1.306467,0.770388
8.054000,0.488194,0.874183,-0.115150,-1.402601,-1.102718,1.306467,0.770388
8.056000,0.488144,0.874304,-0.115198,-1.402225,-1.102718,1.306467,0.770388
8.058000,0.488094,0.874423,-0.115246,-1.401851,-1.102718,1.306467,0.770388
8.060000,0.488044,0.874541,-0.115294,-1.401481,-1.102718,1.306467,0.770388
8.062000,0.487994,0.874657,-0.115343,-1.401115,-1.102718,1.306467,0.770388
8.064000,0.487944,0.874772,-0.115391,-1.400751,-1.102718,1.306467,0.770388
8.066000,0.487893,0.874885,-0.115440,-1.400390,-1.102718,1.306467,0.770388
8.068000,0.487842,0.874996,-0.115488,-1.400033,-1.102718,1.306467,0.770388
8.070000,0.487792,0.875106,-0.115537,-1.399679,-1.102718,1.306467,0.770388
8.072000,0.487741,0.875214,-0.115586,-1.399327,-1.102718,1.306467,0.770388
8.074000,0.487690,0.875320,-0.115634,-1.398979,-1.102718,1.306467,0.770388
8.076000,0.487638,0.875425,-0.115683,-1.398635,-1.102718,1.306467,0.770388
8.078000,0.487587,0.875528,-0.115732,-1.398293,-1.102718,1.306467,0.770388
8.080000,0.487535,0.875629,-0.115781,-1.397954,-1.102718,1.306467,0.770388
8.082000,0.487484,0.875729,-0.115830,-1.397619,-1.102718,1.306467,0.770388
8.084000,0.487432,0.875828,-0.115879,-1.397287,-1.102718,1.306467,0.770388
8.086000,0.487380,0.875924,-0.115928,-1.396957,-1.102718,1.306467,0.770388
8.088000,0.487328,0.876019,-0.115978,-1.396631,-1.102718,1.306467,0.770388
8.090000,0.487275,0.876113,-0.116027,-1.396309,-1.102718,1.306467,0.770388
8.092000,0.487223,0.876204,-0.116076,-1.395989,-1.102718,1.306467,0.770388
8.094000,0.487170,0.876294,-0.116126,-1.395672,-1.102718,1.306467,0.770388
8.096000,0.487117,0.876383,-0.116175,-1.395359,-1.102718,1.306467,0.770388
8.098000,0.487064,0.876470,-0.116224,-1.395049,-1.102718,1.306467,0.770388
8.100000,0.487011,0.876555,-0.116274,-1.394742,-1.102718,1.306467,0.770388
8.102000,0.486958,0.876639,-0.116323,-1.394438,-1.102718,1.306467,0.770388
8.104000,0.486905,0.876720,-0.116372,-1.394137,-1.102718,1.306467,0.770388
8.106000,0.486851,0.876801,-0.116422,-1.393839,-1.102718,1.306467,0.770388
8.108000,0.486797,0.876879,-0.116471,-1.393545,-1.102718,1.306467,0.770388
8.110000,0.486743,0.876956,-0.116521,-1.393253,-1.102718,1.306467,0.770388
8.112000,0.486689,0.877032,-0.116570,-1.392965,-1.102718,1.306467,0.770388
8.114000,0.486635,0.877105,-0.116620,-1.392680,-1.102718,1.306467,0.770388
8.116000,0.486581,0.877177,-0.116669,-1.392398,-1.102718,1.306467,0.770388
8.118000,0.486526,0.877248,-0.116719,-1.392120,-1.102718,1.306467,0.770388
8.120000,0.486471,0.877317,-0.116768,-1.391844,-1.102718,1.306467,0.770388
8.122000,0.486416,0.877384,-0.116817,-1.391572,-1.102718,1.306467,0.770388
8.124000,0.486361,0.877449,-0.116867,-1.391303,-1.102718,1.306467,0.770388
8.126000,0.486306,0.877513,-0.116916,-1.391037,-1.102718,1.306467,0.770388
8.128000,0.486251,0.877575,-0.116965,-1.390774,-1.102718,1.306467,0.770388
8.130000,0.486195,0.877636,-0.117015,-1.390514,-1.102718,1.306467,0.770388
8.132000,0.486139,0.877695,-0.117064,-1.390257,-1.102718,1.306467,0.770388
8.134000,0.486083,0.877752,-0.117113,-1.390004,-1.102718,1.306467,0.770388
8.136000,0.486027,0.877808,-0.117162,-1.389753,-1.102718,1.306467,0.770388
8.138000,0.485971,0.877861,-0.117211,-1.389506,-1.102718,1.306467,0.770388
8.140000,0.485914,0.877914,-0.117260,-1.389262,-1.102718,1.306467,0.770388
8.142000,0.485857,0.877964,-0.117309,-1.389021,-1.102718,1.306467,0.770388
8.144000,0.485800,0.878013,-0.117358,-1.388784,-1.102718,1.306467,0.770388
8.146000,0.485743,0.878061,-0.117407,-1.388549,-1.102718,1.306467,0.770388
8.148000,0.485686,0.878106,-0.117456,-1.388318,-1.102718,1.306467,0.770388
8.150000,0.485629,0.878150,-0.117504,-1.388089,-1.102718,1.306467,0.770388
8.152000,0.485600,0.878172,-0.117529,-1.387976,-1.102718,1.306467,0.770388
8.154000,0.485542,0.878213,-0.117577,-1.387753,-1.102718,1.306467,0.770388
8.156000,0.485484,0.878253,-0.117626,-1.387532,-1.102718,1.306467,0.770388
8.158000,0.485426,0.878292,-0.117674,-1.387315,-1.102718,1.306467,0.770388
8.160000,0.485367,0.878328,-0.117722,-1.387101,-1.102718,1.306467,0.770388
8.162000,0.485309,0.878363,-0.117770,-1.386890,-1.102718,1.306467,0.770388
8.164000,0.485250,0.878397,-0.117818,-1.386682,-1.102718,1.306467,0.770388
8.166000,0.485191,0.878428,-0.117866,-1.386477,-1.102718,1.306467,0.770388
8.168000,0.485161,0.878443,-0.117890,-1.386376,-1.102718,1.306467,0.770388
8.170000,0.485072,0.878487,-0.117961,-1.386077,-1.102718,1.306467,0.770388
8.172000,0.485013,0.878513,-0.118009,-1.385882,-1.102718,1.306467,0.770388
8.174000,0.484953,0.878538,-0.118056,-1.385689,-1.102718,1.306467,0.770388
8.176000,0.484893,0.878562,-0.118103,-1.385500,-1.102718,1.306467,0.770388
8.178000,0.484832,0.878584,-0.118150,-1.385314,-1.102718,1.306467,0.770388
8.180000,0.484772,0.878604,-0.118197,-1.385131,-1.102718,1.306467,0.770388
8.182000,0.484711,0.878622,-0.118243,-1.384952,-1.102718,1.306467,0.770388
8.184000,0.484650,0.878639,-0.118290,-1.384775,-1.102718,1.306467,0.770388
8.186000,0.484589,0.878654,-0.118336,-1.384601,-1.102718,1.306467,0.770388
8.188000,0.484527,0.878668,-0.118382,-1.384431,-1.102718,1.306467,0.770388
8.190000,0.484466,0.878680,-0.118428,-1.384264,-1.102718,1.306467,0.770388
8.192000,0.484404,0.878690,-0.118474,-1.384099,-1.102718,1.306467,0.770388
8.194000,0.484342,0.878699,-0.118519,-1.383938,-1.102718,1.306467,0.770388
8.196000,0.484311,0.878702,-0.118542,-1.383859,-1.102718,1.306467,0.770388
8.198000,0.484217,0.878711,-0.118609,-1.383625,-1.102718,1.306467,0.770388
8.200000,0.484154,0.878715,-0.118654,-1.383473,-1.102718,1.306467,0.770388
8.202000,0.484091,0.878717,-0.118699,-1.383324,-1.102718,1.306467,0.770388
8.204000,0.484059,0.878717,-0.118721,-1.383251,-1.102718,1.306467,0.770388
8.206000,0.483996,0.878717,-0.118765,-1.383106,-1.102718,1.306467,0.770388
8.208000,0.483932,0.878716,-0.118810,-1.382963,-1.102718,1.306467,0.770388
8.210000,0.483869,0.878715,-0.118855,-1.382821,-1.102718,1.306467,0.770388
8.212000,0.483806,0.878714,-0.118901,-1.382681,-1.102718,1.306467,0.770388
8.214000,0.483742,0.878712,-0.118946,-1.382542,-1.102718,1.306467,0.770388
8.216000,0.483679,0.878710,-0.118993,-1.382404,-1.102718,1.306467,0.770388
8.218000,0.483616,0.878708,-0.119039,-1.382267,-1.102718,1.306467,0.770388
8.220000,0.483553,0.878705,-0.119086,-1.382132,-1.102718,1.306467,0.770388
8.222000,0.483490,0.878702,-0.119133,-1.381998,-1.102718,1.306467,0.770388
8.224000,0.483427,0.878698,-0.119180,-1.381866,-1.102718,1.306467,0.770388
8.226000,0.483364,0.878694,-0.119228,-1.381735,-1.102718,1.306467,0.770388
8.228000,0.483301,0.878689,-0.119276,-1.381605,-1.102718,1.306467,0.770388
8.230000,0.483301,0.878689,-0.119276,-1.381605,-1.102718,1.306467,0.770388
8.232000,0.483175,0.878679,-0.119372,-1.381350,-1.102718,1.306467,0.770388
8.234000,0.483112,0.878673,-0.119421,-1.381224,-1.102718,1.306467,0.770388
8.236000,0.483049,0.878667,-0.119470,-1.381100,-1.102718,1.306467,0.770388
8.238000,0.482986,0.878661,-0.119520,-1.380977,-1.102718,1.306467,0.770388
8.240000,0.482923,0.878654,-0.119570,-1.380855,-1.102718,1.306467,0.770388
8.242000,0.482861,0.878646,-0.119620,-1.380735,-1.102718,1.306467,0.770388
8.244000,0.482798,0.878638,-0.119670,-1.380616,-1.102718,1.306467,0.770388
8.246000,0.482735,0.878630,-0.119720,-1.380498,-1.102718,1.306467,0.770388
8.248000,0.482704,0.878626,-0.119746,-1.380440,-1.102718,1.306467,0.770388
8.250000,0.482641,0.878617,-0.119797,-1.380324,-1.102718,1.306467,0.770388
8.252000,0.482578,0.878608,-0.119848,-1.380210,-1.102718,1.306467,0.770388
8.254000,0.482516,0.878599,-0.119899,-1.380097,-1.102718,1.306467,0.770388
8.256000,0.482453,0.878589,-0.119951,-1.379985,-1.102718,1.306467,0.770388
8.258000,0.482391,0.878578,-0.120003,-1.379875,-1.102718,1.306467,0.770388
8.260000,0.482328,0.878567,-0.120055,-1.379766,-1.102718,1.306467,0.770388
8.262000,0.482265,0.878556,-0.120108,-1.379658,-1.102718,1.306467,0.770388
8.264000,0.482203,0.878545,-0.120160,-1.379552,-1.102718,1.306467,0.770388
8.266000,0.482140,0.878533,-0.120213,-1.379447,-1.102718,1.306467,0.770388
8.268000,0.482078,0.878520,-0.120266,-1.379343,-1.102718,1.306467,0.770388
8.270000,0.482015,0.878508,-0.120320,-1.379241,-1.102718,1.306467,0.770388
8.272000,0.481953,0.878494,-0.120373,-1.379140,-1.102718,1.306467,0.770388
8.274000,0.481890,0.878481,-0.120427,-1.379040,-1.102718,1.306467,0.770388
8.276000,0.481828,0.878467,-0.120481,-1.378942,-1.102718,1.306467,0.770388
8.278000,0.481765,0.878452,-0.120536,-1.378845,-1.102718,1.306467,0.770388
8.280000,0.481703,0.878438,-0.120590,-1.378749,-1.102718,1.306467,0.770388
8.282000,0.481641,0.878422,-0.120645,-1.378654,-1.102718,1.306467,0.770388
8.284000,0.481578,0.878407,-0.120700,-1.378561,-1.102718,1.306467,0.770388
8.286000,0.481516,0.878391,-0.120755,-1.378469,-1.102718,1.306467,0.770388
8.288000,0.481453,0.878374,-0.120810,-1.378378,-1.102718,1.306467,0.770388
8.290000,0.481391,0.878358,-0.120865,-1.378289,-1.102718,1.306467,0.770388
8.292000,0.481328,0.878340,-0.120921,-1.378201,-1.102718,1.306467,0.770388
8.294000,0.481266,0.878323,-0.120977,-1.378114,-1.102718,1.306467,0.770388
8.296000,0.481235,0.878314,-0.121005,-1.378071,-1.102718,1.306467,0.770388
8.298000,0.481141,0.878286,-0.121089,-1.377945,-1.102718,1.306467,0.770388
8.300000,0.481110,0.878277,-0.121117,-1.377903,-1.102718,1.306467,0.770388
8.302000,0.481047,0.878258,-0.121173,-1.377821,-1.102718,1.306467,0.770388
8.304000,0.480953,0.878229,-0.121258,-1.377700,-1.102718,1.306467,0.770388
8.306000,0.480891,0.878209,-0.121315,-1.377621,-1.102718,1.306467,0.770388
8.308000,0.480860,0.878199,-0.121343,-1.377582,-1.102718,1.306467,0.770388
8.310000,0.480797,0.878178,-0.121400,-1.377504,-1.102718,1.306467,0.770388
8.312000,0.480735,0.878157,-0.121457,-1.377428,-1.102718,1.306467,0.770388
8.314000,0.480672,0.878136,-0.121514,-1.377354,-1.102718,1.306467,0.770388
8.316000,0.480609,0.878114,-0.121571,-1.377281,-1.102718,1.306467,0.770388
8.318000,0.480547,0.878092,-0.121628,-1.377208,-1.102718,1.306467,0.770388
8.320000,0.480484,0.878070,-0.121686,-1.377138,-1.102718,1.306467,0.770388
8.322000,0.480421,0.878047,-0.121743,-1.377068,-1.102718,1.306467,0.770388
8.324000,0.480359,0.878023,-0.121801,-1.377000,-1.102718,1.306467,0.770388
8.326000,0.480296,0.878000,-0.121859,-1.376933,-1.102718,1.306467,0.770388
8.328000,0.480233,0.877976,-0.121917,-1.376867,-1.102718,1.306467,0.770388
8.330000,0.480170,0.877951,-0.121974,-1.376802,-1.102718,1.306467,0.770388
8.332000,0.480107,0.877926,-0.122032,-1.376739,-1.102718,1.306467,0.770388
8.334000,0.480044,0.877901,-0.122090,-1.376677,-1.102718,1.306467,0.770388
8.336000,0.479982,0.877875,-0.122149,-1.376616,-1.102718,1.306467,0.770388
8.338000,0.479919,0.877849,-0.122207,-1.376556,-1.102718,1.306467,0.770388
8.340000,0.479856,0.877823,-0.122265,-1.376498,-1.102718,1.306467,0.770388
8.342000,0.479792,0.877796,-0.122323,-1.376441,-1.102718,1.306467,0.770388
8.344000,0.479729,0.877769,-0.122382,-1.376385,-1.102718,1.306467,0.770388
8.346000,0.479666,0.877741,-0.122440,-1.376330,-1.102718,1.306467,0.770388
8.348000,0.479635,0.877727,-0.122469,-1.376303,-1.102718,1.306467,0.770388
8.350000,0.479571,0.877699,-0.122528,-1.376250,-1.102718,1.306467,0.770388
8.352000,0.479508,0.877671,-0.122586,-1.376199,-1.102718,1.306467,0.770388
8.354000,0.479445,0.877642,-0.122644,-1.376148,-1.102718,1.306467,0.770388
8.356000,0.479381,0.877613,-0.122703,-1.376099,-1.102718,1.306467,0.770388
8.358000,0.479318,0.877583,-0.122762,-1.376051,-1.102718,1.306467,0.770388
8.360000,0.479254,0.877553,-0.122820,-1.376004,-1.102718,1.306467,0.770388
8.362000,0.479191,0.877522,-0.122879,-1.375958,-1.102718,1.306467,0.770388
8.364000,0.479127,0.877492,-0.122937,-1.375914,-1.102718,1.306467,0.770388
8.366000,0.479064,0.877461,-0.122996,-1.375871,-1.102718,1.306467,0.770388
8.368000,0.479000,0.877429,-0.123054,-1.375829,-1.102718,1.306467,0.770388
8.370000,0.478936,0.877397,-0.123113,-1.375788,-1.102718,1.306467,0.770388
8.372000,0.478872,0.877365,-0.123171,-1.375748,-1.102718,1.306467,0.770388
8.374000,0.478808,0.877332,-0.123230,-1.375710,-1.102718,1.306467,0.770388
8.376000,0.478744,0.877299,-0.123288,-1.375672,-1.102718,1.306467,0.770388
8.378000,0.478680,0.877266,-0.123347,-1.375636,-1.102718,1.306467,0.770388
8.380000,0.478616,0.877232,-0.123405,-1.375601,-1.102718,1.306467,0.770388
8.382000,0.478552,0.877198,-0.123464,-1.375567,-1.102718,1.306467,0.770388
8.384000,0.478488,0.877163,-0.123522,-1.375535,-1.102718,1.306467,0.770388
8.386000,0.478455,0.877146,-0.123551,-1.375519,-1.102718,1.306467,0.770388
8.388000,0.478359,0.877093,-0.123638,-1.375473,-1.102718,1.306467,0.770388
8.390000,0.478327,0.877075,-0.123668,-1.375458,-1.102718,1.306467,0.770388
8.392000,0.478262,0.877039,-0.123726,-1.375430,-1.102718,1.306467,0.770388
8.394000,0.478197,0.877003,-0.123784,-1.375402,-1.102718,1.306467,0.770388
8.396000,0.478133,0.876967,-0.123842,-1.375376,-1.102718,1.306467,0.770388
8.398000,0.478068,0.876930,-0.123900,-1.375351,-1.102718,1.306467,0.770388
8.400000,0.478003,0.876892,-0.123958,-1.375327,-1.102718,1.306467,0.770388
8.402000,0.477938,0.876855,-0.124016,-1.375304,-1.102718,1.306467,0.770388
8.404000,0.477873,0.876817,-0.124073,-1.375282,-1.102718,1.306467,0.770388
8.406000,0.477808,0.876778,-0.124131,-1.375262,-1.102718,1.306467,0.770388
8.408000,0.477743,0.876740,-0.124189,-1.375242,-1.102718,1.306467,0.770388
8.410000,0.477678,0.876701,-0.124246,-1.375224,-1.102718,1.306467,0.770388
8.412000,0.477612,0.876661,-0.124304,-1.375207,-1.102718,1.306467,0.770388
8.414000,0.477547,0.876621,-0.124361,-1.375191,-1.102718,1.306467,0.770388
8.416000,0.477481,0.876581,-0.124418,-1.375176,-1.102718,1.306467,0.770388
8.418000,0.477416,0.876541,-0.124475,-1.375162,-1.102718,1.306467,0.770388
8.420000,0.477350,0.876500,-0.124532,-1.375149,-1.102718,1.306467,0.770388
8.422000,0.477284,0.876459,-0.124589,-1.375137,-1.102718,1.306467,0.770388
8.424000,0.477218,0.876417,-0.124646,-1.375127,-1.102718,1.306467,0.770388
8.426000,0.477152,0.876375,-0.124702,-1.375117,-1.102718,1.306467,0.770388
8.428000,0.477086,0.876333,-0.124759,-1.375109,-1.102718,1.306467,0.770388
8.430000,0.477020,0.876290,-0.124815,-1.375102,-1.102718,1.306467,0.770388
8.432000,0.476953,0.876247,-0.124871,-1.375096,-1.102718,1.306467,0.770388
8.434000,0.476887,0.876204,-0.124927,-1.375090,-1.102718,1.306467,0.770388
8.436000,0.476820,0.876160,-0.124983,-1.375086,-1.102718,1.306467,0.770388
8.438000,0.476754,0.876116,-0.125039,-1.375083,-1.102718,1.306467,0.770388
8.440000,0.476687,0.876072,-0.125094,-1.375081,-1.102718,1.306467,0.770388
8.442000,0.476620,0.876027,-0.125149,-1.375081,-1.102718,1.306467,0.770388
8.444000,0.476553,0.875982,-0.125204,-1.375081,-1.102718,1.306467,0.770388
8.446000,0.476486,0.875938,-0.125259,-1.375081,-1.102718,1.306467,0.770388
8.448000,0.476418,0.875893,-0.125313,-1.375081,-1.102718,1.306467,0.770388
8.450000,0.476350,0.875849,-0.125368,-1.375081,-1.102718,1.306467,0.770388
8.452000,0.476282,0.875804,-0.125421,-1.375081,-1.102718,1.306467,0.770388
8.454000,0.476213,0.875760,-0.125474,-1.375081,-1.102718,1.306467,0.770388
8.456000,0.476145,0.875716,-0.125527,-1.375081,-1.102718,1.306467,0.770388
8.458000,0.476076,0.875673,-0.125580,-1.375081,-1.102718,1.306467,0.770388
8.460000,0.476006,0.875629,-0.125632,-1.375081,-1.102718,1.306467,0.770388
8.462000,0.475936,0.875586,-0.125684,-1.375081,-1.102718,1.306467,0.770388
8.464000,0.475867,0.875543,-0.125735,-1.375081,-1.102718,1.306467,0.770388
8.466000,0.475796,0.875500,-0.125786,-1.375081,-1.102718,1.306467,0.770388
8.468000,0.475726,0.875457,-0.125837,-1.375081,-1.102718,1.306467,0.770388
8.470000,0.475655,0.875414,-0.125887,-1.375081,-1.102718,1.306467,0.770388
8.472000,0.475584,0.875372,-0.125937,-1.375081,-1.102718,1.306467,0.770388
8.474000,0.475548,0.875350,-0.125962,-1.375081,-1.102718,1.306467,0.770388
8.476000,0.475476,0.875308,-0.126011,-1.375081,-1.102718,1.306467,0.770388
8.478000,0.475404,0.875266,-0.126060,-1.375081,-1.102718,1.306467,0.770388
8.480000,0.475332,0.875224,-0.126108,-1.375081,-1.102718,1.306467,0.770388
8.482000,0.475260,0.875182,-0.126156,-1.375081,-1.102718,1.306467,0.770388
8.484000,0.475187,0.875141,-0.126204,-1.375081,-1.102718,1.306467,0.770388
8.486000,0.475114,0.875099,-0.126251,-1.375081,-1.102718,1.306467,0.770388
8.488000,0.475040,0.875058,-0.126298,-1.375081,-1.102718,1.306467,0.770388
8.490000,0.474966,0.875017,-0.126344,-1.375081,-1.102718,1.306467,0.770388
8.492000,0.474892,0.874976,-0.126390,-1.375081,-1.102718,1.306467,0.770388
8.494000,0.474818,0.874935,-0.126435,-1.375081,-1.102718,1.306467,0.770388
8.496000,0.474743,0.874894,-0.126480,-1.375081,-1.102718,1.306467,0.770388
8.498000,0.474668,0.874854,-0.126525,-1.375081,-1.102718,1.306467,0.770388
8.500000,0.474593,0.874813,-0.126569,-1.375081,-1.102718,1.306467,0.770388
8.502000,0.474517,0.874773,-0.126612,-1.375081,-1.102718,1.306467,0.770388
8.504000,0.474441,0.874733,-0.126655,-1.375081,-1.102718,1.306467,0.770388
8.506000,0.474365,0.874693,-0.126698,-1.375081,-1.102718,1.306467,0.770388
8.508000,0.474288,0.874653,-0.126740,-1.375081,-1.102718,1.306467,0.770388
8.510000,0.474212,0.874614,-0.126782,-1.375081,-1.102718,1.306467,0.770388
8.512000,0.474134,0.874574,-0.126823,-1.375081,-1.102718,1.306467,0.770388
8.514000,0.474057,0.874535,-0.126864,-1.375081,-1.102718,1.306467,0.770388
8.516000,0.473979,0.874496,-0.126904,-1.375081,-1.102718,1.306467,0.770388
8.518000,0.473901,0.874457,-0.126944,-1.375081,-1.102718,1.306467,0.770388
8.520000,0.473822,0.874418,-0.126983,-1.375081,-1.102718,1.306467,0.770388
8.522000,0.473743,0.874380,-0.127022,-1.375081,-1.102718,1.306467,0.770388
8.524000,0.473664,0.874341,-0.127060,-1.375081,-1.102718,1.306467,0.770388
8.526000,0.473585,0.874303,-0.127098,-1.375081,-1.102718,1.306467,0.770388
8.528000,0.473505,0.874265,-0.127135,-1.375081,-1.102718,1.306467,0.770388
8.530000,0.473425,0.874226,-0.127172,-1.375081,-1.102718,1.306467,0.770388
8.532000,0.473344,0.874189,-0.127208,-1.375081,-1.102718,1.306467,0.770388
8.534000,0.473263,0.874151,-0.127244,-1.375081,-1.102718,1.306467,0.770388
8.536000,0.473182,0.874113,-0.127279,-1.375081,-1.102718,1.306467,0.770388
8.538000,0.473101,0.874076,-0.127314,-1.375081,-1.102718,1.306467,0.770388
8.540000,0.473019,0.874038,-0.127348,-1.375081,-1.102718,1.306467,0.770388
8.542000,0.472937,0.874001,-0.127382,-1.375081,-1.102718,1.306467,0.770388
8.544000,0.472895,0.873983,-0.127399,-1.375081,-1.102718,1.306467,0.770388
8.546000,0.472813,0.873946,-0.127432,-1.375081,-1.102718,1.306467,0.770388
8.548000,0.472730,0.873909,-0.127464,-1.375081,-1.102718,1.306467,0.770388
8.550000,0.472647,0.873872,-0.127496,-1.375081,-1.102718,1.306467,0.770388
8.552000,0.472563,0.873836,-0.127527,-1.375081,-1.102718,1.306467,0.770388
8.554000,0.472479,0.873799,-0.127558,-1.375081,-1.102718,1.306467,0.770388
8.556000,0.472395,0.873763,-0.127588,-1.375081,-1.102718,1.306467,0.770388
8.558000,0.472310,0.873727,-0.127617,-1.375081,-1.102718,1.306467,0.770388
8.560000,0.472225,0.873691,-0.127646,-1.375081,-1.102718,1.306467,0.770388
8.562000,0.472140,0.873655,-0.127675,-1.375081,-1.102718,1.306467,0.770388
8.564000,0.472054,0.873619,-0.127703,-1.375081,-1.102718,1.306467,0.770388
8.566000,0.471968,0.873584,-0.127730,-1.375081,-1.102718,1.306467,0.770388
8.568000,0.471882,0.873549,-0.127757,-1.375081,-1.102718,1.306467,0.770388
8.570000,0.471795,0.873513,-0.127783,-1.375081,-1.102718,1.306467,0.770388
8.572000,0.471708,0.873478,-0.127809,-1.375081,-1.102718,1.306467,0.770388
8.574000,0.471620,0.873443,-0.127834,-1.375081,-1.102718,1.306467,0.770388
8.576000,0.471533,0.873408,-0.127858,-1.375081,-1.102718,1.306467,0.770388
8.578000,0.471445,0.873374,-0.127882,-1.375081,-1.102718,1.306467,0.770388
8.580000,0.471356,0.873339,-0.127905,-1.375081,-1.102718,1.306467,0.770388
8.582000,0.471267,0.873304,-0.127928,-1.375081,-1.102718,1.306467,0.770388
8.584000,0.471178,0.873270,-0.127950,-1.375081,-1.102718,1.306467,0.770388
8.586000,0.471089,0.873236,-0.127972,-1.375081,-1.102718,1.306467,0.770388
8.588000,0.470999,0.873202,-0.127992,-1.375081,-1.102718,1.306467,0.770388
8.590000,0.470908,0.873168,-0.128013,-1.375081,-1.102718,1.306467,0.770388
8.592000,0.470818,0.873134,-0.128032,-1.375081,-1.102718,1.306467,0.770388
8.594000,0.470727,0.873100,-0.128051,-1.375081,-1.102718,1.306467,0.770388
8.596000,0.470681,0.873084,-0.128060,-1.375081,-1.102718,1.306467,0.770388
8.598000,0.470544,0.873034,-0.128087,-1.375081,-1.102718,1.306467,0.770388
8.600000,0.470452,0.873000,-0.128104,-1.375081,-1.102718,1.306467,0.770388
8.602000,0.470406,0.872984,-0.128113,-1.375081,-1.102718,1.306467,0.770388
8.604000,0.470313,0.872951,-0.128129,-1.375081,-1.102718,1.306467,0.770388
8.606000,0.470220,0.872918,-0.128144,-1.375081,-1.102718,1.306467,0.770388
8.608000,0.470127,0.872885,-0.128159,-1.375081,-1.102718,1.306467,0.770388
8.610000,0.470033,0.872852,-0.128173,-1.375081,-1.102718,1.306467,0.770388
8.612000,0.469939,0.872820,-0.128187,-1.375081,-1.102718,1.306467,0.770388
8.614000,0.469845,0.872787,-0.128200,-1.375081,-1.102718,1.306467,0.770388
8.616000,0.469750,0.872755,-0.128212,-1.375081,-1.102718,1.306467,0.770388
8.618000,0.469655,0.872723,-0.128224,-1.375081,-1.102718,1.306467,0.770388
8.620000,0.469560,0.872691,-0.128235,-1.375081,-1.102718,1.306467,0.770388
8.622000,0.469464,0.872659,-0.128245,-1.375081,-1.102718,1.306467,0.770388
8.624000,0.469368,0.872627,-0.128255,-1.375081,-1.102718,1.306467,0.770388
8.626000,0.469271,0.872595,-0.128263,-1.375081,-1.102718,1.306467,0.770388
8.628000,0.469174,0.872563,-0.128272,-1.375081,-1.102718,1.306467,0.770388
8.630000,0.469077,0.872532,-0.128279,-1.375081,-1.102718,1.306467,0.770388
8.632000,0.468979,0.872501,-0.128286,-1.375081,-1.102718,1.306467,0.770388
8.634000,0.468881,0.872469,-0.128292,-1.375081,-1.102718,1.306467,0.770388
8.636000,0.468783,0.872438,-0.128298,-1.375081,-1.102718,1.306467,0.770388
8.638000,0.468684,0.872407,-0.128303,-1.375081,-1.102718,1.306467,0.770388
8.640000,0.468585,0.872377,-0.128307,-1.375081,-1.102718,1.306467,0.770388
8.642000,0.468485,0.872346,-0.128310,-1.375081,-1.102718,1.306467,0.770388
8.644000,0.468435,0.872330,-0.128312,-1.375081,-1.102718,1.306467,0.770388
8.646000,0.468285,0.872285,-0.128315,-1.375081,-1.102718,1.306467,0.770388
8.648000,0.468235,0.872269,-0.128316,-1.375081,-1.102718,1.306467,0.770388
8.650000,0.468134,0.872239,-0.128317,-1.375081,-1.102718,1.306467,0.770388
8.652000,0.468032,0.872209,-0.128317,-1.375081,-1.102718,1.306467,0.770388
8.654000,0.467931,0.872179,-0.128317,-1.375081,-1.102718,1.306467,0.770388
8.656000,0.467830,0.872149,-0.128317,-1.375081,-1.102718,1.306467,0.770388
8.658000,0.467729,0.872119,-0.128317,-1.375081,-1.102718,1.306467,0.770388
8.660000,0.467628,0.872090,-0.128317,-1.375081,-1.102718,1.306467,0.770388
8.662000,0.467527,0.872060,-0.128317,-1.375081,-1.102718,1.306467,0.770388
8.664000,0.467426,0.872031,-0.128317,-1.375081,-1.102718,1.306467,0.770388
8.666000,0.467325,0.872002,-0.128317,-1.375081,-1.102718,1.306467,0.770388
8.668000,0.467224,0.871973,-0.128317,-1.375081,-1.102718,1.306467,0.770388
8.670000,0.467124,0.871945,-0.128317,-1.375081,-1.102718,1.306467,0.770388
8.672000,0.467023,0.871916,-0.128317,-1.375081,-1.102718,1.306467,0.770388
8.674000,0.466923,0.871888,-0.128317,-1.375081,-1.102718,1.306467,0.770388
8.676000,0.466822,0.871860,-0.128317,-1.375081,-1.102718,1.306467,0.770388
8.678000,0.466722,0.871832,-0.128317,-1.375081,-1.102718,1.306467,0.770388
8.680000,0.466622,0.871804,-0.128317,-1.375081,-1.102718,1.306467,0.770388
8.682000,0.466522,0.871777,-0.128317,-1.375081,-1.102718,1.306467,0.770388
8.684000,0.466422,0.871750,-0.128317,-1.375081,-1.102718,1.306467,0.770388
8.686000,0.466323,0.871722,-0.128317,-1.375081,-1.102718,1.306467,0.770388
8.688000,0.466223,0.871695,-0.128317,-1.375081,-1.102718,1.306467,0.770388
8.690000,0.466124,0.871669,-0.128317,-1.375081,-1.102718,1.306467,0.770388
8.692000,0.466024,0.871642,-0.128317,-1.375081,-1.102718,1.306467,0.770388
8.694000,0.465925,0.871616,-0.128317,-1.375081,-1.102718,1.306467,0.770388
8.696000,0.465826,0.871589,-0.128317,-1.375081,-1.102718,1.306467,0.770388
8.698000,0.465727,0.871563,-0.128317,-1.375081,-1.102718,1.306467,0.770388
8.700000,0.465628,0.871537,-0.128317,-1.375081,-1.102718,1.306467,0.770388
8.702000,0.465529,0.871512,-0.128317,-1.375081,-1.102718,1.306467,0.770388
8.704000,0.465430,0.871486,-0.128317,-1.375081,-1.102718,1.306467,0.770388
8.706000,0.465332,0.871461,-0.128317,-1.375081,-1.102718,1.306467,0.770388
8.708000,0.465233,0.871435,-0.128317,-1.375081,-1.102718,1.306467,0.770388
8.710000,0.465135,0.871410,-0.128317,-1.375081,-1.102718,1.306467,0.770388
8.712000,0.465037,0.871386,-0.128317,-1.375081,-1.102718,1.306467,0.770388
8.714000,0.464939,0.871361,-0.128317,-1.375081,-1.102718,1.306467,0.770388
8.716000,0.464841,0.871336,-0.128317,-1.375081,-1.102718,1.306467,0.770388
8.718000,0.464743,0.871312,-0.128317,-1.375081,-1.102718,1.306467,0.770388
8.720000,0.464645,0.871288,-0.128317,-1.375081,-1.102718,1.306467,0.770388
8.722000,0.464548,0.871264,-0.128317,-1.375081,-1.102718,1.306467,0.770388
8.724000,0.464450,0.871240,-0.128317,-1.375081,-1.102718,1.306467,0.770388
8.726000,0.464353,0.871217,-0.128317,-1.375081,-1.102718,1.306467,0.770388
8.728000,0.464256,0.871193,-0.128317,-1.375081,-1.102718,1.306467,0.770388
8.730000,0.464159,0.871170,-0.128317,-1.375081,-1.102718,1.306467,0.770388
8.732000,0.464062,0.871147,-0.128317,-1.375081,-1.102718,1.306467,0.770388
8.734000,0.463966,0.871124,-0.128317,-1.375081,-1.102718,1.306467,0.770388
8.736000,0.463869,0.871102,-0.128317,-1.375081,-1.102718,1.306467,0.770388
8.738000,0.463773,0.871079,-0.128317,-1.375081,-1.102718,1.306467,0.770388
8.740000,0.463676,0.871057,-0.128317,-1.375081,-1.102718,1.306467,0.770388
8.742000,0.463580,0.871035,-0.128317,-1.375081,-1.102718,1.306467,0.770388
8.744000,0.463484,0.871013,-0.128317,-1.375081,-1.102718,1.306467,0.770388
8.746000,0.463388,0.870991,-0.128317,-1.375081,-1.102718,1.306467,0.770388
8.748000,0.463293,0.870969,-0.128317,-1.375081,-1.102718,1.306467,0.770388
8.750000,0.463197,0.870948,-0.128317,-1.375081,-1.102718,1.306467,0.770388
8.752000,0.463102,0.870927,-0.128317,-1.375081,-1.102718,1.306467,0.770388
8.754000,0.463007,0.870906,-0.128317,-1.375081,-1.102718,1.306467,0.770388
8.756000,0.462912,0.870885,-0.128317,-1.375081,-1.102718,1.306467,0.770388
8.758000,0.462817,0.870864,-0.128317,-1.375081,-1.102718,1.306467,0.770388
8.760000,0.462722,0.870844,-0.128317,-1.375081,-1.102718,1.306467,0.770388
8.762000,0.462628,0.870823,-0.128317,-1.375081,-1.102718,1.306467,0.770388
8.764000,0.462533,0.870803,-0.128317,-1.375081,-1.102718,1.306467,0.770388
8.766000,0.462486,0.870793,-0.128317,-1.375081,-1.102718,1.306467,0.770388
8.768000,0.462345,0.870763,-0.128317,-1.375081,-1.102718,1.306467,0.770388
8.770000,0.462251,0.870744,-0.128317,-1.375081,-1.102718,1.306467,0.770388
8.772000,0.462157,0.870724,-0.128317,-1.375081,-1.102718,1.306467,0.770388
8.774000,0.462064,0.870705,-0.128317,-1.375081,-1.102718,1.306467,0.770388
8.776000,0.461970,0.870686,-0.128317,-1.375081,-1.102718,1.306467,0.770388
8.778000,0.461877,0.870667,-0.128317,-1.375081,-1.102718,1.306467,0.770388
8.780000,0.461831,0.870658,-0.128317,-1.375081,-1.102718,1.306467,0.770388
8.782000,0.461738,0.870639,-0.128317,-1.375081,-1.102718,1.306467,0.770388
8.784000,0.461645,0.870621,-0.128317,-1.375081,-1.102718,1.306467,0.770388
8.786000,0.461552,0.870603,-0.128317,-1.375081,-1.102718,1.306467,0.770388
8.788000,0.461460,0.870585,-0.128317,-1.375081,-1.102718,1.306467,0.770388
8.790000,0.461367,0.870567,-0.128317,-1.375081,-1.102718,1.306467,0.770388
8.792000,0.461275,0.870549,-0.128317,-1.375081,-1.102718,1.306467,0.770388
8.794000,0.461183,0.870531,-0.128317,-1.375081,-1.102718,1.306467,0.770388
8.796000,0.461092,0.870514,-0.128317,-1.375081,-1.102718,1.306467,0.770388
8.798000,0.461000,0.870497,-0.128317,-1.375081,-1.102718,1.306467,0.770388
8.800000,0.460909,0.870480,-0.128317,-1.375081,-1.102718,1.306467,0.770388
8.802000,0.460818,0.870463,-0.128317,-1.375081,-1.102718,1.306467,0.770388
8.804000,0.460727,0.870447,-0.128317,-1.375081,-1.102718,1.306467,0.770388
8.806000,0.460636,0.870430,-0.128317,-1.375081,-1.102718,1.306467,0.770388
8.808000,0.460545,0.870414,-0.128317,-1.375081,-1.102718,1.306467,0.770388
8.810000,0.460455,0.870398,-0.128317,-1.375081,-1.102718,1.306467,0.770388
8.812000,0.460364,0.870382,-0.128317,-1.375081,-1.102718,1.306467,0.770388
8.814000,0.460274,0.870366,-0.128317,-1.375081,-1.102718,1.306467,0.770388
8.816000,0.460184,0.870351,-0.128317,-1.375081,-1.102718,1.306467,0.770388
8.818000,0.460095,0.870335,-0.128317,-1.375081,-1.102718,1.306467,0.770388
8.820000,0.460050,0.870328,-0.128317,-1.375081,-1.102718,1.306467,0.770388
8.822000,0.459961,0.870313,-0.128317,-1.375081,-1.102718,1.306467,0.770388
8.824000,0.459871,0.870298,-0.128317,-1.375081,-1.102718,1.306467,0.770388
8.826000,0.459782,0.870283,-0.128317,-1.375081,-1.102718,1.306467,0.770388
8.828000,0.459694,0.870268,-0.128317,-1.375081,-1.102718,1.306467,0.770388
8.830000,0.459605,0.870254,-0.128317,-1.375081,-1.102718,1.306467,0.770388
8.832000,0.459516,0.870240,-0.128317,-1.375081,-1.102718,1.306467,0.770388
8.834000,0.459428,0.870226,-0.128317,-1.375081,-1.102718,1.306467,0.770388
8.836000,0.459340,0.870212,-0.128317,-1.375081,-1.102718,1.306467,0.770388
8.838000,0.459252,0.870199,-0.128317,-1.375081,-1.102718,1.306467,0.770388
8.840000,0.459165,0.870185,-0.128317,-1.375081,-1.102718,1.306467,0.770388
8.842000,0.459077,0.870172,-0.128317,-1.375081,-1.102718,1.306467,0.770388
8.844000,0.458990,0.870159,-0.128317,-1.375081,-1.102718,1.306467,0.770388
8.846000,0.458903,0.870146,-0.128317,-1.375081,-1.102718,1.306467,0.770388
8.848000,0.458816,0.870133,-0.128317,-1.375081,-1.102718,1.306467,0.770388
8.850000,0.458730,0.870121,-0.128317,-1.375081,-1.102718,1.306467,0.770388
8.852000,0.458644,0.870108,-0.128317,-1.375081,-1.102718,1.306467,0.770388
8.854000,0.458557,0.870096,-0.128317,-1.375081,-1.102718,1.306467,0.770388
8.856000,0.458471,0.870084,-0.128317,-1.375081,-1.102718,1.306467,0.770388
8.858000,0.458429,0.870078,-0.128317,-1.375081,-1.102718,1.306467,0.770388
8.860000,0.458343,0.870066,-0.128317,-1.375081,-1.102718,1.306467,0.770388
8.862000,0.458258,0.870055,-0.128317,-1.375081,-1.102718,1.306467,0.770388
8.864000,0.458172,0.870043,-0.128317,-1.375081,-1.102718,1.306467,0.770388
8.866000,0.458087,0.870032,-0.128317,-1.375081,-1.102718,1.306467,0.770388
8.868000,0.458003,0.870021,-0.128317,-1.375081,-1.102718,1.306467,0.770388
8.870000,0.457918,0.870010,-0.128317,-1.375081,-1.102718,1.306467,0.770388
8.872000,0.457834,0.870000,-0.128317,-1.375081,-1.102718,1.306467,0.770388
8.874000,0.457750,0.869989,-0.128317,-1.375081,-1.102718,1.306467,0.770388
8.876000,0.457666,0.869979,-0.128317,-1.375081,-1.102718,1.306467,0.770388
8.878000,0.457582,0.869969,-0.128317,-1.375081,-1.102718,1.306467,0.770388
8.880000,0.457499,0.869959,-0.128317,-1.375081,-1.102718,1.306467,0.770388
8.882000,0.457415,0.869949,-0.128317,-1.375081,-1.102718,1.306467,0.770388
8.884000,0.457332,0.869940,-0.128317,-1.375081,-1.102718,1.306467,0.770388
8.886000,0.457250,0.869930,-0.128317,-1.375081,-1.102718,1.306467,0.770388
8.888000,0.457167,0.869921,-0.128317,-1.375081,-1.102718,1.306467,0.770388
8.890000,0.457085,0.869912,-0.128317,-1.375081,-1.102718,1.306467,0.770388
8.892000,0.457003,0.869903,-0.128317,-1.375081,-1.102718,1.306467,0.770388
8.894000,0.456921,0.869895,-0.128317,-1.375081,-1.102718,1.306467,0.770388
8.896000,0.456839,0.869886,-0.128317,-1.375081,-1.102718,1.306467,0.770388
8.898000,0.456758,0.869878,-0.128317,-1.375081,-1.102718,1.306467,0.770388
8.900000,0.456677,0.869870,-0.128317,-1.375081,-1.102718,1.306467,0.770388
8.902000,0.456596,0.869862,-0.128317,-1.375081,-1.102718,1.306467,0.770388
8.904000,0.456515,0.869854,-0.128317,-1.375081,-1.102718,1.306467,0.770388
8.906000,0.456435,0.869847,-0.128317,-1.375081,-1.102718,1.306467,0.770388
8.908000,0.456355,0.869839,-0.128317,-1.375081,-1.102718,1.306467,0.770388
8.910000,0.456275,0.869832,-0.128317,-1.375081,-1.102718,1.306467,0.770388
8.912000,0.456195,0.869825,-0.128317,-1.375081,-1.102718,1.306467,0.770388
8.914000,0.456116,0.869818,-0.128317,-1.375081,-1.102718,1.306467,0.770388
8.916000,0.456076,0.869815,-0.128317,-1.375081,-1.102718,1.306467,0.770388
8.918000,0.455997,0.869808,-0.128317,-1.375081,-1.102718,1.306467,0.770388
8.920000,0.455918,0.869802,-0.128317,-1.375081,-1.102718,1.306467,0.770388
8.922000,0.455839,0.869796,-0.128317,-1.375081,-1.102718,1.306467,0.770388
8.924000,0.455761,0.869790,-0.128317,-1.375081,-1.102718,1.306467,0.770388
8.926000,0.455683,0.869784,-0.128317,-1.375081,-1.102718,1.306467,0.770388
8.928000,0.455605,0.869778,-0.128317,-1.375081,-1.102718,1.306467,0.770388
8.930000,0.455527,0.869773,-0.128317,-1.375081,-1.102718,1.306467,0.770388
8.932000,0.455450,0.869768,-0.128317,-1.375081,-1.102718,1.306467,0.770388
8.934000,0.455373,0.869762,-0.128317,-1.375081,-1.102718,1.306467,0.770388
8.936000,0.455296,0.869757,-0.128317,-1.375081,-1.102718,1.306467,0.770388
8.938000,0.455219,0.869753,-0.128317,-1.375081,-1.102718,1.306467,0.770388
8.940000,0.455143,0.869748,-0.128317,-1.375081,-1.102718,1.306467,0.770388
8.942000,0.455067,0.869744,-0.128317,-1.375081,-1.102718,1.306467,0.770388
8.944000,0.454991,0.869740,-0.128317,-1.375081,-1.102718,1.306467,0.770388
8.946000,0.454915,0.869736,-0.128317,-1.375081,-1.102718,1.306467,0.770388
8.948000,0.454840,0.869732,-0.128317,-1.375081,-1.102718,1.306467,0.770388
8.950000,0.454765,0.869728,-0.128317,-1.375081,-1.102718,1.306467,0.770388
8.952000,0.454690,0.869725,-0.128317,-1.375081,-1.102718,1.306467,0.770388
8.954000,0.454615,0.869721,-0.128317,-1.375081,-1.102718,1.306467,0.770388
8.956000,0.454541,0.869718,-0.128317,-1.375081,-1.102718,1.306467,0.770388
8.958000,0.454467,0.869715,-0.128317,-1.375081,-1.102718,1.306467,0.770388
8.960000,0.454393,0.869712,-0.128317,-1.375081,-1.102718,1.306467,0.770388
8.962000,0.454356,0.869711,-0.128317,-1.375081,-1.102718,1.306467,0.770388
8.964000,0.454283,0.869709,-0.128317,-1.375081,-1.102718,1.306467,0.770388
8.966000,0.454209,0.869706,-0.128317,-1.375081,-1.102718,1.306467,0.770388
8.968000,0.454137,0.869704,-0.128317,-1.375081,-1.102718,1.306467,0.770388
8.970000,0.454064,0.869702,-0.128317,-1.375081,-1.102718,1.306467,0.770388
8.972000,0.453991,0.869700,-0.128317,-1.375081,-1.102718,1.306467,0.770388
8.974000,0.453919,0.869699,-0.128317,-1.375081,-1.102718,1.306467,0.770388
8.976000,0.453847,0.869697,-0.128317,-1.375081,-1.102718,1.306467,0.770388
8.978000,0.453776,0.869696,-0.128317,-1.375081,-1.102718,1.306467,0.770388
8.980000,0.453705,0.869695,-0.128317,-1.375081,-1.102718,1.306467,0.770388
8.982000,0.453633,0.869694,-0.128317,-1.375081,-1.102718,1.306467,0.770388
8.984000,0.453563,0.869694,-0.128317,-1.375081,-1.102718,1.306467,0.770388
8.986000,0.453492,0.869693,-0.128317,-1.375081,-1.102718,1.306467,0.770388
8.988000,0.453457,0.869693,-0.128317,-1.375081,-1.102718,1.306467,0.770388
8.990000,0.453387,0.869693,-0.128317,-1.375081,-1.102718,1.306467,0.770388
8.992000,0.453317,0.869693,-0.128317,-1.375081,-1.102718,1.306467,0.770388
8.994000,0.453247,0.869693,-0.128317,-1.375081,-1.102718,1.306467,0.770388
8.996000,0.453178,0.869693,-0.128317,-1.375081,-1.102718,1.306467,0.770388
8.998000,0.453109,0.869693,-0.128317,-1.375081,-1.102718,1.306467,0.770388
9.000000,0.453040,0.869693,-0.128317,-1.375081,-1.102718,1.306467,0.770388
9.002000,0.452972,0.869693,-0.128317,-1.375081,-1.102718,1.306467,0.770388
9.004000,0.452903,0.869693,-0.128317,-1.375081,-1.102718,1.306467,0.770388
9.006000,0.452836,0.869693,-0.128317,-1.375081,-1.102718,1.306467,0.770388
9.008000,0.452768,0.869693,-0.128317,-1.375081,-1.102718,1.306467,0.770388
9.010000,0.452700,0.869693,-0.128317,-1.375081,-1.102718,1.306467,0.770388
9.012000,0.452633,0.869693,-0.128317,-1.375081,-1.102718,1.306467,0.770388
9.014000,0.452566,0.869693,-0.128317,-1.375081,-1.102718,1.306467,0.770388
9.016000,0.452500,0.869693,-0.128317,-1.375081,-1.102718,1.306467,0.770388
9.018000,0.452434,0.869693,-0.128317,-1.375081,-1.102718,1.306467,0.770388
9.020000,0.452368,0.869693,-0.128317,-1.375081,-1.102718,1.306467,0.770388
9.022000,0.452302,0.869693,-0.128317,-1.375081,-1.102718,1.306467,0.770388
9.024000,0.452269,0.869693,-0.128317,-1.375081,-1.102718,1.306467,0.770388
9.026000,0.452171,0.869693,-0.128317,-1.375081,-1.102718,1.306467,0.770388
9.028000,0.452139,0.869693,-0.128317,-1.375081,-1.102718,1.306467,0.770388
9.030000,0.452042,0.869693,-0.128317,-1.375081,-1.102718,1.306467,0.770388
9.032000,0.452009,0.869693,-0.128317,-1.375081,-1.102718,1.306467,0.770388
9.034000,0.451945,0.869693,-0.128317,-1.375081,-1.102718,1.306467,0.770388
9.036000,0.451881,0.869693,-0.128317,-1.375081,-1.102718,1.306467,0.770388
9.038000,0.451818,0.869693,-0.128317,-1.375081,-1.102718,1.306467,0.770388
9.040000,0.451754,0.869693,-0.128317,-1.375081,-1.102718,1.306467,0.770388
9.042000,0.451691,0.869693,-0.128317,-1.375081,-1.102718,1.306467,0.770388
9.044000,0.451628,0.869693,-0.128317,-1.375081,-1.102718,1.306467,0.770388
9.046000,0.451566,0.869693,-0.128317,-1.375081,-1.102718,1.306467,0.770388
9.048000,0.451504,0.869693,-0.128317,-1.375081,-1.102718,1.306467,0.770388
9.050000,0.451442,0.869693,-0.128317,-1.375081,-1.102718,1.306467,0.770388
9.052000,0.451380,0.869693,-0.128317,-1.375081,-1.102718,1.306467,0.770388
9.054000,0.451319,0.869693,-0.128317,-1.375081,-1.102718,1.306467,0.770388
9.056000,0.451258,0.869693,-0.128317,-1.375081,-1.102718,1.306467,0.770388
9.058000,0.451197,0.869693,-0.128317,-1.375081,-1.102718,1.306467,0.770388
9.060000,0.451137,0.869693,-0.128317,-1.375081,-1.102718,1.306467,0.770388
9.062000,0.451076,0.869693,-0.128317,-1.375081,-1.102718,1.306467,0.770388
9.064000,0.451016,0.869693,-0.128317,-1.375081,-1.102718,1.306467,0.770388
9.066000,0.450957,0.869693,-0.128317,-1.375081,-1.102718,1.306467,0.770388
9.068000,0.450897,0.869693,-0.128317,-1.375081,-1.102718,1.306467,0.770388
9.070000,0.450838,0.869693,-0.128317,-1.375081,-1.102718,1.306467,0.770388
9.072000,0.450780,0.869693,-0.128317,-1.375081,-1.102718,1.306467,0.770388
9.074000,0.450721,0.869693,-0.128317,-1.375081,-1.102718,1.306467,0.770388
9.076000,0.450663,0.869693,-0.128317,-1.375081,-1.102718,1.306467,0.770388
9.078000,0.450605,0.869693,-0.128317,-1.375081,-1.102718,1.306467,0.770388
9.080000,0.450548,0.869693,-0.128317,-1.375081,-1.102718,1.306467,0.770388
9.082000,0.450490,0.869693,-0.128317,-1.375081,-1.102718,1.306467,0.770388
9.084000,0.450462,0.869693,-0.128317,-1.375081,-1.102718,1.306467,0.770388
9.086000,0.450405,0.869693,-0.128317,-1.375081,-1.102718,1.306467,0.770388
9.088000,0.450349,0.869693,-0.128317,-1.375081,-1.102718,1.306467,0.770388
9.090000,0.450292,0.869693,-0.128317,-1.375081,-1.102718,1.306467,0.770388
9.092000,0.450236,0.869693,-0.128317,-1.375081,-1.102718,1.306467,0.770388
9.094000,0.450181,0.869693,-0.128317,-1.375081,-1.102718,1.306467,0.770388
9.096000,0.450153,0.869693,-0.128317,-1.375081,-1.102718,1.306467,0.770388
9.098000,0.450070,0.869693,-0.128317,-1.375081,-1.102718,1.306467,0.770388
9.100000,0.450016,0.869693,-0.128317,-1.375081,-1.102718,1.306467,0.770388
9.102000,0.449961,0.869693,-0.128317,-1.375081,-1.102718,1.306467,0.770388
9.104000,0.449907,0.869693,-0.128317,-1.375081,-1.102718,1.306467,0.770388
9.106000,0.449853,0.869693,-0.128317,-1.375081,-1.102718,1.306467,0.770388
9.108000,0.449800,0.869693,-0.128317,-1.375081,-1.102718,1.306467,0.770388
9.110000,0.449747,0.869693,-0.128317,-1.375081,-1.102718,1.306467,0.770388
9.112000,0.449694,0.869693,-0.128317,-1.375081,-1.102718,1.306467,0.770388
9.114000,0.449641,0.869693,-0.128317,-1.375081,-1.102718,1.306467,0.770388
9.116000,0.449589,0.869693,-0.128317,-1.375081,-1.102718,1.306467,0.770388
9.118000,0.449537,0.869693,-0.128317,-1.375081,-1.102718,1.306467,0.770388
9.120000,0.449485,0.869693,-0.128317,-1.375081,-1.102718,1.306467,0.770388
9.122000,0.449434,0.869693,-0.128317,-1.375081,-1.102718,1.306467,0.770388
9.124000,0.449382,0.869693,-0.128317,-1.375081,-1.102718,1.306467,0.770388
9.126000,0.449357,0.869693,-0.128317,-1.375081,-1.102718,1.306467,0.770388
9.128000,0.449306,0.869693,-0.128317,-1.375081,-1.102718,1.306467,0.770388
9.130000,0.449231,0.869693,-0.128317,-1.375081,-1.102718,1.306467,0.770388
9.132000,0.449206,0.869693,-0.128317,-1.375081,-1.102718,1.306467,0.770388
9.134000,0.449156,0.869693,-0.128317,-1.375081,-1.102718,1.306467,0.770388
9.136000,0.449107,0.869693,-0.128317,-1.375081,-1.102718,1.306467,0.770388
9.138000,0.449058,0.869693,-0.128317,-1.375081,-1.102718,1.306467,0.770388
9.140000,0.449009,0.869693,-0.128317,-1.375081,-1.102718,1.306467,0.770388
9.142000,0.448960,0.869693,-0.128317,-1.375081,-1.102718,1.306467,0.770388
9.144000,0.448912,0.869693,-0.128317,-1.375081,-1.102718,1.306467,0.770388
9.146000,0.448864,0.869693,-0.128317,-1.375081,-1.102718,1.306467,0.770388
9.148000,0.448817,0.869693,-0.128317,-1.375081,-1.102718,1.306467,0.770388
9.150000,0.448769,0.869693,-0.128317,-1.375081,-1.102718,1.306467,0.770388
9.152000,0.448722,0.869693,-0.128317,-1.375081,-1.102718,1.306467,0.770388
9.154000,0.448676,0.869693,-0.128317,-1.375081,-1.102718,1.306467,0.770388
9.156000,0.448629,0.869693,-0.128317,-1.375081,-1.102718,1.306467,0.770388
9.158000,0.448583,0.869693,-0.128317,-1.375081,-1.102718,1.306467,0.770388
9.160000,0.448537,0.869693,-0.128317,-1.375081,-1.102718,1.306467,0.770388
9.162000,0.448492,0.869693,-0.128317,-1.375081,-1.102718,1.306467,0.770388
9.164000,0.448447,0.869693,-0.128317,-1.375081,-1.102718,1.306467,0.770388
9.166000,0.448402,0.869693,-0.128317,-1.375081,-1.102718,1.306467,0.770388
9.168000,0.448358,0.869693,-0.128317,-1.375081,-1.102718,1.306467,0.770388
9.170000,0.448313,0.869693,-0.128317,-1.375081,-1.102718,1.306467,0.770388
9.172000,0.448270,0.869693,-0.128317,-1.375081,-1.102718,1.306467,0.770388
9.174000,0.448226,0.869693,-0.128317,-1.375081,-1.102718,1.306467,0.770388
9.176000,0.448183,0.869693,-0.128317,-1.375081,-1.102718,1.306467,0.770388
9.178000,0.448140,0.869693,-0.128317,-1.375081,-1.102718,1.306467,0.770388
9.180000,0.448097,0.869693,-0.128317,-1.375081,-1.102718,1.306467,0.770388
9.182000,0.448055,0.869693,-0.128317,-1.375081,-1.102718,1.306467,0.770388
9.184000,0.448013,0.869693,-0.128317,-1.375081,-1.102718,1.306467,0.770388
9.186000,0.447971,0.869693,-0.128317,-1.375081,-1.102718,1.306467,0.770388
9.188000,0.447930,0.869693,-0.128317,-1.375081,-1.102718,1.306467,0.770388
9.190000,0.447909,0.869693,-0.128317,-1.375081,-1.102718,1.306467,0.770388
9.192000,0.447889,0.869693,-0.128317,-1.375081,-1.102718,1.306467,0.770388
9.194000,0.447848,0.869693,-0.128317,-1.375081,-1.102718,1.306467,0.770388
9.196000,0.447807,0.869693,-0.128317,-1.375081,-1.102718,1.306467,0.770388
9.198000,0.447787,0.869693,-0.128317,-1.375081,-1.102718,1.306467,0.770388
9.200000,0.447688,0.869693,-0.128317,-1.375081,-1.102718,1.306467,0.770388
9.202000,0.447649,0.869693,-0.128317,-1.375081,-1.102718,1.306467,0.770388
9.204000,0.447629,0.869693,-0.128317,-1.375081,-1.102718,1.306467,0.770388
9.206000,0.447591,0.869693,-0.128317,-1.375081,-1.102718,1.306467,0.770388
9.208000,0.447552,0.869693,-0.128317,-1.375081,-1.102718,1.306467,0.770388
9.210000,0.447514,0.869693,-0.128317,-1.375081,-1.102718,1.306467,0.770388
9.212000,0.447476,0.869693,-0.128317,-1.375081,-1.102718,1.306467,0.770388
9.214000,0.447439,0.869693,-0.128317,-1.375081,-1.102718,1.306467,0.770388
9.216000,0.447402,0.869693,-0.128317,-1.375081,-1.102718,1.306467,0.770388
9.218000,0.447365,0.869693,-0.128317,-1.375081,-1.102718,1.306467,0.770388
9.220000,0.447328,0.869693,-0.128317,-1.375081,-1.102718,1.306467,0.770388
9.222000,0.447292,0.869693,-0.128317,-1.375081,-1.102718,1.306467,0.770388
9.224000,0.447256,0.869693,-0.128317,-1.375081,-1.102718,1.306467,0.770388
9.226000,0.447221,0.869693,-0.128317,-1.375081,-1.102718,1.306467,0.770388
9.228000,0.447186,0.869693,-0.128317,-1.375081,-1.102718,1.306467,0.770388
9.230000,0.447151,0.869693,-0.128317,-1.375081,-1.102718,1.306467,0.770388
9.232000,0.447116,0.869693,-0.128317,-1.375081,-1.102718,1.306467,0.770388
9.234000,0.447082,0.869693,-0.128317,-1.375081,-1.102718,1.306467,0.770388
9.236000,0.447048,0.869693,-0.128317,-1.375081,-1.102718,1.306467,0.770388
9.238000,0.447014,0.869693,-0.128317,-1.375081,-1.102718,1.306467,0.770388
9.240000,0.446981,0.869693,-0.128317,-1.375081,-1.102718,1.306467,0.770388
9.242000,0.446948,0.869693,-0.128317,-1.375081,-1.102718,1.306467,0.770388
9.244000,0.446915,0.869693,-0.128317,-1.375081,-1.102718,1.306467,0.770388
9.246000,0.446883,0.869693,-0.128317,-1.375081,-1.102718,1.306467,0.770388
9.248000,0.446867,0.869693,-0.128317,-1.375081,-1.102718,1.306467,0.770388
9.250000,0.446835,0.869693,-0.128317,-1.375081,-1.102718,1.306467,0.770388
9.252000,0.446803,0.869693,-0.128317,-1.375081,-1.102718,1.306467,0.770388
9.254000,0.446772,0.869693,-0.128317,-1.375081,-1.102718,1.306467,0.770388
9.256000,0.446741,0.869693,-0.128317,-1.375081,-1.102718,1.306467,0.770388
9.258000,0.446710,0.869693,-0.128317,-1.375081,-1.102718,1.306467,0.770388
9.260000,0.446680,0.869693,-0.128317,-1.375081,-1.102718,1.306467,0.770388
9.262000,0.446650,0.869693,-0.128317,-1.375081,-1.102718,1.306467,0.770388
9.264000,0.446620,0.869693,-0.128317,-1.375081,-1.102718,1.306467,0.770388
9.266000,0.446591,0.869693,-0.128317,-1.375081,-1.102718,1.306467,0.770388
9.268000,0.446562,0.869693,-0.128317,-1.375081,-1.102718,1.306467,0.770388
9.270000,0.446533,0.869693,-0.128317,-1.375081,-1.102718,1.306467,0.770388
9.272000,0.446504,0.869693,-0.128317,-1.375081,-1.102718,1.306467,0.770388
9.274000,0.446476,0.869693,-0.128317,-1.375081,-1.102718,1.306467,0.770388
9.276000,0.446448,0.869693,-0.128317,-1.375081,-1.102718,1.306467,0.770388
9.278000,0.446421,0.869693,-0.128317,-1.375081,-1.102718,1.306467,0.770388
9.280000,0.446394,0.869693,-0.128317,-1.375081,-1.102718,1.306467,0.770388
9.282000,0.446367,0.869693,-0.128317,-1.375081,-1.102718,1.306467,0.770388
9.284000,0.446340,0.869693,-0.128317,-1.375081,-1.102718,1.306467,0.770388
9.286000,0.446314,0.869693,-0.128317,-1.375081,-1.102718,1.306467,0.770388
9.288000,0.446288,0.869693,-0.128317,-1.375081,-1.102718,1.306467,0.770388
9.290000,0.446263,0.869693,-0.128317,-1.375081,-1.102718,1.306467,0.770388
9.292000,0.446237,0.869693,-0.128317,-1.375081,-1.102718,1.306467,0.770388
9.294000,0.446212,0.869693,-0.128317,-1.375081,-1.102718,1.306467,0.770388
9.296000,0.446188,0.869693,-0.128317,-1.375081,-1.102718,1.306467,0.770388
9.298000,0.446163,0.869693,-0.128317,-1.375081,-1.102718,1.306467,0.770388
9.300000,0.446139,0.869693,-0.128317,-1.375081,-1.102718,1.306467,0.770388
9.302000,0.446116,0.869693,-0.128317,-1.375081,-1.102718,1.306467,0.770388
9.304000,0.446092,0.869693,-0.128317,-1.375081,-1.102718,1.306467,0.770388
9.306000,0.446069,0.869693,-0.128317,-1.375081,-1.102718,1.306467,0.770388
9.308000,0.446046,0.869693,-0.128317,-1.375081,-1.102718,1.306467,0.770388
9.310000,0.446024,0.869693,-0.128317,-1.375081,-1.102718,1.306467,0.770388
9.312000,0.446002,0.869693,-0.128317,-1.375081,-1.102718,1.306467,0.770388
9.314000,0.445980,0.869693,-0.128317,-1.375081,-1.102718,1.306467,0.770388
9.316000,0.445959,0.869693,-0.128317,-1.375081,-1.102718,1.306467,0.770388
9.318000,0.445937,0.869693,-0.128317,-1.375081,-1.102718,1.306467,0.770388
9.320000,0.445917,0.869693,-0.128317,-1.375081,-1.102718,1.306467,0.770388
9.322000,0.445896,0.869693,-0.128317,-1.375081,-1.102718,1.306467,0.770388
9.324000,0.445876,0.869693,-0.128317,-1.375081,-1.102718,1.306467,0.770388
9.326000,0.445856,0.869693,-0.128317,-1.375081,-1.102718,1.306467,0.770388
9.328000,0.445836,0.869693,-0.128317,-1.375081,-1.102718,1.306467,0.770388
9.330000,0.445817,0.869693,-0.128317,-1.375081,-1.102718,1.306467,0.770388
9.332000,0.445798,0.869693,-0.128317,-1.375081,-1.102718,1.306467,0.770388
9.334000,0.445779,0.869693,-0.128317,-1.375081,-1.102718,1.306467,0.770388
9.336000,0.445761,0.869693,-0.128317,-1.375081,-1.102718,1.306467,0.770388
9.338000,0.445743,0.869693,-0.128317,-1.375081,-1.102718,1.306467,0.770388
9.340000,0.445725,0.869693,-0.128317,-1.375081,-1.102718,1.306467,0.770388
9.342000,0.445708,0.869693,-0.128317,-1.375081,-1.102718,1.306467,0.770388
9.344000,0.445691,0.869693,-0.128317,-1.375081,-1.102718,1.306467,0.770388
9.346000,0.445674,0.869693,-0.128317,-1.375081,-1.102718,1.306467,0.770388
9.348000,0.445666,0.869693,-0.128317,-1.375081,-1.102718,1.306467,0.770388
9.350000,0.445649,0.869693,-0.128317,-1.375081,-1.102718,1.306467,0.770388
9.352000,0.445633,0.869693,-0.128317,-1.375081,-1.102718,1.306467,0.770388
9.354000,0.445618,0.869693,-0.128317,-1.375081,-1.102718,1.306467,0.770388
9.356000,0.445602,0.869693,-0.128317,-1.375081,-1.102718,1.306467,0.770388
9.358000,0.445587,0.869693,-0.128317,-1.375081,-1.102718,1.306467,0.770388
9.360000,0.445573,0.869693,-0.128317,-1.375081,-1.102718,1.306467,0.770388
9.362000,0.445558,0.869693,-0.128317,-1.375081,-1.102718,1.306467,0.770388
9.364000,0.445544,0.869693,-0.128317,-1.375081,-1.102718,1.306467,0.770388
9.366000,0.445530,0.869693,-0.128317,-1.375081,-1.102718,1.306467,0.770388
9.368000,0.445517,0.869693,-0.128317,-1.375081,-1.102718,1.306467,0.770388
9.370000,0.445504,0.869693,-0.128317,-1.375081,-1.102718,1.306467,0.770388
9.372000,0.445491,0.869693,-0.128317,-1.375081,-1.102718,1.306467,0.770388
9.374000,0.445478,0.869693,-0.128317,-1.375081,-1.102718,1.306467,0.770388
9.376000,0.445466,0.869693,-0.128317,-1.375081,-1.102718,1.306467,0.770388
9.378000,0.445454,0.869693,-0.128317,-1.375081,-1.102718,1.306467,0.770388
9.380000,0.445442,0.869693,-0.128317,-1.375081,-1.102718,1.306467,0.770388
9.382000,0.445431,0.869693,-0.128317,-1.375081,-1.102718,1.306467,0.770388
9.384000,0.445420,0.869693,-0.128317,-1.375081,-1.102718,1.306467,0.770388
9.386000,0.445409,0.869693,-0.128317,-1.375081,-1.102718,1.306467,0.770388
9.388000,0.445399,0.869693,-0.128317,-1.375081,-1.102718,1.306467,0.770388
9.390000,0.445389,0.869693,-0.128317,-1.375081,-1.102718,1.306467,0.770388
9.392000,0.445379,0.869693,-0.128317,-1.375081,-1.102718,1.306467,0.770388
9.394000,0.445374,0.869693,-0.128317,-1.375081,-1.102718,1.306467,0.770388
9.396000,0.445365,0.869693,-0.128317,-1.375081,-1.102718,1.306467,0.770388
9.398000,0.445356,0.869693,-0.128317,-1.375081,-1.102718,1.306467,0.770388
9.400000,0.445347,0.869693,-0.128317,-1.375081,-1.102718,1.306467,0.770388
9.402000,0.445338,0.869693,-0.128317,-1.375081,-1.102718,1.306467,0.770388
9.404000,0.445330,0.869693,-0.128317,-1.375081,-1.102718,1.306467,0.770388
9.406000,0.445323,0.869693,-0.128317,-1.375081,-1.102718,1.306467,0.770388
9.408000,0.445315,0.869693,-0.128317,-1.375081,-1.102718,1.306467,0.770388
9.410000,0.445308,0.869693,-0.128317,-1.375081,-1.102718,1.306467,0.770388
9.412000,0.445301,0.869693,-0.128317,-1.375081,-1.102718,1.306467,0.770388
9.414000,0.445294,0.869693,-0.128317,-1.375081,-1.102718,1.306467,0.770388
9.416000,0.445288,0.869693,-0.128317,-1.375081,-1.102718,1.306467,0.770388
9.418000,0.445282,0.869693,-0.128317,-1.375081,-1.102718,1.306467,0.770388
9.420000,0.445276,0.869693,-0.128317,-1.375081,-1.102718,1.306467,0.770388
9.422000,0.445271,0.869693,-0.128317,-1.375081,-1.102718,1.306467,0.770388
9.424000,0.445266,0.869693,-0.128317,-1.375081,-1.102718,1.306467,0.770388
9.426000,0.445261,0.869693,-0.128317,-1.375081,-1.102718,1.306467,0.770388
9.428000,0.445257,0.869693,-0.128317,-1.375081,-1.102718,1.306467,0.770388
9.430000,0.445252,0.869693,-0.128317,-1.375081,-1.102718,1.306467,0.770388
9.432000,0.445249,0.869693,-0.128317,-1.375081,-1.102718,1.306467,0.770388
9.434000,0.445245,0.869693,-0.128317,-1.375081,-1.102718,1.306467,0.770388
9.436000,0.445242,0.869693,-0.128317,-1.375081,-1.102718,1.306467,0.770388
9.438000,0.445239,0.869693,-0.128317,-1.375081,-1.102718,1.306467,0.770388
9.440000,0.445236,0.869693,-0.128317,-1.375081,-1.102718,1.306467,0.770388
9.442000,0.445234,0.869693,-0.128317,-1.375081,-1.102718,1.306467,0.770388
9.444000,0.445232,0.869693,-0.128317,-1.375081,-1.102718,1.306467,0.770388
9.446000,0.445230,0.869693,-0.128317,-1.375081,-1.102718,1.306467,0.770388
9.448000,0.445228,0.869693,-0.128317,-1.375081,-1.102718,1.306467,0.770388
9.450000,0.445227,0.869693,-0.128317,-1.375081,-1.102718,1.306467,0.770388
9.452000,0.445226,0.869693,-0.128317,-1.375081,-1.102718,1.306467,0.770388
9.454000,0.445226,0.869693,-0.128317,-1.375081,-1.102718,1.306467,0.770388
9.456000,0.445225,0.869693,-0.128317,-1.375081,-1.102718,1.306467,0.770388
9.458000,0.445225,0.869693,-0.128317,-1.375081,-1.102718,1.306467,0.770388
9.460000,0.445225,0.869693,-0.128317,-1.375081,-1.102718,1.306467,0.770388
9.462000,0.445225,0.869693,-0.128317,-1.375081,-1.102718,1.306467,0.770388
9.464000,0.445225,0.869693,-0.128317,-1.375081,-1.102718,1.306467,0.770388
9.466000,0.445225,0.869693,-0.128317,-1.375081,-1.102718,1.306467,0.770388
9.468000,0.445225,0.869693,-0.128317,-1.375081,-1.102718,1.306467,0.770388
9.470000,0.445225,0.869693,-0.128317,-1.375081,-1.102718,1.306467,0.770388
9.472000,0.445225,0.869693,-0.128317,-1.375081,-1.102718,1.306467,0.770388
9.474000,0.445225,0.869693,-0.128317,-1.375081,-1.102718,1.306467,0.770388
9.476000,0.445225,0.869693,-0.128317,-1.375081,-1.102718,1.306467,0.770388
9.478000,0.445225,0.869693,-0.128317,-1.375081,-1.102718,1.306467,0.770388
9.480000,0.445225,0.869693,-0.128317,-1.375081,-1.102718,1.306467,0.770388
9.482000,0.445225,0.869693,-0.128317,-1.375081,-1.102718,1.306467,0.770388
9.484000,0.445225,0.869693,-0.128317,-1.375081,-1.102718,1.306467,0.770388
9.486000,0.445225,0.869693,-0.128317,-1.375081,-1.102718,1.306467,0.770388
9.488000,0.445225,0.869693,-0.128317,-1.375081,-1.102718,1.306467,0.770388
9.490000,0.445225,0.869693,-0.128317,-1.375081,-1.102718,1.306467,0.770388
9.492000,0.445225,0.869693,-0.128317,-1.375081,-1.102718,1.306467,0.770388
9.494000,0.445225,0.869693,-0.128317,-1.375081,-1.102718,1.306467,0.770388
9.496000,0.445225,0.869693,-0.128317,-1.375081,-1.102718,1.306467,0.770388
9.498000,0.445225,0.869693,-0.128317,-1.375081,-1.102718,1.306467,0.770388
9.500000,0.445225,0.869693,-0.128317,-1.375081,-1.102718,1.306467,0.770388
9.502000,0.445225,0.869693,-0.128317,-1.375081,-1.102718,1.306467,0.770388
9.504000,0.445225,0.869693,-0.128317,-1.375081,-1.102718,1.306467,0.770388
9.506000,0.445225,0.869693,-0.128317,-1.375081,-1.102718,1.306467,0.770388
9.508000,0.445225,0.869693,-0.128317,-1.375081,-1.102718,1.306467,0.770388
9.510000,0.445225,0.869693,-0.128317,-1.375081,-1.102718,1.306467,0.770388
9.512000,0.445225,0.869693,-0.128317,-1.375081,-1.102718,1.306467,0.770388
9.514000,0.445225,0.869693,-0.128317,-1.375081,-1.102718,1.306467,0.770388
9.516000,0.445225,0.869693,-0.128317,-1.375081,-1.102718,1.306467,0.770388
9.518000,0.445225,0.869693,-0.128317,-1.375081,-1.102718,1.306467,0.770388
9.520000,0.445225,0.869693,-0.128317,-1.375081,-1.102718,1.306467,0.770388
9.522000,0.445225,0.869693,-0.128317,-1.375081,-1.102718,1.306467,0.770388
9.524000,0.445225,0.869693,-0.128317,-1.375081,-1.102718,1.306467,0.770388
9.526000,0.445225,0.869693,-0.128317,-1.375081,-1.102718,1.306467,0.770388
9.528000,0.445225,0.869693,-0.128317,-1.375081,-1.102718,1.306467,0.770388
9.530000,0.445225,0.869693,-0.128317,-1.375081,-1.102718,1.306467,0.770388
9.532000,0.445225,0.869693,-0.128317,-1.375081,-1.102718,1.306467,0.770388
9.534000,0.445225,0.869693,-0.128317,-1.375081,-1.102718,1.306467,0.770388
9.536000,0.445225,0.869693,-0.128317,-1.375081,-1.102718,1.306467,0.770388
9.538000,0.445225,0.869693,-0.128317,-1.375081,-1.102718,1.306467,0.770388
9.540000,0.445225,0.869693,-0.128317,-1.375081,-1.102718,1.306467,0.770388
9.542000,0.445225,0.869693,-0.128317,-1.375081,-1.102718,1.306467,0.770388
9.544000,0.445225,0.869693,-0.128317,-1.375081,-1.102718,1.306467,0.770388
9.546000,0.445225,0.869693,-0.128317,-1.375081,-1.102718,1.306467,0.770388
9.548000,0.445225,0.869693,-0.128317,-1.375081,-1.102718,1.306467,0.770388
9.550000,0.445225,0.869693,-0.128317,-1.375081,-1.102718,1.306467,0.770388
9.552000,0.445225,0.869693,-0.128317,-1.375081,-1.102718,1.306467,0.770388
9.554000,0.445225,0.869693,-0.128317,-1.375081,-1.102718,1.306467,0.770388
9.556000,0.445225,0.869693,-0.128317,-1.375081,-1.102718,1.306467,0.770388
9.558000,0.445225,0.869693,-0.128317,-1.375081,-1.102718,1.306467,0.770388
9.560000,0.445225,0.869693,-0.128317,-1.375081,-1.102718,1.306467,0.770388
9.562000,0.445225,0.869693,-0.128317,-1.375081,-1.102718,1.306467,0.770388
9.564000,0.445225,0.869693,-0.128317,-1.375081,-1.102718,1.306467,0.770388
9.566000,0.445225,0.869693,-0.128317,-1.375081,-1.102718,1.306467,0.770388
9.568000,0.445225,0.869693,-0.128317,-1.375081,-1.102718,1.306467,0.770388
9.570000,0.445225,0.869693,-0.128317,-1.375081,-1.102718,1.306467,0.770388
9.572000,0.445225,0.869693,-0.128317,-1.375081,-1.102718,1.306467,0.770388
9.574000,0.445225,0.869693,-0.128317,-1.375081,-1.102718,1.306467,0.770388
9.576000,0.445225,0.869693,-0.128317,-1.375081,-1.102718,1.306467,0.770388
9.578000,0.445225,0.869693,-0.128317,-1.375081,-1.102718,1.306467,0.770388
9.580000,0.445225,0.869693,-0.128317,-1.375081,-1.102718,1.306467,0.770388
9.582000,0.445225,0.869693,-0.128317,-1.375081,-1.102718,1.306467,0.770388
9.584000,0.445225,0.869693,-0.128317,-1.375081,-1.102718,1.306467,0.770388
9.586000,0.445225,0.869693,-0.128317,-1.375081,-1.102718,1.306467,0.770388
9.588000,0.445225,0.869693,-0.128317,-1.375081,-1.102718,1.306467,0.770388
9.590000,0.445225,0.869693,-0.128317,-1.375081,-1.102718,1.306467,0.770388
9.592000,0.445225,0.869693,-0.128317,-1.375081,-1.102718,1.306467,0.770388
9.594000,0.445225,0.869693,-0.128317,-1.375081,-1.102718,1.306467,0.770388
9.596000,0.445225,0.869693,-0.128317,-1.375081,-1.102718,1.306467,0.770388
9.598000,0.445225,0.869693,-0.128317,-1.375081,-1.102718,1.306467,0.770388
9.600000,0.445225,0.869693,-0.128317,-1.375081,-1.102718,1.306467,0.770388
9.602000,0.445225,0.869693,-0.128317,-1.375081,-1.102718,1.306467,0.770388
9.604000,0.445225,0.869693,-0.128317,-1.375081,-1.102718,1.306467,0.770388
9.606000,0.445225,0.869693,-0.128317,-1.375081,-1.102718,1.306467,0.770388
9.608000,0.445225,0.869693,-0.128317,-1.375081,-1.102718,1.306467,0.770388
9.610000,0.445225,0.869693,-0.128317,-1.375081,-1.102718,1.306467,0.770388
9.612000,0.445225,0.869693,-0.128317,-1.375081,-1.102718,1.306467,0.770388
9.614000,0.445225,0.869693,-0.128317,-1.375081,-1.102718,1.306467,0.770388
9.616000,0.445225,0.869693,-0.128317,-1.375081,-1.102718,1.306467,0.770388
9.618000,0.445225,0.869693,-0.128317,-1.375081,-1.102718,1.306467,0.770388
9.620000,0.445225,0.869693,-0.128317,-1.375081,-1.102718,1.306467,0.770388
9.622000,0.445225,0.869693,-0.128317,-1.375081,-1.102718,1.306467,0.770388
9.624000,0.445225,0.869693,-0.128317,-1.375081,-1.102718,1.306467,0.770388
9.626000,0.445225,0.869693,-0.128317,-1.375081,-1.102718,1.306467,0.770388
9.628000,0.445225,0.869693,-0.128317,-1.375081,-1.102718,1.306467,0.770388
9.630000,0.445225,0.869693,-0.128317,-1.375081,-1.102718,1.306467,0.770388
9.632000,0.445225,0.869693,-0.128317,-1.375081,-1.102718,1.306467,0.770388
9.634000,0.445225,0.869693,-0.128317,-1.375081,-1.102718,1.306467,0.770388
9.636000,0.445225,0.869693,-0.128317,-1.375081,-1.102718,1.306467,0.770388
9.638000,0.445225,0.869693,-0.128317,-1.375081,-1.102718,1.306467,0.770388
9.640000,0.445225,0.869693,-0.128317,-1.375081,-1.102718,1.306467,0.770388
9.642000,0.445225,0.869693,-0.128317,-1.375081,-1.102718,1.306467,0.770388
9.644000,0.445225,0.869693,-0.128317,-1.375081,-1.102718,1.306467,0.770388
9.646000,0.445225,0.869693,-0.128317,-1.375081,-1.102718,1.306467,0.770388
9.648000,0.445225,0.869693,-0.128317,-1.375081,-1.102718,1.306467,0.770388
9.650000,0.445225,0.869693,-0.128317,-1.375081,-1.102718,1.306467,0.770388
9.652000,0.445225,0.869693,-0.128317,-1.375081,-1.102718,1.306467,0.770388
9.654000,0.445225,0.869693,-0.128317,-1.375081,-1.102718,1.306467,0.770388
9.656000,0.445225,0.869693,-0.128317,-1.375081,-1.102718,1.306467,0.770388
9.658000,0.445225,0.869693,-0.128317,-1.375081,-1.102718,1.306467,0.770388
9.660000,0.445225,0.869693,-0.128317,-1.375081,-1.102718,1.306467,0.770388
9.662000,0.445225,0.869693,-0.128317,-1.375081,-1.102718,1.306467,0.770388
9.664000,0.445225,0.869693,-0.128317,-1.375081,-1.102718,1.306467,0.770388
9.666000,0.445225,0.869693,-0.128317,-1.375081,-1.102718,1.306467,0.770388
9.668000,0.445225,0.869693,-0.128317,-1.375081,-1.102718,1.306467,0.770388
9.670000,0.445225,0.869693,-0.128317,-1.375081,-1.102718,1.306467,0.770388
9.672000,0.445225,0.869693,-0.128317,-1.375081,-1.102718,1.306467,0.770388
9.674000,0.445225,0.869693,-0.128317,-1.375081,-1.102718,1.306467,0.770388
9.676000,0.445225,0.869693,-0.128317,-1.375081,-1.102718,1.306467,0.770388
9.678000,0.445225,0.869693,-0.128317,-1.375081,-1.102718,1.306467,0.770388
9.680000,0.445225,0.869693,-0.128317,-1.375081,-1.102718,1.306467,0.770388
9.682000,0.445225,0.869693,-0.128317,-1.375081,-1.102718,1.306467,0.770388
9.684000,0.445225,0.869693,-0.128317,-1.375081,-1.102718,1.306467,0.770388
9.686000,0.445225,0.869693,-0.128317,-1.375081,-1.102718,1.306467,0.770388
9.688000,0.445225,0.869693,-0.128317,-1.375081,-1.102718,1.306467,0.770388
9.690000,0.445225,0.869693,-0.128317,-1.375081,-1.102718,1.306467,0.770388
9.692000,0.445225,0.869693,-0.128317,-1.375081,-1.102718,1.306467,0.770388
9.694000,0.445225,0.869693,-0.128317,-1.375081,-1.102718,1.306467,0.770388
9.696000,0.445225,0.869693,-0.128317,-1.375081,-1.102718,1.306467,0.770388
9.698000,0.445225,0.869693,-0.128317,-1.375081,-1.102718,1.306467,0.770388
9.700000,0.445225,0.869693,-0.128317,-1.375081,-1.102718,1.306467,0.770388
9.702000,0.445225,0.869693,-0.128317,-1.375081,-1.102718,1.306467,0.770388
9.704000,0.445225,0.869693,-0.128317,-1.375081,-1.102718,1.306467,0.770388
9.706000,0.445225,0.869693,-0.128317,-1.375081,-1.102718,1.306467,0.770388
9.708000,0.445225,0.869693,-0.128317,-1.375081,-1.102718,1.306467,0.770388
9.710000,0.445225,0.869693,-0.128317,-1.375081,-1.102718,1.306467,0.770388
9.712000,0.445225,0.869693,-0.128317,-1.375081,-1.102718,1.306467,0.770388
9.714000,0.445225,0.869693,-0.128317,-1.375081,-1.102718,1.306467,0.770388
9.716000,0.445225,0.869693,-0.128317,-1.375081,-1.102718,1.306467,0.770388
9.718000,0.445225,0.869693,-0.128317,-1.375081,-1.102718,1.306467,0.770388
9.720000,0.445225,0.869693,-0.128317,-1.375081,-1.102718,1.306467,0.770388
9.722000,0.445225,0.869693,-0.128317,-1.375081,-1.102718,1.306467,0.770388
9.724000,0.445225,0.869693,-0.128317,-1.375081,-1.102718,1.306467,0.770388
9.726000,0.445225,0.869693,-0.128317,-1.375081,-1.102718,1.306467,0.770388
9.728000,0.445225,0.869693,-0.128317,-1.375081,-1.102718,1.306467,0.770388
9.730000,0.445225,0.869693,-0.128317,-1.375081,-1.102718,1.306467,0.770388
9.732000,0.445225,0.869693,-0.128317,-1.375081,-1.102718,1.306467,0.770388
9.734000,0.445225,0.869693,-0.128317,-1.375081,-1.102718,1.306467,0.770388
9.736000,0.445225,0.869693,-0.128317,-1.375081,-1.102718,1.306467,0.770388
9.738000,0.445225,0.869693,-0.128317,-1.375081,-1.102718,1.306467,0.770388
9.740000,0.445225,0.869693,-0.128317,-1.375081,-1.102718,1.306467,0.770388
9.742000,0.445225,0.869693,-0.128317,-1.375081,-1.102718,1.306467,0.770388
9.744000,0.445225,0.869693,-0.128317,-1.375081,-1.102718,1.306467,0.770388
9.746000,0.445225,0.869693,-0.128317,-1.375081,-1.102718,1.306467,0.770388
9.748000,0.445225,0.869693,-0.128317,-1.375081,-1.102718,1.306467,0.770388
9.750000,0.445225,0.869693,-0.128317,-1.375081,-1.102718,1.306467,0.770388
9.752000,0.445225,0.869693,-0.128317,-1.375081,-1.102718,1.306467,0.770388
9.754000,0.445225,0.869693,-0.128317,-1.375081,-1.102718,1.306467,0.770388
9.756000,0.445225,0.869693,-0.128317,-1.375081,-1.102718,1.306467,0.770388
9.758000,0.445225,0.869693,-0.128317,-1.375081,-1.102718,1.306467,0.770388
9.760000,0.445225,0.869693,-0.128317,-1.375081,-1.102718,1.306467,0.770388
9.762000,0.445225,0.869693,-0.128317,-1.375081,-1.102718,1.306467,0.770388
9.764000,0.445225,0.869693,-0.128317,-1.375081,-1.102718,1.306467,0.770388
9.766000,0.445225,0.869693,-0.128317,-1.375081,-1.102718,1.306467,0.770388
9.768000,0.445225,0.869693,-0.128317,-1.375081,-1.102718,1.306467,0.770388
9.770000,0.445225,0.869693,-0.128317,-1.375081,-1.102718,1.306467,0.770388
9.772000,0.445225,0.869693,-0.128317,-1.375081,-1.102718,1.306467,0.770388
9.774000,0.445225,0.869693,-0.128317,-1.375081,-1.102718,1.306467,0.770388
9.776000,0.445225,0.869693,-0.128317,-1.375081,-1.102718,1.306467,0.770388
9.778000,0.445225,0.869693,-0.128317,-1.375081,-1.102718,1.306467,0.770388
9.780000,0.445225,0.869693,-0.128317,-1.375081,-1.102718,1.306467,0.770388
9.782000,0.445225,0.869693,-0.128317,-1.375081,-1.102718,1.306467,0.770388
9.784000,0.445225,0.869693,-0.128317,-1.375081,-1.102718,1.306467,0.770388
9.786000,0.445225,0.869693,-0.128317,-1.375081,-1.102718,1.306467,0.770388
9.788000,0.445225,0.869693,-0.128317,-1.375081,-1.102718,1.306467,0.770388
9.790000,0.445225,0.869693,-0.128317,-1.375081,-1.102718,1.306467,0.770388
9.792000,0.445225,0.869693,-0.128317,-1.375081,-1.102718,1.306467,0.770388
9.794000,0.445225,0.869693,-0.128317,-1.375081,-1.102718,1.306467,0.770388
9.796000,0.445225,0.869693,-0.128317,-1.375081,-1.102718,1.306467,0.770388
9.798000,0.445225,0.869693,-0.128317,-1.375081,-1.102718,1.306467,0.770388
9.800000,0.445225,0.869693,-0.128317,-1.375081,-1.102718,1.306467,0.770388
9.802000,0.445225,0.869693,-0.128317,-1.375081,-1.102718,1.306467,0.770388
9.804000,0.445225,0.869693,-0.128317,-1.375081,-1.102718,1.306467,0.770388
9.806000,0.445225,0.869693,-0.128317,-1.375081,-1.102718,1.306467,0.770388
9.808000,0.445225,0.869693,-0.128317,-1.375081,-1.102718,1.306467,0.770388
9.810000,0.445225,0.869693,-0.128317,-1.375081,-1.102718,1.306467,0.770388
9.812000,0.445225,0.869693,-0.128317,-1.375081,-1.102718,1.306467,0.770388
9.814000,0.445225,0.869693,-0.128317,-1.375081,-1.102718,1.306467,0.770388
9.816000,0.445225,0.869693,-0.128317,-1.375081,-1.102718,1.306467,0.770388
9.818000,0.445225,0.869693,-0.128317,-1.375081,-1.102718,1.306467,0.770388
9.820000,0.445225,0.869693,-0.128317,-1.375081,-1.102718,1.306467,0.770388
9.822000,0.445225,0.869693,-0.128317,-1.375081,-1.102718,1.306467,0.770388
9.824000,0.445225,0.869693,-0.128317,-1.375081,-1.102718,1.306467,0.770388
9.826000,0.445225,0.869693,-0.128317,-1.375081,-1.102718,1.306467,0.770388
9.828000,0.445225,0.869693,-0.128317,-1.375081,-1.102718,1.306467,0.770388
9.830000,0.445225,0.869693,-0.128317,-1.375081,-1.102718,1.306467,0.770388
9.832000,0.445225,0.869693,-0.128317,-1.375081,-1.102718,1.306467,0.770388
9.834000,0.445225,0.869693,-0.128317,-1.375081,-1.102718,1.306467,0.770388
9.836000,0.445225,0.869693,-0.128317,-1.375081,-1.102718,1.306467,0.770388
9.838000,0.445225,0.869693,-0.128317,-1.375081,-1.102718,1.306467,0.770388
9.840000,0.445225,0.869693,-0.128317,-1.375081,-1.102718,1.306467,0.770388
9.842000,0.445225,0.869693,-0.128317,-1.375081,-1.102718,1.306467,0.770388
9.844000,0.445225,0.869693,-0.128317,-1.375081,-1.102718,1.306467,0.770388
9.846000,0.445225,0.869693,-0.128317,-1.375081,-1.102718,1.306467,0.770388
9.848000,0.445225,0.869693,-0.128317,-1.375081,-1.102718,1.306467,0.770388
9.850000,0.445225,0.869693,-0.128317,-1.375081,-1.102718,1.306467,0.770388
9.852000,0.445225,0.869693,-0.128317,-1.375081,-1.102718,1.306467,0.770388
9.854000,0.445225,0.869693,-0.128317,-1.375081,-1.102718,1.306467,0.770388
9.856000,0.445225,0.869693,-0.128317,-1.375081,-1.102718,1.306467,0.770388
9.858000,0.445225,0.869693,-0.128317,-1.375081,-1.102718,1.306467,0.770388
9.860000,0.445225,0.869693,-0.128317,-1.375081,-1.102718,1.306467,0.770388
9.862000,0.445225,0.869693,-0.128317,-1.375081,-1.102718,1.306467,0.770388
9.864000,0.445225,0.869693,-0.128317,-1.375081,-1.102718,1.306467,0.770388
9.866000,0.445225,0.869693,-0.128317,-1.375081,-1.102718,1.306467,0.770388
9.868000,0.445225,0.869693,-0.128317,-1.375081,-1.102718,1.306467,0.770388
9.870000,0.445225,0.869693,-0.128317,-1.375081,-1.102718,1.306467,0.770388
9.872000,0.445225,0.869693,-0.128317,-1.375081,-1.102718,1.306467,0.770388
9.874000,0.445225,0.869693,-0.128317,-1.375081,-1.102718,1.306467,0.770388
9.876000,0.445225,0.869693,-0.128317,-1.375081,-1.102718,1.306467,0.770388
9.878000,0.445225,0.869693,-0.128317,-1.375081,-1.102718,1.306467,0.770388
9.880000,0.445225,0.869693,-0.128317,-1.375081,-1.102718,1.306467,0.770388
9.882000,0.445225,0.869693,-0.128317,-1.375081,-1.102718,1.306467,0.770388
9.884000,0.445225,0.869693,-0.128317,-1.375081,-1.102718,1.306467,0.770388
9.886000,0.445225,0.869693,-0.128317,-1.375081,-1.102718,1.306467,0.770388
9.888000,0.445225,0.869693,-0.128317,-1.375081,-1.102718,1.306467,0.770388
9.890000,0.445225,0.869693,-0.128317,-1.375081,-1.102718,1.306467,0.770388
9.892000,0.445225,0.869693,-0.128317,-1.375081,-1.102718,1.306467,0.770388
9.894000,0.445225,0.869693,-0.128317,-1.375081,-1.102718,1.306467,0.770388
9.896000,0.445225,0.869693,-0.128317,-1.375081,-1.102718,1.306467,0.770388
9.898000,0.445225,0.869693,-0.128317,-1.375081,-1.102718,1.306467,0.770388
9.900000,0.445225,0.869693,-0.128317,-1.375081,-1.102718,1.306467,0.770388
9.902000,0.445225,0.869693,-0.128317,-1.375081,-1.102718,1.306467,0.770388
9.904000,0.445225,0.869693,-0.128317,-1.375081,-1.102718,1.306467,0.770388
9.906000,0.445225,0.869693,-0.128317,-1.375081,-1.102718,1.306467,0.770388
9.908000,0.445225,0.869693,-0.128317,-1.375081,-1.102718,1.306467,0.770388
9.910000,0.445225,0.869693,-0.128317,-1.375081,-1.102718,1.306467,0.770388
9.912000,0.445225,0.869693,-0.128317,-1.375081,-1.102718,1.306467,0.770388
9.914000,0.445225,0.869693,-0.128317,-1.375081,-1.102718,1.306467,0.770388
9.916000,0.445225,0.869693,-0.128317,-1.375081,-1.102718,1.306467,0.770388
9.918000,0.445225,0.869693,-0.128317,-1.375081,-1.102718,1.306467,0.770388
9.920000,0.445225,0.869693,-0.128317,-1.375081,-1.102718,1.306467,0.770388
9.922000,0.445225,0.869693,-0.128317,-1.375081,-1.102718,1.306467,0.770388
9.924000,0.445225,0.869693,-0.128317,-1.375081,-1.102718,1.306467,0.770388
9.926000,0.445225,0.869693,-0.128317,-1.375081,-1.102718,1.306467,0.770388
9.928000,0.445225,0.869693,-0.128317,-1.375081,-1.102718,1.306467,0.770388
9.930000,0.445225,0.869693,-0.128317,-1.375081,-1.102718,1.306467,0.770388
9.932000,0.445225,0.869693,-0.128317,-1.375081,-1.102718,1.306467,0.770388
9.934000,0.445225,0.869693,-0.128317,-1.375081,-1.102718,1.306467,0.770388
9.936000,0.445225,0.869693,-0.128317,-1.375081,-1.102718,1.306467,0.770388
9.938000,0.445225,0.869693,-0.128317,-1.375081,-1.102718,1.306467,0.770388
9.940000,0.445225,0.869693,-0.128317,-1.375081,-1.102718,1.306467,0.770388
9.942000,0.445225,0.869693,-0.128317,-1.375081,-1.102718,1.306467,0.770388
9.944000,0.445225,0.869693,-0.128317,-1.375081,-1.102718,1.306467,0.770388
9.946000,0.445225,0.869693,-0.128317,-1.375081,-1.102718,1.306467,0.770388
9.948000,0.445225,0.869693,-0.128317,-1.375081,-1.102718,1.306467,0.770388
9.950000,0.445225,0.869693,-0.128317,-1.375081,-1.102718,1.306467,0.770388
9.952000,0.445225,0.869693,-0.128317,-1.375081,-1.102718,1.306467,0.770388
9.954000,0.445225,0.869693,-0.128317,-1.375081,-1.102718,1.306467,0.770388
9.956000,0.445225,0.869693,-0.128317,-1.375081,-1.102718,1.306467,0.770388
9.958000,0.445225,0.869693,-0.128317,-1.375081,-1.102718,1.306467,0.770388
9.960000,0.445225,0.869693,-0.128317,-1.375081,-1.102718,1.306467,0.770388
9.962000,0.445225,0.869693,-0.128317,-1.375081,-1.102718,1.306467,0.770388
9.964000,0.445225,0.869693,-0.128317,-1.375081,-1.102718,1.306467,0.770388
9.966000,0.445225,0.869693,-0.128317,-1.375081,-1.102718,1.306467,0.770388
9.968000,0.445225,0.869693,-0.128317,-1.375081,-1.102718,1.306467,0.770388
9.970000,0.445225,0.869693,-0.128317,-1.375081,-1.102718,1.306467,0.770388
9.972000,0.445225,0.869693,-0.128317,-1.375081,-1.102718,1.306467,0.770388
9.974000,0.445225,0.869693,-0.128317,-1.375081,-1.102718,1.306467,0.770388
9.976000,0.445225,0.869693,-0.128317,-1.375081,-1.102718,1.306467,0.770388
9.978000,0.445225,0.869693,-0.128317,-1.375081,-1.102718,1.306467,0.770388
9.980000,0.445225,0.869693,-0.128317,-1.375081,-1.102718,1.306467,0.770388
9.982000,0.445225,0.869693,-0.128317,-1.375081,-1.102718,1.306467,0.770388
9.984000,0.445225,0.869693,-0.128317,-1.375081,-1.102718,1.306467,0.770388
9.986000,0.445225,0.869693,-0.128317,-1.375081,-1.102718,1.306467,0.770388
9.988000,0.445225,0.869693,-0.128317,-1.375081,-1.102718,1.306467,0.770388
9.990000,0.445225,0.869693,-0.128317,-1.375081,-1.102718,1.306467,0.770388
9.992000,0.445225,0.869693,-0.128317,-1.375081,-1.102718,1.306467,0.770388
9.994000,0.445225,0.869693,-0.128317,-1.375081,-1.102718,1.306467,0.770388
9.996000,0.445225,0.869693,-0.128317,-1.375081,-1.102718,1.306467,0.770388
9.998000,0.445225,0.869693,-0.128317,-1.375081,-1.102718,1.306467,0.770388
10.000000,0.445225,0.869693,-0.128317,-1.375081,-1.102718,1.306467,0.770388
10.002000,0.445225,0.869693,-0.128317,-1.375081,-1.102718,1.306467,0.770388
10.004000,0.445225,0.869693,-0.128317,-1.375081,-1.102718,1.306467,0.770388
10.006000,0.445225,0.869693,-0.128317,-1.375081,-1.102718,1.306467,0.770388
10.008000,0.445225,0.869693,-0.128317,-1.375081,-1.102718,1.306467,0.770388
10.010000,0.445225,0.869693,-0.128317,-1.375081,-1.102718,1.306467,0.770388
10.012000,0.445225,0.869693,-0.128317,-1.375081,-1.102718,1.306467,0.770388
10.014000,0.445225,0.869693,-0.128317,-1.375081,-1.102718,1.306467,0.770388
10.016000,0.445225,0.869693,-0.128317,-1.375081,-1.102718,1.306467,0.770388
10.018000,0.445225,0.869693,-0.128317,-1.375081,-1.102718,1.306467,0.770388
10.020000,0.445225,0.869693,-0.128317,-1.375081,-1.102718,1.306467,0.770388
10.022000,0.445225,0.869693,-0.128317,-1.375081,-1.102718,1.306467,0.770388
10.024000,0.445225,0.869693,-0.128317,-1.375081,-1.102718,1.306467,0.770388
10.026000,0.445225,0.869693,-0.128317,-1.375081,-1.102718,1.306467,0.770388
10.028000,0.445225,0.869693,-0.128317,-1.375081,-1.102718,1.306467,0.770388
10.030000,0.445225,0.869693,-0.128317,-1.375081,-1.102718,1.306467,0.770388
10.032000,0.445225,0.869693,-0.128317,-1.375081,-1.102718,1.306467,0.770388
10.034000,0.445225,0.869693,-0.128317,-1.375081,-1.102718,1.306467,0.770388
10.036000,0.445225,0.869693,-0.128317,-1.375081,-1.102718,1.306467,0.770388
10.038000,0.445225,0.869693,-0.128317,-1.375081,-1.102718,1.306467,0.770388
10.040000,0.445225,0.869693,-0.128317,-1.375081,-1.102718,1.306467,0.770388
10.042000,0.445225,0.869693,-0.128317,-1.375081,-1.102718,1.306467,0.770388
10.044000,0.445225,0.869693,-0.128317,-1.375081,-1.102718,1.306467,0.770388
10.046000,0.445225,0.869693,-0.128317,-1.375081,-1.102718,1.306467,0.770388
10.048000,0.445225,0.869693,-0.128317,-1.375081,-1.102718,1.306467,0.770388
10.050000,0.445225,0.869693,-0.128317,-1.375081,-1.102718,1.306467,0.770388
10.052000,0.445225,0.869693,-0.128317,-1.375081,-1.102718,1.306467,0.770388
10.054000,0.445225,0.869693,-0.128317,-1.375081,-1.102718,1.306467,0.770388
10.056000,0.445225,0.869693,-0.128317,-1.375081,-1.102718,1.306467,0.770388
10.058000,0.445225,0.869693,-0.128317,-1.375081,-1.102718,1.306467,0.770388
10.060000,0.445225,0.869693,-0.128317,-1.375081,-1.102718,1.306467,0.770388
10.062000,0.445225,0.869693,-0.128317,-1.375081,-1.102718,1.306467,0.770388
10.064000,0.445225,0.869693,-0.128317,-1.375081,-1.102718,1.306467,0.770388
10.066000,0.445225,0.869693,-0.128317,-1.375081,-1.102718,1.306467,0.770388
10.068000,0.445225,0.869693,-0.128317,-1.375081,-1.102718,1.306467,0.770388
10.070000,0.445225,0.869693,-0.128317,-1.375081,-1.102718,1.306467,0.770388
10.072000,0.445225,0.869693,-0.128317,-1.375081,-1.102718,1.306467,0.770388
10.074000,0.445225,0.869693,-0.128317,-1.375081,-1.102718,1.306467,0.770388
10.076000,0.445225,0.869693,-0.128317,-1.375081,-1.102718,1.306467,0.770388
10.078000,0.445225,0.869693,-0.128317,-1.375081,-1.102718,1.306467,0.770388
10.080000,0.445225,0.869693,-0.128317,-1.375081,-1.102718,1.306467,0.770388
10.082000,0.445225,0.869693,-0.128317,-1.375081,-1.102718,1.306467,0.770388
10.084000,0.445225,0.869693,-0.128317,-1.375081,-1.102718,1.306467,0.770388
10.086000,0.445225,0.869693,-0.128317,-1.375081,-1.102718,1.306467,0.770388
10.088000,0.445225,0.869693,-0.128317,-1.375081,-1.102718,1.306467,0.770388
10.090000,0.445225,0.869693,-0.128317,-1.375081,-1.102718,1.306467,0.770388
10.092000,0.445225,0.869693,-0.128317,-1.375081,-1.102718,1.306467,0.770388
10.094000,0.445225,0.869693,-0.128317,-1.375081,-1.102718,1.306467,0.770388
10.096000,0.445225,0.869693,-0.128317,-1.375081,-1.102718,1.306467,0.770388
10.098000,0.445225,0.869693,-0.128317,-1.375081,-1.102718,1.306467,0.770388
10.100000,0.445225,0.869693,-0.128317,-1.375081,-1.102718,1.306467,0.770388
10.102000,0.445225,0.869693,-0.128317,-1.375081,-1.102718,1.306467,0.770388
10.104000,0.445225,0.869693,-0.128317,-1.375081,-1.102718,1.306467,0.770388
10.106000,0.445225,0.869693,-0.128317,-1.375081,-1.102718,1.306467,0.770388
10.108000,0.445225,0.869693,-0.128317,-1.375081,-1.102718,1.306467,0.770388
10.110000,0.445225,0.869693,-0.128317,-1.375081,-1.102718,1.306467,0.770388
10.112000,0.445225,0.869693,-0.128317,-1.375081,-1.102718,1.306467,0.770388
10.114000,0.445225,0.869693,-0.128317,-1.375081,-1.102718,1.306467,0.770388
10.116000,0.445225,0.869693,-0.128317,-1.375081,-1.102718,1.306467,0.770388
10.118000,0.445225,0.869693,-0.128317,-1.375081,-1.102718,1.306467,0.770388
10.120000,0.445225,0.869693,-0.128317,-1.375081,-1.102718,1.306467,0.770388
10.122000,0.445225,0.869693,-0.128317,-1.375081,-1.102718,1.306467,0.770388
10.124000,0.445225,0.869693,-0.128317,-1.375081,-1.102718,1.306467,0.770388
10.126000,0.445225,0.869693,-0.128317,-1.375081,-1.102718,1.306467,0.770388
10.128000,0.445225,0.869693,-0.128317,-1.375081,-1.102718,1.306467,0.770388
10.130000,0.445225,0.869693,-0.128317,-1.375081,-1.102718,1.306467,0.770388
10.132000,0.445225,0.869693,-0.128317,-1.375081,-1.102718,1.306467,0.770388
10.134000,0.445225,0.869693,-0.128317,-1.375081,-1.102718,1.306467,0.770388
10.136000,0.445225,0.869693,-0.128317,-1.375081,-1.102718,1.306467,0.770388
10.138000,0.445225,0.869693,-0.128317,-1.375081,-1.102718,1.306467,0.770388
10.140000,0.445225,0.869693,-0.128317,-1.375081,-1.102718,1.306467,0.770388
10.142000,0.445225,0.869693,-0.128317,-1.375081,-1.102718,1.306467,0.770388
10.144000,0.445225,0.869693,-0.128317,-1.375081,-1.102718,1.306467,0.770388
10.146000,0.445225,0.869693,-0.128317,-1.375081,-1.102718,1.306467,0.770388
10.148000,0.445225,0.869693,-0.128317,-1.375081,-1.102718,1.306467,0.770388
10.150000,0.445225,0.869693,-0.128317,-1.375081,-1.102718,1.306467,0.770388
10.152000,0.445225,0.869693,-0.128317,-1.375081,-1.102718,1.306467,0.770388
10.154000,0.445225,0.869693,-0.128317,-1.375081,-1.102718,1.306467,0.770388
10.156000,0.445225,0.869693,-0.128317,-1.375081,-1.102718,1.306467,0.770388
10.158000,0.445225,0.869693,-0.128317,-1.375081,-1.102718,1.306467,0.770388
10.160000,0.445225,0.869693,-0.128317,-1.375081,-1.102718,1.306467,0.770388
10.162000,0.445225,0.869693,-0.128317,-1.375081,-1.102718,1.306467,0.770388
10.164000,0.445225,0.869693,-0.128317,-1.375081,-1.102718,1.306467,0.770388
10.166000,0.445225,0.869693,-0.128317,-1.375081,-1.102718,1.306467,0.770388
10.168000,0.445225,0.869693,-0.128317,-1.375081,-1.102718,1.306467,0.770388
10.170000,0.445225,0.869693,-0.128317,-1.375081,-1.102718,1.306467,0.770388
10.172000,0.445225,0.869693,-0.128317,-1.375081,-1.102718,1.306467,0.770388
10.174000,0.445225,0.869693,-0.128317,-1.375081,-1.102718,1.306467,0.770388
10.176000,0.445225,0.869693,-0.128317,-1.375081,-1.102718,1.306467,0.770388
10.178000,0.445225,0.869693,-0.128317,-1.375081,-1.102718,1.306467,0.770388
10.180000,0.445225,0.869693,-0.128317,-1.375081,-1.102718,1.306467,0.770388
10.182000,0.445225,0.869693,-0.128317,-1.375081,-1.102718,1.306467,0.770388
10.184000,0.445225,0.869693,-0.128317,-1.375081,-1.102718,1.306467,0.770388
10.186000,0.445225,0.869693,-0.128317,-1.375081,-1.102718,1.306467,0.770388
10.188000,0.445225,0.869693,-0.128317,-1.375081,-1.102718,1.306467,0.770388
10.190000,0.445225,0.869693,-0.128317,-1.375081,-1.102718,1.306467,0.770388
10.192000,0.445225,0.869693,-0.128317,-1.375081,-1.102718,1.306467,0.770388
10.194000,0.445225,0.869693,-0.128317,-1.375081,-1.102718,1.306467,0.770388
10.196000,0.445225,0.869693,-0.128317,-1.375081,-1.102718,1.306467,0.770388
10.198000,0.445225,0.869693,-0.128317,-1.375081,-1.102718,1.306467,0.770388
10.200000,0.445225,0.869693,-0.128317,-1.375081,-1.102718,1.306467,0.770388
10.202000,0.445225,0.869693,-0.128317,-1.375081,-1.102718,1.306467,0.770388
10.204000,0.445225,0.869693,-0.128317,-1.375081,-1.102718,1.306467,0.770388
10.206000,0.445225,0.869693,-0.128317,-1.375081,-1.102718,1.306467,0.770388
10.208000,0.445225,0.869693,-0.128317,-1.375081,-1.102718,1.306467,0.770388
10.210000,0.445225,0.869693,-0.128317,-1.375081,-1.102718,1.306467,0.770388
10.212000,0.445225,0.869693,-0.128317,-1.375081,-1.102718,1.306467,0.770388
10.214000,0.445225,0.869693,-0.128317,-1.375081,-1.102718,1.306467,0.770388
10.216000,0.445225,0.869693,-0.128317,-1.375081,-1.102718,1.306467,0.770388
10.218000,0.445225,0.869693,-0.128317,-1.375081,-1.102718,1.306467,0.770388
10.220000,0.445225,0.869693,-0.128317,-1.375081,-1.102718,1.306467,0.770388
10.222000,0.445225,0.869693,-0.128317,-1.375081,-1.102718,1.306467,0.770388
10.224000,0.445225,0.869693,-0.128317,-1.375081,-1.102718,1.306467,0.770388
10.226000,0.445225,0.869693,-0.128317,-1.375081,-1.102718,1.306467,0.770388
10.228000,0.445225,0.869693,-0.128317,-1.375081,-1.102718,1.306467,0.770388
10.230000,0.445225,0.869693,-0.128317,-1.375081,-1.102718,1.306467,0.770388
10.232000,0.445225,0.869693,-0.128317,-1.375081,-1.102718,1.306467,0.770388
10.234000,0.445225,0.869693,-0.128317,-1.375081,-1.102718,1.306467,0.770388
10.236000,0.445225,0.869693,-0.128317,-1.375081,-1.102718,1.306467,0.770388
10.238000,0.445225,0.869693,-0.128317,-1.375081,-1.102718,1.306467,0.770388
10.240000,0.445225,0.869693,-0.128317,-1.375081,-1.102718,1.306467,0.770388
10.242000,0.445225,0.869693,-0.128317,-1.375081,-1.102718,1.306467,0.770388
10.244000,0.445225,0.869693,-0.128317,-1.375081,-1.102718,1.306467,0.770388
10.246000,0.445225,0.869693,-0.128317,-1.375081,-1.102718,1.306467,0.770388
10.248000,0.445225,0.869693,-0.128317,-1.375081,-1.102718,1.306467,0.770388
10.250000,0.445225,0.869693,-0.128317,-1.375081,-1.102718,1.306467,0.770388
10.252000,0.445225,0.869693,-0.128317,-1.375081,-1.102718,1.306467,0.770388
10.254000,0.445225,0.869693,-0.128317,-1.375081,-1.102718,1.306467,0.770388
10.256000,0.445225,0.869693,-0.128317,-1.375081,-1.102718,1.306467,0.770388
10.258000,0.445225,0.869693,-0.128317,-1.375081,-1.102718,1.306467,0.770388
10.260000,0.445225,0.869693,-0.128317,-1.375081,-1.102718,1.306467,0.770388
10.262000,0.445225,0.869693,-0.128317,-1.375081,-1.102718,1.306467,0.770388
10.264000,0.445225,0.869693,-0.128317,-1.375081,-1.102718,1.306467,0.770388
10.266000,0.445225,0.869693,-0.128317,-1.375081,-1.102718,1.306467,0.770388
10.268000,0.445225,0.869693,-0.128317,-1.375081,-1.102718,1.306467,0.770388
10.270000,0.445225,0.869693,-0.128317,-1.375081,-1.102718,1.306467,0.770388
10.272000,0.445225,0.869693,-0.128317,-1.375081,-1.102718,1.306467,0.770388
10.274000,0.445225,0.869693,-0.128317,-1.375081,-1.102718,1.306467,0.770388
10.276000,0.445225,0.869693,-0.128317,-1.375081,-1.102718,1.306467,0.770388
10.278000,0.445225,0.869693,-0.128317,-1.375081,-1.102718,1.306467,0.770388
10.280000,0.445225,0.869693,-0.128317,-1.375081,-1.102718,1.306467,0.770388
10.282000,0.445225,0.869693,-0.128317,-1.375081,-1.102718,1.306467,0.770388
10.284000,0.445225,0.869693,-0.128317,-1.375081,-1.102718,1.306467,0.770388
10.286000,0.445225,0.869693,-0.128317,-1.375081,-1.102718,1.306467,0.770388
10.288000,0.445225,0.869693,-0.128317,-1.375081,-1.102718,1.306467,0.770388
10.290000,0.445225,0.869693,-0.128317,-1.375081,-1.102718,1.306467,0.770388
10.292000,0.445225,0.869693,-0.128317,-1.375081,-1.102718,1.306467,0.770388
10.294000,0.445225,0.869693,-0.128317,-1.375081,-1.102718,1.306467,0.770388
10.296000,0.445225,0.869693,-0.128317,-1.375081,-1.102718,1.306467,0.770388
10.298000,0.445225,0.869693,-0.128317,-1.375081,-1.102718,1.306467,0.770388
10.300000,0.445225,0.869693,-0.128317,-1.375081,-1.102718,1.306467,0.770388
10.302000,0.445225,0.869693,-0.128317,-1.375081,-1.102718,1.306467,0.770388
10.304000,0.445225,0.869693,-0.128317,-1.375081,-1.102718,1.306467,0.770388
10.306000,0.445225,0.869693,-0.128317,-1.375081,-1.102718,1.306467,0.770388
10.308000,0.445225,0.869693,-0.128317,-1.375081,-1.102718,1.306467,0.770388
10.310000,0.445225,0.869693,-0.128317,-1.375081,-1.102718,1.306467,0.770388
10.312000,0.445225,0.869693,-0.128317,-1.375081,-1.102718,1.306467,0.770388
10.314000,0.445225,0.869693,-0.128317,-1.375081,-1.102718,1.306467,0.770388
10.316000,0.445225,0.869693,-0.128317,-1.375081,-1.102718,1.306467,0.770388
10.318000,0.445225,0.869693,-0.128317,-1.375081,-1.102718,1.306467,0.770388
10.320000,0.445225,0.869693,-0.128317,-1.375081,-1.102718,1.306467,0.770388
10.322000,0.445225,0.869693,-0.128317,-1.375081,-1.102718,1.306467,0.770388
10.324000,0.445225,0.869693,-0.128317,-1.375081,-1.102718,1.306467,0.770388
10.326000,0.445225,0.869693,-0.128317,-1.375081,-1.102718,1.306467,0.770388
10.328000,0.445225,0.869693,-0.128317,-1.375081,-1.102718,1.306467,0.770388
10.330000,0.445225,0.869693,-0.128317,-1.375081,-1.102718,1.306467,0.770388
10.332000,0.445225,0.869693,-0.128317,-1.375081,-1.102718,1.306467,0.770388
10.334000,0.445225,0.869693,-0.128317,-1.375081,-1.102718,1.306467,0.770388
10.336000,0.445225,0.869693,-0.128317,-1.375081,-1.102718,1.306467,0.770388
10.338000,0.445225,0.869693,-0.128317,-1.375081,-1.102718,1.306467,0.770388
10.340000,0.445225,0.869693,-0.128317,-1.375081,-1.102718,1.306467,0.770388
10.342000,0.445225,0.869693,-0.128317,-1.375081,-1.102718,1.306467,0.770388
10.344000,0.445225,0.869693,-0.128317,-1.375081,-1.102718,1.306467,0.770388
10.346000,0.445225,0.869693,-0.128317,-1.375081,-1.102718,1.306467,0.770388
10.348000,0.445225,0.869693,-0.128317,-1.375081,-1.102718,1.306467,0.770388
10.350000,0.445225,0.869693,-0.128317,-1.375081,-1.102718,1.306467,0.770388
10.352000,0.445225,0.869693,-0.128317,-1.375081,-1.102718,1.306467,0.770388
10.354000,0.445225,0.869693,-0.128317,-1.375081,-1.102718,1.306467,0.770388
10.356000,0.445225,0.869693,-0.128317,-1.375081,-1.102718,1.306467,0.770388
10.358000,0.445225,0.869693,-0.128317,-1.375081,-1.102718,1.306467,0.770388
10.360000,0.445225,0.869693,-0.128317,-1.375081,-1.102718,1.306467,0.770388
10.362000,0.445225,0.869693,-0.128317,-1.375081,-1.102718,1.306467,0.770388
10.364000,0.445225,0.869693,-0.128317,-1.375081,-1.102718,1.306467,0.770388
10.366000,0.445225,0.869693,-0.128317,-1.375081,-1.102718,1.306467,0.770388
10.368000,0.445225,0.869693,-0.128317,-1.375081,-1.102718,1.306467,0.770388
10.370000,0.445225,0.869693,-0.128317,-1.375081,-1.102718,1.306467,0.770388
10.372000,0.445225,0.869693,-0.128317,-1.375081,-1.102718,1.306467,0.770388
10.374000,0.445225,0.869693,-0.128317,-1.375081,-1.102718,1.306467,0.770388
10.376000,0.445225,0.869693,-0.128317,-1.375081,-1.102718,1.306467,0.770388
10.378000,0.445225,0.869693,-0.128317,-1.375081,-1.102718,1.306467,0.770388
10.380000,0.445225,0.869693,-0.128317,-1.375081,-1.102718,1.306467,0.770388
10.382000,0.445225,0.869693,-0.128317,-1.375081,-1.102718,1.306467,0.770388
10.384000,0.445225,0.869693,-0.128317,-1.375081,-1.102718,1.306467,0.770388
10.386000,0.445225,0.869693,-0.128317,-1.375081,-1.102718,1.306467,0.770388
10.388000,0.445225,0.869693,-0.128317,-1.375081,-1.102718,1.306467,0.770388
10.390000,0.445225,0.869693,-0.128317,-1.375081,-1.102718,1.306467,0.770388
10.392000,0.445225,0.869693,-0.128317,-1.375081,-1.102718,1.306467,0.770388
10.394000,0.445225,0.869693,-0.128317,-1.375081,-1.102718,1.306467,0.770388
10.396000,0.445225,0.869693,-0.128317,-1.375081,-1.102718,1.306467,0.770388
10.398000,0.445225,0.869693,-0.128317,-1.375081,-1.102718,1.306467,0.770388
10.400000,0.445225,0.869693,-0.128317,-1.375081,-1.102718,1.306467,0.770388
10.402000,0.445225,0.869693,-0.128317,-1.375081,-1.102718,1.306467,0.770388
10.404000,0.445225,0.869693,-0.128317,-1.375081,-1.102718,1.306467,0.770388
10.406000,0.445225,0.869693,-0.128317,-1.375081,-1.102718,1.306467,0.770388
10.408000,0.445225,0.869693,-0.128317,-1.375081,-1.102718,1.306467,0.770388
10.410000,0.445225,0.869693,-0.128317,-1.375081,-1.102718,1.306467,0.770388
10.412000,0.445225,0.869693,-0.128317,-1.375081,-1.102718,1.306467,0.770388
10.414000,0.445225,0.869693,-0.128317,-1.375081,-1.102718,1.306467,0.770388
10.416000,0.445225,0.869693,-0.128317,-1.375081,-1.102718,1.306467,0.770388
10.418000,0.445225,0.869693,-0.128317,-1.375081,-1.102718,1.306467,0.770388
10.420000,0.445225,0.869693,-0.128317,-1.375081,-1.102718,1.306467,0.770388
10.422000,0.445225,0.869693,-0.128317,-1.375081,-1.102718,1.306467,0.770388
10.424000,0.445225,0.869693,-0.128317,-1.375081,-1.102718,1.306467,0.770388
10.426000,0.445225,0.869693,-0.128317,-1.375081,-1.102718,1.306467,0.770388
10.428000,0.445225,0.869693,-0.128317,-1.375081,-1.102718,1.306467,0.770388
10.430000,0.445225,0.869693,-0.128317,-1.375081,-1.102718,1.306467,0.770388
10.432000,0.445225,0.869693,-0.128317,-1.375081,-1.102718,1.306467,0.770388
10.434000,0.445225,0.869693,-0.128317,-1.375081,-1.102718,1.306467,0.770388
10.436000,0.445225,0.869693,-0.128317,-1.375081,-1.102718,1.306467,0.770388
10.438000,0.445225,0.869693,-0.128317,-1.375081,-1.102718,1.306467,0.770388
10.440000,0.445225,0.869693,-0.128317,-1.375081,-1.102718,1.306467,0.770388
10.442000,0.445225,0.869693,-0.128317,-1.375081,-1.102718,1.306467,0.770388
10.444000,0.445225,0.869693,-0.128317,-1.375081,-1.102718,1.306467,0.770388
10.446000,0.445225,0.869693,-0.128317,-1.375081,-1.102718,1.306467,0.770388
10.448000,0.445225,0.869693,-0.128317,-1.375081,-1.102718,1.306467,0.770388
10.450000,0.445225,0.869693,-0.128317,-1.375081,-1.102718,1.306467,0.770388
10.452000,0.445225,0.869693,-0.128317,-1.375081,-1.102718,1.306467,0.770388
10.454000,0.445225,0.869693,-0.128317,-1.375081,-1.102718,1.306467,0.770388
10.456000,0.445225,0.869693,-0.128317,-1.375081,-1.102718,1.306467,0.770388
10.458000,0.445225,0.869693,-0.128317,-1.375081,-1.102718,1.306467,0.770388
10.460000,0.445225,0.869693,-0.128317,-1.375081,-1.102718,1.306467,0.770388
10.462000,0.445225,0.869693,-0.128317,-1.375081,-1.102718,1.306467,0.770388
10.464000,0.445225,0.869693,-0.128317,-1.375081,-1.102718,1.306467,0.770388
10.466000,0.445225,0.869693,-0.128317,-1.375081,-1.102718,1.306467,0.770388
10.468000,0.445225,0.869693,-0.128317,-1.375081,-1.102718,1.306467,0.770388
10.470000,0.445225,0.869693,-0.128317,-1.375081,-1.102718,1.306467,0.770388
10.472000,0.445225,0.869693,-0.128317,-1.375081,-1.102718,1.306467,0.770388
10.474000,0.445225,0.869693,-0.128317,-1.375081,-1.102718,1.306467,0.770388
10.476000,0.445225,0.869693,-0.128317,-1.375081,-1.102718,1.306467,0.770388
10.478000,0.445225,0.869693,-0.128317,-1.375081,-1.102718,1.306467,0.770388
10.480000,0.445225,0.869693,-0.128317,-1.375081,-1.102718,1.306467,0.770388
10.482000,0.445225,0.869693,-0.128317,-1.375081,-1.102718,1.306467,0.770388
10.484000,0.445225,0.869693,-0.128317,-1.375081,-1.102718,1.306467,0.770388
10.486000,0.445225,0.869693,-0.128317,-1.375081,-1.102718,1.306467,0.770388
10.488000,0.445225,0.869693,-0.128317,-1.375081,-1.102718,1.306467,0.770388
10.490000,0.445225,0.869693,-0.128317,-1.375081,-1.102718,1.306467,0.770388
10.492000,0.445225,0.869693,-0.128317,-1.375081,-1.102718,1.306467,0.770388
10.494000,0.445225,0.869693,-0.128317,-1.375081,-1.102718,1.306467,0.770388
10.496000,0.445225,0.869693,-0.128317,-1.375081,-1.102718,1.306467,0.770388
10.498000,0.445225,0.869693,-0.128317,-1.375081,-1.102718,1.306467,0.770388
10.500000,0.445225,0.869693,-0.128317,-1.375081,-1.102718,1.306467,0.770388
10.502000,0.445225,0.869693,-0.128317,-1.375081,-1.102718,1.306467,0.770388
10.504000,0.445225,0.869693,-0.128317,-1.375081,-1.102718,1.306467,0.770388
10.506000,0.445225,0.869693,-0.128317,-1.375081,-1.102718,1.306467,0.770388
10.508000,0.445225,0.869693,-0.128317,-1.375081,-1.102718,1.306467,0.770388
10.510000,0.445225,0.869693,-0.128317,-1.375081,-1.102718,1.306467,0.770388
10.512000,0.445225,0.869693,-0.128317,-1.375081,-1.102718,1.306467,0.770388
10.514000,0.445225,0.869693,-0.128317,-1.375081,-1.102718,1.306467,0.770388
10.516000,0.445225,0.869693,-0.128317,-1.375081,-1.102718,1.306467,0.770388
10.518000,0.445225,0.869693,-0.128317,-1.375081,-1.102718,1.306467,0.770388
10.520000,0.445225,0.869693,-0.128317,-1.375081,-1.102718,1.306467,0.770388
10.522000,0.445225,0.869693,-0.128317,-1.375081,-1.102718,1.306467,0.770388
10.524000,0.445225,0.869693,-0.128317,-1.375081,-1.102718,1.306467,0.770388
10.526000,0.445225,0.869693,-0.128317,-1.375081,-1.102718,1.306467,0.770388
10.528000,0.445225,0.869693,-0.128317,-1.375081,-1.102718,1.306467,0.770388
10.530000,0.445225,0.869693,-0.128317,-1.375081,-1.102718,1.306467,0.770388
10.532000,0.445225,0.869693,-0.128317,-1.375081,-1.102718,1.306467,0.770388
10.534000,0.445225,0.869693,-0.128317,-1.375081,-1.102718,1.306467,0.770388
10.536000,0.445225,0.869693,-0.128317,-1.375081,-1.102718,1.306467,0.770388
10.538000,0.445225,0.869693,-0.128317,-1.375081,-1.102718,1.306467,0.770388
10.540000,0.445225,0.869693,-0.128317,-1.375081,-1.102718,1.306467,0.770388
10.542000,0.445225,0.869693,-0.128317,-1.375081,-1.102718,1.306467,0.770388
10.544000,0.445225,0.869693,-0.128317,-1.375081,-1.102718,1.306467,0.770388
10.546000,0.445225,0.869693,-0.128317,-1.375081,-1.102718,1.306467,0.770388
10.548000,0.445225,0.869693,-0.128317,-1.375081,-1.102718,1.306467,0.770388
10.550000,0.445225,0.869693,-0.128317,-1.375081,-1.102718,1.306467,0.770388
10.552000,0.445225,0.869693,-0.128317,-1.375081,-1.102718,1.306467,0.770388
10.554000,0.445225,0.869693,-0.128317,-1.375081,-1.102718,1.306467,0.770388
10.556000,0.445225,0.869693,-0.128317,-1.375081,-1.102718,1.306467,0.770388
10.558000,0.445225,0.869693,-0.128317,-1.375081,-1.102718,1.306467,0.770388
10.560000,0.445225,0.869693,-0.128317,-1.375081,-1.102718,1.306467,0.770388
10.562000,0.445225,0.869693,-0.128317,-1.375081,-1.102718,1.306467,0.770388
10.564000,0.445225,0.869693,-0.128317,-1.375081,-1.102718,1.306467,0.770388
10.566000,0.445225,0.869693,-0.128317,-1.375081,-1.102718,1.306467,0.770388
10.568000,0.445225,0.869693,-0.128317,-1.375081,-1.102718,1.306467,0.770388
10.570000,0.445225,0.869693,-0.128317,-1.375081,-1.102718,1.306467,0.770388
10.572000,0.445225,0.869693,-0.128317,-1.375081,-1.102718,1.306467,0.770388
10.574000,0.445225,0.869693,-0.128317,-1.375081,-1.102718,1.306467,0.770388
10.576000,0.445225,0.869693,-0.128317,-1.375081,-1.102718,1.306467,0.770388
10.578000,0.445225,0.869693,-0.128317,-1.375081,-1.102718,1.306467,0.770388
10.580000,0.445225,0.869693,-0.128317,-1.375081,-1.102718,1.306467,0.770388
10.582000,0.445225,0.869693,-0.128317,-1.375081,-1.102718,1.306467,0.770388
10.584000,0.445225,0.869693,-0.128317,-1.375081,-1.102718,1.306467,0.770388
10.586000,0.445225,0.869693,-0.128317,-1.375081,-1.102718,1.306467,0.770388
10.588000,0.445225,0.869693,-0.128317,-1.375081,-1.102718,1.306467,0.770388
10.590000,0.445225,0.869693,-0.128317,-1.375081,-1.102718,1.306467,0.770388
10.592000,0.445225,0.869693,-0.128317,-1.375081,-1.102718,1.306467,0.770388
10.594000,0.445225,0.869693,-0.128317,-1.375081,-1.102718,1.306467,0.770388
10.596000,0.445225,0.869693,-0.128317,-1.375081,-1.102718,1.306467,0.770388
10.598000,0.445225,0.869693,-0.128317,-1.375081,-1.102718,1.306467,0.770388
10.600000,0.445225,0.869693,-0.128317,-1.375081,-1.102718,1.306467,0.770388
10.602000,0.445225,0.869693,-0.128317,-1.375081,-1.102718,1.306467,0.770388
10.604000,0.445225,0.869693,-0.128317,-1.375081,-1.102718,1.306467,0.770388
10.606000,0.445225,0.869693,-0.128317,-1.375081,-1.102718,1.306467,0.770388
10.608000,0.445225,0.869693,-0.128317,-1.375081,-1.102718,1.306467,0.770388
10.610000,0.445225,0.869693,-0.128317,-1.375081,-1.102718,1.306467,0.770388
10.612000,0.445225,0.869693,-0.128317,-1.375081,-1.102718,1.306467,0.770388
10.614000,0.445225,0.869693,-0.128317,-1.375081,-1.102718,1.306467,0.770388
10.616000,0.445225,0.869693,-0.128317,-1.375081,-1.102718,1.306467,0.770388
10.618000,0.445225,0.869693,-0.128317,-1.375081,-1.102718,1.306467,0.770388
10.620000,0.445225,0.869693,-0.128317,-1.375081,-1.102718,1.306467,0.770388
10.622000,0.445225,0.869693,-0.128317,-1.375081,-1.102718,1.306467,0.770388
10.624000,0.445225,0.869693,-0.128317,-1.375081,-1.102718,1.306467,0.770388
10.626000,0.445225,0.869693,-0.128317,-1.375081,-1.102718,1.306467,0.770388
10.628000,0.445225,0.869693,-0.128317,-1.375081,-1.102718,1.306467,0.770388
10.630000,0.445225,0.869693,-0.128317,-1.375081,-1.102718,1.306467,0.770388
10.632000,0.445225,0.869693,-0.128317,-1.375081,-1.102718,1.306467,0.770388
10.634000,0.445225,0.869693,-0.128317,-1.375081,-1.102718,1.306467,0.770388
10.636000,0.445225,0.869693,-0.128317,-1.375081,-1.102718,1.306467,0.770388
10.638000,0.445225,0.869693,-0.128317,-1.375081,-1.102718,1.306467,0.770388
10.640000,0.445225,0.869693,-0.128317,-1.375081,-1.102718,1.306467,0.770388
10.642000,0.445225,0.869693,-0.128317,-1.375081,-1.102718,1.306467,0.770388
10.644000,0.445225,0.869693,-0.128317,-1.375081,-1.102718,1.306467,0.770388
10.646000,0.445225,0.869693,-0.128317,-1.375081,-1.102718,1.306467,0.770388
10.648000,0.445225,0.869693,-0.128317,-1.375081,-1.102718,1.306467,0.770388
10.650000,0.445225,0.869693,-0.128317,-1.375081,-1.102718,1.306467,0.770388
10.652000,0.445225,0.869693,-0.128317,-1.375081,-1.102718,1.306467,0.770388
10.654000,0.445225,0.869693,-0.128317,-1.375081,-1.102718,1.306467,0.770388
10.656000,0.445225,0.869693,-0.128317,-1.375081,-1.102718,1.306467,0.770388
10.658000,0.445225,0.869693,-0.128317,-1.375081,-1.102718,1.306467,0.770388
10.660000,0.445225,0.869693,-0.128317,-1.375081,-1.102718,1.306467,0.770388
10.662000,0.445225,0.869693,-0.128317,-1.375081,-1.102718,1.306467,0.770388
10.664000,0.445225,0.869693,-0.128317,-1.375081,-1.102718,1.306467,0.770388
10.666000,0.445225,0.869693,-0.128317,-1.375081,-1.102718,1.306467,0.770388
10.668000,0.445225,0.869693,-0.128317,-1.375081,-1.102718,1.306467,0.770388
10.670000,0.445225,0.869693,-0.128317,-1.375081,-1.102718,1.306467,0.770388
10.672000,0.445225,0.869693,-0.128317,-1.375081,-1.102718,1.306467,0.770388
10.674000,0.445225,0.869693,-0.128317,-1.375081,-1.102718,1.306467,0.770388
10.676000,0.445225,0.869693,-0.128317,-1.375081,-1.102718,1.306467,0.770388
10.678000,0.445225,0.869693,-0.128317,-1.375081,-1.102718,1.306467,0.770388
10.680000,0.445225,0.869693,-0.128317,-1.375081,-1.102718,1.306467,0.770388
10.682000,0.445225,0.869693,-0.128317,-1.375081,-1.102718,1.306467,0.770388
10.684000,0.445225,0.869693,-0.128317,-1.375081,-1.102718,1.306467,0.770388
10.686000,0.445225,0.869693,-0.128317,-1.375081,-1.102718,1.306467,0.770388
10.688000,0.445225,0.869693,-0.128317,-1.375081,-1.102718,1.306467,0.770388
10.690000,0.445225,0.869693,-0.128317,-1.375081,-1.102718,1.306467,0.770388
10.692000,0.445225,0.869693,-0.128317,-1.375081,-1.102718,1.306467,0.770388
10.694000,0.445225,0.869693,-0.128317,-1.375081,-1.102718,1.306467,0.770388
10.696000,0.445225,0.869693,-0.128317,-1.375081,-1.102718,1.306467,0.770388
10.698000,0.445225,0.869693,-0.128317,-1.375081,-1.102718,1.306467,0.770388
10.700000,0.445225,0.869693,-0.128317,-1.375081,-1.102718,1.306467,0.770388
10.702000,0.445225,0.869693,-0.128317,-1.375081,-1.102718,1.306467,0.770388
10.704000,0.445225,0.869693,-0.128317,-1.375081,-1.102718,1.306467,0.770388
10.706000,0.445225,0.869693,-0.128317,-1.375081,-1.102718,1.306467,0.770388
10.708000,0.445225,0.869693,-0.128317,-1.375081,-1.102718,1.306467,0.770388
10.710000,0.445225,0.869693,-0.128317,-1.375081,-1.102718,1.306467,0.770388
10.712000,0.445225,0.869693,-0.128317,-1.375081,-1.102718,1.306467,0.770388
10.714000,0.445225,0.869693,-0.128317,-1.375081,-1.102718,1.306467,0.770388
10.716000,0.445225,0.869693,-0.128317,-1.375081,-1.102718,1.306467,0.770388
10.718000,0.445225,0.869693,-0.128317,-1.375081,-1.102718,1.306467,0.770388
10.720000,0.445225,0.869693,-0.128317,-1.375081,-1.102718,1.306467,0.770388
10.722000,0.445225,0.869693,-0.128317,-1.375081,-1.102718,1.306467,0.770388
10.724000,0.445225,0.869693,-0.128317,-1.375081,-1.102718,1.306467,0.770388
10.726000,0.445225,0.869693,-0.128317,-1.375081,-1.102718,1.306467,0.770388
10.728000,0.445225,0.869693,-0.128317,-1.375081,-1.102718,1.306467,0.770388
10.730000,0.445225,0.869693,-0.128317,-1.375081,-1.102718,1.306467,0.770388
10.732000,0.445225,0.869693,-0.128317,-1.375081,-1.102718,1.306467,0.770388
10.734000,0.445225,0.869693,-0.128317,-1.375081,-1.102718,1.306467,0.770388
10.736000,0.445225,0.869693,-0.128317,-1.375081,-1.102718,1.306467,0.770388
10.738000,0.445225,0.869693,-0.128317,-1.375081,-1.102718,1.306467,0.770388
10.740000,0.445225,0.869693,-0.128317,-1.375081,-1.102718,1.306467,0.770388
10.742000,0.445225,0.869693,-0.128317,-1.375081,-1.102718,1.306467,0.770388
10.744000,0.445225,0.869693,-0.128317,-1.375081,-1.102718,1.306467,0.770388
10.746000,0.445225,0.869693,-0.128317,-1.375081,-1.102718,1.306467,0.770388
10.748000,0.445225,0.869693,-0.128317,-1.375081,-1.102718,1.306467,0.770388
10.750000,0.445225,0.869693,-0.128317,-1.375081,-1.102718,1.306467,0.770388
10.752000,0.445225,0.869693,-0.128317,-1.375081,-1.102718,1.306467,0.770388
10.754000,0.445225,0.869693,-0.128317,-1.375081,-1.102718,1.306467,0.770388
10.756000,0.445225,0.869693,-0.128317,-1.375081,-1.102718,1.306467,0.770388
10.758000,0.445225,0.869693,-0.128317,-1.375081,-1.102718,1.306467,0.770388
10.760000,0.445225,0.869693,-0.128317,-1.375081,-1.102718,1.306467,0.770388
10.762000,0.445225,0.869693,-0.128317,-1.375081,-1.102718,1.306467,0.770388
10.764000,0.445225,0.869693,-0.128317,-1.375081,-1.102718,1.306467,0.770388
10.766000,0.445225,0.869693,-0.128317,-1.375081,-1.102718,1.306467,0.770388
10.768000,0.445225,0.869693,-0.128317,-1.375081,-1.102718,1.306467,0.770388
10.770000,0.445225,0.869693,-0.128317,-1.375081,-1.102718,1.306467,0.770388
10.772000,0.445225,0.869693,-0.128317,-1.375081,-1.102718,1.306467,0.770388
10.774000,0.445225,0.869693,-0.128317,-1.375081,-1.102718,1.306467,0.770388
10.776000,0.445225,0.869693,-0.128317,-1.375081,-1.102718,1.306467,0.770388
10.778000,0.445225,0.869693,-0.128317,-1.375081,-1.102718,1.306467,0.770388
10.780000,0.445225,0.869693,-0.128317,-1.375081,-1.102718,1.306467,0.770388
10.782000,0.445225,0.869693,-0.128317,-1.375081,-1.102718,1.306467,0.770388
10.784000,0.445225,0.869693,-0.128317,-1.375081,-1.102718,1.306467,0.770388
10.786000,0.445225,0.869693,-0.128317,-1.375081,-1.102718,1.306467,0.770388
10.788000,0.445225,0.869693,-0.128317,-1.375081,-1.102718,1.306467,0.770388
10.790000,0.445225,0.869693,-0.128317,-1.375081,-1.102718,1.306467,0.770388
10.792000,0.445225,0.869693,-0.128317,-1.375081,-1.102718,1.306467,0.770388
10.794000,0.445225,0.869693,-0.128317,-1.375081,-1.102718,1.306467,0.770388
10.796000,0.445225,0.869693,-0.128317,-1.375081,-1.102718,1.306467,0.770388
10.798000,0.445225,0.869693,-0.128317,-1.375081,-1.102718,1.306467,0.770388
10.800000,0.445225,0.869693,-0.128317,-1.375081,-1.102718,1.306467,0.770388
10.802000,0.445225,0.869693,-0.128317,-1.375081,-1.102718,1.306467,0.770388
10.804000,0.445225,0.869693,-0.128317,-1.375081,-1.102718,1.306467,0.770388
10.806000,0.445225,0.869693,-0.128317,-1.375081,-1.102718,1.306467,0.770388
10.808000,0.445225,0.869693,-0.128317,-1.375081,-1.102718,1.306467,0.770388
10.810000,0.445225,0.869693,-0.128317,-1.375081,-1.102718,1.306467,0.770388
10.812000,0.445225,0.869693,-0.128317,-1.375081,-1.102718,1.306467,0.770388
10.814000,0.445225,0.869693,-0.128317,-1.375081,-1.102718,1.306467,0.770388
10.816000,0.445225,0.869693,-0.128317,-1.375081,-1.102718,1.306467,0.770388
10.818000,0.445225,0.869693,-0.128317,-1.375081,-1.102718,1.306467,0.770388
10.820000,0.445225,0.869693,-0.128317,-1.375081,-1.102718,1.306467,0.770388
10.822000,0.445225,0.869693,-0.128317,-1.375081,-1.102718,1.306467,0.770388
10.824000,0.445225,0.869693,-0.128317,-1.375081,-1.102718,1.306467,0.770388
10.826000,0.445225,0.869693,-0.128317,-1.375081,-1.102718,1.306467,0.770388
10.828000,0.445225,0.869693,-0.128317,-1.375081,-1.102718,1.306467,0.770388
10.830000,0.445225,0.869693,-0.128317,-1.375081,-1.102718,1.306467,0.770388
10.832000,0.445225,0.869693,-0.128317,-1.375081,-1.102718,1.306467,0.770388
10.834000,0.445225,0.869693,-0.128317,-1.375081,-1.102718,1.306467,0.770388
10.836000,0.445225,0.869693,-0.128317,-1.375081,-1.102718,1.306467,0.770388
10.838000,0.445225,0.869693,-0.128317,-1.375081,-1.102718,1.306467,0.770388
10.840000,0.445225,0.869693,-0.128317,-1.375081,-1.102718,1.306467,0.770388
10.842000,0.445225,0.869693,-0.128317,-1.375081,-1.102718,1.306467,0.770388
10.844000,0.445225,0.869693,-0.128317,-1.375081,-1.102718,1.306467,0.770388
10.846000,0.445225,0.869693,-0.128317,-1.375081,-1.102718,1.306467,0.770388
10.848000,0.445225,0.869693,-0.128317,-1.375081,-1.102718,1.306467,0.770388
10.850000,0.445225,0.869693,-0.128317,-1.375081,-1.102718,1.306467,0.770388
10.852000,0.445225,0.869693,-0.128317,-1.375081,-1.102718,1.306467,0.770388
10.854000,0.445225,0.869693,-0.128317,-1.375081,-1.102718,1.306467,0.770388
10.856000,0.445225,0.869693,-0.128317,-1.375081,-1.102718,1.306467,0.770388
10.858000,0.445225,0.869693,-0.128317,-1.375081,-1.102718,1.306467,0.770388
10.860000,0.445225,0.869693,-0.128317,-1.375081,-1.102718,1.306467,0.770388
10.862000,0.445225,0.869693,-0.128317,-1.375081,-1.102718,1.306467,0.770388
10.864000,0.445225,0.869693,-0.128317,-1.375081,-1.102718,1.306467,0.770388
10.866000,0.445225,0.869693,-0.128317,-1.375081,-1.102718,1.306467,0.770388
10.868000,0.445225,0.869693,-0.128317,-1.375081,-1.102718,1.306467,0.770388
10.870000,0.445225,0.869693,-0.128317,-1.375081,-1.102718,1.306467,0.770388
10.872000,0.445225,0.869693,-0.128317,-1.375081,-1.102718,1.306467,0.770388
10.874000,0.445225,0.869693,-0.128317,-1.375081,-1.102718,1.306467,0.770388
10.876000,0.445225,0.869693,-0.128317,-1.375081,-1.102718,1.306467,0.770388
10.878000,0.445225,0.869693,-0.128317,-1.375081,-1.102718,1.306467,0.770388
10.880000,0.445225,0.869693,-0.128317,-1.375081,-1.102718,1.306467,0.770388
10.882000,0.445225,0.869693,-0.128317,-1.375081,-1.102718,1.306467,0.770388
10.884000,0.445225,0.869693,-0.128317,-1.375081,-1.102718,1.306467,0.770388
10.886000,0.445225,0.869693,-0.128317,-1.375081,-1.102718,1.306467,0.770388
10.888000,0.445225,0.869693,-0.128317,-1.375081,-1.102718,1.306467,0.770388
10.890000,0.445225,0.869693,-0.128317,-1.375081,-1.102718,1.306467,0.770388
10.892000,0.445225,0.869693,-0.128317,-1.375081,-1.102718,1.306467,0.770388
10.894000,0.445225,0.869693,-0.128317,-1.375081,-1.102718,1.306467,0.770388
10.896000,0.445225,0.869693,-0.128317,-1.375081,-1.102718,1.306467,0.770388
10.898000,0.445225,0.869693,-0.128317,-1.375081,-1.102718,1.306467,0.770388
10.900000,0.445225,0.869693,-0.128317,-1.375081,-1.102718,1.306467,0.770388
10.902000,0.445225,0.869693,-0.128317,-1.375081,-1.102718,1.306467,0.770388
10.904000,0.445225,0.869693,-0.128317,-1.375081,-1.102718,1.306467,0.770388
10.906000,0.445225,0.869693,-0.128317,-1.375081,-1.102718,1.306467,0.770388
10.908000,0.445225,0.869693,-0.128317,-1.375081,-1.102718,1.306467,0.770388
10.910000,0.445225,0.869693,-0.128317,-1.375081,-1.102718,1.306467,0.770388
10.912000,0.445225,0.869693,-0.128317,-1.375081,-1.102718,1.306467,0.770388
10.914000,0.445225,0.869693,-0.128317,-1.375081,-1.102718,1.306467,0.770388
10.916000,0.445225,0.869693,-0.128317,-1.375081,-1.102718,1.306467,0.770388
10.918000,0.445225,0.869693,-0.128317,-1.375081,-1.102718,1.306467,0.770388
10.920000,0.445225,0.869693,-0.128317,-1.375081,-1.102718,1.306467,0.770388
10.922000,0.445225,0.869693,-0.128317,-1.375081,-1.102718,1.306467,0.770388
10.924000,0.445225,0.869693,-0.128317,-1.375081,-1.102718,1.306467,0.770388
10.926000,0.445225,0.869693,-0.128317,-1.375081,-1.102718,1.306467,0.770388
10.928000,0.445225,0.869693,-0.128317,-1.375081,-1.102718,1.306467,0.770388
10.930000,0.445225,0.869693,-0.128317,-1.375081,-1.102718,1.306467,0.770388
10.932000,0.445225,0.869693,-0.128317,-1.375081,-1.102718,1.306467,0.770388
10.934000,0.445225,0.869693,-0.128317,-1.375081,-1.102718,1.306467,0.770388
10.936000,0.445225,0.869693,-0.128317,-1.375081,-1.102718,1.306467,0.770388
10.938000,0.445225,0.869693,-0.128317,-1.375081,-1.102718,1.306467,0.770388
10.940000,0.445225,0.869693,-0.128317,-1.375081,-1.102718,1.306467,0.770388
10.942000,0.445225,0.869693,-0.128317,-1.375081,-1.102718,1.306467,0.770388
10.944000,0.445225,0.869693,-0.128317,-1.375081,-1.102718,1.306467,0.770388
10.946000,0.445225,0.869693,-0.128317,-1.375081,-1.102718,1.306467,0.770388
10.948000,0.445225,0.869693,-0.128317,-1.375081,-1.102718,1.306467,0.770388
10.950000,0.445225,0.869693,-0.128317,-1.375081,-1.102718,1.306467,0.770388
10.952000,0.445225,0.869693,-0.128317,-1.375081,-1.102718,1.306467,0.770388
10.954000,0.445225,0.869693,-0.128317,-1.375081,-1.102718,1.306467,0.770388
10.956000,0.445225,0.869693,-0.128317,-1.375081,-1.102718,1.306467,0.770388
10.958000,0.445225,0.869693,-0.128317,-1.375081,-1.102718,1.306467,0.770388
10.960000,0.445225,0.869693,-0.128317,-1.375081,-1.102718,1.306467,0.770388
10.962000,0.445225,0.869693,-0.128317,-1.375081,-1.102718,1.306467,0.770388
10.964000,0.445225,0.869693,-0.128317,-1.375081,-1.102718,1.306467,0.770388
10.966000,0.445225,0.869693,-0.128317,-1.375081,-1.102718,1.306467,0.770388
10.968000,0.445225,0.869693,-0.128317,-1.375081,-1.102718,1.306467,0.770388
10.970000,0.445225,0.869693,-0.128317,-1.375081,-1.102718,1.306467,0.770388
10.972000,0.445225,0.869693,-0.128317,-1.375081,-1.102718,1.306467,0.770388
10.974000,0.445225,0.869693,-0.128317,-1.375081,-1.102718,1.306467,0.770388
10.976000,0.445225,0.869693,-0.128317,-1.375081,-1.102718,1.306467,0.770388
10.978000,0.445225,0.869693,-0.128317,-1.375081,-1.102718,1.306467,0.770388
10.980000,0.445225,0.869693,-0.128317,-1.375081,-1.102718,1.306467,0.770388
10.982000,0.445225,0.869693,-0.128317,-1.375081,-1.102718,1.306467,0.770388
10.984000,0.445225,0.869693,-0.128317,-1.375081,-1.102718,1.306467,0.770388
10.986000,0.445225,0.869693,-0.128317,-1.375081,-1.102718,1.306467,0.770388
10.988000,0.445225,0.869693,-0.128317,-1.375081,-1.102718,1.306467,0.770388
10.990000,0.445225,0.869693,-0.128317,-1.375081,-1.102718,1.306467,0.770388
10.992000,0.445225,0.869693,-0.128317,-1.375081,-1.102718,1.306467,0.770388
10.994000,0.445225,0.869693,-0.128317,-1.375081,-1.102718,1.306467,0.770388
10.996000,0.445225,0.869693,-0.128317,-1.375081,-1.102718,1.306467,0.770388
10.998000,0.445225,0.869693,-0.128317,-1.375081,-1.102718,1.306467,0.770388
11.000000,0.445225,0.869693,-0.128317,-1.375081,-1.102718,1.306467,0.770388
11.002000,0.445225,0.869693,-0.128317,-1.375081,-1.102718,1.306467,0.770388
11.004000,0.445225,0.869693,-0.128317,-1.375081,-1.102718,1.306467,0.770388
11.006000,0.445225,0.869693,-0.128317,-1.375081,-1.102718,1.306467,0.770388
11.008000,0.445225,0.869693,-0.128317,-1.375081,-1.102718,1.306467,0.770388
11.010000,0.445225,0.869693,-0.128317,-1.375081,-1.102718,1.306467,0.770388
11.012000,0.445225,0.869693,-0.128317,-1.375081,-1.102718,1.306467,0.770388
11.014000,0.445225,0.869693,-0.128317,-1.375081,-1.102718,1.306467,0.770388
11.016000,0.445225,0.869693,-0.128317,-1.375081,-1.102718,1.306467,0.770388
11.018000,0.445225,0.869693,-0.128317,-1.375081,-1.102718,1.306467,0.770388
11.020000,0.445225,0.869693,-0.128317,-1.375081,-1.102718,1.306467,0.770388
11.022000,0.445225,0.869693,-0.128317,-1.375081,-1.102718,1.306467,0.770388
11.024000,0.445225,0.869693,-0.128317,-1.375081,-1.102718,1.306467,0.770388
11.026000,0.445225,0.869693,-0.128317,-1.375081,-1.102718,1.306467,0.770388
11.028000,0.445225,0.869693,-0.128317,-1.375081,-1.102718,1.306467,0.770388
11.030000,0.445225,0.869693,-0.128317,-1.375081,-1.102718,1.306467,0.770388
11.032000,0.445225,0.869693,-0.128317,-1.375081,-1.102718,1.306467,0.770388
11.034000,0.445225,0.869693,-0.128317,-1.375081,-1.102718,1.306467,0.770388
11.036000,0.445225,0.869693,-0.128317,-1.375081,-1.102718,1.306467,0.770388
11.038000,0.445225,0.869693,-0.128317,-1.375081,-1.102718,1.306467,0.770388
11.040000,0.445225,0.869693,-0.128317,-1.375081,-1.102718,1.306467,0.770388
11.042000,0.445225,0.869693,-0.128317,-1.375081,-1.102718,1.306467,0.770388
11.044000,0.445225,0.869693,-0.128317,-1.375081,-1.102718,1.306467,0.770388
11.046000,0.445225,0.869693,-0.128317,-1.375081,-1.102718,1.306467,0.770388
11.048000,0.445225,0.869693,-0.128317,-1.375081,-1.102718,1.306467,0.770388
11.050000,0.445225,0.869693,-0.128317,-1.375081,-1.102718,1.306467,0.770388
11.052000,0.445225,0.869693,-0.128317,-1.375081,-1.102718,1.306467,0.770388
11.054000,0.445225,0.869693,-0.128317,-1.375081,-1.102718,1.306467,0.770388
11.056000,0.445225,0.869693,-0.128317,-1.375081,-1.102718,1.306467,0.770388
11.058000,0.445225,0.869693,-0.128317,-1.375081,-1.102718,1.306467,0.770388
11.060000,0.445225,0.869693,-0.128317,-1.375081,-1.102718,1.306467,0.770388
11.062000,0.445225,0.869693,-0.128317,-1.375081,-1.102718,1.306467,0.770388
11.064000,0.445225,0.869693,-0.128317,-1.375081,-1.102718,1.306467,0.770388
11.066000,0.445225,0.869693,-0.128317,-1.375081,-1.102718,1.306467,0.770388
11.068000,0.445225,0.869693,-0.128317,-1.375081,-1.102718,1.306467,0.770388
11.070000,0.445225,0.869693,-0.128317,-1.375081,-1.102718,1.306467,0.770388
11.072000,0.445225,0.869693,-0.128317,-1.375081,-1.102718,1.306467,0.770388
11.074000,0.445225,0.869693,-0.128317,-1.375081,-1.102718,1.306467,0.770388
11.076000,0.445225,0.869693,-0.128317,-1.375081,-1.102718,1.306467,0.770388
11.078000,0.445225,0.869693,-0.128317,-1.375081,-1.102718,1.306467,0.770388
11.080000,0.445225,0.869693,-0.128317,-1.375081,-1.102718,1.306467,0.770388
11.082000,0.445225,0.869693,-0.128317,-1.375081,-1.102718,1.306467,0.770388
11.084000,0.445225,0.869693,-0.128317,-1.375081,-1.102718,1.306467,0.770388
11.086000,0.445225,0.869693,-0.128317,-1.375081,-1.102718,1.306467,0.770388
11.088000,0.445225,0.869693,-0.128317,-1.375081,-1.102718,1.306467,0.770388
11.090000,0.445225,0.869693,-0.128317,-1.375081,-1.102718,1.306467,0.770388
11.092000,0.445225,0.869693,-0.128317,-1.375081,-1.102718,1.306467,0.770388
11.094000,0.445225,0.869693,-0.128317,-1.375081,-1.102718,1.306467,0.770388
11.096000,0.445225,0.869693,-0.128317,-1.375081,-1.102718,1.306467,0.770388
11.098000,0.445225,0.869693,-0.128317,-1.375081,-1.102718,1.306467,0.770388
11.100000,0.445225,0.869693,-0.128317,-1.375081,-1.102718,1.306467,0.770388
11.102000,0.445225,0.869693,-0.128317,-1.375081,-1.102718,1.306467,0.770388
11.104000,0.445225,0.869693,-0.128317,-1.375081,-1.102718,1.306467,0.770388
11.106000,0.445225,0.869693,-0.128317,-1.375081,-1.102718,1.306467,0.770388
11.108000,0.445225,0.869693,-0.128317,-1.375081,-1.102718,1.306467,0.770388
11.110000,0.445225,0.869693,-0.128317,-1.375081,-1.102718,1.306467,0.770388
11.112000,0.445225,0.869693,-0.128317,-1.375081,-1.102718,1.306467,0.770388
11.114000,0.445225,0.869693,-0.128317,-1.375081,-1.102718,1.306467,0.770388
11.116000,0.445225,0.869693,-0.128317,-1.375081,-1.102718,1.306467,0.770388
11.118000,0.445225,0.869693,-0.128317,-1.375081,-1.102718,1.306467,0.770388
11.120000,0.445225,0.869693,-0.128317,-1.375081,-1.102718,1.306467,0.770388
11.122000,0.445225,0.869693,-0.128317,-1.375081,-1.102718,1.306467,0.770388
11.124000,0.445225,0.869693,-0.128317,-1.375081,-1.102718,1.306467,0.770388
11.126000,0.445225,0.869693,-0.128317,-1.375081,-1.102718,1.306467,0.770388
11.128000,0.445225,0.869693,-0.128317,-1.375081,-1.102718,1.306467,0.770388
11.130000,0.445225,0.869693,-0.128317,-1.375081,-1.102718,1.306467,0.770388
11.132000,0.445225,0.869693,-0.128317,-1.375081,-1.102718,1.306467,0.770388
11.134000,0.445225,0.869693,-0.128317,-1.375081,-1.102718,1.306467,0.770388
11.136000,0.445225,0.869693,-0.128317,-1.375081,-1.102718,1.306467,0.770388
11.138000,0.445225,0.869693,-0.128317,-1.375081,-1.102718,1.306467,0.770388
11.140000,0.445225,0.869693,-0.128317,-1.375081,-1.102718,1.306467,0.770388
11.142000,0.445225,0.869693,-0.128317,-1.375081,-1.102718,1.306467,0.770388
11.144000,0.445225,0.869693,-0.128317,-1.375081,-1.102718,1.306467,0.770388
11.146000,0.445225,0.869693,-0.128317,-1.375081,-1.102718,1.306467,0.770388
11.148000,0.445225,0.869693,-0.128317,-1.375081,-1.102718,1.306467,0.770388
11.150000,0.445225,0.869693,-0.128317,-1.375081,-1.102718,1.306467,0.770388
11.152000,0.445225,0.869693,-0.128317,-1.375081,-1.102718,1.306467,0.770388
11.154000,0.445225,0.869693,-0.128317,-1.375081,-1.102718,1.306467,0.770388
11.156000,0.445225,0.869693,-0.128317,-1.375081,-1.102718,1.306467,0.770388
11.158000,0.445225,0.869693,-0.128317,-1.375081,-1.102718,1.306467,0.770388
11.160000,0.445225,0.869693,-0.128317,-1.375081,-1.102718,1.306467,0.770388
11.162000,0.445225,0.869693,-0.128317,-1.375081,-1.102718,1.306467,0.770388
11.164000,0.445225,0.869693,-0.128317,-1.375081,-1.102718,1.306467,0.770388
11.166000,0.445225,0.869693,-0.128317,-1.375081,-1.102718,1.306467,0.770388
11.168000,0.445225,0.869693,-0.128317,-1.375081,-1.102718,1.306467,0.770388
11.170000,0.445225,0.869693,-0.128317,-1.375081,-1.102718,1.306467,0.770388
11.172000,0.445225,0.869693,-0.128317,-1.375081,-1.102718,1.306467,0.770388
11.174000,0.445225,0.869693,-0.128317,-1.375081,-1.102718,1.306467,0.770388
11.176000,0.445225,0.869693,-0.128317,-1.375081,-1.102718,1.306467,0.770388
11.178000,0.445225,0.869693,-0.128317,-1.375081,-1.102718,1.306467,0.770388
11.180000,0.445225,0.869693,-0.128317,-1.375081,-1.102718,1.306467,0.770388
11.182000,0.445225,0.869693,-0.128317,-1.375081,-1.102718,1.306467,0.770388
11.184000,0.445225,0.869693,-0.128317,-1.375081,-1.102718,1.306467,0.770388
11.186000,0.445225,0.869693,-0.128317,-1.375081,-1.102718,1.306467,0.770388
11.188000,0.445225,0.869693,-0.128317,-1.375081,-1.102718,1.306467,0.770388
11.190000,0.445225,0.869693,-0.128317,-1.375081,-1.102718,1.306467,0.770388
11.192000,0.445225,0.869693,-0.128317,-1.375081,-1.102718,1.306467,0.770388
11.194000,0.445225,0.869693,-0.128317,-1.375081,-1.102718,1.306467,0.770388
11.196000,0.445225,0.869693,-0.128317,-1.375081,-1.102718,1.306467,0.770388
11.198000,0.445225,0.869693,-0.128317,-1.375081,-1.102718,1.306467,0.770388
11.200000,0.445225,0.869693,-0.128317,-1.375081,-1.102718,1.306467,0.770388
11.202000,0.445225,0.869693,-0.128317,-1.375081,-1.102718,1.306467,0.770388
11.204000,0.445225,0.869693,-0.128317,-1.375081,-1.102718,1.306467,0.770388
11.206000,0.445225,0.869693,-0.128317,-1.375081,-1.102718,1.306467,0.770388
11.208000,0.445225,0.869693,-0.128317,-1.375081,-1.102718,1.306467,0.770388
11.210000,0.445225,0.869693,-0.128317,-1.375081,-1.102718,1.306467,0.770388
11.212000,0.445225,0.869693,-0.128317,-1.375081,-1.102718,1.306467,0.770388
11.214000,0.445225,0.869693,-0.128317,-1.375081,-1.102718,1.306467,0.770388
11.216000,0.445225,0.869693,-0.128317,-1.375081,-1.102718,1.306467,0.770388
11.218000,0.445225,0.869693,-0.128317,-1.375081,-1.102718,1.306467,0.770388
11.220000,0.445225,0.869693,-0.128317,-1.375081,-1.102718,1.306467,0.770388
11.222000,0.445225,0.869693,-0.128317,-1.375081,-1.102718,1.306467,0.770388
11.224000,0.445225,0.869693,-0.128317,-1.375081,-1.102718,1.306467,0.770388
11.226000,0.445225,0.869693,-0.128317,-1.375081,-1.102718,1.306467,0.770388
11.228000,0.445225,0.869693,-0.128317,-1.375081,-1.102718,1.306467,0.770388
11.230000,0.445225,0.869693,-0.128317,-1.375081,-1.102718,1.306467,0.770388
11.232000,0.445225,0.869693,-0.128317,-1.375081,-1.102718,1.306467,0.770388
11.234000,0.445225,0.869693,-0.128317,-1.375081,-1.102718,1.306467,0.770388
11.236000,0.445225,0.869693,-0.128317,-1.375081,-1.102718,1.306467,0.770388
11.238000,0.445225,0.869693,-0.128317,-1.375081,-1.102718,1.306467,0.770388
11.240000,0.445225,0.869693,-0.128317,-1.375081,-1.102718,1.306467,0.770388
11.242000,0.445225,0.869693,-0.128317,-1.375081,-1.102718,1.306467,0.770388
11.244000,0.445225,0.869693,-0.128317,-1.375081,-1.102718,1.306467,0.770388
11.246000,0.445225,0.869693,-0.128317,-1.375081,-1.102718,1.306467,0.770388
11.248000,0.445225,0.869693,-0.128317,-1.375081,-1.102718,1.306467,0.770388
11.250000,0.445225,0.869693,-0.128317,-1.375081,-1.102718,1.306467,0.770388
11.252000,0.445225,0.869693,-0.128317,-1.375081,-1.102718,1.306467,0.770388
11.254000,0.445225,0.869693,-0.128317,-1.375081,-1.102718,1.306467,0.770388
11.256000,0.445225,0.869693,-0.128317,-1.375081,-1.102718,1.306467,0.770388
11.258000,0.445225,0.869693,-0.128317,-1.375081,-1.102718,1.306467,0.770388
11.260000,0.445225,0.869693,-0.128317,-1.375081,-1.102718,1.306467,0.770388
11.262000,0.445225,0.869693,-0.128317,-1.375081,-1.102718,1.306467,0.770388
11.264000,0.445225,0.869693,-0.128317,-1.375081,-1.102718,1.306467,0.770388
11.266000,0.445225,0.869693,-0.128317,-1.375081,-1.102718,1.306467,0.770388
11.268000,0.445225,0.869693,-0.128317,-1.375081,-1.102718,1.306467,0.770388
11.270000,0.445225,0.869693,-0.128317,-1.375081,-1.102718,1.306467,0.770388
11.272000,0.445225,0.869693,-0.128317,-1.375081,-1.102718,1.306467,0.770388
11.274000,0.445225,0.869693,-0.128317,-1.375081,-1.102718,1.306467,0.770388
11.276000,0.445225,0.869693,-0.128317,-1.375081,-1.102718,1.306467,0.770388
11.278000,0.445225,0.869693,-0.128317,-1.375081,-1.102718,1.306467,0.770388
11.280000,0.445225,0.869693,-0.128317,-1.375081,-1.102718,1.306467,0.770388
11.282000,0.445225,0.869693,-0.128317,-1.375081,-1.102718,1.306467,0.770388
11.284000,0.445225,0.869693,-0.128317,-1.375081,-1.102718,1.306467,0.770388
11.286000,0.445225,0.869693,-0.128317,-1.375081,-1.102718,1.306467,0.770388
11.288000,0.445225,0.869693,-0.128317,-1.375081,-1.102718,1.306467,0.770388
11.290000,0.445225,0.869693,-0.128317,-1.375081,-1.102718,1.306467,0.770388
11.292000,0.445225,0.869693,-0.128317,-1.375081,-1.102718,1.306467,0.770388
11.294000,0.445225,0.869693,-0.128317,-1.375081,-1.102718,1.306467,0.770388
11.296000,0.445225,0.869693,-0.128317,-1.375081,-1.102718,1.306467,0.770388
11.298000,0.445225,0.869693,-0.128317,-1.375081,-1.102718,1.306467,0.770388
11.300000,0.445225,0.869693,-0.128317,-1.375081,-1.102718,1.306467,0.770388
11.302000,0.445225,0.869693,-0.128317,-1.375081,-1.102718,1.306467,0.770388
11.304000,0.445225,0.869693,-0.128317,-1.375081,-1.102718,1.306467,0.770388
11.306000,0.445225,0.869693,-0.128317,-1.375081,-1.102718,1.306467,0.770388
11.308000,0.445225,0.869693,-0.128317,-1.375081,-1.102718,1.306467,0.770388
11.310000,0.445225,0.869693,-0.128317,-1.375081,-1.102718,1.306467,0.770388
11.312000,0.445225,0.869693,-0.128317,-1.375081,-1.102718,1.306467,0.770388
11.314000,0.445225,0.869693,-0.128317,-1.375081,-1.102718,1.306467,0.770388
11.316000,0.445225,0.869693,-0.128317,-1.375081,-1.102718,1.306467,0.770388
11.318000,0.445225,0.869693,-0.128317,-1.375081,-1.102718,1.306467,0.770388
11.320000,0.445225,0.869693,-0.128317,-1.375081,-1.102718,1.306467,0.770388
11.322000,0.445225,0.869693,-0.128317,-1.375081,-1.102718,1.306467,0.770388
11.324000,0.445225,0.869693,-0.128317,-1.375081,-1.102718,1.306467,0.770388
11.326000,0.445225,0.869693,-0.128317,-1.375081,-1.102718,1.306467,0.770388
11.328000,0.445225,0.869693,-0.128317,-1.375081,-1.102718,1.306467,0.770388
11.330000,0.445225,0.869693,-0.128317,-1.375081,-1.102718,1.306467,0.770388
11.332000,0.445225,0.869693,-0.128317,-1.375081,-1.102718,1.306467,0.770388
11.334000,0.445225,0.869693,-0.128317,-1.375081,-1.102718,1.306467,0.770388
11.336000,0.445225,0.869693,-0.128317,-1.375081,-1.102718,1.306467,0.770388
11.338000,0.445225,0.869693,-0.128317,-1.375081,-1.102718,1.306467,0.770388
11.340000,0.445225,0.869693,-0.128317,-1.375081,-1.102718,1.306467,0.770388
11.342000,0.445225,0.869693,-0.128317,-1.375081,-1.102718,1.306467,0.770388
11.344000,0.445225,0.869693,-0.128317,-1.375081,-1.102718,1.306467,0.770388
11.346000,0.445225,0.869693,-0.128317,-1.375081,-1.102718,1.306467,0.770388
11.348000,0.445225,0.869693,-0.128317,-1.375081,-1.102718,1.306467,0.770388
11.350000,0.445225,0.869693,-0.128317,-1.375081,-1.102718,1.306467,0.770388
11.352000,0.445225,0.869693,-0.128317,-1.375081,-1.102718,1.306467,0.770388
11.354000,0.445225,0.869693,-0.128317,-1.375081,-1.102718,1.306467,0.770388
11.356000,0.445225,0.869693,-0.128317,-1.375081,-1.102718,1.306467,0.770388
11.358000,0.445225,0.869693,-0.128317,-1.375081,-1.102718,1.306467,0.770388
11.360000,0.445225,0.869693,-0.128317,-1.375081,-1.102718,1.306467,0.770388
11.362000,0.445225,0.869693,-0.128317,-1.375081,-1.102718,1.306467,0.770388
11.364000,0.445225,0.869693,-0.128317,-1.375081,-1.102718,1.306467,0.770388
11.366000,0.445225,0.869693,-0.128317,-1.375081,-1.102718,1.306467,0.770388
11.368000,0.445225,0.869693,-0.128317,-1.375081,-1.102718,1.306467,0.770388
11.370000,0.445225,0.869693,-0.128317,-1.375081,-1.102718,1.306467,0.770388
11.372000,0.445225,0.869693,-0.128317,-1.375081,-1.102718,1.306467,0.770388
11.374000,0.445225,0.869693,-0.128317,-1.375081,-1.102718,1.306467,0.770388
11.376000,0.445225,0.869693,-0.128317,-1.375081,-1.102718,1.306467,0.770388
11.378000,0.445225,0.869693,-0.128317,-1.375081,-1.102718,1.306467,0.770388
11.380000,0.445225,0.869693,-0.128317,-1.375081,-1.102718,1.306467,0.770388
11.382000,0.445225,0.869693,-0.128317,-1.375081,-1.102718,1.306467,0.770388
11.384000,0.445225,0.869693,-0.128317,-1.375081,-1.102718,1.306467,0.770388
11.386000,0.445225,0.869693,-0.128317,-1.375081,-1.102718,1.306467,0.770388
11.388000,0.445225,0.869693,-0.128317,-1.375081,-1.102718,1.306467,0.770388
11.390000,0.445225,0.869693,-0.128317,-1.375081,-1.102718,1.306467,0.770388
11.392000,0.445225,0.869693,-0.128317,-1.375081,-1.102718,1.306467,0.770388
11.394000,0.445225,0.869693,-0.128317,-1.375081,-1.102718,1.306467,0.770388
11.396000,0.445225,0.869693,-0.128317,-1.375081,-1.102718,1.306467,0.770388
11.398000,0.445225,0.869693,-0.128317,-1.375081,-1.102718,1.306467,0.770388
11.400000,0.445225,0.869693,-0.128317,-1.375081,-1.102718,1.306467,0.770388
11.402000,0.445225,0.869693,-0.128317,-1.375081,-1.102718,1.306467,0.770388
11.404000,0.445225,0.869693,-0.128317,-1.375081,-1.102718,1.306467,0.770388
11.406000,0.445225,0.869693,-0.128317,-1.375081,-1.102718,1.306467,0.770388
11.408000,0.445225,0.869693,-0.128317,-1.375081,-1.102718,1.306467,0.770388
11.410000,0.445225,0.869693,-0.128317,-1.375081,-1.102718,1.306467,0.770388
11.412000,0.445225,0.869693,-0.128317,-1.375081,-1.102718,1.306467,0.770388
11.414000,0.445225,0.869693,-0.128317,-1.375081,-1.102718,1.306467,0.770388
11.416000,0.445225,0.869693,-0.128317,-1.375081,-1.102718,1.306467,0.770388
11.418000,0.445225,0.869693,-0.128317,-1.375081,-1.102718,1.306467,0.770388
11.420000,0.445225,0.869693,-0.128317,-1.375081,-1.102718,1.306467,0.770388
11.422000,0.445225,0.869693,-0.128317,-1.375081,-1.102718,1.306467,0.770388
11.424000,0.445225,0.869693,-0.128317,-1.375081,-1.102718,1.306467,0.770388
11.426000,0.445225,0.869693,-0.128317,-1.375081,-1.102718,1.306467,0.770388
11.428000,0.445225,0.869693,-0.128317,-1.375081,-1.102718,1.306467,0.770388
11.430000,0.445225,0.869693,-0.128317,-1.375081,-1.102718,1.306467,0.770388
11.432000,0.445225,0.869693,-0.128317,-1.375081,-1.102718,1.306467,0.770388
11.434000,0.445225,0.869693,-0.128317,-1.375081,-1.102718,1.306467,0.770388
11.436000,0.445225,0.869693,-0.128317,-1.375081,-1.102718,1.306467,0.770388
11.438000,0.445225,0.869693,-0.128317,-1.375081,-1.102718,1.306467,0.770388
11.440000,0.445225,0.869693,-0.128317,-1.375081,-1.102718,1.306467,0.770388
11.442000,0.445225,0.869693,-0.128317,-1.375081,-1.102718,1.306467,0.770388
11.444000,0.445225,0.869693,-0.128317,-1.375081,-1.102718,1.306467,0.770388
11.446000,0.445225,0.869693,-0.128317,-1.375081,-1.102718,1.306467,0.770388
11.448000,0.445225,0.869693,-0.128317,-1.375081,-1.102718,1.306467,0.770388
11.450000,0.445225,0.869693,-0.128317,-1.375081,-1.102718,1.306467,0.770388
11.452000,0.445225,0.869693,-0.128317,-1.375081,-1.102718,1.306467,0.770388
11.454000,0.445225,0.869693,-0.128317,-1.375081,-1.102718,1.306467,0.770388
11.456000,0.445225,0.869693,-0.128317,-1.375081,-1.102718,1.306467,0.770388
11.458000,0.445225,0.869693,-0.128317,-1.375081,-1.102718,1.306467,0.770388
11.460000,0.445225,0.869693,-0.128317,-1.375081,-1.102718,1.306467,0.770388
11.462000,0.445225,0.869693,-0.128317,-1.375081,-1.102718,1.306467,0.770388
11.464000,0.445225,0.869693,-0.128317,-1.375081,-1.102718,1.306467,0.770388
11.466000,0.445225,0.869693,-0.128317,-1.375081,-1.102718,1.306467,0.770388
11.468000,0.445225,0.869693,-0.128317,-1.375081,-1.102718,1.306467,0.770388
11.470000,0.445225,0.869693,-0.128317,-1.375081,-1.102718,1.306467,0.770388
11.472000,0.445225,0.869693,-0.128317,-1.375081,-1.102718,1.306467,0.770388
11.474000,0.445225,0.869693,-0.128317,-1.375081,-1.102718,1.306467,0.770388
11.476000,0.445225,0.869693,-0.128317,-1.375081,-1.102718,1.306467,0.770388
11.478000,0.445225,0.869693,-0.128317,-1.375081,-1.102718,1.306467,0.770388
11.480000,0.445225,0.869693,-0.128317,-1.375081,-1.102718,1.306467,0.770388
11.482000,0.445225,0.869693,-0.128317,-1.375081,-1.102718,1.306467,0.770388
11.484000,0.445225,0.869693,-0.128317,-1.375081,-1.102718,1.306467,0.770388
11.486000,0.445225,0.869693,-0.128317,-1.375081,-1.102718,1.306467,0.770388
11.488000,0.445225,0.869693,-0.128317,-1.375081,-1.102718,1.306467,0.770388
11.490000,0.445225,0.869693,-0.128317,-1.375081,-1.102718,1.306467,0.770388
11.492000,0.445225,0.869693,-0.128317,-1.375081,-1.102718,1.306467,0.770388
11.494000,0.445225,0.869693,-0.128317,-1.375081,-1.102718,1.306467,0.770388
11.496000,0.445225,0.869693,-0.128317,-1.375081,-1.102718,1.306467,0.770388
11.498000,0.445225,0.869693,-0.128317,-1.375081,-1.102718,1.306467,0.770388
11.500000,0.445225,0.869693,-0.128317,-1.375081,-1.102718,1.306467,0.770388
11.502000,0.445225,0.869693,-0.128317,-1.375081,-1.102718,1.306467,0.770388
11.504000,0.445225,0.869693,-0.128317,-1.375081,-1.102718,1.306467,0.770388
11.506000,0.445225,0.869693,-0.128317,-1.375081,-1.102718,1.306467,0.770388
11.508000,0.445225,0.869693,-0.128317,-1.375081,-1.102718,1.306467,0.770388
11.510000,0.445225,0.869693,-0.128317,-1.375081,-1.102718,1.306467,0.770388
11.512000,0.445225,0.869693,-0.128317,-1.375081,-1.102718,1.306467,0.770388
11.514000,0.445225,0.869693,-0.128317,-1.375081,-1.102718,1.306467,0.770388
11.516000,0.445225,0.869693,-0.128317,-1.375081,-1.102718,1.306467,0.770388
11.518000,0.445225,0.869693,-0.128317,-1.375081,-1.102718,1.306467,0.770388
11.520000,0.445225,0.869693,-0.128317,-1.375081,-1.102718,1.306467,0.770388
11.522000,0.445225,0.869693,-0.128317,-1.375081,-1.102718,1.306467,0.770388
11.524000,0.445225,0.869693,-0.128317,-1.375081,-1.102718,1.306467,0.770388
11.526000,0.445225,0.869693,-0.128317,-1.375081,-1.102718,1.306467,0.770388
11.528000,0.445225,0.869693,-0.128317,-1.375081,-1.102718,1.306467,0.770388
11.530000,0.445225,0.869693,-0.128317,-1.375081,-1.102718,1.306467,0.770388
11.532000,0.445225,0.869693,-0.128317,-1.375081,-1.102718,1.306467,0.770388
11.534000,0.445225,0.869693,-0.128317,-1.375081,-1.102718,1.306467,0.770388
11.536000,0.445225,0.869693,-0.128317,-1.375081,-1.102718,1.306467,0.770388
11.538000,0.445225,0.869693,-0.128317,-1.375081,-1.102718,1.306467,0.770388
11.540000,0.445225,0.869693,-0.128317,-1.375081,-1.102718,1.306467,0.770388
11.542000,0.445225,0.869693,-0.128317,-1.375081,-1.102718,1.306467,0.770388
11.544000,0.445225,0.869693,-0.128317,-1.375081,-1.102718,1.306467,0.770388
11.546000,0.445225,0.869693,-0.128317,-1.375081,-1.102718,1.306467,0.770388
11.548000,0.445225,0.869693,-0.128317,-1.375081,-1.102718,1.306467,0.770388
11.550000,0.445225,0.869693,-0.128317,-1.375081,-1.102718,1.306467,0.770388
11.552000,0.445225,0.869693,-0.128317,-1.375081,-1.102718,1.306467,0.770388
11.554000,0.445225,0.869693,-0.128317,-1.375081,-1.102718,1.306467,0.770388
11.556000,0.445225,0.869693,-0.128317,-1.375081,-1.102718,1.306467,0.770388
11.558000,0.445225,0.869693,-0.128317,-1.375081,-1.102718,1.306467,0.770388
11.560000,0.445225,0.869693,-0.128317,-1.375081,-1.102718,1.306467,0.770388
11.562000,0.445225,0.869693,-0.128317,-1.375081,-1.102718,1.306467,0.770388
11.564000,0.445225,0.869693,-0.128317,-1.375081,-1.102718,1.306467,0.770388
11.566000,0.445225,0.869693,-0.128317,-1.375081,-1.102718,1.306467,0.770388
11.568000,0.445225,0.869693,-0.128317,-1.375081,-1.102718,1.306467,0.770388
11.570000,0.445225,0.869693,-0.128317,-1.375081,-1.102718,1.306467,0.770388
11.572000,0.445225,0.869693,-0.128317,-1.375081,-1.102718,1.306467,0.770388
11.574000,0.445225,0.869693,-0.128317,-1.375081,-1.102718,1.306467,0.770388
11.576000,0.445225,0.869693,-0.128317,-1.375081,-1.102718,1.306467,0.770388
11.578000,0.445225,0.869693,-0.128317,-1.375081,-1.102718,1.306467,0.770388
11.580000,0.445225,0.869693,-0.128317,-1.375081,-1.102718,1.306467,0.770388
11.582000,0.445225,0.869693,-0.128317,-1.375081,-1.102718,1.306467,0.770388
11.584000,0.445225,0.869693,-0.128317,-1.375081,-1.102718,1.306467,0.770388
11.586000,0.445225,0.869693,-0.128317,-1.375081,-1.102718,1.306467,0.770388
11.588000,0.445225,0.869693,-0.128317,-1.375081,-1.102718,1.306467,0.770388
11.590000,0.445225,0.869693,-0.128317,-1.375081,-1.102718,1.306467,0.770388
11.592000,0.445225,0.869693,-0.128317,-1.375081,-1.102718,1.306467,0.770388
11.594000,0.445225,0.869693,-0.128317,-1.375081,-1.102718,1.306467,0.770388
11.596000,0.445225,0.869693,-0.128317,-1.375081,-1.102718,1.306467,0.770388
11.598000,0.445225,0.869693,-0.128317,-1.375081,-1.102718,1.306467,0.770388
11.600000,0.445225,0.869693,-0.128317,-1.375081,-1.102718,1.306467,0.770388
11.602000,0.445225,0.869693,-0.128317,-1.375081,-1.102718,1.306467,0.770388
11.604000,0.445225,0.869693,-0.128317,-1.375081,-1.102718,1.306467,0.770388
11.606000,0.445225,0.869693,-0.128317,-1.375081,-1.102718,1.306467,0.770388
11.608000,0.445225,0.869693,-0.128317,-1.375081,-1.102718,1.306467,0.770388
11.610000,0.445225,0.869693,-0.128317,-1.375081,-1.102718,1.306467,0.770388
11.612000,0.445225,0.869693,-0.128317,-1.375081,-1.102718,1.306467,0.770388
11.614000,0.445225,0.869693,-0.128317,-1.375081,-1.102718,1.306467,0.770388
11.616000,0.445225,0.869693,-0.128317,-1.375081,-1.102718,1.306467,0.770388
11.618000,0.445225,0.869693,-0.128317,-1.375081,-1.102718,1.306467,0.770388
11.620000,0.445225,0.869693,-0.128317,-1.375081,-1.102718,1.306467,0.770388
11.622000,0.445225,0.869693,-0.128317,-1.375081,-1.102718,1.306467,0.770388
11.624000,0.445225,0.869693,-0.128317,-1.375081,-1.102718,1.306467,0.770388
11.626000,0.445225,0.869693,-0.128317,-1.375081,-1.102718,1.306467,0.770388
11.628000,0.445225,0.869693,-0.128317,-1.375081,-1.102718,1.306467,0.770388
11.630000,0.445225,0.869693,-0.128317,-1.375081,-1.102718,1.306467,0.770388
11.632000,0.445225,0.869693,-0.128317,-1.375081,-1.102718,1.306467,0.770388
11.634000,0.445225,0.869693,-0.128317,-1.375081,-1.102718,1.306467,0.770388
11.636000,0.445225,0.869693,-0.128317,-1.375081,-1.102718,1.306467,0.770388
11.638000,0.445225,0.869693,-0.128317,-1.375081,-1.102718,1.306467,0.770388
11.640000,0.445225,0.869693,-0.128317,-1.375081,-1.102718,1.306467,0.770388
11.642000,0.445225,0.869693,-0.128317,-1.375081,-1.102718,1.306467,0.770388
11.644000,0.445225,0.869693,-0.128317,-1.375081,-1.102718,1.306467,0.770388
11.646000,0.445225,0.869693,-0.128317,-1.375081,-1.102718,1.306467,0.770388
11.648000,0.445225,0.869693,-0.128317,-1.375081,-1.102718,1.306467,0.770388
11.650000,0.445225,0.869693,-0.128317,-1.375081,-1.102718,1.306467,0.770388
11.652000,0.445225,0.869693,-0.128317,-1.375081,-1.102718,1.306467,0.770388
11.654000,0.445225,0.869693,-0.128317,-1.375081,-1.102718,1.306467,0.770388
11.656000,0.445225,0.869693,-0.128317,-1.375081,-1.102718,1.306467,0.770388
11.658000,0.445225,0.869693,-0.128317,-1.375081,-1.102718,1.306467,0.770388
11.660000,0.445225,0.869693,-0.128317,-1.375081,-1.102718,1.306467,0.770388
11.662000,0.445225,0.869693,-0.128317,-1.375081,-1.102718,1.306467,0.770388
11.664000,0.445225,0.869693,-0.128317,-1.375081,-1.102718,1.306467,0.770388
11.666000,0.445225,0.869693,-0.128317,-1.375081,-1.102718,1.306467,0.770388
11.668000,0.445225,0.869693,-0.128317,-1.375081,-1.102718,1.306467,0.770388
11.670000,0.445225,0.869693,-0.128317,-1.375081,-1.102718,1.306467,0.770388
11.672000,0.445225,0.869693,-0.128317,-1.375081,-1.102718,1.306467,0.770388
11.674000,0.445225,0.869693,-0.128317,-1.375081,-1.102718,1.306467,0.770388
11.676000,0.445225,0.869693,-0.128317,-1.375081,-1.102718,1.306467,0.770388
11.678000,0.445225,0.869693,-0.128317,-1.375081,-1.102718,1.306467,0.770388
11.680000,0.445225,0.869693,-0.128317,-1.375081,-1.102718,1.306467,0.770388
11.682000,0.445225,0.869693,-0.128317,-1.375081,-1.102718,1.306467,0.770388
11.684000,0.445225,0.869693,-0.128317,-1.375081,-1.102718,1.306467,0.770388
11.686000,0.445225,0.869693,-0.128317,-1.375081,-1.102718,1.306467,0.770388
11.688000,0.445225,0.869693,-0.128317,-1.375081,-1.102718,1.306467,0.770388
11.690000,0.445225,0.869693,-0.128317,-1.375081,-1.102718,1.306467,0.770388
11.692000,0.445225,0.869693,-0.128317,-1.375081,-1.102718,1.306467,0.770388
11.694000,0.445225,0.869693,-0.128317,-1.375081,-1.102718,1.306467,0.770388
11.696000,0.445225,0.869693,-0.128317,-1.375081,-1.102718,1.306467,0.770388
11.698000,0.445225,0.869693,-0.128317,-1.375081,-1.102718,1.306467,0.770388
11.700000,0.445225,0.869693,-0.128317,-1.375081,-1.102718,1.306467,0.770388
11.702000,0.445225,0.869693,-0.128317,-1.375081,-1.102718,1.306467,0.770388
11.704000,0.445225,0.869693,-0.128317,-1.375081,-1.102718,1.306467,0.770388
11.706000,0.445225,0.869693,-0.128317,-1.375081,-1.102718,1.306467,0.770388
11.708000,0.445225,0.869693,-0.128317,-1.375081,-1.102718,1.306467,0.770388
11.710000,0.445225,0.869693,-0.128317,-1.375081,-1.102718,1.306467,0.770388
11.712000,0.445225,0.869693,-0.128317,-1.375081,-1.102718,1.306467,0.770388
11.714000,0.445225,0.869693,-0.128317,-1.375081,-1.102718,1.306467,0.770388
11.716000,0.445225,0.869693,-0.128317,-1.375081,-1.102718,1.306467,0.770388
11.718000,0.445225,0.869693,-0.128317,-1.375081,-1.102718,1.306467,0.770388
11.720000,0.445225,0.869693,-0.128317,-1.375081,-1.102718,1.306467,0.770388
11.722000,0.445225,0.869693,-0.128317,-1.375081,-1.102718,1.306467,0.770388
11.724000,0.445225,0.869693,-0.128317,-1.375081,-1.102718,1.306467,0.770388
11.726000,0.445225,0.869693,-0.128317,-1.375081,-1.102718,1.306467,0.770388
11.728000,0.445225,0.869693,-0.128317,-1.375081,-1.102718,1.306467,0.770388
11.730000,0.445225,0.869693,-0.128317,-1.375081,-1.102718,1.306467,0.770388
11.732000,0.445225,0.869693,-0.128317,-1.375081,-1.102718,1.306467,0.770388
11.734000,0.445225,0.869693,-0.128317,-1.375081,-1.102718,1.306467,0.770388
11.736000,0.445225,0.869693,-0.128317,-1.375081,-1.102718,1.306467,0.770388
11.738000,0.445225,0.869693,-0.128317,-1.375081,-1.102718,1.306467,0.770388
11.740000,0.445225,0.869693,-0.128317,-1.375081,-1.102718,1.306467,0.770388
11.742000,0.445225,0.869693,-0.128317,-1.375081,-1.102718,1.306467,0.770388
11.744000,0.445225,0.869693,-0.128317,-1.375081,-1.102718,1.306467,0.770388
11.746000,0.445225,0.869693,-0.128317,-1.375081,-1.102718,1.306467,0.770388
11.748000,0.445225,0.869693,-0.128317,-1.375081,-1.102718,1.306467,0.770388
11.750000,0.445225,0.869693,-0.128317,-1.375081,-1.102718,1.306467,0.770388
11.752000,0.445225,0.869693,-0.128317,-1.375081,-1.102718,1.306467,0.770388
11.754000,0.445225,0.869693,-0.128317,-1.375081,-1.102718,1.306467,0.770388
11.756000,0.445225,0.869693,-0.128317,-1.375081,-1.102718,1.306467,0.770388
11.758000,0.445225,0.869693,-0.128317,-1.375081,-1.102718,1.306467,0.770388
11.760000,0.445225,0.869693,-0.128317,-1.375081,-1.102718,1.306467,0.770388
11.762000,0.445225,0.869693,-0.128317,-1.375081,-1.102718,1.306467,0.770388
11.764000,0.445225,0.869693,-0.128317,-1.375081,-1.102718,1.306467,0.770388
11.766000,0.445225,0.869693,-0.128317,-1.375081,-1.102718,1.306467,0.770388
11.768000,0.445225,0.869693,-0.128317,-1.375081,-1.102718,1.306467,0.770388
11.770000,0.445225,0.869693,-0.128317,-1.375081,-1.102718,1.306467,0.770388
11.772000,0.445225,0.869693,-0.128317,-1.375081,-1.102718,1.306467,0.770388
11.774000,0.445225,0.869693,-0.128317,-1.375081,-1.102718,1.306467,0.770388
11.776000,0.445225,0.869693,-0.128317,-1.375081,-1.102718,1.306467,0.770388
11.778000,0.445225,0.869693,-0.128317,-1.375081,-1.102718,1.306467,0.770388
11.780000,0.445225,0.869693,-0.128317,-1.375081,-1.102718,1.306467,0.770388
11.782000,0.445225,0.869693,-0.128317,-1.375081,-1.102718,1.306467,0.770388
11.784000,0.445225,0.869693,-0.128317,-1.375081,-1.102718,1.306467,0.770388
11.786000,0.445225,0.869693,-0.128317,-1.375081,-1.102718,1.306467,0.770388
11.788000,0.445225,0.869693,-0.128317,-1.375081,-1.102718,1.306467,0.770388
11.790000,0.445225,0.869693,-0.128317,-1.375081,-1.102718,1.306467,0.770388
11.792000,0.445225,0.869693,-0.128317,-1.375081,-1.102718,1.306467,0.770388
11.794000,0.445225,0.869693,-0.128317,-1.375081,-1.102718,1.306467,0.770388
11.796000,0.445225,0.869693,-0.128317,-1.375081,-1.102718,1.306467,0.770388
11.798000,0.445225,0.869693,-0.128317,-1.375081,-1.102718,1.306467,0.770388
11.800000,0.445225,0.869693,-0.128317,-1.375081,-1.102718,1.306467,0.770388
11.802000,0.445225,0.869693,-0.128317,-1.375081,-1.102718,1.306467,0.770388
11.804000,0.445225,0.869693,-0.128317,-1.375081,-1.102718,1.306467,0.770388
11.806000,0.445225,0.869693,-0.128317,-1.375081,-1.102718,1.306467,0.770388
11.808000,0.445225,0.869693,-0.128317,-1.375081,-1.102718,1.306467,0.770388
11.810000,0.445225,0.869693,-0.128317,-1.375081,-1.102718,1.306467,0.770388
11.812000,0.445225,0.869693,-0.128317,-1.375081,-1.102718,1.306467,0.770388
11.814000,0.445225,0.869693,-0.128317,-1.375081,-1.102718,1.306467,0.770388
11.816000,0.445225,0.869693,-0.128317,-1.375081,-1.102718,1.306467,0.770388
11.818000,0.445225,0.869693,-0.128317,-1.375081,-1.102718,1.306467,0.770388
11.820000,0.445225,0.869693,-0.128317,-1.375081,-1.102718,1.306467,0.770388
11.822000,0.445225,0.869693,-0.128317,-1.375081,-1.102718,1.306467,0.770388
11.824000,0.445225,0.869693,-0.128317,-1.375081,-1.102718,1.306467,0.770388
11.826000,0.445225,0.869693,-0.128317,-1.375081,-1.102718,1.306467,0.770388
11.828000,0.445225,0.869693,-0.128317,-1.375081,-1.102718,1.306467,0.770388
11.830000,0.445225,0.869693,-0.128317,-1.375081,-1.102718,1.306467,0.770388
11.832000,0.445225,0.869693,-0.128317,-1.375081,-1.102718,1.306467,0.770388
11.834000,0.445225,0.869693,-0.128317,-1.375081,-1.102718,1.306467,0.770388
11.836000,0.445225,0.869693,-0.128317,-1.375081,-1.102718,1.306467,0.770388
11.838000,0.445225,0.869693,-0.128317,-1.375081,-1.102718,1.306467,0.770388
11.840000,0.445225,0.869693,-0.128317,-1.375081,-1.102718,1.306467,0.770388
11.842000,0.445225,0.869693,-0.128317,-1.375081,-1.102718,1.306467,0.770388
11.844000,0.445225,0.869693,-0.128317,-1.375081,-1.102718,1.306467,0.770388
11.846000,0.445225,0.869693,-0.128317,-1.375081,-1.102718,1.306467,0.770388
11.848000,0.445225,0.869693,-0.128317,-1.375081,-1.102718,1.306467,0.770388
11.850000,0.445225,0.869693,-0.128317,-1.375081,-1.102718,1.306467,0.770388
11.852000,0.445225,0.869693,-0.128317,-1.375081,-1.102718,1.306467,0.770388
11.854000,0.445225,0.869693,-0.128317,-1.375081,-1.102718,1.306467,0.770388
11.856000,0.445225,0.869693,-0.128317,-1.375081,-1.102718,1.306467,0.770388
11.858000,0.445225,0.869693,-0.128317,-1.375081,-1.102718,1.306467,0.770388
11.860000,0.445225,0.869693,-0.128317,-1.375081,-1.102718,1.306467,0.770388
11.862000,0.445225,0.869693,-0.128317,-1.375081,-1.102718,1.306467,0.770388
11.864000,0.445225,0.869693,-0.128317,-1.375081,-1.102718,1.306467,0.770388
11.866000,0.445225,0.869693,-0.128317,-1.375081,-1.102718,1.306467,0.770388
11.868000,0.445225,0.869693,-0.128317,-1.375081,-1.102718,1.306467,0.770388
11.870000,0.445225,0.869693,-0.128317,-1.375081,-1.102718,1.306467,0.770388
11.872000,0.445225,0.869693,-0.128317,-1.375081,-1.102718,1.306467,0.770388
11.874000,0.445225,0.869693,-0.128317,-1.375081,-1.102718,1.306467,0.770388
11.876000,0.445225,0.869693,-0.128317,-1.375081,-1.102718,1.306467,0.770388
11.878000,0.445225,0.869693,-0.128317,-1.375081,-1.102718,1.306467,0.770388
11.880000,0.445225,0.869693,-0.128317,-1.375081,-1.102718,1.306467,0.770388
11.882000,0.445225,0.869693,-0.128317,-1.375081,-1.102718,1.306467,0.770388
11.884000,0.445225,0.869693,-0.128317,-1.375081,-1.102718,1.306467,0.770388
11.886000,0.445225,0.869693,-0.128317,-1.375081,-1.102718,1.306467,0.770388
11.888000,0.445225,0.869693,-0.128317,-1.375081,-1.102718,1.306467,0.770388
11.890000,0.445225,0.869693,-0.128317,-1.375081,-1.102718,1.306467,0.770388
11.892000,0.445225,0.869693,-0.128317,-1.375081,-1.102718,1.306467,0.770388
11.894000,0.445225,0.869693,-0.128317,-1.375081,-1.102718,1.306467,0.770388
11.896000,0.445225,0.869693,-0.128317,-1.375081,-1.102718,1.306467,0.770388
11.898000,0.445225,0.869693,-0.128317,-1.375081,-1.102718,1.306467,0.770388
11.900000,0.445225,0.869693,-0.128317,-1.375081,-1.102718,1.306467,0.770388
11.902000,0.445225,0.869693,-0.128317,-1.375081,-1.102718,1.306467,0.770388
11.904000,0.445225,0.869693,-0.128317,-1.375081,-1.102718,1.306467,0.770388
11.906000,0.445225,0.869693,-0.128317,-1.375081,-1.102718,1.306467,0.770388
11.908000,0.445225,0.869693,-0.128317,-1.375081,-1.102718,1.306467,0.770388
11.910000,0.445225,0.869693,-0.128317,-1.375081,-1.102718,1.306467,0.770388
11.912000,0.445225,0.869693,-0.128317,-1.375081,-1.102718,1.306467,0.770388
11.914000,0.445225,0.869693,-0.128317,-1.375081,-1.102718,1.306467,0.770388
11.916000,0.445225,0.869693,-0.128317,-1.375081,-1.102718,1.306467,0.770388
11.918000,0.445225,0.869693,-0.128317,-1.375081,-1.102718,1.306467,0.770388
11.920000,0.445225,0.869693,-0.128317,-1.375081,-1.102718,1.306467,0.770388
11.922000,0.445225,0.869693,-0.128317,-1.375081,-1.102718,1.306467,0.770388
11.924000,0.445225,0.869693,-0.128317,-1.375081,-1.102718,1.306467,0.770388
11.926000,0.445225,0.869693,-0.128317,-1.375081,-1.102718,1.306467,0.770388
11.928000,0.445225,0.869693,-0.128317,-1.375081,-1.102718,1.306467,0.770388
11.930000,0.445225,0.869693,-0.128317,-1.375081,-1.102718,1.306467,0.770388
11.932000,0.445225,0.869693,-0.128317,-1.375081,-1.102718,1.306467,0.770388
11.934000,0.445225,0.869693,-0.128317,-1.375081,-1.102718,1.306467,0.770388
11.936000,0.445225,0.869693,-0.128317,-1.375081,-1.102718,1.306467,0.770388
11.938000,0.445225,0.869693,-0.128317,-1.375081,-1.102718,1.306467,0.770388
11.940000,0.445225,0.869693,-0.128317,-1.375081,-1.102718,1.306467,0.770388
11.942000,0.445225,0.869693,-0.128317,-1.375081,-1.102718,1.306467,0.770388
11.944000,0.445225,0.869693,-0.128317,-1.375081,-1.102718,1.306467,0.770388
11.946000,0.445225,0.869693,-0.128317,-1.375081,-1.102718,1.306467,0.770388
11.948000,0.445225,0.869693,-0.128317,-1.375081,-1.102718,1.306467,0.770388
11.950000,0.445225,0.869693,-0.128317,-1.375081,-1.102718,1.306467,0.770388
11.952000,0.445225,0.869693,-0.128317,-1.375081,-1.102718,1.306467,0.770388
11.954000,0.445225,0.869693,-0.128317,-1.375081,-1.102718,1.306467,0.770388
11.956000,0.445225,0.869693,-0.128317,-1.375081,-1.102718,1.306467,0.770388
11.958000,0.445225,0.869693,-0.128317,-1.375081,-1.102718,1.306467,0.770388
11.960000,0.445225,0.869693,-0.128317,-1.375081,-1.102718,1.306467,0.770388
11.962000,0.445225,0.869693,-0.128317,-1.375081,-1.102718,1.306467,0.770388
11.964000,0.445225,0.869693,-0.128317,-1.375081,-1.102718,1.306467,0.770388
11.966000,0.445225,0.869693,-0.128317,-1.375081,-1.102718,1.306467,0.770388
11.968000,0.445225,0.869693,-0.128317,-1.375081,-1.102718,1.306467,0.770388
11.970000,0.445225,0.869693,-0.128317,-1.375081,-1.102718,1.306467,0.770388
11.972000,0.445225,0.869693,-0.128317,-1.375081,-1.102718,1.306467,0.770388
11.974000,0.445225,0.869693,-0.128317,-1.375081,-1.102718,1.306467,0.770388
11.976000,0.445225,0.869693,-0.128317,-1.375081,-1.102718,1.306467,0.770388
11.978000,0.445225,0.869693,-0.128317,-1.375081,-1.102718,1.306467,0.770388
11.980000,0.445225,0.869693,-0.128317,-1.375081,-1.102718,1.306467,0.770388
11.982000,0.445225,0.869693,-0.128317,-1.375081,-1.102718,1.306467,0.770388
11.984000,0.445225,0.869693,-0.128317,-1.375081,-1.102718,1.306467,0.770388
11.986000,0.445225,0.869693,-0.128317,-1.375081,-1.102718,1.306467,0.770388
11.988000,0.445225,0.869693,-0.128317,-1.375081,-1.102718,1.306467,0.770388
11.990000,0.445225,0.869693,-0.128317,-1.375081,-1.102718,1.306467,0.770388
11.992000,0.445225,0.869693,-0.128317,-1.375081,-1.102718,1.306467,0.770388
11.994000,0.445225,0.869693,-0.128317,-1.375081,-1.102718,1.306467,0.770388
11.996000,0.445225,0.869693,-0.128317,-1.375081,-1.102718,1.306467,0.770388
11.998000,0.445225,0.869693,-0.128317,-1.375081,-1.102718,1.306467,0.770388
12.000000,0.445225,0.869693,-0.128317,-1.375081,-1.102718,1.306467,0.770388
12.002000,0.445225,0.869693,-0.128317,-1.375081,-1.102718,1.306467,0.770388
12.004000,0.445225,0.869693,-0.128317,-1.375081,-1.102718,1.306467,0.770388
12.006000,0.445225,0.869693,-0.128317,-1.375081,-1.102718,1.306467,0.770388
12.008000,0.445225,0.869693,-0.128317,-1.375081,-1.102718,1.306467,0.770388
12.010000,0.445225,0.869693,-0.128317,-1.375081,-1.102718,1.306467,0.770388
12.012000,0.445225,0.869693,-0.128317,-1.375081,-1.102718,1.306467,0.770388
12.014000,0.445225,0.869693,-0.128317,-1.375081,-1.102718,1.306467,0.770388
12.016000,0.445225,0.869693,-0.128317,-1.375081,-1.102718,1.306467,0.770388
12.018000,0.445225,0.869693,-0.128317,-1.375081,-1.102718,1.306467,0.770388
12.020000,0.445225,0.869693,-0.128317,-1.375081,-1.102718,1.306467,0.770388
12.022000,0.445225,0.869693,-0.128317,-1.375081,-1.102718,1.306467,0.770388
12.024000,0.445225,0.869693,-0.128317,-1.375081,-1.102718,1.306467,0.770388
12.026000,0.445225,0.869693,-0.128317,-1.375081,-1.102718,1.306467,0.770388
12.028000,0.445225,0.869693,-0.128317,-1.375081,-1.102718,1.306467,0.770388
12.030000,0.445225,0.869693,-0.128317,-1.375081,-1.102718,1.306467,0.770388
12.032000,0.445225,0.869693,-0.128317,-1.375081,-1.102718,1.306467,0.770388
12.034000,0.445225,0.869693,-0.128317,-1.375081,-1.102718,1.306467,0.770388
12.036000,0.445225,0.869693,-0.128317,-1.375081,-1.102718,1.306467,0.770388
12.038000,0.445225,0.869693,-0.128317,-1.375081,-1.102718,1.306467,0.770388
12.040000,0.445225,0.869693,-0.128317,-1.375081,-1.102718,1.306467,0.770388
12.042000,0.445225,0.869693,-0.128317,-1.375081,-1.102718,1.306467,0.770388
12.044000,0.445225,0.869693,-0.128317,-1.375081,-1.102718,1.306467,0.770388
12.046000,0.445225,0.869693,-0.128317,-1.375081,-1.102718,1.306467,0.770388
12.048000,0.445225,0.869693,-0.128317,-1.375081,-1.102718,1.306467,0.770388
12.050000,0.445225,0.869693,-0.128317,-1.375081,-1.102718,1.306467,0.770388
12.052000,0.445225,0.869693,-0.128317,-1.375081,-1.102718,1.306467,0.770388
12.054000,0.445225,0.869693,-0.128317,-1.375081,-1.102718,1.306467,0.770388
12.056000,0.445225,0.869693,-0.128317,-1.375081,-1.102718,1.306467,0.770388
12.058000,0.445225,0.869693,-0.128317,-1.375081,-1.102718,1.306467,0.770388
12.060000,0.445225,0.869693,-0.128317,-1.375081,-1.102718,1.306467,0.770388
12.062000,0.445225,0.869693,-0.128317,-1.375081,-1.102718,1.306467,0.770388
12.064000,0.445225,0.869693,-0.128317,-1.375081,-1.102718,1.306467,0.770388
12.066000,0.445225,0.869693,-0.128317,-1.375081,-1.102718,1.306467,0.770388
12.068000,0.445225,0.869693,-0.128317,-1.375081,-1.102718,1.306467,0.770388
12.070000,0.445225,0.869693,-0.128317,-1.375081,-1.102718,1.306467,0.770388
12.072000,0.445225,0.869693,-0.128317,-1.375081,-1.102718,1.306467,0.770388
12.074000,0.445225,0.869693,-0.128317,-1.375081,-1.102718,1.306467,0.770388
12.076000,0.445225,0.869693,-0.128317,-1.375081,-1.102718,1.306467,0.770388
12.078000,0.445225,0.869693,-0.128317,-1.375081,-1.102718,1.306467,0.770388
12.080000,0.445225,0.869693,-0.128317,-1.375081,-1.102718,1.306467,0.770388
12.082000,0.445225,0.869693,-0.128317,-1.375081,-1.102718,1.306467,0.770388
12.084000,0.445225,0.869693,-0.128317,-1.375081,-1.102718,1.306467,0.770388
12.086000,0.445225,0.869693,-0.128317,-1.375081,-1.102718,1.306467,0.770388
12.088000,0.445225,0.869693,-0.128317,-1.375081,-1.102718,1.306467,0.770388
12.090000,0.445225,0.869693,-0.128317,-1.375081,-1.102718,1.306467,0.770388
12.092000,0.445225,0.869693,-0.128317,-1.375081,-1.102718,1.306467,0.770388
12.094000,0.445225,0.869693,-0.128317,-1.375081,-1.102718,1.306467,0.770388
12.096000,0.445225,0.869693,-0.128317,-1.375081,-1.102718,1.306467,0.770388
12.098000,0.445225,0.869693,-0.128317,-1.375081,-1.102718,1.306467,0.770388
12.100000,0.445225,0.869693,-0.128317,-1.375081,-1.102718,1.306467,0.770388
12.102000,0.445225,0.869693,-0.128317,-1.375081,-1.102718,1.306467,0.770388
12.104000,0.445225,0.869693,-0.128317,-1.375081,-1.102718,1.306467,0.770388
12.106000,0.445225,0.869693,-0.128317,-1.375081,-1.102718,1.306467,0.770388
12.108000,0.445225,0.869693,-0.128317,-1.375081,-1.102718,1.306467,0.770388
12.110000,0.445225,0.869693,-0.128317,-1.375081,-1.102718,1.306467,0.770388
12.112000,0.445225,0.869693,-0.128317,-1.375081,-1.102718,1.306467,0.770388
12.114000,0.445225,0.869693,-0.128317,-1.375081,-1.102718,1.306467,0.770388
12.116000,0.445225,0.869693,-0.128317,-1.375081,-1.102718,1.306467,0.770388
12.118000,0.445225,0.869693,-0.128317,-1.375081,-1.102718,1.306467,0.770388
12.120000,0.445225,0.869693,-0.128317,-1.375081,-1.102718,1.306467,0.770388
12.122000,0.445225,0.869693,-0.128317,-1.375081,-1.102718,1.306467,0.770388
12.124000,0.445225,0.869693,-0.128317,-1.375081,-1.102718,1.306467,0.770388
12.126000,0.445225,0.869693,-0.128317,-1.375081,-1.102718,1.306467,0.770388
12.128000,0.445225,0.869693,-0.128317,-1.375081,-1.102718,1.306467,0.770388
12.130000,0.445225,0.869693,-0.128317,-1.375081,-1.102718,1.306467,0.770388
12.132000,0.445225,0.869693,-0.128317,-1.375081,-1.102718,1.306467,0.770388
12.134000,0.445225,0.869693,-0.128317,-1.375081,-1.102718,1.306467,0.770388
12.136000,0.445225,0.869693,-0.128317,-1.375081,-1.102718,1.306467,0.770388
12.138000,0.445225,0.869693,-0.128317,-1.375081,-1.102718,1.306467,0.770388
12.140000,0.445225,0.869693,-0.128317,-1.375081,-1.102718,1.306467,0.770388
12.142000,0.445225,0.869693,-0.128317,-1.375081,-1.102718,1.306467,0.770388
12.144000,0.445225,0.869693,-0.128317,-1.375081,-1.102718,1.306467,0.770388
12.146000,0.445225,0.869693,-0.128317,-1.375081,-1.102718,1.306467,0.770388
12.148000,0.445225,0.869693,-0.128317,-1.375081,-1.102718,1.306467,0.770388
12.150000,0.445225,0.869693,-0.128317,-1.375081,-1.102718,1.306467,0.770388
12.152000,0.445225,0.869693,-0.128317,-1.375081,-1.102718,1.306467,0.770388
12.154000,0.445225,0.869693,-0.128317,-1.375081,-1.102718,1.306467,0.770388
12.156000,0.445225,0.869693,-0.128317,-1.375081,-1.102718,1.306467,0.770388
12.158000,0.445225,0.869693,-0.128317,-1.375081,-1.102718,1.306467,0.770388
12.160000,0.445225,0.869693,-0.128317,-1.375081,-1.102718,1.306467,0.770388
12.162000,0.445225,0.869693,-0.128317,-1.375081,-1.102718,1.306467,0.770388
12.164000,0.445225,0.869693,-0.128317,-1.375081,-1.102718,1.306467,0.770388
12.166000,0.445225,0.869693,-0.128317,-1.375081,-1.102718,1.306467,0.770388
12.168000,0.445225,0.869693,-0.128317,-1.375081,-1.102718,1.306467,0.770388
12.170000,0.445225,0.869693,-0.128317,-1.375081,-1.102718,1.306467,0.770388
12.172000,0.445225,0.869693,-0.128317,-1.375081,-1.102718,1.306467,0.770388
12.174000,0.445225,0.869693,-0.128317,-1.375081,-1.102718,1.306467,0.770388
12.176000,0.445225,0.869693,-0.128317,-1.375081,-1.102718,1.306467,0.770388
12.178000,0.445225,0.869693,-0.128317,-1.375081,-1.102718,1.306467,0.770388
12.180000,0.445225,0.869693,-0.128317,-1.375081,-1.102718,1.306467,0.770388
12.182000,0.445225,0.869693,-0.128317,-1.375081,-1.102718,1.306467,0.770388
12.184000,0.445225,0.869693,-0.128317,-1.375081,-1.102718,1.306467,0.770388
12.186000,0.445225,0.869693,-0.128317,-1.375081,-1.102718,1.306467,0.770388
12.188000,0.445225,0.869693,-0.128317,-1.375081,-1.102718,1.306467,0.770388
12.190000,0.445225,0.869693,-0.128317,-1.375081,-1.102718,1.306467,0.770388
12.192000,0.445225,0.869693,-0.128317,-1.375081,-1.102718,1.306467,0.770388
12.194000,0.445225,0.869693,-0.128317,-1.375081,-1.102718,1.306467,0.770388
12.196000,0.445225,0.869693,-0.128317,-1.375081,-1.102718,1.306467,0.770388
12.198000,0.445225,0.869693,-0.128317,-1.375081,-1.102718,1.306467,0.770388
12.200000,0.445225,0.869693,-0.128317,-1.375081,-1.102718,1.306467,0.770388
12.202000,0.445225,0.869693,-0.128317,-1.375081,-1.102718,1.306467,0.770388
12.204000,0.445225,0.869693,-0.128317,-1.375081,-1.102718,1.306467,0.770388
12.206000,0.445225,0.869693,-0.128317,-1.375081,-1.102718,1.306467,0.770388
12.208000,0.445225,0.869693,-0.128317,-1.375081,-1.102718,1.306467,0.770388
12.210000,0.445225,0.869693,-0.128317,-1.375081,-1.102718,1.306467,0.770388
12.212000,0.445225,0.869693,-0.128317,-1.375081,-1.102718,1.306467,0.770388
12.214000,0.445225,0.869693,-0.128317,-1.375081,-1.102718,1.306467,0.770388
12.216000,0.445225,0.869693,-0.128317,-1.375081,-1.102718,1.306467,0.770388
12.218000,0.445225,0.869693,-0.128317,-1.375081,-1.102718,1.306467,0.770388
12.220000,0.445225,0.869693,-0.128317,-1.375081,-1.102718,1.306467,0.770388
12.222000,0.445225,0.869693,-0.128317,-1.375081,-1.102718,1.306467,0.770388
12.224000,0.445225,0.869693,-0.128317,-1.375081,-1.102718,1.306467,0.770388
12.226000,0.445225,0.869693,-0.128317,-1.375081,-1.102718,1.306467,0.770388
12.228000,0.445225,0.869693,-0.128317,-1.375081,-1.102718,1.306467,0.770388
12.230000,0.445225,0.869693,-0.128317,-1.375081,-1.102718,1.306467,0.770388
12.232000,0.445225,0.869693,-0.128317,-1.375081,-1.102718,1.306467,0.770388
12.234000,0.445225,0.869693,-0.128317,-1.375081,-1.102718,1.306467,0.770388
12.236000,0.445225,0.869693,-0.128317,-1.375081,-1.102718,1.306467,0.770388
12.238000,0.445225,0.869693,-0.128317,-1.375081,-1.102718,1.306467,0.770388
12.240000,0.445225,0.869693,-0.128317,-1.375081,-1.102718,1.306467,0.770388
12.242000,0.445225,0.869693,-0.128317,-1.375081,-1.102718,1.306467,0.770388
12.244000,0.445225,0.869693,-0.128317,-1.375081,-1.102718,1.306467,0.770388
12.246000,0.445225,0.869693,-0.128317,-1.375081,-1.102718,1.306467,0.770388
12.248000,0.445225,0.869693,-0.128317,-1.375081,-1.102718,1.306467,0.770388
12.250000,0.445225,0.869693,-0.128317,-1.375081,-1.102718,1.306467,0.770388
12.252000,0.445225,0.869693,-0.128317,-1.375081,-1.102718,1.306467,0.770388
12.254000,0.445225,0.869693,-0.128317,-1.375081,-1.102718,1.306467,0.770388
12.256000,0.445225,0.869693,-0.128317,-1.375081,-1.102718,1.306467,0.770388
12.258000,0.445225,0.869693,-0.128317,-1.375081,-1.102718,1.306467,0.770388
12.260000,0.445225,0.869693,-0.128317,-1.375081,-1.102718,1.306467,0.770388
12.262000,0.445225,0.869693,-0.128317,-1.375081,-1.102718,1.306467,0.770388
12.264000,0.445225,0.869693,-0.128317,-1.375081,-1.102718,1.306467,0.770388
12.266000,0.445225,0.869693,-0.128317,-1.375081,-1.102718,1.306467,0.770388
12.268000,0.445225,0.869693,-0.128317,-1.375081,-1.102718,1.306467,0.770388
12.270000,0.445225,0.869693,-0.128317,-1.375081,-1.102718,1.306467,0.770388
12.272000,0.445225,0.869693,-0.128317,-1.375081,-1.102718,1.306467,0.770388
12.274000,0.445225,0.869693,-0.128317,-1.375081,-1.102718,1.306467,0.770388
12.276000,0.445225,0.869693,-0.128317,-1.375081,-1.102718,1.306467,0.770388
12.278000,0.445225,0.869693,-0.128317,-1.375081,-1.102718,1.306467,0.770388
12.280000,0.445225,0.869693,-0.128317,-1.375081,-1.102718,1.306467,0.770388
12.282000,0.445225,0.869693,-0.128317,-1.375081,-1.102718,1.306467,0.770388
12.284000,0.445225,0.869693,-0.128317,-1.375081,-1.102718,1.306467,0.770388
12.286000,0.445225,0.869693,-0.128317,-1.375081,-1.102718,1.306467,0.770388
12.288000,0.445225,0.869693,-0.128317,-1.375081,-1.102718,1.306467,0.770388
12.290000,0.445225,0.869693,-0.128317,-1.375081,-1.102718,1.306467,0.770388
12.292000,0.445225,0.869693,-0.128317,-1.375081,-1.102718,1.306467,0.770388
12.294000,0.445225,0.869693,-0.128317,-1.375081,-1.102718,1.306467,0.770388
12.296000,0.445225,0.869693,-0.128317,-1.375081,-1.102718,1.306467,0.770388
12.298000,0.445225,0.869693,-0.128317,-1.375081,-1.102718,1.306467,0.770388
12.300000,0.445225,0.869693,-0.128317,-1.375081,-1.102718,1.306467,0.770388
12.302000,0.445225,0.869693,-0.128317,-1.375081,-1.102718,1.306467,0.770388
12.304000,0.445225,0.869693,-0.128317,-1.375081,-1.102718,1.306467,0.770388
12.306000,0.445225,0.869693,-0.128317,-1.375081,-1.102718,1.306467,0.770388
12.308000,0.445225,0.869693,-0.128317,-1.375081,-1.102718,1.306467,0.770388
12.310000,0.445225,0.869693,-0.128317,-1.375081,-1.102718,1.306467,0.770388
12.312000,0.445225,0.869693,-0.128317,-1.375081,-1.102718,1.306467,0.770388
12.314000,0.445225,0.869693,-0.128317,-1.375081,-1.102718,1.306467,0.770388
12.316000,0.445225,0.869693,-0.128317,-1.375081,-1.102718,1.306467,0.770388
12.318000,0.445225,0.869693,-0.128317,-1.375081,-1.102718,1.306467,0.770388
12.320000,0.445225,0.869693,-0.128317,-1.375081,-1.102718,1.306467,0.770388
12.322000,0.445225,0.869693,-0.128317,-1.375081,-1.102718,1.306467,0.770388
12.324000,0.445225,0.869693,-0.128317,-1.375081,-1.102718,1.306467,0.770388
12.326000,0.445225,0.869693,-0.128317,-1.375081,-1.102718,1.306467,0.770388
12.328000,0.445225,0.869693,-0.128317,-1.375081,-1.102718,1.306467,0.770388
12.330000,0.445225,0.869693,-0.128317,-1.375081,-1.102718,1.306467,0.770388
12.332000,0.445225,0.869693,-0.128317,-1.375081,-1.102718,1.306467,0.770388
12.334000,0.445225,0.869693,-0.128317,-1.375081,-1.102718,1.306467,0.770388
12.336000,0.445225,0.869693,-0.128317,-1.375081,-1.102718,1.306467,0.770388
12.338000,0.445225,0.869693,-0.128317,-1.375081,-1.102718,1.306467,0.770388
12.340000,0.445225,0.869693,-0.128317,-1.375081,-1.102718,1.306467,0.770388
12.342000,0.445225,0.869693,-0.128317,-1.375081,-1.102718,1.306467,0.770388
12.344000,0.445225,0.869693,-0.128317,-1.375081,-1.102718,1.306467,0.770388
12.346000,0.445225,0.869693,-0.128317,-1.375081,-1.102718,1.306467,0.770388
12.348000,0.445225,0.869693,-0.128317,-1.375081,-1.102718,1.306467,0.770388
12.350000,0.445225,0.869693,-0.128317,-1.375081,-1.102718,1.306467,0.770388
12.352000,0.445225,0.869693,-0.128317,-1.375081,-1.102718,1.306467,0.770388
12.354000,0.445225,0.869693,-0.128317,-1.375081,-1.102718,1.306467,0.770388
12.356000,0.445226,0.869693,-0.128317,-1.375081,-1.102718,1.306467,0.770388
12.358000,0.445226,0.869693,-0.128317,-1.375081,-1.102718,1.306467,0.770388
12.360000,0.445226,0.869693,-0.128317,-1.375081,-1.102718,1.306467,0.770388
12.362000,0.445226,0.869693,-0.128317,-1.375081,-1.102718,1.306467,0.770388
12.364000,0.445226,0.869693,-0.128317,-1.375081,-1.102718,1.306467,0.770388
12.366000,0.445226,0.869693,-0.128317,-1.375081,-1.102718,1.306467,0.770388
12.368000,0.445226,0.869693,-0.128317,-1.375081,-1.102718,1.306467,0.770388
12.370000,0.445226,0.869693,-0.128317,-1.375081,-1.102718,1.306467,0.770388
12.372000,0.445226,0.869693,-0.128317,-1.375081,-1.102718,1.306467,0.770388
12.374000,0.445226,0.869693,-0.128317,-1.375081,-1.102718,1.306467,0.770388
12.376000,0.445226,0.869693,-0.128317,-1.375081,-1.102718,1.306467,0.770388
12.378000,0.445226,0.869693,-0.128317,-1.375081,-1.102718,1.306467,0.770388
12.380000,0.445226,0.869693,-0.128317,-1.375081,-1.102718,1.306467,0.770388
12.382000,0.445226,0.869693,-0.128317,-1.375081,-1.102718,1.306467,0.770388
12.384000,0.445226,0.869693,-0.128317,-1.375081,-1.102718,1.306467,0.770388
12.386000,0.445226,0.869693,-0.128317,-1.375081,-1.102718,1.306467,0.770388
12.388000,0.445226,0.869693,-0.128317,-1.375081,-1.102718,1.306467,0.770388
12.390000,0.445226,0.869693,-0.128317,-1.375081,-1.102718,1.306467,0.770388
12.392000,0.445226,0.869693,-0.128317,-1.375081,-1.102718,1.306467,0.770388
12.394000,0.445226,0.869693,-0.128317,-1.375081,-1.102718,1.306467,0.770388
12.396000,0.445226,0.869693,-0.128317,-1.375081,-1.102718,1.306467,0.770388
12.398000,0.445226,0.869693,-0.128317,-1.375081,-1.102718,1.306467,0.770388
12.400000,0.445226,0.869693,-0.128317,-1.375081,-1.102718,1.306467,0.770388
12.402000,0.445226,0.869693,-0.128317,-1.375081,-1.102718,1.306467,0.770388
12.404000,0.445226,0.869693,-0.128317,-1.375081,-1.102718,1.306467,0.770388
12.406000,0.445226,0.869693,-0.128317,-1.375081,-1.102718,1.306467,0.770388
12.408000,0.445226,0.869693,-0.128317,-1.375081,-1.102718,1.306467,0.770388
12.410000,0.445226,0.869693,-0.128317,-1.375081,-1.102718,1.306467,0.770388
12.412000,0.445227,0.869693,-0.128317,-1.375081,-1.102718,1.306467,0.770388
12.414000,0.445227,0.869693,-0.128317,-1.375081,-1.102718,1.306467,0.770388
12.416000,0.445227,0.869693,-0.128317,-1.375081,-1.102718,1.306467,0.770388
12.418000,0.445227,0.869693,-0.128317,-1.375081,-1.102718,1.306467,0.770388
12.420000,0.445227,0.869693,-0.128317,-1.375081,-1.102718,1.306467,0.770388
12.422000,0.445227,0.869693,-0.128317,-1.375081,-1.102718,1.306467,0.770388
12.424000,0.445227,0.869693,-0.128317,-1.375081,-1.102718,1.306467,0.770388
12.426000,0.445227,0.869693,-0.128317,-1.375081,-1.102718,1.306467,0.770388
12.428000,0.445227,0.869693,-0.128317,-1.375081,-1.102718,1.306467,0.770388
12.430000,0.445227,0.869693,-0.128317,-1.375081,-1.102718,1.306467,0.770388
12.432000,0.445227,0.869693,-0.128317,-1.375081,-1.102718,1.306467,0.770388
12.434000,0.445227,0.869693,-0.128317,-1.375081,-1.102718,1.306467,0.770388
12.436000,0.445227,0.869693,-0.128317,-1.375081,-1.102718,1.306467,0.770388
12.438000,0.445227,0.869693,-0.128317,-1.375081,-1.102718,1.306467,0.770388
12.440000,0.445227,0.869693,-0.128317,-1.375081,-1.102718,1.306467,0.770388
12.442000,0.445228,0.869693,-0.128317,-1.375081,-1.102718,1.306467,0.770388
12.444000,0.445228,0.869693,-0.128317,-1.375081,-1.102718,1.306467,0.770388
12.446000,0.445228,0.869693,-0.128317,-1.375081,-1.102718,1.306467,0.770388
12.448000,0.445228,0.869693,-0.128317,-1.375081,-1.102718,1.306467,0.770388
12.450000,0.445228,0.869693,-0.128317,-1.375081,-1.102718,1.306467,0.770388
12.452000,0.445228,0.869693,-0.128317,-1.375081,-1.102718,1.306467,0.770388
12.454000,0.445228,0.869693,-0.128317,-1.375081,-1.102718,1.306467,0.770388
12.456000,0.445228,0.869693,-0.128317,-1.375081,-1.102718,1.306467,0.770388
12.458000,0.445228,0.869693,-0.128317,-1.375081,-1.102718,1.306467,0.770388
12.460000,0.445228,0.869693,-0.128317,-1.375081,-1.102718,1.306467,0.770388
12.462000,0.445228,0.869693,-0.128317,-1.375081,-1.102718,1.306467,0.770388
12.464000,0.445229,0.869693,-0.128317,-1.375081,-1.102718,1.306467,0.770388
12.466000,0.445229,0.869693,-0.128317,-1.375081,-1.102718,1.306467,0.770388
12.468000,0.445229,0.869693,-0.128317,-1.375081,-1.102718,1.306467,0.770388
12.470000,0.445229,0.869693,-0.128317,-1.375081,-1.102718,1.306467,0.770388
12.472000,0.445229,0.869693,-0.128317,-1.375081,-1.102718,1.306467,0.770388
12.474000,0.445229,0.869693,-0.128317,-1.375081,-1.102718,1.306467,0.770388
12.476000,0.445229,0.869693,-0.128317,-1.375081,-1.102718,1.306467,0.770388
12.478000,0.445229,0.869693,-0.128317,-1.375081,-1.102718,1.306467,0.770388
12.480000,0.445229,0.869693,-0.128317,-1.375081,-1.102718,1.306467,0.770388
12.482000,0.445230,0.869693,-0.128317,-1.375081,-1.102718,1.306467,0.770388
12.484000,0.445230,0.869693,-0.128317,-1.375081,-1.102718,1.306467,0.770388
12.486000,0.445230,0.869693,-0.128317,-1.375081,-1.102718,1.306467,0.770388
12.488000,0.445230,0.869693,-0.128317,-1.375081,-1.102718,1.306467,0.770388
12.490000,0.445230,0.869693,-0.128317,-1.375081,-1.102718,1.306467,0.770388
12.492000,0.445230,0.869693,-0.128317,-1.375081,-1.102718,1.306467,0.770388
12.494000,0.445230,0.869693,-0.128317,-1.375081,-1.102718,1.306467,0.770388
12.496000,0.445231,0.869693,-0.128317,-1.375081,-1.102718,1.306467,0.770388
12.498000,0.445231,0.869693,-0.128317,-1.375081,-1.102718,1.306467,0.770388
12.500000,0.445231,0.869693,-0.128317,-1.375081,-1.102718,1.306467,0.770388
12.502000,0.445231,0.869693,-0.128317,-1.375081,-1.102718,1.306467,0.770388
12.504000,0.445231,0.869693,-0.128317,-1.375081,-1.102718,1.306467,0.770388
12.506000,0.445231,0.869693,-0.128317,-1.375081,-1.102718,1.306467,0.770388
12.508000,0.445231,0.869693,-0.128317,-1.375081,-1.102718,1.306467,0.770388
12.510000,0.445232,0.869693,-0.128317,-1.375081,-1.102718,1.306467,0.770388
12.512000,0.445232,0.869693,-0.128317,-1.375081,-1.102718,1.306467,0.770388
12.514000,0.445232,0.869693,-0.128317,-1.375081,-1.102718,1.306467,0.770388
12.516000,0.445232,0.869693,-0.128317,-1.375081,-1.102718,1.306467,0.770388
12.518000,0.445232,0.869693,-0.128317,-1.375081,-1.102718,1.306467,0.770388
12.520000,0.445232,0.869693,-0.128317,-1.375081,-1.102718,1.306467,0.770388
12.522000,0.445232,0.869693,-0.128317,-1.375081,-1.102718,1.306467,0.770388
12.524000,0.445233,0.869693,-0.128317,-1.375081,-1.102718,1.306467,0.770388
12.526000,0.445233,0.869693,-0.128317,-1.375081,-1.102718,1.306467,0.770388
12.528000,0.445233,0.869693,-0.128317,-1.375081,-1.102718,1.306467,0.770388
12.530000,0.445233,0.869693,-0.128317,-1.375081,-1.102718,1.306467,0.770388
12.532000,0.445233,0.869693,-0.128317,-1.375081,-1.102718,1.306467,0.770388
12.534000,0.445234,0.869693,-0.128317,-1.375081,-1.102718,1.306467,0.770388
12.536000,0.445234,0.869693,-0.128317,-1.375081,-1.102718,1.306467,0.770388
12.538000,0.445234,0.869693,-0.128317,-1.375081,-1.102718,1.306467,0.770388
12.540000,0.445234,0.869693,-0.128317,-1.375081,-1.102718,1.306467,0.770388
12.542000,0.445234,0.869693,-0.128317,-1.375081,-1.102718,1.306467,0.770388
12.544000,0.445235,0.869693,-0.128317,-1.375081,-1.102718,1.306467,0.770388
12.546000,0.445235,0.869693,-0.128317,-1.375081,-1.102718,1.306467,0.770388
12.548000,0.445235,0.869693,-0.128317,-1.375081,-1.102718,1.306467,0.770388
12.550000,0.445235,0.869693,-0.128317,-1.375081,-1.102718,1.306467,0.770388
12.552000,0.445235,0.869693,-0.128317,-1.375081,-1.102718,1.306467,0.770388
12.554000,0.445236,0.869693,-0.128317,-1.375081,-1.102718,1.306467,0.770388
12.556000,0.445236,0.869693,-0.128317,-1.375081,-1.102718,1.306467,0.770388
12.558000,0.445236,0.869693,-0.128317,-1.375081,-1.102718,1.306467,0.770388
12.560000,0.445236,0.869693,-0.128317,-1.375081,-1.102718,1.306467,0.770388
12.562000,0.445237,0.869693,-0.128317,-1.375081,-1.102718,1.306467,0.770388
12.564000,0.445237,0.869693,-0.128317,-1.375081,-1.102718,1.306467,0.770388
12.566000,0.445237,0.869693,-0.128317,-1.375081,-1.102718,1.306467,0.770388
12.568000,0.445237,0.869693,-0.128317,-1.375081,-1.102718,1.306467,0.770388
12.570000,0.445238,0.869693,-0.128317,-1.375081,-1.102718,1.306467,0.770388
12.572000,0.445238,0.869693,-0.128317,-1.375081,-1.102718,1.306467,0.770388
12.574000,0.445238,0.869693,-0.128317,-1.375081,-1.102718,1.306467,0.770388
12.576000,0.445238,0.869693,-0.128317,-1.375081,-1.102718,1.306467,0.770388
12.578000,0.445239,0.869693,-0.128317,-1.375081,-1.102718,1.306467,0.770388
12.580000,0.445239,0.869693,-0.128317,-1.375081,-1.102718,1.306467,0.770388
12.582000,0.445239,0.869693,-0.128317,-1.375081,-1.102718,1.306467,0.770388
12.584000,0.445239,0.869693,-0.128317,-1.375081,-1.102718,1.306467,0.770388
12.586000,0.445240,0.869693,-0.128317,-1.375081,-1.102718,1.306467,0.770388
12.588000,0.445240,0.869693,-0.128317,-1.375081,-1.102718,1.306467,0.770388
12.590000,0.445240,0.869693,-0.128317,-1.375081,-1.102718,1.306467,0.770388
12.592000,0.445240,0.869693,-0.128317,-1.375081,-1.102718,1.306467,0.770388
12.594000,0.445241,0.869693,-0.128317,-1.375081,-1.102718,1.306467,0.770388
12.596000,0.445241,0.869693,-0.128317,-1.375081,-1.102718,1.306467,0.770388
12.598000,0.445241,0.869693,-0.128317,-1.375081,-1.102718,1.306467,0.770388
12.600000,0.445242,0.869693,-0.128317,-1.375081,-1.102718,1.306467,0.770388
12.602000,0.445242,0.869693,-0.128317,-1.375081,-1.102718,1.306467,0.770388
12.604000,0.445242,0.869693,-0.128317,-1.375081,-1.102718,1.306467,0.770388
12.606000,0.445242,0.869693,-0.128317,-1.375081,-1.102718,1.306467,0.770388
12.608000,0.445243,0.869693,-0.128317,-1.375081,-1.102718,1.306467,0.770388
12.610000,0.445243,0.869693,-0.128317,-1.375081,-1.102718,1.306467,0.770388
12.612000,0.445243,0.869693,-0.128317,-1.375081,-1.102718,1.306467,0.770388
12.614000,0.445244,0.869693,-0.128317,-1.375081,-1.102718,1.306467,0.770388
12.616000,0.445244,0.869693,-0.128317,-1.375081,-1.102718,1.306467,0.770388
12.618000,0.445244,0.869693,-0.128317,-1.375081,-1.102718,1.306467,0.770388
12.620000,0.445245,0.869693,-0.128317,-1.375081,-1.102718,1.306467,0.770388
12.622000,0.445245,0.869693,-0.128317,-1.375081,-1.102718,1.306467,0.770388
12.624000,0.445245,0.869693,-0.128317,-1.375081,-1.102718,1.306467,0.770388
12.626000,0.445246,0.869693,-0.128317,-1.375081,-1.102718,1.306467,0.770388
12.628000,0.445246,0.869693,-0.128317,-1.375081,-1.102718,1.306467,0.770388
12.630000,0.445246,0.869693,-0.128317,-1.375081,-1.102718,1.306467,0.770388
12.632000,0.445247,0.869693,-0.128317,-1.375081,-1.102718,1.306467,0.770388
12.634000,0.445247,0.869693,-0.128317,-1.375081,-1.102718,1.306467,0.770388
12.636000,0.445247,0.869693,-0.128317,-1.375081,-1.102718,1.306467,0.770388
12.638000,0.445248,0.869693,-0.128317,-1.375081,-1.102718,1.306467,0.770388
12.640000,0.445248,0.869693,-0.128317,-1.375081,-1.102718,1.306467,0.770388
12.642000,0.445248,0.869693,-0.128317,-1.375081,-1.102718,1.306467,0.770388
12.644000,0.445249,0.869693,-0.128317,-1.375081,-1.102718,1.306467,0.770388
12.646000,0.445249,0.869693,-0.128317,-1.375081,-1.102718,1.306467,0.770388
12.648000,0.445250,0.869693,-0.128317,-1.375081,-1.102718,1.306467,0.770388
12.650000,0.445250,0.869693,-0.128317,-1.375081,-1.102718,1.306467,0.770388
12.652000,0.445250,0.869693,-0.128317,-1.375081,-1.102718,1.306467,0.770388
12.654000,0.445251,0.869693,-0.128317,-1.375081,-1.102718,1.306467,0.770388
12.656000,0.445251,0.869693,-0.128317,-1.375081,-1.102718,1.306467,0.770388
12.658000,0.445251,0.869693,-0.128317,-1.375081,-1.102718,1.306467,0.770388
12.660000,0.445252,0.869693,-0.128317,-1.375081,-1.102718,1.306467,0.770388
12.662000,0.445252,0.869693,-0.128317,-1.375081,-1.102718,1.306467,0.770388
12.664000,0.445253,0.869693,-0.128317,-1.375081,-1.102718,1.306467,0.770388
12.666000,0.445253,0.869693,-0.128317,-1.375081,-1.102718,1.306467,0.770388
12.668000,0.445253,0.869693,-0.128317,-1.375081,-1.102718,1.306467,0.770388
12.670000,0.445254,0.869693,-0.128317,-1.375081,-1.102718,1.306467,0.770388
12.672000,0.445254,0.869693,-0.128317,-1.375081,-1.102718,1.306467,0.770388
12.674000,0.445255,0.869693,-0.128317,-1.375081,-1.102718,1.306467,0.770388
12.676000,0.445255,0.869693,-0.128317,-1.375081,-1.102718,1.306467,0.770388
12.678000,0.445255,0.869693,-0.128317,-1.375081,-1.102718,1.306467,0.770388
12.680000,0.445256,0.869693,-0.128317,-1.375081,-1.102718,1.306467,0.770388
12.682000,0.445256,0.869693,-0.128317,-1.375081,-1.102718,1.306467,0.770388
12.684000,0.445257,0.869693,-0.128317,-1.375081,-1.102718,1.306467,0.770388
12.686000,0.445257,0.869693,-0.128317,-1.375081,-1.102718,1.306467,0.770388
12.688000,0.445258,0.869693,-0.128317,-1.375081,-1.102718,1.306467,0.770388
12.690000,0.445258,0.869693,-0.128317,-1.375081,-1.102718,1.306467,0.770388
12.692000,0.445259,0.869693,-0.128317,-1.375081,-1.102718,1.306467,0.770388
12.694000,0.445259,0.869693,-0.128317,-1.375081,-1.102718,1.306467,0.770388
12.696000,0.445260,0.869693,-0.128317,-1.375081,-1.102718,1.306467,0.770388
12.698000,0.445260,0.869693,-0.128317,-1.375081,-1.102718,1.306467,0.770388
12.700000,0.445261,0.869693,-0.128317,-1.375081,-1.102718,1.306467,0.770388
12.702000,0.445261,0.869693,-0.128317,-1.375081,-1.102718,1.306467,0.770388
12.704000,0.445261,0.869693,-0.128317,-1.375081,-1.102718,1.306467,0.770388
12.706000,0.445262,0.869693,-0.128317,-1.375081,-1.102718,1.306467,0.770388
12.708000,0.445262,0.869693,-0.128317,-1.375081,-1.102718,1.306467,0.770388
12.710000,0.445263,0.869693,-0.128317,-1.375081,-1.102718,1.306467,0.770388
12.712000,0.445263,0.869693,-0.128317,-1.375081,-1.102718,1.306467,0.770388
12.714000,0.445264,0.869693,-0.128317,-1.375081,-1.102718,1.306467,0.770388
12.716000,0.445264,0.869693,-0.128317,-1.375081,-1.102718,1.306467,0.770388
12.718000,0.445265,0.869693,-0.128317,-1.375081,-1.102718,1.306467,0.770388
12.720000,0.445265,0.869693,-0.128317,-1.375081,-1.102718,1.306467,0.770388
12.722000,0.445266,0.869693,-0.128317,-1.375081,-1.102718,1.306467,0.770388
12.724000,0.445266,0.869693,-0.128317,-1.375081,-1.102718,1.306467,0.770388
12.726000,0.445267,0.869693,-0.128317,-1.375081,-1.102718,1.306467,0.770388
12.728000,0.445267,0.869693,-0.128317,-1.375081,-1.102718,1.306467,0.770388
12.730000,0.445268,0.869693,-0.128317,-1.375081,-1.102718,1.306467,0.770388
12.732000,0.445268,0.869693,-0.128317,-1.375081,-1.102718,1.306467,0.770388
12.734000,0.445269,0.869693,-0.128317,-1.375081,-1.102718,1.306467,0.770388
12.736000,0.445270,0.869693,-0.128317,-1.375081,-1.102718,1.306467,0.770388
12.738000,0.445270,0.869693,-0.128317,-1.375081,-1.102718,1.306467,0.770388
12.740000,0.445271,0.869693,-0.128317,-1.375081,-1.102718,1.306467,0.770388
12.742000,0.445271,0.869693,-0.128317,-1.375081,-1.102718,1.306467,0.770388
12.744000,0.445271,0.869693,-0.128317,-1.375081,-1.102718,1.306467,0.770388
12.746000,0.445272,0.869693,-0.128317,-1.375081,-1.102718,1.306467,0.770388
12.748000,0.445273,0.869693,-0.128317,-1.375081,-1.102718,1.306467,0.770388
12.750000,0.445273,0.869693,-0.128317,-1.375081,-1.102718,1.306467,0.770388
12.752000,0.445274,0.869693,-0.128317,-1.375081,-1.102718,1.306467,0.770388
12.754000,0.445274,0.869693,-0.128317,-1.375081,-1.102718,1.306467,0.770388
12.756000,0.445275,0.869693,-0.128317,-1.375081,-1.102718,1.306467,0.770388
12.758000,0.445276,0.869693,-0.128317,-1.375081,-1.102718,1.306467,0.770388
12.760000,0.445276,0.869693,-0.128317,-1.375081,-1.102718,1.306467,0.770388
12.762000,0.445277,0.869693,-0.128317,-1.375081,-1.102718,1.306467,0.770388
12.764000,0.445277,0.869693,-0.128317,-1.375081,-1.102718,1.306467,0.770388
12.766000,0.445278,0.869693,-0.128317,-1.375081,-1.102718,1.306467,0.770388
12.768000,0.445279,0.869693,-0.128317,-1.375081,-1.102718,1.306467,0.770388
12.770000,0.445279,0.869693,-0.128317,-1.375081,-1.102718,1.306467,0.770388
12.772000,0.445280,0.869693,-0.128317,-1.375081,-1.102718,1.306467,0.770388
12.774000,0.445280,0.869693,-0.128317,-1.375081,-1.102718,1.306467,0.770388
12.776000,0.445281,0.869693,-0.128317,-1.375081,-1.102718,1.306467,0.770388
12.778000,0.445282,0.869693,-0.128317,-1.375081,-1.102718,1.306467,0.770388
12.780000,0.445282,0.869693,-0.128317,-1.375081,-1.102718,1.306467,0.770388
12.782000,0.445283,0.869693,-0.128317,-1.375081,-1.102718,1.306467,0.770388
12.784000,0.445284,0.869693,-0.128317,-1.375081,-1.102718,1.306467,0.770388
12.786000,0.445284,0.869693,-0.128317,-1.375081,-1.102718,1.306467,0.770388
12.788000,0.445285,0.869693,-0.128317,-1.375081,-1.102718,1.306467,0.770388
12.790000,0.445286,0.869693,-0.128317,-1.375081,-1.102718,1.306467,0.770388
12.792000,0.445286,0.869693,-0.128317,-1.375081,-1.102718,1.306467,0.770388
12.794000,0.445287,0.869693,-0.128317,-1.375081,-1.102718,1.306467,0.770388
12.796000,0.445288,0.869693,-0.128317,-1.375081,-1.102718,1.306467,0.770388
12.798000,0.445288,0.869693,-0.128317,-1.375081,-1.102718,1.306467,0.770388
12.800000,0.445289,0.869693,-0.128317,-1.375081,-1.102718,1.306467,0.770388
12.802000,0.445290,0.869693,-0.128317,-1.375081,-1.102718,1.306467,0.770388
12.804000,0.445290,0.869693,-0.128317,-1.375081,-1.102718,1.306467,0.770388
12.806000,0.445291,0.869693,-0.128317,-1.375081,-1.102718,1.306467,0.770388
12.808000,0.445292,0.869693,-0.128317,-1.375081,-1.102718,1.306467,0.770388
12.810000,0.445293,0.869693,-0.128317,-1.375081,-1.102718,1.306467,0.770388
12.812000,0.445293,0.869693,-0.128317,-1.375081,-1.102718,1.306467,0.770388
12.814000,0.445294,0.869693,-0.128317,-1.375081,-1.102718,1.306467,0.770388
12.816000,0.445295,0.869693,-0.128317,-1.375081,-1.102718,1.306467,0.770388
12.818000,0.445295,0.869693,-0.128317,-1.375081,-1.102718,1.306467,0.770388
12.820000,0.445296,0.869693,-0.128317,-1.375081,-1.102718,1.306467,0.770388
12.822000,0.445297,0.869693,-0.128317,-1.375081,-1.102718,1.306467,0.770388
12.824000,0.445298,0.869693,-0.128317,-1.375081,-1.102718,1.306467,0.770388
12.826000,0.445298,0.869693,-0.128317,-1.375081,-1.102718,1.306467,0.770388
12.828000,0.445299,0.869693,-0.128317,-1.375081,-1.102718,1.306467,0.770388
12.830000,0.445300,0.869693,-0.128317,-1.375081,-1.102718,1.306467,0.770388
12.832000,0.445301,0.869693,-0.128317,-1.375081,-1.102718,1.306467,0.770388
12.834000,0.445301,0.869693,-0.128317,-1.375081,-1.102718,1.306467,0.770388
12.836000,0.445302,0.869693,-0.128317,-1.375081,-1.102718,1.306467,0.770388
12.838000,0.445303,0.869693,-0.128317,-1.375081,-1.102718,1.306467,0.770388
12.840000,0.445304,0.869693,-0.128317,-1.375081,-1.102718,1.306467,0.770388
12.842000,0.445305,0.869693,-0.128317,-1.375081,-1.102718,1.306467,0.770388
12.844000,0.445305,0.869693,-0.128317,-1.375081,-1.102718,1.306467,0.770388
12.846000,0.445306,0.869693,-0.128317,-1.375081,-1.102718,1.306467,0.770388
12.848000,0.445307,0.869693,-0.128317,-1.375081,-1.102718,1.306467,0.770388
12.850000,0.445308,0.869693,-0.128317,-1.375081,-1.102718,1.306467,0.770388
12.852000,0.445309,0.869693,-0.128317,-1.375081,-1.102718,1.306467,0.770388
12.854000,0.445309,0.869693,-0.128317,-1.375081,-1.102718,1.306467,0.770388
12.856000,0.445310,0.869693,-0.128317,-1.375081,-1.102718,1.306467,0.770388
12.858000,0.445311,0.869693,-0.128317,-1.375081,-1.102718,1.306467,0.770388
12.860000,0.445311,0.869693,-0.128317,-1.375081,-1.102718,1.306467,0.770388
12.862000,0.445312,0.869693,-0.128317,-1.375081,-1.102718,1.306467,0.770388
12.864000,0.445313,0.869693,-0.128317,-1.375081,-1.102718,1.306467,0.770388
12.866000,0.445314,0.869693,-0.128317,-1.375081,-1.102718,1.306467,0.770388
12.868000,0.445315,0.869693,-0.128317,-1.375081,-1.102718,1.306467,0.770388
12.870000,0.445316,0.869693,-0.128317,-1.375081,-1.102718,1.306467,0.770388
12.872000,0.445316,0.869693,-0.128317,-1.375081,-1.102718,1.306467,0.770388
12.874000,0.445317,0.869693,-0.128317,-1.375081,-1.102718,1.306467,0.770388
12.876000,0.445318,0.869693,-0.128317,-1.375081,-1.102718,1.306467,0.770388
12.878000,0.445319,0.869693,-0.128317,-1.375081,-1.102718,1.306467,0.770388
12.880000,0.445320,0.869693,-0.128317,-1.375081,-1.102718,1.306467,0.770388
12.882000,0.445321,0.869693,-0.128317,-1.375081,-1.102718,1.306467,0.770388
12.884000,0.445322,0.869693,-0.128317,-1.375081,-1.102718,1.306467,0.770388
12.886000,0.445322,0.869693,-0.128317,-1.375081,-1.102718,1.306467,0.770388
12.888000,0.445323,0.869693,-0.128317,-1.375081,-1.102718,1.306467,0.770388
12.890000,0.445324,0.869693,-0.128317,-1.375081,-1.102718,1.306467,0.770388
12.892000,0.445325,0.869693,-0.128317,-1.375081,-1.102718,1.306467,0.770388
12.894000,0.445326,0.869693,-0.128317,-1.375081,-1.102718,1.306467,0.770388
12.896000,0.445327,0.869693,-0.128317,-1.375081,-1.102718,1.306467,0.770388
12.898000,0.445328,0.869693,-0.128317,-1.375081,-1.102718,1.306467,0.770388
12.900000,0.445328,0.869693,-0.128317,-1.375081,-1.102718,1.306467,0.770388
12.902000,0.445329,0.869693,-0.128317,-1.375081,-1.102718,1.306467,0.770388
12.904000,0.445330,0.869693,-0.128317,-1.375081,-1.102718,1.306467,0.770388
12.906000,0.445331,0.869693,-0.128317,-1.375081,-1.102718,1.306467,0.770388
12.908000,0.445332,0.869693,-0.128317,-1.375081,-1.102718,1.306467,0.770388
12.910000,0.445333,0.869693,-0.128317,-1.375081,-1.102718,1.306467,0.770388
12.912000,0.445334,0.869693,-0.128317,-1.375081,-1.102718,1.306467,0.770388
12.914000,0.445335,0.869693,-0.128317,-1.375081,-1.102718,1.306467,0.770388
12.916000,0.445336,0.869693,-0.128317,-1.375081,-1.102718,1.306467,0.770388
12.918000,0.445337,0.869693,-0.128317,-1.375081,-1.102718,1.306467,0.770388
12.920000,0.445338,0.869693,-0.128317,-1.375081,-1.102718,1.306467,0.770388
12.922000,0.445339,0.869693,-0.128317,-1.375081,-1.102718,1.306467,0.770388
12.924000,0.445340,0.869693,-0.128317,-1.375081,-1.102718,1.306467,0.770388
12.926000,0.445341,0.869693,-0.128317,-1.375081,-1.102718,1.306467,0.770388
12.928000,0.445342,0.869693,-0.128317,-1.375081,-1.102718,1.306467,0.770388
12.930000,0.445343,0.869693,-0.128317,-1.375081,-1.102718,1.306467,0.770388
12.932000,0.445344,0.869693,-0.128317,-1.375081,-1.102718,1.306467,0.770388
12.934000,0.445345,0.869693,-0.128317,-1.375081,-1.102718,1.306467,0.770388
12.936000,0.445346,0.869693,-0.128317,-1.375081,-1.102718,1.306467,0.770388
12.938000,0.445347,0.869693,-0.128317,-1.375081,-1.102718,1.306467,0.770388
12.940000,0.445348,0.869693,-0.128317,-1.375081,-1.102718,1.306467,0.770388
12.942000,0.445349,0.869693,-0.128317,-1.375081,-1.102718,1.306467,0.770388
12.944000,0.445350,0.869693,-0.128317,-1.375081,-1.102718,1.306467,0.770388
12.946000,0.445351,0.869693,-0.128317,-1.375081,-1.102718,1.306467,0.770388
12.948000,0.445352,0.869693,-0.128317,-1.375081,-1.102718,1.306467,0.770388
12.950000,0.445353,0.869693,-0.128317,-1.375081,-1.102718,1.306467,0.770388
12.952000,0.445354,0.869693,-0.128317,-1.375081,-1.102718,1.306467,0.770388
12.954000,0.445355,0.869693,-0.128317,-1.375081,-1.102718,1.306467,0.770388
12.956000,0.445356,0.869693,-0.128317,-1.375081,-1.102718,1.306467,0.770388
12.958000,0.445357,0.869693,-0.128317,-1.375081,-1.102718,1.306467,0.770388
12.960000,0.445358,0.869693,-0.128317,-1.375081,-1.102718,1.306467,0.770388
12.962000,0.445359,0.869693,-0.128317,-1.375081,-1.102718,1.306467,0.770388
12.964000,0.445359,0.869693,-0.128317,-1.375081,-1.102718,1.306467,0.770388
12.966000,0.445360,0.869693,-0.128317,-1.375081,-1.102718,1.306467,0.770388
12.968000,0.445362,0.869693,-0.128317,-1.375081,-1.102718,1.306467,0.770388
12.970000,0.445363,0.869693,-0.128317,-1.375081,-1.102718,1.306467,0.770388
12.972000,0.445364,0.869693,-0.128317,-1.375081,-1.102718,1.306467,0.770388
12.974000,0.445365,0.869693,-0.128317,-1.375081,-1.102718,1.306467,0.770388
12.976000,0.445366,0.869693,-0.128317,-1.375081,-1.102718,1.306467,0.770388
12.978000,0.445367,0.869693,-0.128317,-1.375081,-1.102718,1.306467,0.770388
12.980000,0.445368,0.869693,-0.128317,-1.375081,-1.102718,1.306467,0.770388
12.982000,0.445369,0.869693,-0.128317,-1.375081,-1.102718,1.306467,0.770388
12.984000,0.445370,0.869693,-0.128317,-1.375081,-1.102718,1.306467,0.770388
12.986000,0.445371,0.869693,-0.128317,-1.375081,-1.102718,1.306467,0.770388
12.988000,0.445372,0.869693,-0.128317,-1.375081,-1.102718,1.306467,0.770388
12.990000,0.445374,0.869693,-0.128317,-1.375081,-1.102718,1.306467,0.770388
12.992000,0.445375,0.869693,-0.128317,-1.375081,-1.102718,1.306467,0.770388
12.994000,0.445376,0.869693,-0.128317,-1.375081,-1.102718,1.306467,0.770388
12.996000,0.445377,0.869693,-0.128317,-1.375081,-1.102718,1.306467,0.770388
12.998000,0.445378,0.869693,-0.128317,-1.375081,-1.102718,1.306467,0.770388
13.000000,0.445379,0.869693,-0.128317,-1.375081,-1.102718,1.306467,0.770388
13.002000,0.445380,0.869693,-0.128317,-1.375081,-1.102718,1.306467,0.770388
13.004000,0.445381,0.869693,-0.128317,-1.375081,-1.102718,1.306467,0.770388
13.006000,0.445383,0.869693,-0.128317,-1.375081,-1.102718,1.306467,0.770388
13.008000,0.445384,0.869693,-0.128317,-1.375081,-1.102718,1.306467,0.770388
13.010000,0.445385,0.869693,-0.128317,-1.375081,-1.102718,1.306467,0.770388
13.012000,0.445386,0.869693,-0.128317,-1.375081,-1.102718,1.306467,0.770388
13.014000,0.445387,0.869693,-0.128317,-1.375081,-1.102718,1.306467,0.770388
13.016000,0.445388,0.869693,-0.128317,-1.375081,-1.102718,1.306467,0.770388
13.018000,0.445390,0.869693,-0.128317,-1.375081,-1.102718,1.306467,0.770388
13.020000,0.445391,0.869693,-0.128317,-1.375081,-1.102718,1.306467,0.770388
13.022000,0.445392,0.869693,-0.128317,-1.375081,-1.102718,1.306467,0.770388
13.024000,0.445393,0.869693,-0.128317,-1.375081,-1.102718,1.306467,0.770388
13.026000,0.445394,0.869693,-0.128317,-1.375081,-1.102718,1.306467,0.770388
13.028000,0.445396,0.869693,-0.128317,-1.375081,-1.102718,1.306467,0.770388
13.030000,0.445397,0.869693,-0.128317,-1.375081,-1.102718,1.306467,0.770388
13.032000,0.445398,0.869693,-0.128317,-1.375081,-1.102718,1.306467,0.770388
13.034000,0.445399,0.869693,-0.128317,-1.375081,-1.102718,1.306467,0.770388
13.036000,0.445400,0.869693,-0.128317,-1.375081,-1.102718,1.306467,0.770388
13.038000,0.445402,0.869693,-0.128317,-1.375081,-1.102718,1.306467,0.770388
13.040000,0.445403,0.869693,-0.128317,-1.375081,-1.102718,1.306467,0.770388
13.042000,0.445404,0.869693,-0.128317,-1.375081,-1.102718,1.306467,0.770388
13.044000,0.445405,0.869693,-0.128317,-1.375081,-1.102718,1.306467,0.770388
13.046000,0.445407,0.869693,-0.128317,-1.375081,-1.102718,1.306467,0.770388
13.048000,0.445408,0.869693,-0.128317,-1.375081,-1.102718,1.306467,0.770388
13.050000,0.445409,0.869693,-0.128317,-1.375081,-1.102718,1.306467,0.770388
13.052000,0.445410,0.869693,-0.128317,-1.375081,-1.102718,1.306467,0.770388
13.054000,0.445411,0.869693,-0.128317,-1.375081,-1.102718,1.306467,0.770388
13.056000,0.445412,0.869693,-0.128317,-1.375081,-1.102718,1.306467,0.770388
13.058000,0.445414,0.869693,-0.128317,-1.375081,-1.102718,1.306467,0.770388
13.060000,0.445415,0.869693,-0.128317,-1.375081,-1.102718,1.306467,0.770388
13.062000,0.445416,0.869693,-0.128317,-1.375081,-1.102718,1.306467,0.770388
13.064000,0.445417,0.869693,-0.128317,-1.375081,-1.102718,1.306467,0.770388
13.066000,0.445419,0.869693,-0.128317,-1.375081,-1.102718,1.306467,0.770388
13.068000,0.445420,0.869693,-0.128317,-1.375081,-1.102718,1.306467,0.770388
13.070000,0.445421,0.869693,-0.128317,-1.375081,-1.102718,1.306467,0.770388
13.072000,0.445423,0.869693,-0.128317,-1.375081,-1.102718,1.306467,0.770388
13.074000,0.445424,0.869693,-0.128317,-1.375081,-1.102718,1.306467,0.770388
13.076000,0.445425,0.869693,-0.128317,-1.375081,-1.102718,1.306467,0.770388
13.078000,0.445426,0.869693,-0.128317,-1.375081,-1.102718,1.306467,0.770388
13.080000,0.445428,0.869693,-0.128317,-1.375081,-1.102718,1.306467,0.770388
13.082000,0.445429,0.869693,-0.128317,-1.375081,-1.102718,1.306467,0.770388
13.084000,0.445430,0.869693,-0.128317,-1.375081,-1.102718,1.306467,0.770388
13.086000,0.445432,0.869693,-0.128317,-1.375081,-1.102718,1.306467,0.770388
13.088000,0.445433,0.869693,-0.128317,-1.375081,-1.102718,1.306467,0.770388
13.090000,0.445434,0.869693,-0.128317,-1.375081,-1.102718,1.306467,0.770388
13.092000,0.445436,0.869693,-0.128317,-1.375081,-1.102718,1.306467,0.770388
13.094000,0.445437,0.869693,-0.128317,-1.375081,-1.102718,1.306467,0.770388
13.096000,0.445438,0.869693,-0.128317,-1.375081,-1.102718,1.306467,0.770388
13.098000,0.445439,0.869693,-0.128317,-1.375081,-1.102718,1.306467,0.770388
13.100000,0.445441,0.869693,-0.128317,-1.375081,-1.102718,1.306467,0.770388
13.102000,0.445443,0.869693,-0.128317,-1.375081,-1.102718,1.306467,0.770388
13.104000,0.445444,0.869693,-0.128317,-1.375081,-1.102718,1.306467,0.770388
13.106000,0.445445,0.869693,-0.128317,-1.375081,-1.102718,1.306467,0.770388
13.108000,0.445447,0.869693,-0.128317,-1.375081,-1.102718,1.306467,0.770388
13.110000,0.445447,0.869693,-0.128317,-1.375081,-1.102718,1.306467,0.770388
13.112000,0.445449,0.869693,-0.128317,-1.375081,-1.102718,1.306467,0.770388
13.114000,0.445450,0.869693,-0.128317,-1.375081,-1.102718,1.306467,0.770388
13.116000,0.445451,0.869693,-0.128317,-1.375081,-1.102718,1.306467,0.770388
13.118000,0.445453,0.869693,-0.128317,-1.375081,-1.102718,1.306467,0.770388
13.120000,0.445454,0.869693,-0.128317,-1.375081,-1.102718,1.306467,0.770388
13.122000,0.445456,0.869693,-0.128317,-1.375081,-1.102718,1.306467,0.770388
13.124000,0.445457,0.869693,-0.128317,-1.375081,-1.102718,1.306467,0.770388
13.126000,0.445458,0.869693,-0.128317,-1.375081,-1.102718,1.306467,0.770388
13.128000,0.445460,0.869693,-0.128317,-1.375081,-1.102718,1.306467,0.770388
13.130000,0.445461,0.869693,-0.128317,-1.375081,-1.102718,1.306467,0.770388
13.132000,0.445463,0.869693,-0.128317,-1.375081,-1.102718,1.306467,0.770388
13.134000,0.445464,0.869693,-0.128317,-1.375081,-1.102718,1.306467,0.770388
13.136000,0.445466,0.869693,-0.128317,-1.375081,-1.102718,1.306467,0.770388
13.138000,0.445467,0.869693,-0.128317,-1.375081,-1.102718,1.306467,0.770388
13.140000,0.445468,0.869693,-0.128317,-1.375081,-1.102718,1.306467,0.770388
13.142000,0.445470,0.869693,-0.128317,-1.375081,-1.102718,1.306467,0.770388
13.144000,0.445471,0.869693,-0.128317,-1.375081,-1.102718,1.306467,0.770388
13.146000,0.445472,0.869693,-0.128317,-1.375081,-1.102718,1.306467,0.770388
13.148000,0.445474,0.869693,-0.128317,-1.375081,-1.102718,1.306467,0.770388
13.150000,0.445475,0.869693,-0.128317,-1.375081,-1.102718,1.306467,0.770388
13.152000,0.445476,0.869693,-0.128317,-1.375081,-1.102718,1.306467,0.770388
13.154000,0.445478,0.869693,-0.128317,-1.375081,-1.102718,1.306467,0.770388
13.156000,0.445479,0.869693,-0.128317,-1.375081,-1.102718,1.306467,0.770388
13.158000,0.445481,0.869693,-0.128317,-1.375081,-1.102718,1.306467,0.770388
13.160000,0.445482,0.869693,-0.128317,-1.375081,-1.102718,1.306467,0.770388
13.162000,0.445484,0.869693,-0.128317,-1.375081,-1.102718,1.306467,0.770388
13.164000,0.445485,0.869693,-0.128317,-1.375081,-1.102718,1.306467,0.770388
13.166000,0.445487,0.869693,-0.128317,-1.375081,-1.102718,1.306467,0.770388
13.168000,0.445488,0.869693,-0.128317,-1.375081,-1.102718,1.306467,0.770388
13.170000,0.445490,0.869693,-0.128317,-1.375081,-1.102718,1.306467,0.770388
13.172000,0.445491,0.869693,-0.128317,-1.375081,-1.102718,1.306467,0.770388
13.174000,0.445493,0.869693,-0.128317,-1.375081,-1.102718,1.306467,0.770388
13.176000,0.445494,0.869693,-0.128317,-1.375081,-1.102718,1.306467,0.770388
13.178000,0.445496,0.869693,-0.128317,-1.375081,-1.102718,1.306467,0.770388
13.180000,0.445497,0.869693,-0.128317,-1.375081,-1.102718,1.306467,0.770388
13.182000,0.445499,0.869693,-0.128317,-1.375081,-1.102718,1.306467,0.770388
13.184000,0.445500,0.869693,-0.128317,-1.375081,-1.102718,1.306467,0.770388
13.186000,0.445502,0.869693,-0.128317,-1.375081,-1.102718,1.306467,0.770388
13.188000,0.445503,0.869693,-0.128317,-1.375081,-1.102718,1.306467,0.770388
13.190000,0.445504,0.869693,-0.128317,-1.375081,-1.102718,1.306467,0.770388
13.192000,0.445506,0.869693,-0.128317,-1.375081,-1.102718,1.306467,0.770388
13.194000,0.445507,0.869693,-0.128317,-1.375081,-1.102718,1.306467,0.770388
13.196000,0.445509,0.869693,-0.128317,-1.375081,-1.102718,1.306467,0.770388
13.198000,0.445510,0.869693,-0.128317,-1.375081,-1.102718,1.306467,0.770388
13.200000,0.445512,0.869693,-0.128317,-1.375081,-1.102718,1.306467,0.770388
13.202000,0.445514,0.869693,-0.128317,-1.375081,-1.102718,1.306467,0.770388
13.204000,0.445515,0.869693,-0.128317,-1.375081,-1.102718,1.306467,0.770388
13.206000,0.445517,0.869693,-0.128317,-1.375081,-1.102718,1.306467,0.770388
13.208000,0.445518,0.869693,-0.128317,-1.375081,-1.102718,1.306467,0.770388
13.210000,0.445520,0.869693,-0.128317,-1.375081,-1.102718,1.306467,0.770388
13.212000,0.445521,0.869693,-0.128317,-1.375081,-1.102718,1.306467,0.770388
13.214000,0.445523,0.869693,-0.128317,-1.375081,-1.102718,1.306467,0.770388
13.216000,0.445525,0.869693,-0.128317,-1.375081,-1.102718,1.306467,0.770388
13.218000,0.445526,0.869693,-0.128317,-1.375081,-1.102718,1.306467,0.770388
13.220000,0.445528,0.869693,-0.128317,-1.375081,-1.102718,1.306467,0.770388
13.222000,0.445529,0.869693,-0.128317,-1.375081,-1.102718,1.306467,0.770388
13.224000,0.445531,0.869693,-0.128317,-1.375081,-1.102718,1.306467,0.770388
13.226000,0.445533,0.869693,-0.128317,-1.375081,-1.102718,1.306467,0.770388
13.228000,0.445534,0.869693,-0.128317,-1.375081,-1.102718,1.306467,0.770388
13.230000,0.445536,0.869693,-0.128317,-1.375081,-1.102718,1.306467,0.770388
13.232000,0.445537,0.869693,-0.128317,-1.375081,-1.102718,1.306467,0.770388
13.234000,0.445539,0.869693,-0.128317,-1.375081,-1.102718,1.306467,0.770388
13.236000,0.445541,0.869693,-0.128317,-1.375081,-1.102718,1.306467,0.770388
13.238000,0.445542,0.869693,-0.128317,-1.375081,-1.102718,1.306467,0.770388
13.240000,0.445544,0.869693,-0.128317,-1.375081,-1.102718,1.306467,0.770388
13.242000,0.445545,0.869693,-0.128317,-1.375081,-1.102718,1.306467,0.770388
13.244000,0.445546,0.869693,-0.128317,-1.375081,-1.102718,1.306467,0.770388
13.246000,0.445548,0.869693,-0.128317,-1.375081,-1.102718,1.306467,0.770388
13.248000,0.445550,0.869693,-0.128317,-1.375081,-1.102718,1.306467,0.770388
13.250000,0.445551,0.869693,-0.128317,-1.375081,-1.102718,1.306467,0.770388
13.252000,0.445553,0.869693,-0.128317,-1.375081,-1.102718,1.306467,0.770388
13.254000,0.445555,0.869693,-0.128317,-1.375081,-1.102718,1.306467,0.770388
13.256000,0.445556,0.869693,-0.128317,-1.375081,-1.102718,1.306467,0.770388
13.258000,0.445558,0.869693,-0.128317,-1.375081,-1.102718,1.306467,0.770388
13.260000,0.445559,0.869693,-0.128317,-1.375081,-1.102718,1.306467,0.770388
13.262000,0.445561,0.869693,-0.128317,-1.375081,-1.102718,1.306467,0.770388
13.264000,0.445563,0.869693,-0.128317,-1.375081,-1.102718,1.306467,0.770388
13.266000,0.445565,0.869693,-0.128317,-1.375081,-1.102718,1.306467,0.770388
13.268000,0.445566,0.869693,-0.128317,-1.375081,-1.102718,1.306467,0.770388
13.270000,0.445568,0.869693,-0.128317,-1.375081,-1.102718,1.306467,0.770388
13.272000,0.445570,0.869693,-0.128317,-1.375081,-1.102718,1.306467,0.770388
13.274000,0.445571,0.869693,-0.128317,-1.375081,-1.102718,1.306467,0.770388
13.276000,0.445573,0.869693,-0.128317,-1.375081,-1.102718,1.306467,0.770388
13.278000,0.445575,0.869693,-0.128317,-1.375081,-1.102718,1.306467,0.770388
13.280000,0.445576,0.869693,-0.128317,-1.375081,-1.102718,1.306467,0.770388
13.282000,0.445578,0.869693,-0.128317,-1.375081,-1.102718,1.306467,0.770388
13.284000,0.445580,0.869693,-0.128317,-1.375081,-1.102718,1.306467,0.770388
13.286000,0.445581,0.869693,-0.128317,-1.375081,-1.102718,1.306467,0.770388
13.288000,0.445583,0.869693,-0.128317,-1.375081,-1.102718,1.306467,0.770388
13.290000,0.445585,0.869693,-0.128317,-1.375081,-1.102718,1.306467,0.770388
13.292000,0.445587,0.869693,-0.128317,-1.375081,-1.102718,1.306467,0.770388
13.294000,0.445588,0.869693,-0.128317,-1.375081,-1.102718,1.306467,0.770388
13.296000,0.445590,0.869693,-0.128317,-1.375081,-1.102718,1.306467,0.770388
13.298000,0.445592,0.869693,-0.128317,-1.375081,-1.102718,1.306467,0.770388
13.300000,0.445593,0.869693,-0.128317,-1.375081,-1.102718,1.306467,0.770388
13.302000,0.445595,0.869693,-0.128317,-1.375081,-1.102718,1.306467,0.770388
13.304000,0.445597,0.869693,-0.128317,-1.375081,-1.102718,1.306467,0.770388
13.306000,0.445599,0.869693,-0.128317,-1.375081,-1.102718,1.306467,0.770388
13.308000,0.445600,0.869693,-0.128317,-1.375081,-1.102718,1.306467,0.770388
13.310000,0.445602,0.869693,-0.128317,-1.375081,-1.102718,1.306467,0.770388
13.312000,0.445604,0.869693,-0.128317,-1.375081,-1.102718,1.306467,0.770388
13.314000,0.445606,0.869693,-0.128317,-1.375081,-1.102718,1.306467,0.770388
13.316000,0.445607,0.869693,-0.128317,-1.375081,-1.102718,1.306467,0.770388
13.318000,0.445609,0.869693,-0.128317,-1.375081,-1.102718,1.306467,0.770388
13.320000,0.445611,0.869693,-0.128317,-1.375081,-1.102718,1.306467,0.770388
13.322000,0.445613,0.869693,-0.128317,-1.375081,-1.102718,1.306467,0.770388
13.324000,0.445614,0.869693,-0.128317,-1.375081,-1.102718,1.306467,0.770388
13.326000,0.445616,0.869693,-0.128317,-1.375081,-1.102718,1.306467,0.770388
13.328000,0.445618,0.869693,-0.128317,-1.375081,-1.102718,1.306467,0.770388
13.330000,0.445620,0.869693,-0.128317,-1.375081,-1.102718,1.306467,0.770388
13.332000,0.445622,0.869693,-0.128317,-1.375081,-1.102718,1.306467,0.770388
13.334000,0.445623,0.869693,-0.128317,-1.375081,-1.102718,1.306467,0.770388
13.336000,0.445625,0.869693,-0.128317,-1.375081,-1.102718,1.306467,0.770388
13.338000,0.445627,0.869693,-0.128317,-1.375081,-1.102718,1.306467,0.770388
13.340000,0.445629,0.869693,-0.128317,-1.375081,-1.102718,1.306467,0.770388
13.342000,0.445630,0.869693,-0.128317,-1.375081,-1.102718,1.306467,0.770388
13.344000,0.445632,0.869693,-0.128317,-1.375081,-1.102718,1.306467,0.770388
13.346000,0.445634,0.869693,-0.128317,-1.375081,-1.102718,1.306467,0.770388
13.348000,0.445636,0.869693,-0.128317,-1.375081,-1.102718,1.306467,0.770388
13.350000,0.445638,0.869693,-0.128317,-1.375081,-1.102718,1.306467,0.770388
13.352000,0.445639,0.869693,-0.128317,-1.375081,-1.102718,1.306467,0.770388
13.354000,0.445641,0.869693,-0.128317,-1.375081,-1.102718,1.306467,0.770388
13.356000,0.445643,0.869693,-0.128317,-1.375081,-1.102718,1.306467,0.770388
13.358000,0.445645,0.869693,-0.128317,-1.375081,-1.102718,1.306467,0.770388
13.360000,0.445647,0.869693,-0.128317,-1.375081,-1.102718,1.306467,0.770388
13.362000,0.445648,0.869693,-0.128317,-1.375081,-1.102718,1.306467,0.770388
13.364000,0.445650,0.869693,-0.128317,-1.375081,-1.102718,1.306467,0.770388
13.366000,0.445652,0.869693,-0.128317,-1.375081,-1.102718,1.306467,0.770388
13.368000,0.445654,0.869693,-0.128317,-1.375081,-1.102718,1.306467,0.770388
13.370000,0.445655,0.869693,-0.128317,-1.375081,-1.102718,1.306467,0.770388
13.372000,0.445657,0.869693,-0.128317,-1.375081,-1.102718,1.306467,0.770388
13.374000,0.445659,0.869693,-0.128317,-1.375081,-1.102718,1.306467,0.770388
13.376000,0.445660,0.869693,-0.128317,-1.375081,-1.102718,1.306467,0.770388
13.378000,0.445662,0.869693,-0.128317,-1.375081,-1.102718,1.306467,0.770388
13.380000,0.445664,0.869693,-0.128317,-1.375081,-1.102718,1.306467,0.770388
13.382000,0.445666,0.869693,-0.128317,-1.375081,-1.102718,1.306467,0.770388
13.384000,0.445668,0.869693,-0.128317,-1.375081,-1.102718,1.306467,0.770388
13.386000,0.445670,0.869693,-0.128317,-1.375081,-1.102718,1.306467,0.770388
13.388000,0.445671,0.869693,-0.128317,-1.375081,-1.102718,1.306467,0.770388
13.390000,0.445673,0.869693,-0.128317,-1.375081,-1.102718,1.306467,0.770388
13.392000,0.445675,0.869693,-0.128317,-1.375081,-1.102718,1.306467,0.770388
13.394000,0.445677,0.869693,-0.128317,-1.375081,-1.102718,1.306467,0.770388
13.396000,0.445679,0.869693,-0.128317,-1.375081,-1.102718,1.306467,0.770388
13.398000,0.445681,0.869693,-0.128317,-1.375081,-1.102718,1.306467,0.770388
13.400000,0.445683,0.869693,-0.128317,-1.375081,-1.102718,1.306467,0.770388
13.402000,0.445684,0.869693,-0.128317,-1.375081,-1.102718,1.306467,0.770388
13.404000,0.445686,0.869693,-0.128317,-1.375081,-1.102718,1.306467,0.770388
13.406000,0.445688,0.869693,-0.128317,-1.375081,-1.102718,1.306467,0.770388
13.408000,0.445690,0.869693,-0.128317,-1.375081,-1.102718,1.306467,0.770388
13.410000,0.445692,0.869693,-0.128317,-1.375081,-1.102718,1.306467,0.770388
13.412000,0.445694,0.869693,-0.128317,-1.375081,-1.102718,1.306467,0.770388
13.414000,0.445696,0.869693,-0.128317,-1.375081,-1.102718,1.306467,0.770388
13.416000,0.445698,0.869693,-0.128317,-1.375081,-1.102718,1.306467,0.770388
13.418000,0.445700,0.869693,-0.128317,-1.375081,-1.102718,1.306467,0.770388
13.420000,0.445701,0.869693,-0.128317,-1.375081,-1.102718,1.306467,0.770388
13.422000,0.445703,0.869693,-0.128317,-1.375081,-1.102718,1.306467,0.770388
13.424000,0.445705,0.869693,-0.128317,-1.375081,-1.102718,1.306467,0.770388
13.426000,0.445707,0.869693,-0.128317,-1.375081,-1.102718,1.306467,0.770388
13.428000,0.445708,0.869693,-0.128317,-1.375081,-1.102718,1.306467,0.770388
13.430000,0.445710,0.869693,-0.128317,-1.375081,-1.102718,1.306467,0.770388
13.432000,0.445712,0.869693,-0.128317,-1.375081,-1.102718,1.306467,0.770388
13.434000,0.445714,0.869693,-0.128317,-1.375081,-1.102718,1.306467,0.770388
13.436000,0.445716,0.869693,-0.128317,-1.375081,-1.102718,1.306467,0.770388
13.438000,0.445718,0.869693,-0.128317,-1.375081,-1.102718,1.306467,0.770388
13.440000,0.445719,0.869693,-0.128317,-1.375081,-1.102718,1.306467,0.770388
13.442000,0.445721,0.869693,-0.128317,-1.375081,-1.102718,1.306467,0.770388
13.444000,0.445723,0.869693,-0.128317,-1.375081,-1.102718,1.306467,0.770388
13.446000,0.445725,0.869693,-0.128317,-1.375081,-1.102718,1.306467,0.770388
13.448000,0.445727,0.869693,-0.128317,-1.375081,-1.102718,1.306467,0.770388
13.450000,0.445729,0.869693,-0.128317,-1.375081,-1.102718,1.306467,0.770388
13.452000,0.445731,0.869693,-0.128317,-1.375081,-1.102718,1.306467,0.770388
13.454000,0.445733,0.869693,-0.128317,-1.375081,-1.102718,1.306467,0.770388
13.456000,0.445735,0.869693,-0.128317,-1.375081,-1.102718,1.306467,0.770388
13.458000,0.445737,0.869693,-0.128317,-1.375081,-1.102718,1.306467,0.770388
13.460000,0.445739,0.869693,-0.128317,-1.375081,-1.102718,1.306467,0.770388
13.462000,0.445741,0.869693,-0.128317,-1.375081,-1.102718,1.306467,0.770388
13.464000,0.445743,0.869693,-0.128317,-1.375081,-1.102718,1.306467,0.770388
13.466000,0.445744,0.869693,-0.128317,-1.375081,-1.102718,1.306467,0.770388
13.468000,0.445746,0.869693,-0.128317,-1.375081,-1.102718,1.306467,0.770388
13.470000,0.445748,0.869693,-0.128317,-1.375081,-1.102718,1.306467,0.770388
13.472000,0.445750,0.869693,-0.128317,-1.375081,-1.102718,1.306467,0.770388
13.474000,0.445752,0.869693,-0.128317,-1.375081,-1.102718,1.306467,0.770388
13.476000,0.445754,0.869693,-0.128317,-1.375081,-1.102718,1.306467,0.770388
13.478000,0.445756,0.869693,-0.128317,-1.375081,-1.102718,1.306467,0.770388
13.480000,0.445757,0.869693,-0.128317,-1.375081,-1.102718,1.306467,0.770388
13.482000,0.445759,0.869693,-0.128317,-1.375081,-1.102718,1.306467,0.770388
13.484000,0.445761,0.869693,-0.128317,-1.375081,-1.102718,1.306467,0.770388
13.486000,0.445763,0.869693,-0.128317,-1.375081,-1.102718,1.306467,0.770388
13.488000,0.445765,0.869693,-0.128317,-1.375081,-1.102718,1.306467,0.770388
13.490000,0.445767,0.869693,-0.128317,-1.375081,-1.102718,1.306467,0.770388
13.492000,0.445769,0.869693,-0.128317,-1.375081,-1.102718,1.306467,0.770388
13.494000,0.445771,0.869693,-0.128317,-1.375081,-1.102718,1.306467,0.770388
13.496000,0.445772,0.869693,-0.128317,-1.375081,-1.102718,1.306467,0.770388
13.498000,0.445775,0.869693,-0.128317,-1.375081,-1.102718,1.306467,0.770388
13.500000,0.445777,0.869693,-0.128317,-1.375081,-1.102718,1.306467,0.770388
13.502000,0.445779,0.869693,-0.128317,-1.375081,-1.102718,1.306467,0.770388
13.504000,0.445781,0.869693,-0.128317,-1.375081,-1.102718,1.306467,0.770388
13.506000,0.445783,0.869693,-0.128317,-1.375081,-1.102718,1.306467,0.770388
13.508000,0.445784,0.869693,-0.128317,-1.375081,-1.102718,1.306467,0.770388
13.510000,0.445786,0.869693,-0.128317,-1.375081,-1.102718,1.306467,0.770388
13.512000,0.445788,0.869693,-0.128317,-1.375081,-1.102718,1.306467,0.770388
13.514000,0.445790,0.869693,-0.128317,-1.375081,-1.102718,1.306467,0.770388
13.516000,0.445792,0.869693,-0.128317,-1.375081,-1.102718,1.306467,0.770388
13.518000,0.445794,0.869693,-0.128317,-1.375081,-1.102718,1.306467,0.770388
13.520000,0.445796,0.869693,-0.128317,-1.375081,-1.102718,1.306467,0.770388
13.522000,0.445798,0.869693,-0.128317,-1.375081,-1.102718,1.306467,0.770388
13.524000,0.445800,0.869693,-0.128317,-1.375081,-1.102718,1.306467,0.770388
13.526000,0.445802,0.869693,-0.128317,-1.375081,-1.102718,1.306467,0.770388
13.528000,0.445804,0.869693,-0.128317,-1.375081,-1.102718,1.306467,0.770388
13.530000,0.445806,0.869693,-0.128317,-1.375081,-1.102718,1.306467,0.770388
13.532000,0.445807,0.869693,-0.128317,-1.375081,-1.102718,1.306467,0.770388
13.534000,0.445809,0.869693,-0.128317,-1.375081,-1.102718,1.306467,0.770388
13.536000,0.445811,0.869693,-0.128317,-1.375081,-1.102718,1.306467,0.770388
13.538000,0.445813,0.869693,-0.128317,-1.375081,-1.102718,1.306467,0.770388
13.540000,0.445815,0.869693,-0.128317,-1.375081,-1.102718,1.306467,0.770388
13.542000,0.445817,0.869693,-0.128317,-1.375081,-1.102718,1.306467,0.770388
13.544000,0.445819,0.869693,-0.128317,-1.375081,-1.102718,1.306467,0.770388
13.546000,0.445821,0.869693,-0.128317,-1.375081,-1.102718,1.306467,0.770388
13.548000,0.445823,0.869693,-0.128317,-1.375081,-1.102718,1.306467,0.770388
13.550000,0.445825,0.869693,-0.128317,-1.375081,-1.102718,1.306467,0.770388
13.552000,0.445827,0.869693,-0.128317,-1.375081,-1.102718,1.306467,0.770388
13.554000,0.445829,0.869693,-0.128317,-1.375081,-1.102718,1.306467,0.770388
13.556000,0.445831,0.869693,-0.128317,-1.375081,-1.102718,1.306467,0.770388
13.558000,0.445833,0.869693,-0.128317,-1.375081,-1.102718,1.306467,0.770388
13.560000,0.445835,0.869693,-0.128317,-1.375081,-1.102718,1.306467,0.770388
13.562000,0.445837,0.869693,-0.128317,-1.375081,-1.102718,1.306467,0.770388
13.564000,0.445837,0.869693,-0.128317,-1.375081,-1.102718,1.306467,0.770388
13.566000,0.445859,0.869693,-0.128317,-1.375081,-1.102718,1.306467,0.770388
13.568000,0.445868,0.869693,-0.128317,-1.375081,-1.102718,1.306467,0.770388
13.570000,0.445870,0.869693,-0.128317,-1.375081,-1.102718,1.306467,0.770388
13.572000,0.445872,0.869693,-0.128317,-1.375081,-1.102718,1.306467,0.770388
13.574000,0.445874,0.869693,-0.128317,-1.375081,-1.102718,1.306467,0.770388
13.576000,0.445876,0.869693,-0.128317,-1.375081,-1.102718,1.306467,0.770388
13.578000,0.445878,0.869693,-0.128317,-1.375081,-1.102718,1.306467,0.770388
13.580000,0.445880,0.869693,-0.128317,-1.375081,-1.102718,1.306467,0.770388
13.582000,0.445882,0.869693,-0.128317,-1.375081,-1.102718,1.306467,0.770388
13.584000,0.445884,0.869693,-0.128317,-1.375081,-1.102718,1.306467,0.770388
13.586000,0.445886,0.869693,-0.128317,-1.375081,-1.102718,1.306467,0.770388
13.588000,0.445888,0.869693,-0.128317,-1.375081,-1.102718,1.306467,0.770388
13.590000,0.445890,0.869693,-0.128317,-1.375081,-1.102718,1.306467,0.770388
13.592000,0.445892,0.869693,-0.128317,-1.375081,-1.102718,1.306467,0.770388
13.594000,0.445895,0.869693,-0.128317,-1.375081,-1.102718,1.306467,0.770388
13.596000,0.445897,0.869693,-0.128317,-1.375081,-1.102718,1.306467,0.770388
13.598000,0.445899,0.869693,-0.128317,-1.375081,-1.102718,1.306467,0.770388
13.600000,0.445901,0.869693,-0.128317,-1.375081,-1.102718,1.306467,0.770388
13.602000,0.445903,0.869693,-0.128317,-1.375081,-1.102718,1.306467,0.770388
13.604000,0.445904,0.869693,-0.128317,-1.375081,-1.102718,1.306467,0.770388
13.606000,0.445907,0.869693,-0.128317,-1.375081,-1.102718,1.306467,0.770388
13.608000,0.445909,0.869693,-0.128317,-1.375081,-1.102718,1.306467,0.770388
13.610000,0.445910,0.869693,-0.128317,-1.375081,-1.102718,1.306467,0.770388
13.612000,0.445912,0.869693,-0.128317,-1.375081,-1.102718,1.306467,0.770388
13.614000,0.445914,0.869693,-0.128317,-1.375081,-1.102718,1.306467,0.770388
13.616000,0.445916,0.869693,-0.128317,-1.375081,-1.102718,1.306467,0.770388
13.618000,0.445918,0.869693,-0.128317,-1.375081,-1.102718,1.306467,0.770388
13.620000,0.445920,0.869693,-0.128317,-1.375081,-1.102718,1.306467,0.770388
13.622000,0.445922,0.869693,-0.128317,-1.375081,-1.102718,1.306467,0.770388
13.624000,0.445924,0.869693,-0.128317,-1.375081,-1.102718,1.306467,0.770388
13.626000,0.445926,0.869693,-0.128317,-1.375081,-1.102718,1.306467,0.770388
13.628000,0.445928,0.869693,-0.128317,-1.375081,-1.102718,1.306467,0.770388
13.630000,0.445930,0.869693,-0.128317,-1.375081,-1.102718,1.306467,0.770388
13.632000,0.445932,0.869693,-0.128317,-1.375081,-1.102718,1.306467,0.770388
13.634000,0.445934,0.869693,-0.128317,-1.375081,-1.102718,1.306467,0.770388
13.636000,0.445936,0.869693,-0.128317,-1.375081,-1.102718,1.306467,0.770388
13.638000,0.445937,0.869693,-0.128317,-1.375081,-1.102718,1.306467,0.770388
13.640000,0.445940,0.869693,-0.128317,-1.375081,-1.102718,1.306467,0.770388
13.642000,0.445942,0.869693,-0.128317,-1.375081,-1.102718,1.306467,0.770388
13.644000,0.445944,0.869693,-0.128317,-1.375081,-1.102718,1.306467,0.770388
13.646000,0.445946,0.869693,-0.128317,-1.375081,-1.102718,1.306467,0.770388
13.648000,0.445948,0.869693,-0.128317,-1.375081,-1.102718,1.306467,0.770388
13.650000,0.445950,0.869693,-0.128317,-1.375081,-1.102718,1.306467,0.770388
13.652000,0.445952,0.869693,-0.128317,-1.375081,-1.102718,1.306467,0.770388
13.654000,0.445954,0.869693,-0.128317,-1.375081,-1.102718,1.306467,0.770388
13.656000,0.445956,0.869693,-0.128317,-1.375081,-1.102718,1.306467,0.770388
13.658000,0.445958,0.869693,-0.128317,-1.375081,-1.102718,1.306467,0.770388
13.660000,0.445960,0.869693,-0.128317,-1.375081,-1.102718,1.306467,0.770388
13.662000,0.445961,0.869693,-0.128317,-1.375081,-1.102718,1.306467,0.770388
13.664000,0.445963,0.869693,-0.128317,-1.375081,-1.102718,1.306467,0.770388
13.666000,0.445965,0.869693,-0.128317,-1.375081,-1.102718,1.306467,0.770388
13.668000,0.445967,0.869693,-0.128317,-1.375081,-1.102718,1.306467,0.770388
13.670000,0.445968,0.869693,-0.128317,-1.375081,-1.102718,1.306467,0.770388
13.672000,0.445971,0.869693,-0.128317,-1.375081,-1.102718,1.306467,0.770388
13.674000,0.445973,0.869693,-0.128317,-1.375081,-1.102718,1.306467,0.770388
13.676000,0.445975,0.869693,-0.128317,-1.375081,-1.102718,1.306467,0.770388
13.678000,0.445977,0.869693,-0.128317,-1.375081,-1.102718,1.306467,0.770388
13.680000,0.445979,0.869693,-0.128317,-1.375081,-1.102718,1.306467,0.770388
13.682000,0.445981,0.869693,-0.128317,-1.375081,-1.102718,1.306467,0.770388
13.684000,0.445983,0.869693,-0.128317,-1.375081,-1.102718,1.306467,0.770388
13.686000,0.445985,0.869693,-0.128317,-1.375081,-1.102718,1.306467,0.770388
13.688000,0.445987,0.869693,-0.128317,-1.375081,-1.102718,1.306467,0.770388
13.690000,0.445989,0.869693,-0.128317,-1.375081,-1.102718,1.306467,0.770388
13.692000,0.445991,0.869693,-0.128317,-1.375081,-1.102718,1.306467,0.770388
13.694000,0.445993,0.869693,-0.128317,-1.375081,-1.102718,1.306467,0.770388
13.696000,0.445995,0.869693,-0.128317,-1.375081,-1.102718,1.306467,0.770388
13.698000,0.445997,0.869693,-0.128317,-1.375081,-1.102718,1.306467,0.770388
13.700000,0.445999,0.869693,-0.128317,-1.375081,-1.102718,1.306467,0.770388
13.702000,0.446001,0.869693,-0.128317,-1.375081,-1.102718,1.306467,0.770388
13.704000,0.446003,0.869693,-0.128317,-1.375081,-1.102718,1.306467,0.770388
13.706000,0.446005,0.869693,-0.128317,-1.375081,-1.102718,1.306467,0.770388
13.708000,0.446007,0.869693,-0.128317,-1.375081,-1.102718,1.306467,0.770388
13.710000,0.446009,0.869693,-0.128317,-1.375081,-1.102718,1.306467,0.770388
13.712000,0.446011,0.869693,-0.128317,-1.375081,-1.102718,1.306467,0.770388
13.714000,0.446013,0.869693,-0.128317,-1.375081,-1.102718,1.306467,0.770388
13.716000,0.446015,0.869693,-0.128317,-1.375081,-1.102718,1.306467,0.770388
13.718000,0.446017,0.869693,-0.128317,-1.375081,-1.102718,1.306467,0.770388
13.720000,0.446019,0.869693,-0.128317,-1.375081,-1.102718,1.306467,0.770388
13.722000,0.446021,0.869693,-0.128317,-1.375081,-1.102718,1.306467,0.770388
13.724000,0.446023,0.869693,-0.128317,-1.375081,-1.102718,1.306467,0.770388
13.726000,0.446025,0.869693,-0.128317,-1.375081,-1.102718,1.306467,0.770388
13.728000,0.446027,0.869693,-0.128317,-1.375081,-1.102718,1.306467,0.770388
13.730000,0.446029,0.869693,-0.128317,-1.375081,-1.102718,1.306467,0.770388
13.732000,0.446031,0.869693,-0.128317,-1.375081,-1.102718,1.306467,0.770388
13.734000,0.446033,0.869693,-0.128317,-1.375081,-1.102718,1.306467,0.770388
13.736000,0.446035,0.869693,-0.128317,-1.375081,-1.102718,1.306467,0.770388
13.738000,0.446037,0.869693,-0.128317,-1.375081,-1.102718,1.306467,0.770388
13.740000,0.446039,0.869693,-0.128317,-1.375081,-1.102718,1.306467,0.770388
13.742000,0.446041,0.869693,-0.128317,-1.375081,-1.102718,1.306467,0.770388
13.744000,0.446043,0.869693,-0.128317,-1.375081,-1.102718,1.306467,0.770388
13.746000,0.446045,0.869693,-0.128317,-1.375081,-1.102718,1.306467,0.770388
13.748000,0.446046,0.869693,-0.128317,-1.375081,-1.102718,1.306467,0.770388
13.750000,0.446048,0.869693,-0.128317,-1.375081,-1.102718,1.306467,0.770388
13.752000,0.446050,0.869693,-0.128317,-1.375081,-1.102718,1.306467,0.770388
13.754000,0.446052,0.869693,-0.128317,-1.375081,-1.102718,1.306467,0.770388
13.756000,0.446054,0.869693,-0.128317,-1.375081,-1.102718,1.306467,0.770388
13.758000,0.446056,0.869693,-0.128317,-1.375081,-1.102718,1.306467,0.770388
13.760000,0.446058,0.869693,-0.128317,-1.375081,-1.102718,1.306467,0.770388
13.762000,0.446060,0.869693,-0.128317,-1.375081,-1.102718,1.306467,0.770388
13.764000,0.446062,0.869693,-0.128317,-1.375081,-1.102718,1.306467,0.770388
13.766000,0.446064,0.869693,-0.128317,-1.375081,-1.102718,1.306467,0.770388
13.768000,0.446066,0.869693,-0.128317,-1.375081,-1.102718,1.306467,0.770388
13.770000,0.446068,0.869693,-0.128317,-1.375081,-1.102718,1.306467,0.770388
13.772000,0.446070,0.869693,-0.128317,-1.375081,-1.102718,1.306467,0.770388
13.774000,0.446072,0.869693,-0.128317,-1.375081,-1.102718,1.306467,0.770388
13.776000,0.446074,0.869693,-0.128317,-1.375081,-1.102718,1.306467,0.770388
13.778000,0.446076,0.869693,-0.128317,-1.375081,-1.102718,1.306467,0.770388
13.780000,0.446078,0.869693,-0.128317,-1.375081,-1.102718,1.306467,0.770388
13.782000,0.446080,0.869693,-0.128317,-1.375081,-1.102718,1.306467,0.770388
13.784000,0.446082,0.869693,-0.128317,-1.375081,-1.102718,1.306467,0.770388
13.786000,0.446084,0.869693,-0.128317,-1.375081,-1.102718,1.306467,0.770388
13.788000,0.446085,0.869693,-0.128317,-1.375081,-1.102718,1.306467,0.770388
13.790000,0.446087,0.869693,-0.128317,-1.375081,-1.102718,1.306467,0.770388
13.792000,0.446089,0.869693,-0.128317,-1.375081,-1.102718,1.306467,0.770388
13.794000,0.446091,0.869693,-0.128317,-1.375081,-1.102718,1.306467,0.770388
13.796000,0.446093,0.869693,-0.128317,-1.375081,-1.102718,1.306467,0.770388
13.798000,0.446095,0.869693,-0.128317,-1.375081,-1.102718,1.306467,0.770388
13.800000,0.446097,0.869693,-0.128317,-1.375081,-1.102718,1.306467,0.770388
13.802000,0.446099,0.869693,-0.128317,-1.375081,-1.102718,1.306467,0.770388
13.804000,0.446101,0.869693,-0.128317,-1.375081,-1.102718,1.306467,0.770388
13.806000,0.446103,0.869693,-0.128317,-1.375081,-1.102718,1.306467,0.770388
13.808000,0.446105,0.869693,-0.128317,-1.375081,-1.102718,1.306467,0.770388
13.810000,0.446107,0.869693,-0.128317,-1.375081,-1.102718,1.306467,0.770388
13.812000,0.446109,0.869693,-0.128317,-1.375081,-1.102718,1.306467,0.770388
13.814000,0.446111,0.869693,-0.128317,-1.375081,-1.102718,1.306467,0.770388
13.816000,0.446112,0.869693,-0.128317,-1.375081,-1.102718,1.306467,0.770388
13.818000,0.446114,0.869693,-0.128317,-1.375081,-1.102718,1.306467,0.770388
13.820000,0.446116,0.869693,-0.128317,-1.375081,-1.102718,1.306467,0.770388
13.822000,0.446118,0.869693,-0.128317,-1.375081,-1.102718,1.306467,0.770388
13.824000,0.446120,0.869693,-0.128317,-1.375081,-1.102718,1.306467,0.770388
13.826000,0.446122,0.869693,-0.128317,-1.375081,-1.102718,1.306467,0.770388
13.828000,0.446124,0.869693,-0.128317,-1.375081,-1.102718,1.306467,0.770388
13.830000,0.446125,0.869693,-0.128317,-1.375081,-1.102718,1.306467,0.770388
13.832000,0.446127,0.869693,-0.128317,-1.375081,-1.102718,1.306467,0.770388
13.834000,0.446129,0.869693,-0.128317,-1.375081,-1.102718,1.306467,0.770388
13.836000,0.446131,0.869693,-0.128317,-1.375081,-1.102718,1.306467,0.770388
13.838000,0.446133,0.869693,-0.128317,-1.375081,-1.102718,1.306467,0.770388
13.840000,0.446135,0.869693,-0.128317,-1.375081,-1.102718,1.306467,0.770388
13.842000,0.446137,0.869693,-0.128317,-1.375081,-1.102718,1.306467,0.770388
13.844000,0.446139,0.869693,-0.128317,-1.375081,-1.102718,1.306467,0.770388
13.846000,0.446140,0.869693,-0.128317,-1.375081,-1.102718,1.306467,0.770388
13.848000,0.446142,0.869693,-0.128317,-1.375081,-1.102718,1.306467,0.770388
13.850000,0.446144,0.869693,-0.128317,-1.375081,-1.102718,1.306467,0.770388
13.852000,0.446146,0.869693,-0.128317,-1.375081,-1.102718,1.306467,0.770388
13.854000,0.446148,0.869693,-0.128317,-1.375081,-1.102718,1.306467,0.770388
13.856000,0.446150,0.869693,-0.128317,-1.375081,-1.102718,1.306467,0.770388
13.858000,0.446152,0.869693,-0.128317,-1.375081,-1.102718,1.306467,0.770388
13.860000,0.446154,0.869693,-0.128317,-1.375081,-1.102718,1.306467,0.770388
13.862000,0.446156,0.869693,-0.128317,-1.375081,-1.102718,1.306467,0.770388
13.864000,0.446158,0.869693,-0.128317,-1.375081,-1.102718,1.306467,0.770388
13.866000,0.446160,0.869693,-0.128317,-1.375081,-1.102718,1.306467,0.770388
13.868000,0.446162,0.869693,-0.128317,-1.375081,-1.102718,1.306467,0.770388
13.869998,0.446162,0.869693,-0.128317,-1.375081,-1.102718,1.306467,0.770388
