time,x,y,z
0.000000,0.614339,0.308655,0.240244
0.002000,0.614356,0.308642,0.240250
0.004000,0.614355,0.308643,0.240251
0.006000,0.614376,0.308627,0.240258
0.008000,0.614439,0.308578,0.240280
0.010000,0.614462,0.308560,0.240288
0.012000,0.614480,0.308547,0.240294
0.014000,0.614493,0.308540,0.240298
0.016000,0.614501,0.308537,0.240300
0.018000,0.614503,0.308540,0.240301
0.020000,0.614502,0.308546,0.240300
0.022000,0.614500,0.308551,0.240298
0.024000,0.614497,0.308556,0.240296
0.026000,0.614494,0.308560,0.240294
0.028000,0.614491,0.308565,0.240292
0.030000,0.614487,0.308569,0.240290
0.032000,0.614485,0.308571,0.240288
0.034000,0.614480,0.308575,0.240285
0.036000,0.614476,0.308579,0.240282
0.038000,0.614471,0.308583,0.240279
0.040000,0.614466,0.308587,0.240275
0.042000,0.614461,0.308591,0.240272
0.044000,0.614456,0.308595,0.240267
0.046000,0.614451,0.308599,0.240263
0.048000,0.614445,0.308603,0.240258
0.050000,0.614439,0.308606,0.240254
0.052000,0.614433,0.308610,0.240248
0.054000,0.614427,0.308614,0.240243
0.056000,0.614420,0.308618,0.240237
0.058000,0.614414,0.308623,0.240232
0.060000,0.614407,0.308627,0.240226
0.062000,0.614400,0.308632,0.240220
0.064000,0.614396,0.308635,0.240217
0.066000,0.614386,0.308643,0.240208
0.068000,0.614379,0.308649,0.240201
0.070000,0.614372,0.308655,0.240195
0.072000,0.614364,0.308662,0.240189
0.074000,0.614357,0.308669,0.240182
0.076000,0.614353,0.308672,0.240179
0.078000,0.614342,0.308683,0.240169
0.080000,0.614338,0.308686,0.240166
0.082000,0.614326,0.308698,0.240156
0.084000,0.614323,0.308702,0.240153
0.086000,0.614315,0.308710,0.240146
0.088000,0.614307,0.308718,0.240139
0.090000,0.614299,0.308726,0.240132
0.092000,0.614291,0.308734,0.240125
0.094000,0.614283,0.308743,0.240118
0.096000,0.614279,0.308748,0.240114
0.098000,0.614267,0.308761,0.240103
0.100000,0.614259,0.308771,0.240096
0.102000,0.614251,0.308780,0.240088
0.104000,0.614242,0.308790,0.240081
0.106000,0.614234,0.308800,0.240073
0.108000,0.614226,0.308810,0.240066
0.110000,0.614217,0.308821,0.240058
0.112000,0.614209,0.308831,0.240050
0.114000,0.614200,0.308842,0.240043
0.116000,0.614191,0.308853,0.240035
0.118000,0.614183,0.308864,0.240027
0.120000,0.614174,0.308876,0.240019
0.122000,0.614165,0.308887,0.240011
0.124000,0.614156,0.308899,0.240002
0.126000,0.614147,0.308911,0.239994
0.128000,0.614138,0.308924,0.239986
0.130000,0.614129,0.308936,0.239977
0.132000,0.614120,0.308949,0.239969
0.134000,0.614111,0.308961,0.239960
0.136000,0.614102,0.308974,0.239952
0.138000,0.614092,0.308988,0.239943
0.140000,0.614083,0.309001,0.239934
0.142000,0.614073,0.309015,0.239926
0.144000,0.614064,0.309029,0.239917
0.146000,0.614054,0.309043,0.239908
0.148000,0.614045,0.309057,0.239899
0.150000,0.614040,0.309064,0.239894
0.152000,0.614030,0.309078,0.239885
0.154000,0.614020,0.309093,0.239876
0.156000,0.614010,0.309108,0.239867
0.158000,0.614000,0.309123,0.239857
0.160000,0.613990,0.309138,0.239848
0.162000,0.613980,0.309154,0.239839
0.164000,0.613970,0.309170,0.239829
0.166000,0.613960,0.309185,0.239819
0.168000,0.613950,0.309201,0.239810
0.170000,0.613939,0.309218,0.239800
0.172000,0.613929,0.309234,0.239790
0.174000,0.613919,0.309251,0.239780
0.176000,0.613908,0.309267,0.239770
0.178000,0.613897,0.309284,0.239760
0.180000,0.613887,0.309302,0.239750
0.182000,0.613876,0.309319,0.239740
0.184000,0.613865,0.309336,0.239730
0.186000,0.613854,0.309354,0.239719
0.188000,0.613843,0.309372,0.239709
0.190000,0.613832,0.309390,0.239699
0.192000,0.613821,0.309408,0.239688
0.194000,0.613810,0.309427,0.239677
0.196000,0.613799,0.309446,0.239667
0.198000,0.613787,0.309464,0.239656
0.200000,0.613776,0.309483,0.239645
0.202000,0.613764,0.309503,0.239634
0.204000,0.613753,0.309522,0.239623
0.206000,0.613741,0.309541,0.239612
0.208000,0.613730,0.309561,0.239601
0.210000,0.613718,0.309581,0.239590
0.212000,0.613706,0.309601,0.239579
0.214000,0.613694,0.309621,0.239568
0.216000,0.613682,0.309642,0.239556
0.218000,0.613670,0.309662,0.239545
0.220000,0.613658,0.309683,0.239533
0.222000,0.613645,0.309704,0.239522
0.224000,0.613633,0.309725,0.239510
0.226000,0.613620,0.309746,0.239498
0.228000,0.613614,0.309757,0.239493
0.230000,0.613601,0.309779,0.239481
0.232000,0.613589,0.309800,0.239469
0.234000,0.613576,0.309822,0.239457
0.236000,0.613563,0.309844,0.239445
0.238000,0.613550,0.309866,0.239432
0.240000,0.613537,0.309888,0.239420
0.242000,0.613524,0.309911,0.239408
0.244000,0.613510,0.309934,0.239396
0.246000,0.613497,0.309956,0.239383
0.248000,0.613483,0.309979,0.239371
0.250000,0.613470,0.310002,0.239358
0.252000,0.613456,0.310026,0.239345
0.254000,0.613442,0.310049,0.239332
0.256000,0.613428,0.310073,0.239320
0.258000,0.613414,0.310096,0.239307
0.260000,0.613400,0.310120,0.239294
0.262000,0.613386,0.310144,0.239281
0.264000,0.613372,0.310169,0.239268
0.266000,0.613358,0.310193,0.239254
0.268000,0.613343,0.310217,0.239241
0.270000,0.613329,0.310242,0.239228
0.272000,0.613314,0.310267,0.239214
0.274000,0.613299,0.310292,0.239201
0.276000,0.613292,0.310305,0.239194
0.278000,0.613277,0.310330,0.239181
0.280000,0.613262,0.310355,0.239167
0.282000,0.613247,0.310381,0.239153
0.284000,0.613232,0.310406,0.239140
0.286000,0.613217,0.310432,0.239126
0.288000,0.613202,0.310458,0.239112
0.290000,0.613186,0.310484,0.239098
0.292000,0.613171,0.310511,0.239084
0.294000,0.613155,0.310537,0.239070
0.296000,0.613147,0.310550,0.239063
0.298000,0.613124,0.310590,0.239041
0.300000,0.613108,0.310617,0.239027
0.302000,0.613092,0.310644,0.239013
0.304000,0.613076,0.310671,0.238998
0.306000,0.613060,0.310699,0.238984
0.308000,0.613044,0.310726,0.238969
0.310000,0.613027,0.310754,0.238954
0.312000,0.613011,0.310782,0.238940
0.314000,0.612995,0.310810,0.238925
0.316000,0.612978,0.310838,0.238910
0.318000,0.612961,0.310866,0.238895
0.320000,0.612945,0.310894,0.238880
0.322000,0.612928,0.310922,0.238865
0.324000,0.612911,0.310951,0.238850
0.326000,0.612894,0.310980,0.238835
0.328000,0.612877,0.311009,0.238819
0.330000,0.612859,0.311038,0.238804
0.332000,0.612842,0.311067,0.238789
0.334000,0.612825,0.311096,0.238773
0.336000,0.612807,0.311125,0.238758
0.338000,0.612790,0.311155,0.238742
0.340000,0.612772,0.311184,0.238726
0.342000,0.612754,0.311214,0.238710
0.344000,0.612736,0.311244,0.238695
0.346000,0.612718,0.311274,0.238679
0.348000,0.612700,0.311304,0.238663
0.350000,0.612682,0.311334,0.238647
0.352000,0.612663,0.311365,0.238631
0.354000,0.612645,0.311395,0.238615
0.356000,0.612626,0.311426,0.238598
0.358000,0.612608,0.311457,0.238582
0.360000,0.612599,0.311472,0.238574
0.362000,0.612580,0.311503,0.238557
0.364000,0.612561,0.311534,0.238541
0.366000,0.612542,0.311565,0.238524
0.368000,0.612523,0.311596,0.238508
0.370000,0.612504,0.311628,0.238491
0.372000,0.612484,0.311659,0.238474
0.374000,0.612465,0.311691,0.238458
0.376000,0.612445,0.311722,0.238441
0.378000,0.612426,0.311754,0.238424
0.380000,0.612406,0.311786,0.238407
0.382000,0.612386,0.311818,0.238390
0.384000,0.612366,0.311850,0.238372
0.386000,0.612346,0.311882,0.238355
0.388000,0.612326,0.311915,0.238338
0.390000,0.612306,0.311947,0.238321
0.392000,0.612286,0.311980,0.238303
0.394000,0.612265,0.312012,0.238286
0.396000,0.612255,0.312029,0.238277
0.398000,0.612234,0.312061,0.238259
0.400000,0.612214,0.312094,0.238242
0.402000,0.612193,0.312127,0.238224
0.404000,0.612172,0.312160,0.238206
0.406000,0.612151,0.312193,0.238188
0.408000,0.612130,0.312227,0.238170
0.410000,0.612109,0.312260,0.238152
0.412000,0.612087,0.312294,0.238134
0.414000,0.612066,0.312327,0.238116
0.416000,0.612044,0.312361,0.238098
0.418000,0.612023,0.312394,0.238080
0.420000,0.612001,0.312428,0.238061
0.422000,0.611979,0.312462,0.238043
0.424000,0.611957,0.312496,0.238024
0.426000,0.611935,0.312530,0.238006
0.428000,0.611912,0.312564,0.237987
0.430000,0.611890,0.312599,0.237968
0.432000,0.611868,0.312633,0.237950
0.434000,0.611845,0.312667,0.237931
0.436000,0.611822,0.312702,0.237912
0.438000,0.611800,0.312736,0.237893
0.440000,0.611777,0.312771,0.237874
0.442000,0.611754,0.312806,0.237855
0.444000,0.611730,0.312840,0.237836
0.446000,0.611707,0.312875,0.237816
0.448000,0.611684,0.312910,0.237797
0.450000,0.611660,0.312945,0.237778
0.452000,0.611637,0.312980,0.237758
0.454000,0.611613,0.313015,0.237739
0.456000,0.611601,0.313033,0.237729
0.458000,0.611577,0.313068,0.237709
0.460000,0.611553,0.313103,0.237690
0.462000,0.611529,0.313139,0.237670
0.464000,0.611529,0.313139,0.237670
0.466000,0.611480,0.313209,0.237630
0.468000,0.611456,0.313245,0.237610
0.470000,0.611431,0.313280,0.237590
0.472000,0.611406,0.313316,0.237570
0.474000,0.611381,0.313352,0.237550
0.476000,0.611356,0.313387,0.237529
0.478000,0.611331,0.313423,0.237509
0.480000,0.611306,0.313459,0.237488
0.482000,0.611280,0.313495,0.237468
0.484000,0.611255,0.313531,0.237447
0.486000,0.611229,0.313567,0.237427
0.488000,0.611203,0.313603,0.237406
0.490000,0.611178,0.313639,0.237385
0.492000,0.611152,0.313675,0.237364
0.494000,0.611125,0.313711,0.237343
0.496000,0.611112,0.313729,0.237333
0.498000,0.611086,0.313765,0.237312
0.500000,0.611059,0.313802,0.237290
0.502000,0.611033,0.313838,0.237269
0.504000,0.611006,0.313874,0.237248
0.506000,0.610979,0.313910,0.237226
0.508000,0.610952,0.313947,0.237205
0.510000,0.610925,0.313983,0.237183
0.512000,0.610897,0.314020,0.237162
0.514000,0.610870,0.314056,0.237140
0.516000,0.610842,0.314093,0.237118
0.518000,0.610815,0.314129,0.237096
0.520000,0.610787,0.314166,0.237074
0.522000,0.610759,0.314202,0.237052
0.524000,0.610731,0.314239,0.237030
0.526000,0.610703,0.314275,0.237008
0.528000,0.610674,0.314312,0.236986
0.530000,0.610674,0.314312,0.236986
0.532000,0.610617,0.314385,0.236941
0.534000,0.610588,0.314422,0.236919
0.536000,0.610559,0.314459,0.236896
0.538000,0.610530,0.314495,0.236873
0.540000,0.610501,0.314532,0.236851
0.542000,0.610472,0.314569,0.236828
0.544000,0.610442,0.314605,0.236805
0.546000,0.610412,0.314642,0.236782
0.548000,0.610383,0.314679,0.236759
0.550000,0.610353,0.314716,0.236736
0.552000,0.610323,0.314752,0.236712
0.554000,0.610292,0.314789,0.236689
0.556000,0.610262,0.314826,0.236666
0.558000,0.610232,0.314863,0.236642
0.560000,0.610201,0.314900,0.236619
0.562000,0.610170,0.314936,0.236595
0.564000,0.610139,0.314973,0.236572
0.566000,0.610108,0.315010,0.236548
0.568000,0.610077,0.315047,0.236524
0.570000,0.610046,0.315083,0.236500
0.572000,0.610030,0.315102,0.236488
0.574000,0.609998,0.315138,0.236464
0.576000,0.609966,0.315175,0.236440
0.578000,0.609935,0.315212,0.236415
0.580000,0.609903,0.315249,0.236391
0.582000,0.609870,0.315285,0.236367
0.584000,0.609838,0.315322,0.236342
0.586000,0.609806,0.315358,0.236318
0.588000,0.609773,0.315395,0.236293
0.590000,0.609740,0.315432,0.236268
0.592000,0.609707,0.315468,0.236243
0.594000,0.609674,0.315505,0.236219
0.596000,0.609641,0.315541,0.236194
0.598000,0.609607,0.315578,0.236168
0.600000,0.609574,0.315614,0.236143
0.602000,0.609540,0.315650,0.236118
0.604000,0.609506,0.315687,0.236093
0.606000,0.609472,0.315723,0.236067
0.608000,0.609438,0.315759,0.236042
0.610000,0.609404,0.315795,0.236016
0.612000,0.609369,0.315831,0.235990
0.614000,0.609335,0.315868,0.235964
0.616000,0.609300,0.315904,0.235938
0.618000,0.609265,0.315940,0.235912
0.620000,0.609230,0.315975,0.235886
0.622000,0.609194,0.316011,0.235860
0.624000,0.609159,0.316047,0.235834
0.626000,0.609123,0.316083,0.235808
0.628000,0.609105,0.316101,0.235794
0.630000,0.609070,0.316136,0.235768
0.632000,0.609034,0.316172,0.235741
0.634000,0.608997,0.316207,0.235714
0.636000,0.608961,0.316242,0.235688
0.638000,0.608925,0.316278,0.235661
0.640000,0.608888,0.316313,0.235634
0.642000,0.608851,0.316348,0.235607
0.644000,0.608814,0.316383,0.235579
0.646000,0.608777,0.316418,0.235552
0.648000,0.608739,0.316453,0.235525
0.650000,0.608702,0.316488,0.235497
0.652000,0.608664,0.316523,0.235470
0.654000,0.608626,0.316557,0.235442
0.656000,0.608588,0.316592,0.235414
0.658000,0.608550,0.316626,0.235386
0.660000,0.608531,0.316643,0.235372
0.662000,0.608493,0.316678,0.235344
0.664000,0.608454,0.316712,0.235316
0.666000,0.608415,0.316746,0.235288
0.668000,0.608376,0.316780,0.235260
0.670000,0.608337,0.316814,0.235231
0.672000,0.608298,0.316848,0.235203
0.674000,0.608258,0.316881,0.235174
0.676000,0.608219,0.316915,0.235145
0.678000,0.608179,0.316948,0.235117
0.680000,0.608139,0.316981,0.235088
0.682000,0.608099,0.317015,0.235059
0.684000,0.608058,0.317048,0.235030
0.686000,0.608018,0.317081,0.235000
0.688000,0.607977,0.317114,0.234971
0.690000,0.607937,0.317146,0.234941
0.692000,0.607896,0.317179,0.234912
0.694000,0.607876,0.317196,0.234897
0.696000,0.607835,0.317228,0.234867
0.698000,0.607794,0.317261,0.234837
0.700000,0.607753,0.317293,0.234807
0.702000,0.607712,0.317326,0.234777
0.704000,0.607671,0.317358,0.234747
0.706000,0.607629,0.317391,0.234716
0.708000,0.607588,0.317423,0.234685
0.710000,0.607547,0.317455,0.234655
0.712000,0.607505,0.317487,0.234624
0.714000,0.607464,0.317519,0.234593
0.716000,0.607422,0.317551,0.234562
0.718000,0.607380,0.317583,0.234530
0.720000,0.607338,0.317615,0.234499
0.722000,0.607297,0.317646,0.234468
0.724000,0.607255,0.317678,0.234436
0.726000,0.607213,0.317709,0.234404
0.728000,0.607192,0.317725,0.234388
0.730000,0.607149,0.317756,0.234356
0.732000,0.607107,0.317787,0.234324
0.734000,0.607065,0.317819,0.234291
0.736000,0.607022,0.317850,0.234259
0.738000,0.606980,0.317881,0.234226
0.740000,0.606937,0.317911,0.234193
0.742000,0.606895,0.317942,0.234160
0.744000,0.606852,0.317973,0.234127
0.746000,0.606809,0.318003,0.234094
0.748000,0.606766,0.318033,0.234061
0.750000,0.606723,0.318064,0.234027
0.752000,0.606680,0.318094,0.233993
0.754000,0.606637,0.318124,0.233960
0.756000,0.606594,0.318154,0.233926
0.758000,0.606551,0.318184,0.233891
0.760000,0.606507,0.318213,0.233857
0.762000,0.606464,0.318243,0.233823
0.764000,0.606420,0.318272,0.233788
0.766000,0.606377,0.318302,0.233753
0.768000,0.606333,0.318331,0.233718
0.770000,0.606289,0.318360,0.233683
0.772000,0.606245,0.318389,0.233648
0.774000,0.606201,0.318417,0.233612
0.776000,0.606157,0.318446,0.233576
0.778000,0.606113,0.318475,0.233541
0.780000,0.606069,0.318503,0.233505
0.782000,0.606025,0.318531,0.233468
0.784000,0.605980,0.318559,0.233432
0.786000,0.605936,0.318587,0.233396
0.788000,0.605891,0.318615,0.233359
0.790000,0.605847,0.318643,0.233322
0.792000,0.605824,0.318657,0.233304
0.794000,0.605780,0.318684,0.233266
0.796000,0.605735,0.318712,0.233229
0.798000,0.605690,0.318739,0.233192
0.800000,0.605645,0.318766,0.233154
0.802000,0.605600,0.318793,0.233116
0.804000,0.605555,0.318819,0.233078
0.806000,0.605509,0.318846,0.233040
0.808000,0.605464,0.318872,0.233002
0.810000,0.605419,0.318899,0.232963
0.812000,0.605373,0.318925,0.232924
0.814000,0.605328,0.318951,0.232885
0.816000,0.605282,0.318977,0.232846
0.818000,0.605236,0.319002,0.232807
0.820000,0.605190,0.319028,0.232768
0.822000,0.605144,0.319053,0.232728
0.824000,0.605098,0.319078,0.232688
0.826000,0.605052,0.319103,0.232648
0.828000,0.605006,0.319128,0.232608
0.830000,0.604960,0.319153,0.232567
0.832000,0.604913,0.319177,0.232527
0.834000,0.604867,0.319202,0.232486
0.836000,0.604820,0.319226,0.232445
0.838000,0.604774,0.319250,0.232404
0.840000,0.604727,0.319274,0.232362
0.842000,0.604680,0.319297,0.232321
0.844000,0.604633,0.319321,0.232279
0.846000,0.604586,0.319344,0.232237
0.848000,0.604539,0.319367,0.232195
0.850000,0.604492,0.319390,0.232153
0.852000,0.604445,0.319413,0.232110
0.854000,0.604397,0.319436,0.232067
0.856000,0.604350,0.319458,0.232024
0.858000,0.604302,0.319480,0.231981
0.860000,0.604255,0.319502,0.231938
0.862000,0.604207,0.319524,0.231894
0.864000,0.604159,0.319546,0.231850
0.866000,0.604111,0.319567,0.231806
0.868000,0.604064,0.319589,0.231762
0.870000,0.604015,0.319610,0.231718
0.872000,0.603967,0.319631,0.231673
0.874000,0.603919,0.319651,0.231628
0.876000,0.603871,0.319672,0.231583
0.878000,0.603822,0.319692,0.231538
0.880000,0.603774,0.319712,0.231492
0.882000,0.603725,0.319732,0.231447
0.884000,0.603676,0.319752,0.231401
0.886000,0.603627,0.319771,0.231354
0.888000,0.603603,0.319781,0.231331
0.890000,0.603554,0.319800,0.231285
0.892000,0.603505,0.319819,0.231238
0.894000,0.603456,0.319838,0.231191
0.896000,0.603431,0.319847,0.231167
0.898000,0.603357,0.319875,0.231096
0.900000,0.603308,0.319893,0.231049
0.902000,0.603258,0.319911,0.231001
0.904000,0.603208,0.319929,0.230953
0.906000,0.603159,0.319946,0.230904
0.908000,0.603109,0.319963,0.230856
0.910000,0.603058,0.319980,0.230807
0.912000,0.603008,0.319997,0.230758
0.914000,0.602957,0.320013,0.230708
0.916000,0.602907,0.320029,0.230659
0.918000,0.602855,0.320045,0.230609
0.920000,0.602804,0.320061,0.230559
0.922000,0.602752,0.320077,0.230508
0.924000,0.602700,0.320092,0.230457
0.926000,0.602648,0.320107,0.230406
0.928000,0.602595,0.320122,0.230355
0.930000,0.602542,0.320136,0.230303
0.932000,0.602489,0.320150,0.230252
0.934000,0.602435,0.320164,0.230199
0.936000,0.602381,0.320178,0.230147
0.938000,0.602326,0.320191,0.230094
0.940000,0.602271,0.320205,0.230041
0.942000,0.602216,0.320217,0.229988
0.944000,0.602160,0.320230,0.229934
0.946000,0.602104,0.320242,0.229880
0.948000,0.602047,0.320254,0.229825
0.950000,0.601990,0.320265,0.229771
0.952000,0.601933,0.320276,0.229716
0.954000,0.601875,0.320287,0.229661
0.956000,0.601816,0.320298,0.229605
0.958000,0.601757,0.320308,0.229549
0.960000,0.601698,0.320317,0.229493
0.962000,0.601638,0.320327,0.229437
0.964000,0.601578,0.320336,0.229380
0.966000,0.601517,0.320344,0.229323
0.968000,0.601455,0.320353,0.229265
0.970000,0.601393,0.320360,0.229207
0.972000,0.601331,0.320368,0.229149
0.974000,0.601268,0.320375,0.229091
0.976000,0.601204,0.320382,0.229032
0.978000,0.601140,0.320388,0.228973
0.980000,0.601076,0.320394,0.228914
0.982000,0.601011,0.320399,0.228854
0.984000,0.600945,0.320404,0.228794
0.986000,0.600879,0.320409,0.228733
0.988000,0.600812,0.320413,0.228673
0.990000,0.600779,0.320415,0.228642
0.992000,0.600711,0.320419,0.228581
0.994000,0.600643,0.320422,0.228520
0.996000,0.600608,0.320423,0.228489
0.998000,0.600504,0.320427,0.228395
1.000000,0.600434,0.320428,0.228333
1.002000,0.600363,0.320430,0.228270
1.004000,0.600292,0.320430,0.228207
1.006000,0.600220,0.320431,0.228143
1.008000,0.600147,0.320430,0.228079
1.010000,0.600074,0.320429,0.228015
1.012000,0.599999,0.320428,0.227950
1.014000,0.599925,0.320426,0.227885
1.016000,0.599849,0.320424,0.227820
1.018000,0.599773,0.320421,0.227754
1.020000,0.599696,0.320418,0.227688
1.022000,0.599618,0.320414,0.227622
1.024000,0.599540,0.320409,0.227555
1.026000,0.599460,0.320404,0.227488
1.028000,0.599380,0.320399,0.227421
1.030000,0.599300,0.320392,0.227353
1.032000,0.599218,0.320386,0.227285
1.034000,0.599136,0.320378,0.227216
1.036000,0.599053,0.320370,0.227148
1.038000,0.598969,0.320362,0.227078
1.040000,0.598885,0.320353,0.227009
1.042000,0.598800,0.320343,0.226939
1.044000,0.598757,0.320338,0.226904
1.046000,0.598670,0.320328,0.226834
1.048000,0.598583,0.320317,0.226763
1.050000,0.598495,0.320305,0.226692
1.052000,0.598406,0.320293,0.226620
1.054000,0.598317,0.320280,0.226548
1.056000,0.598226,0.320266,0.226476
1.058000,0.598135,0.320252,0.226404
1.060000,0.598043,0.320237,0.226331
1.062000,0.597950,0.320222,0.226258
1.064000,0.597856,0.320206,0.226184
1.066000,0.597762,0.320190,0.226110
1.068000,0.597666,0.320172,0.226036
1.070000,0.597570,0.320155,0.225961
1.072000,0.597473,0.320136,0.225886
1.074000,0.597424,0.320127,0.225849
1.076000,0.597326,0.320107,0.225773
1.078000,0.597227,0.320087,0.225698
1.080000,0.597127,0.320067,0.225622
1.082000,0.597026,0.320046,0.225545
1.084000,0.596925,0.320024,0.225468
1.086000,0.596822,0.320001,0.225391
1.088000,0.596719,0.319978,0.225314
1.090000,0.596615,0.319954,0.225236
1.092000,0.596510,0.319930,0.225158
1.094000,0.596404,0.319905,0.225080
1.096000,0.596298,0.319879,0.225001
1.098000,0.596190,0.319853,0.224922
1.100000,0.596082,0.319826,0.224842
1.102000,0.596082,0.319826,0.224842
1.104000,0.596028,0.319812,0.224803
1.106000,0.595973,0.319798,0.224763
1.108000,0.595752,0.319741,0.224603
1.110000,0.595528,0.319681,0.224441
1.112000,0.595415,0.319651,0.224360
1.114000,0.595301,0.319619,0.224278
1.116000,0.595186,0.319587,0.224196
1.118000,0.595070,0.319554,0.224114
1.120000,0.594953,0.319521,0.224032
1.122000,0.594836,0.319487,0.223949
1.124000,0.594718,0.319453,0.223866
1.126000,0.594599,0.319417,0.223783
1.128000,0.594539,0.319400,0.223741
1.130000,0.594479,0.319382,0.223699
1.132000,0.594237,0.319308,0.223531
1.134000,0.594115,0.319271,0.223447
1.136000,0.593991,0.319232,0.223362
1.138000,0.593868,0.319193,0.223277
1.140000,0.593743,0.319154,0.223192
1.142000,0.593617,0.319113,0.223106
1.144000,0.593491,0.319072,0.223021
1.146000,0.593363,0.319031,0.222934
1.148000,0.593235,0.318989,0.222848
1.150000,0.593106,0.318946,0.222762
1.152000,0.592976,0.318902,0.222675
1.154000,0.592845,0.318858,0.222587
1.156000,0.592713,0.318813,0.222500
1.158000,0.592581,0.318767,0.222412
1.160000,0.592448,0.318721,0.222324
1.162000,0.592313,0.318674,0.222236
1.164000,0.592178,0.318627,0.222148
1.166000,0.592042,0.318578,0.222059
1.168000,0.591905,0.318530,0.221970
1.170000,0.591837,0.318505,0.221926
1.172000,0.591698,0.318455,0.221836
1.174000,0.591559,0.318404,0.221747
1.176000,0.591419,0.318353,0.221657
1.178000,0.591278,0.318301,0.221567
1.180000,0.591137,0.318248,0.221477
1.182000,0.590994,0.318195,0.221386
1.184000,0.590850,0.318141,0.221295
1.186000,0.590706,0.318086,0.221204
1.188000,0.590561,0.318031,0.221113
1.190000,0.590414,0.317974,0.221022
1.192000,0.590267,0.317918,0.220930
1.194000,0.590119,0.317860,0.220838
1.196000,0.589970,0.317802,0.220746
1.198000,0.589820,0.317743,0.220654
1.200000,0.589670,0.317683,0.220561
1.202000,0.589518,0.317623,0.220468
1.204000,0.589365,0.317562,0.220375
1.206000,0.589212,0.317500,0.220282
1.208000,0.589058,0.317438,0.220189
1.210000,0.588903,0.317375,0.220095
1.212000,0.588747,0.317311,0.220002
1.214000,0.588590,0.317247,0.219908
1.216000,0.588432,0.317182,0.219813
1.218000,0.588353,0.317149,0.219766
1.220000,0.588114,0.317050,0.219625
1.222000,0.587954,0.316982,0.219530
1.224000,0.587873,0.316949,0.219483
1.226000,0.587711,0.316880,0.219388
1.228000,0.587549,0.316812,0.219293
1.230000,0.587385,0.316742,0.219197
1.232000,0.587221,0.316672,0.219102
1.234000,0.587056,0.316601,0.219006
1.236000,0.586890,0.316530,0.218911
1.238000,0.586723,0.316457,0.218815
1.240000,0.586555,0.316384,0.218719
1.242000,0.586387,0.316311,0.218623
1.244000,0.586217,0.316237,0.218526
1.246000,0.586047,0.316162,0.218430
1.248000,0.585876,0.316086,0.218333
1.250000,0.585704,0.316010,0.218237
1.252000,0.585531,0.315933,0.218140
1.254000,0.585358,0.315856,0.218043
1.256000,0.585183,0.315778,0.217946
1.258000,0.585008,0.315699,0.217849
1.260000,0.584832,0.315619,0.217751
1.262000,0.584655,0.315539,0.217654
1.264000,0.584566,0.315499,0.217605
1.266000,0.584299,0.315377,0.217459
1.268000,0.584120,0.315295,0.217361
1.270000,0.583940,0.315213,0.217263
1.272000,0.583759,0.315129,0.217165
1.274000,0.583668,0.315088,0.217116
1.276000,0.583486,0.315003,0.217018
1.278000,0.583303,0.314918,0.216920
1.280000,0.583119,0.314833,0.216822
1.282000,0.582934,0.314747,0.216724
1.284000,0.582749,0.314660,0.216625
1.286000,0.582562,0.314572,0.216527
1.288000,0.582375,0.314484,0.216428
1.290000,0.582187,0.314395,0.216330
1.292000,0.581998,0.314305,0.216231
1.294000,0.581808,0.314215,0.216132
1.296000,0.581713,0.314170,0.216083
1.298000,0.581426,0.314032,0.215934
1.300000,0.581233,0.313940,0.215836
1.302000,0.581040,0.313847,0.215737
1.304000,0.580846,0.313753,0.215637
1.306000,0.580651,0.313659,0.215538
1.308000,0.580455,0.313564,0.215439
1.310000,0.580258,0.313468,0.215340
1.312000,0.580061,0.313371,0.215241
1.314000,0.579862,0.313274,0.215142
1.316000,0.579663,0.313177,0.215042
1.318000,0.579462,0.313078,0.214943
1.320000,0.579261,0.312979,0.214844
1.322000,0.579059,0.312879,0.214744
1.324000,0.578857,0.312778,0.214645
1.326000,0.578653,0.312677,0.214545
1.328000,0.578448,0.312575,0.214446
1.330000,0.578243,0.312473,0.214346
1.332000,0.578037,0.312370,0.214247
1.334000,0.577830,0.312266,0.214148
1.336000,0.577726,0.312213,0.214098
1.338000,0.577517,0.312109,0.213998
1.340000,0.577308,0.312003,0.213899
1.342000,0.577098,0.311897,0.213800
1.344000,0.576887,0.311790,0.213700
1.346000,0.576675,0.311682,0.213601
1.348000,0.576463,0.311574,0.213501
1.350000,0.576249,0.311465,0.213402
1.352000,0.576035,0.311355,0.213303
1.354000,0.575819,0.311245,0.213204
1.356000,0.575603,0.311134,0.213104
1.358000,0.575386,0.311022,0.213005
1.360000,0.575168,0.310910,0.212906
1.362000,0.574950,0.310797,0.212807
1.364000,0.574730,0.310683,0.212708
1.366000,0.574510,0.310569,0.212609
1.368000,0.574289,0.310454,0.212510
1.370000,0.574178,0.310396,0.212460
1.372000,0.573956,0.310280,0.212362
1.374000,0.573733,0.310163,0.212263
1.376000,0.573509,0.310046,0.212164
1.378000,0.573284,0.309928,0.212065
1.380000,0.573058,0.309809,0.211967
1.382000,0.572945,0.309750,0.211918
1.384000,0.572832,0.309690,0.211868
1.386000,0.572718,0.309630,0.211819
1.388000,0.572490,0.309510,0.211721
1.390000,0.571918,0.309207,0.211475
1.392000,0.571687,0.309084,0.211377
1.394000,0.571455,0.308961,0.211279
1.396000,0.571223,0.308837,0.211182
1.398000,0.570990,0.308713,0.211084
1.400000,0.570756,0.308588,0.210986
1.402000,0.570522,0.308462,0.210889
1.404000,0.570286,0.308336,0.210792
1.406000,0.570050,0.308209,0.210694
1.408000,0.569813,0.308081,0.210597
1.410000,0.569576,0.307953,0.210500
1.412000,0.569457,0.307889,0.210452
1.414000,0.569218,0.307760,0.210355
1.416000,0.568978,0.307630,0.210259
1.418000,0.568738,0.307500,0.210162
1.420000,0.568497,0.307369,0.210066
1.422000,0.568255,0.307238,0.209970
1.424000,0.568012,0.307105,0.209874
1.426000,0.567769,0.306973,0.209778
1.428000,0.567524,0.306839,0.209682
1.430000,0.567279,0.306705,0.209586
1.432000,0.567033,0.306570,0.209491
1.434000,0.566787,0.306435,0.209396
1.436000,0.566539,0.306299,0.209301
1.438000,0.566291,0.306162,0.209206
1.440000,0.566042,0.306025,0.209111
1.442000,0.565792,0.305887,0.209017
1.444000,0.565541,0.305749,0.208923
1.446000,0.565290,0.305609,0.208828
1.448000,0.565037,0.305470,0.208734
1.450000,0.564784,0.305329,0.208641
1.452000,0.564530,0.305188,0.208547
1.454000,0.564276,0.305047,0.208454
1.456000,0.564020,0.304904,0.208361
1.458000,0.563764,0.304761,0.208268
1.460000,0.563507,0.304618,0.208175
1.462000,0.563249,0.304474,0.208082
1.464000,0.562990,0.304329,0.207990
1.466000,0.562731,0.304183,0.207898
1.468000,0.562471,0.304037,0.207806
1.470000,0.562210,0.303891,0.207715
1.472000,0.561948,0.303743,0.207623
1.474000,0.561685,0.303595,0.207532
1.476000,0.561422,0.303447,0.207441
1.478000,0.561158,0.303298,0.207351
1.480000,0.561026,0.303223,0.207305
1.482000,0.560761,0.303073,0.207215
1.484000,0.560495,0.302922,0.207125
1.486000,0.560228,0.302771,0.207035
1.488000,0.559961,0.302619,0.206946
1.490000,0.559692,0.302467,0.206856
1.492000,0.559423,0.302314,0.206767
1.494000,0.559153,0.302160,0.206679
1.496000,0.559018,0.302083,0.206634
1.498000,0.558611,0.301851,0.206502
1.500000,0.558339,0.301695,0.206414
1.502000,0.558067,0.301539,0.206326
1.504000,0.557793,0.301383,0.206239
1.506000,0.557519,0.301225,0.206152
1.508000,0.557244,0.301067,0.206065
1.510000,0.556968,0.300909,0.205979
1.512000,0.556691,0.300750,0.205892
1.514000,0.556414,0.300590,0.205806
1.516000,0.556136,0.300430,0.205721
1.518000,0.555858,0.300269,0.205636
1.520000,0.555578,0.300108,0.205551
1.522000,0.555298,0.299946,0.205466
1.524000,0.555017,0.299784,0.205381
1.526000,0.554736,0.299621,0.205297
1.528000,0.554454,0.299458,0.205214
1.530000,0.554171,0.299293,0.205130
1.532000,0.553888,0.299129,0.205047
1.534000,0.553604,0.298964,0.204964
1.536000,0.553319,0.298798,0.204882
1.538000,0.553034,0.298632,0.204800
1.540000,0.552748,0.298465,0.204718
1.542000,0.552461,0.298298,0.204636
1.544000,0.552174,0.298130,0.204555
1.546000,0.552030,0.298046,0.204515
1.548000,0.551742,0.297878,0.204434
1.550000,0.551453,0.297709,0.204354
1.552000,0.551163,0.297539,0.204274
1.554000,0.550873,0.297369,0.204195
1.556000,0.550582,0.297199,0.204115
1.558000,0.550290,0.297028,0.204037
1.560000,0.549998,0.296856,0.203958
1.562000,0.549705,0.296684,0.203880
1.564000,0.549412,0.296511,0.203802
1.566000,0.549118,0.296338,0.203725
1.568000,0.548823,0.296164,0.203648
1.570000,0.548527,0.295990,0.203571
1.572000,0.548231,0.295815,0.203495
1.574000,0.547934,0.295639,0.203419
1.576000,0.547637,0.295463,0.203343
1.578000,0.547339,0.295287,0.203268
1.580000,0.547040,0.295110,0.203193
1.582000,0.546741,0.294933,0.203119
1.584000,0.546441,0.294755,0.203045
1.586000,0.546291,0.294666,0.203008
1.588000,0.545990,0.294487,0.202935
1.590000,0.545688,0.294308,0.202862
1.592000,0.545386,0.294128,0.202789
1.594000,0.545083,0.293948,0.202717
1.596000,0.544931,0.293857,0.202681
1.598000,0.544475,0.293585,0.202574
1.600000,0.544170,0.293404,0.202503
1.602000,0.543864,0.293221,0.202432
1.604000,0.543558,0.293038,0.202362
1.606000,0.543251,0.292855,0.202292
1.608000,0.542944,0.292671,0.202223
1.610000,0.542636,0.292486,0.202154
1.612000,0.542327,0.292302,0.202085
1.614000,0.542018,0.292116,0.202017
1.616000,0.541708,0.291930,0.201949
1.618000,0.541397,0.291744,0.201882
1.620000,0.541086,0.291557,0.201815
1.622000,0.540774,0.291370,0.201749
1.624000,0.540462,0.291182,0.201683
1.626000,0.540149,0.290993,0.201617
1.628000,0.539835,0.290805,0.201552
1.630000,0.539521,0.290615,0.201487
1.632000,0.539207,0.290426,0.201423
1.634000,0.538891,0.290235,0.201359
1.636000,0.538576,0.290045,0.201296
1.638000,0.538259,0.289854,0.201233
1.640000,0.537942,0.289662,0.201170
1.642000,0.537625,0.289470,0.201108
1.644000,0.537307,0.289278,0.201047
1.646000,0.536988,0.289085,0.200985
1.648000,0.536669,0.288891,0.200925
1.650000,0.536350,0.288698,0.200864
1.652000,0.536030,0.288504,0.200805
1.654000,0.535709,0.288309,0.200745
1.656000,0.535388,0.288114,0.200686
1.658000,0.535066,0.287918,0.200628
1.660000,0.534744,0.287723,0.200570
1.662000,0.534422,0.287526,0.200512
1.664000,0.534260,0.287428,0.200483
1.666000,0.533937,0.287231,0.200427
1.668000,0.533613,0.287034,0.200370
1.670000,0.533289,0.286836,0.200314
1.672000,0.532964,0.286638,0.200259
1.674000,0.532638,0.286440,0.200204
1.676000,0.532312,0.286241,0.200149
1.678000,0.531986,0.286041,0.200095
1.680000,0.531659,0.285842,0.200041
1.682000,0.531332,0.285642,0.199988
1.684000,0.531004,0.285441,0.199935
1.686000,0.530676,0.285240,0.199883
1.688000,0.530348,0.285039,0.199831
1.690000,0.530019,0.284837,0.199780
1.692000,0.529689,0.284635,0.199729
1.694000,0.529359,0.284433,0.199679
1.696000,0.529029,0.284230,0.199629
1.698000,0.528698,0.284027,0.199579
1.700000,0.528367,0.283824,0.199530
1.702000,0.528035,0.283620,0.199482
1.704000,0.527703,0.283416,0.199434
1.706000,0.527370,0.283211,0.199386
1.708000,0.527038,0.283006,0.199339
1.710000,0.526704,0.282801,0.199292
1.712000,0.526371,0.282595,0.199246
1.714000,0.526037,0.282390,0.199200
1.716000,0.525702,0.282183,0.199155
1.718000,0.525367,0.281977,0.199110
1.720000,0.525032,0.281770,0.199066
1.722000,0.524696,0.281563,0.199022
1.724000,0.524360,0.281355,0.198979
1.726000,0.524024,0.281147,0.198936
1.728000,0.523687,0.280939,0.198894
1.730000,0.523350,0.280731,0.198852
1.732000,0.523013,0.280522,0.198810
1.734000,0.522675,0.280313,0.198769
1.736000,0.522337,0.280103,0.198729
1.738000,0.521999,0.279894,0.198688
1.740000,0.521660,0.279684,0.198649
1.742000,0.521321,0.279473,0.198610
1.744000,0.520982,0.279263,0.198571
1.746000,0.520642,0.279052,0.198533
1.748000,0.520302,0.278841,0.198495
1.750000,0.519962,0.278629,0.198458
1.752000,0.519621,0.278418,0.198421
1.754000,0.519280,0.278206,0.198385
1.756000,0.518939,0.277994,0.198349
1.758000,0.518598,0.277781,0.198313
1.760000,0.518256,0.277568,0.198278
1.762000,0.517914,0.277355,0.198244
1.764000,0.517572,0.277142,0.198210
1.766000,0.517229,0.276929,0.198176
1.768000,0.516887,0.276715,0.198143
1.770000,0.516715,0.276608,0.198127
1.772000,0.516372,0.276394,0.198094
1.774000,0.516028,0.276179,0.198062
1.776000,0.515685,0.275965,0.198031
1.778000,0.515341,0.275750,0.198000
1.780000,0.514997,0.275535,0.197969
1.782000,0.514652,0.275319,0.197939
1.784000,0.514307,0.275104,0.197910
1.786000,0.513962,0.274888,0.197880
1.788000,0.513617,0.274672,0.197852
1.790000,0.513272,0.274455,0.197823
1.792000,0.512926,0.274239,0.197795
1.794000,0.512580,0.274022,0.197768
1.796000,0.512234,0.273805,0.197741
1.798000,0.511888,0.273588,0.197714
1.800000,0.511541,0.273370,0.197688
1.802000,0.511194,0.273152,0.197663
1.804000,0.510847,0.272935,0.197638
1.806000,0.510500,0.272717,0.197613
1.808000,0.510153,0.272498,0.197589
1.810000,0.509805,0.272280,0.197565
1.812000,0.509457,0.272061,0.197541
1.814000,0.509110,0.271842,0.197518
1.816000,0.508762,0.271623,0.197496
1.818000,0.508413,0.271404,0.197474
1.820000,0.508065,0.271185,0.197452
1.822000,0.507891,0.271075,0.197441
1.824000,0.507542,0.270855,0.197420
1.826000,0.507193,0.270635,0.197400
1.828000,0.506844,0.270415,0.197380
1.830000,0.506495,0.270195,0.197360
1.832000,0.506146,0.269975,0.197340
1.834000,0.505797,0.269754,0.197322
1.836000,0.505447,0.269533,0.197303
1.838000,0.505097,0.269312,0.197285
1.840000,0.504748,0.269091,0.197267
1.842000,0.504398,0.268870,0.197250
1.844000,0.504048,0.268649,0.197233
1.846000,0.503698,0.268427,0.197217
1.848000,0.503348,0.268206,0.197201
1.850000,0.502997,0.267984,0.197185
1.852000,0.502647,0.267762,0.197170
1.854000,0.502297,0.267540,0.197155
1.856000,0.501946,0.267318,0.197141
1.858000,0.501596,0.267096,0.197127
1.860000,0.501245,0.266873,0.197113
1.862000,0.500895,0.266651,0.197100
1.864000,0.500719,0.266540,0.197093
1.866000,0.500193,0.266206,0.197074
1.868000,0.499843,0.265983,0.197062
1.870000,0.499492,0.265760,0.197051
1.872000,0.499141,0.265537,0.197039
1.874000,0.498791,0.265314,0.197028
1.876000,0.498440,0.265091,0.197017
1.878000,0.498089,0.264869,0.197007
1.880000,0.497738,0.264646,0.196997
1.882000,0.497387,0.264423,0.196988
1.884000,0.497036,0.264200,0.196978
1.886000,0.496685,0.263977,0.196970
1.888000,0.496334,0.263755,0.196961
1.890000,0.495983,0.263532,0.196953
1.892000,0.495631,0.263310,0.196945
1.894000,0.495280,0.263087,0.196938
1.896000,0.495105,0.262976,0.196934
1.898000,0.494753,0.262754,0.196927
1.900000,0.494402,0.262531,0.196920
1.902000,0.494051,0.262309,0.196914
1.904000,0.493699,0.262087,0.196908
1.906000,0.493348,0.261865,0.196902
1.908000,0.492997,0.261643,0.196897
1.910000,0.492645,0.261421,0.196892
1.912000,0.492294,0.261199,0.196888
1.914000,0.491942,0.260977,0.196883
1.916000,0.491591,0.260755,0.196879
1.918000,0.491240,0.260533,0.196875
1.920000,0.490888,0.260312,0.196872
1.922000,0.490537,0.260090,0.196869
1.924000,0.490186,0.259869,0.196866
1.926000,0.489834,0.259647,0.196864
1.928000,0.489483,0.259426,0.196862
1.930000,0.489132,0.259205,0.196860
1.932000,0.488781,0.258984,0.196858
1.934000,0.488605,0.258873,0.196857
1.936000,0.488254,0.258652,0.196856
1.938000,0.487903,0.258432,0.196855
1.940000,0.487552,0.258211,0.196855
1.942000,0.487201,0.257990,0.196854
1.944000,0.486850,0.257770,0.196854
1.946000,0.486499,0.257549,0.196854
1.948000,0.486148,0.257329,0.196855
1.950000,0.485797,0.257109,0.196856
1.952000,0.485447,0.256889,0.196857
1.954000,0.485096,0.256669,0.196858
1.956000,0.484745,0.256449,0.196860
1.958000,0.484395,0.256229,0.196862
1.960000,0.484044,0.256010,0.196864
1.962000,0.483694,0.255790,0.196866
1.964000,0.483343,0.255571,0.196869
1.966000,0.482993,0.255351,0.196871
1.968000,0.482643,0.255132,0.196874
1.970000,0.482293,0.254913,0.196878
1.972000,0.481943,0.254695,0.196881
1.974000,0.481593,0.254476,0.196885
1.976000,0.481418,0.254367,0.196887
1.978000,0.481069,0.254148,0.196891
1.980000,0.480719,0.253930,0.196895
1.982000,0.480370,0.253712,0.196900
1.984000,0.480021,0.253494,0.196904
1.986000,0.479672,0.253276,0.196909
1.988000,0.479323,0.253058,0.196914
1.990000,0.478974,0.252841,0.196920
1.992000,0.478626,0.252624,0.196925
1.994000,0.478278,0.252407,0.196931
1.996000,0.478104,0.252298,0.196933
1.998000,0.477582,0.251973,0.196942
2.000000,0.477234,0.251757,0.196948
2.002000,0.476887,0.251541,0.196955
2.004000,0.476539,0.251325,0.196961
2.006000,0.476192,0.251109,0.196968
2.008000,0.475846,0.250893,0.196974
2.010000,0.475499,0.250678,0.196981
2.012000,0.475153,0.250463,0.196988
2.014000,0.474807,0.250248,0.196995
2.016000,0.474462,0.250034,0.197002
2.018000,0.474116,0.249819,0.197009
2.020000,0.473771,0.249605,0.197017
2.022000,0.473427,0.249391,0.197024
2.024000,0.473082,0.249178,0.197032
2.026000,0.472738,0.248964,0.197039
2.028000,0.472394,0.248751,0.197047
2.030000,0.472051,0.248539,0.197055
2.032000,0.471708,0.248326,0.197063
2.034000,0.471365,0.248114,0.197071
2.036000,0.471022,0.247902,0.197079
2.038000,0.470680,0.247690,0.197087
2.040000,0.470338,0.247479,0.197095
2.042000,0.469997,0.247268,0.197103
2.044000,0.469656,0.247057,0.197111
2.046000,0.469485,0.246951,0.197115
2.048000,0.468975,0.246636,0.197128
2.050000,0.468635,0.246426,0.197136
2.052000,0.468465,0.246321,0.197140
2.054000,0.468125,0.246111,0.197148
2.056000,0.467786,0.245902,0.197157
2.058000,0.467447,0.245693,0.197165
2.060000,0.467109,0.245485,0.197174
2.062000,0.466771,0.245276,0.197182
2.064000,0.466433,0.245068,0.197191
2.066000,0.466096,0.244860,0.197199
2.068000,0.465759,0.244653,0.197207
2.070000,0.465422,0.244445,0.197216
2.072000,0.465086,0.244238,0.197224
2.074000,0.464750,0.244032,0.197233
2.076000,0.464415,0.243825,0.197241
2.078000,0.464080,0.243619,0.197250
2.080000,0.463745,0.243413,0.197258
2.082000,0.463410,0.243208,0.197267
2.084000,0.463076,0.243003,0.197275
2.086000,0.462743,0.242798,0.197283
2.088000,0.462410,0.242593,0.197292
2.090000,0.462077,0.242389,0.197300
2.092000,0.461911,0.242287,0.197304
2.094000,0.461578,0.242083,0.197312
2.096000,0.461247,0.241879,0.197321
2.098000,0.460915,0.241676,0.197329
2.100000,0.460584,0.241473,0.197337
2.102000,0.460253,0.241270,0.197345
2.104000,0.459923,0.241068,0.197353
2.106000,0.459593,0.240866,0.197361
2.108000,0.459264,0.240664,0.197369
2.110000,0.458934,0.240463,0.197377
2.112000,0.458606,0.240261,0.197384
2.114000,0.458277,0.240061,0.197392
2.116000,0.457949,0.239860,0.197400
2.118000,0.457622,0.239660,0.197407
2.120000,0.457295,0.239460,0.197415
2.122000,0.456969,0.239260,0.197422
2.124000,0.456642,0.239061,0.197429
2.126000,0.456317,0.238862,0.197436
2.128000,0.455992,0.238664,0.197443
2.130000,0.455829,0.238565,0.197446
2.132000,0.455505,0.238367,0.197453
2.134000,0.455181,0.238169,0.197460
2.136000,0.454858,0.237972,0.197466
2.138000,0.454535,0.237775,0.197472
2.140000,0.454213,0.237578,0.197478
2.142000,0.453891,0.237382,0.197484
2.144000,0.453570,0.237186,0.197490
2.146000,0.453249,0.236991,0.197496
2.148000,0.452929,0.236796,0.197501
2.150000,0.452609,0.236601,0.197506
2.152000,0.452290,0.236407,0.197511
2.154000,0.451971,0.236213,0.197516
2.156000,0.451653,0.236019,0.197521
2.158000,0.451336,0.235826,0.197525
2.160000,0.451019,0.235634,0.197529
2.162000,0.450702,0.235441,0.197533
2.164000,0.450387,0.235249,0.197537
2.166000,0.450071,0.235058,0.197541
2.168000,0.449757,0.234867,0.197544
2.170000,0.449443,0.234676,0.197547
2.172000,0.449129,0.234486,0.197550
2.174000,0.448816,0.234296,0.197552
2.176000,0.448660,0.234201,0.197554
2.178000,0.448348,0.234012,0.197556
2.180000,0.448037,0.233823,0.197558
2.182000,0.447726,0.233634,0.197559
2.184000,0.447416,0.233446,0.197561
2.186000,0.447106,0.233259,0.197562
2.188000,0.446797,0.233071,0.197563
2.190000,0.446489,0.232885,0.197563
2.192000,0.446181,0.232698,0.197564
2.194000,0.445874,0.232512,0.197564
2.196000,0.445567,0.232326,0.197564
2.198000,0.445261,0.232141,0.197563
2.200000,0.444956,0.231956,0.197562
2.202000,0.444651,0.231772,0.197561
2.204000,0.444347,0.231588,0.197560
2.206000,0.444043,0.231404,0.197558
2.208000,0.443740,0.231221,0.197556
2.210000,0.443438,0.231038,0.197554
2.212000,0.443136,0.230856,0.197551
2.214000,0.442835,0.230674,0.197548
2.216000,0.442534,0.230493,0.197545
2.218000,0.442234,0.230311,0.197542
2.220000,0.441935,0.230131,0.197538
2.222000,0.441636,0.229950,0.197533
2.224000,0.441487,0.229860,0.197531
2.226000,0.441189,0.229681,0.197527
2.228000,0.440892,0.229501,0.197522
2.230000,0.440595,0.229322,0.197516
2.232000,0.440299,0.229144,0.197511
2.234000,0.440004,0.228966,0.197505
2.236000,0.439709,0.228788,0.197499
2.238000,0.439415,0.228611,0.197492
2.240000,0.439121,0.228434,0.197485
2.242000,0.438828,0.228257,0.197478
2.244000,0.438535,0.228081,0.197470
2.246000,0.438243,0.227905,0.197462
2.248000,0.437952,0.227730,0.197454
2.250000,0.437661,0.227555,0.197446
2.252000,0.437371,0.227380,0.197437
2.254000,0.437082,0.227206,0.197427
2.256000,0.436793,0.227032,0.197418
2.258000,0.436504,0.226859,0.197407
2.260000,0.436217,0.226686,0.197397
2.262000,0.435930,0.226514,0.197386
2.264000,0.435644,0.226341,0.197375
2.266000,0.435358,0.226170,0.197363
2.268000,0.435073,0.225999,0.197351
2.270000,0.434789,0.225828,0.197339
2.272000,0.434505,0.225658,0.197326
2.274000,0.434222,0.225488,0.197313
2.276000,0.433940,0.225318,0.197299
2.278000,0.433658,0.225149,0.197285
2.280000,0.433378,0.224981,0.197270
2.282000,0.433098,0.224813,0.197255
2.284000,0.432818,0.224645,0.197240
2.286000,0.432539,0.224478,0.197224
2.288000,0.432400,0.224395,0.197215
2.290000,0.432123,0.224228,0.197199
2.292000,0.431846,0.224062,0.197182
2.294000,0.431570,0.223897,0.197164
2.296000,0.431294,0.223732,0.197146
2.298000,0.431019,0.223567,0.197128
2.300000,0.430745,0.223403,0.197109
2.302000,0.430472,0.223239,0.197089
2.304000,0.430200,0.223076,0.197069
2.306000,0.429928,0.222913,0.197049
2.308000,0.429657,0.222751,0.197028
2.310000,0.429386,0.222589,0.197007
2.312000,0.429117,0.222427,0.196985
2.314000,0.428848,0.222267,0.196963
2.316000,0.428580,0.222106,0.196940
2.318000,0.428312,0.221946,0.196916
2.320000,0.428045,0.221786,0.196893
2.322000,0.427780,0.221627,0.196868
2.324000,0.427514,0.221469,0.196843
2.326000,0.427250,0.221311,0.196818
2.328000,0.426986,0.221153,0.196792
2.330000,0.426723,0.220996,0.196766
2.332000,0.426461,0.220839,0.196739
2.334000,0.426200,0.220682,0.196712
2.336000,0.425939,0.220527,0.196684
2.338000,0.425809,0.220449,0.196670
2.340000,0.425550,0.220294,0.196641
2.342000,0.425291,0.220139,0.196612
2.344000,0.425033,0.219984,0.196582
2.346000,0.424775,0.219831,0.196552
2.348000,0.424519,0.219677,0.196521
2.350000,0.424263,0.219524,0.196490
2.352000,0.424008,0.219372,0.196458
2.354000,0.423753,0.219219,0.196426
2.356000,0.423500,0.219068,0.196393
2.358000,0.423247,0.218916,0.196360
2.360000,0.422995,0.218766,0.196326
2.362000,0.422743,0.218615,0.196291
2.364000,0.422492,0.218465,0.196257
2.366000,0.422242,0.218316,0.196221
2.368000,0.421993,0.218167,0.196185
2.370000,0.421745,0.218018,0.196149
2.372000,0.421497,0.217870,0.196112
2.374000,0.421250,0.217722,0.196074
2.376000,0.421003,0.217574,0.196036
2.378000,0.420758,0.217427,0.195998
2.380000,0.420513,0.217281,0.195959
2.382000,0.420268,0.217135,0.195919
2.384000,0.420025,0.216989,0.195879
2.386000,0.419782,0.216843,0.195839
2.388000,0.419540,0.216698,0.195798
2.390000,0.419299,0.216554,0.195756
2.392000,0.419058,0.216410,0.195714
2.394000,0.418818,0.216266,0.195671
2.396000,0.418579,0.216123,0.195628
2.398000,0.418341,0.215980,0.195584
2.400000,0.418103,0.215837,0.195540
2.402000,0.417866,0.215695,0.195495
2.404000,0.417630,0.215554,0.195450
2.406000,0.417394,0.215412,0.195404
2.408000,0.417160,0.215272,0.195357
2.410000,0.416926,0.215131,0.195310
2.412000,0.416693,0.214991,0.195263
2.414000,0.416461,0.214852,0.195214
2.416000,0.416229,0.214713,0.195165
2.418000,0.415999,0.214574,0.195116
2.420000,0.415769,0.214436,0.195066
2.422000,0.415539,0.214299,0.195016
2.424000,0.415311,0.214161,0.194964
2.426000,0.415084,0.214024,0.194913
2.428000,0.414857,0.213888,0.194860
2.430000,0.414631,0.213752,0.194807
2.432000,0.414406,0.213617,0.194754
2.434000,0.414182,0.213481,0.194700
2.436000,0.413958,0.213347,0.194645
2.438000,0.413735,0.213213,0.194590
2.440000,0.413514,0.213079,0.194534
2.442000,0.413292,0.212946,0.194477
2.444000,0.413072,0.212813,0.194420
2.446000,0.412853,0.212680,0.194363
2.448000,0.412634,0.212548,0.194304
2.450000,0.412416,0.212417,0.194245
2.452000,0.412199,0.212285,0.194186
2.454000,0.411983,0.212155,0.194126
2.456000,0.411768,0.212024,0.194065
2.458000,0.411553,0.211895,0.194004
2.460000,0.411339,0.211765,0.193942
2.462000,0.411127,0.211636,0.193879
2.464000,0.411020,0.211572,0.193848
2.466000,0.410809,0.211443,0.193784
2.468000,0.410598,0.211316,0.193720
2.470000,0.410388,0.211188,0.193656
2.472000,0.410178,0.211061,0.193590
2.474000,0.409970,0.210934,0.193525
2.476000,0.409762,0.210808,0.193458
2.478000,0.409555,0.210682,0.193391
2.480000,0.409349,0.210557,0.193324
2.482000,0.409144,0.210432,0.193255
2.484000,0.408940,0.210307,0.193186
2.486000,0.408736,0.210183,0.193117
2.488000,0.408533,0.210059,0.193047
2.490000,0.408331,0.209936,0.192977
2.492000,0.408130,0.209813,0.192905
2.494000,0.407929,0.209691,0.192834
2.496000,0.407829,0.209629,0.192798
2.498000,0.407531,0.209447,0.192688
2.500000,0.407333,0.209325,0.192615
2.502000,0.407135,0.209204,0.192541
2.504000,0.406939,0.209084,0.192466
2.506000,0.406743,0.208964,0.192391
2.508000,0.406548,0.208844,0.192315
2.510000,0.406451,0.208784,0.192277
2.512000,0.406257,0.208665,0.192201
2.514000,0.406064,0.208546,0.192123
2.516000,0.405872,0.208428,0.192046
2.518000,0.405680,0.208310,0.191967
2.520000,0.405490,0.208192,0.191888
2.522000,0.405300,0.208075,0.191809
2.524000,0.405110,0.207958,0.191729
2.526000,0.404922,0.207842,0.191649
2.528000,0.404734,0.207726,0.191567
2.530000,0.404547,0.207610,0.191486
2.532000,0.404361,0.207494,0.191404
2.534000,0.404176,0.207379,0.191321
2.536000,0.403991,0.207265,0.191238
2.538000,0.403807,0.207151,0.191154
2.540000,0.403624,0.207037,0.191069
2.542000,0.403442,0.206923,0.190984
2.544000,0.403261,0.206810,0.190899
2.546000,0.403080,0.206697,0.190813
2.548000,0.402900,0.206585,0.190726
2.550000,0.402721,0.206473,0.190639
2.552000,0.402543,0.206362,0.190551
2.554000,0.402365,0.206250,0.190462
2.556000,0.402188,0.206140,0.190373
2.558000,0.402013,0.206029,0.190284
2.560000,0.401838,0.205919,0.190194
2.562000,0.401663,0.205810,0.190103
2.564000,0.401490,0.205700,0.190012
2.566000,0.401317,0.205591,0.189920
2.568000,0.401145,0.205483,0.189827
2.570000,0.400974,0.205375,0.189734
2.572000,0.400804,0.205267,0.189641
2.574000,0.400635,0.205160,0.189546
2.576000,0.400466,0.205053,0.189452
2.578000,0.400299,0.204947,0.189356
2.580000,0.400132,0.204840,0.189260
2.582000,0.399966,0.204735,0.189164
2.584000,0.399800,0.204629,0.189067
2.586000,0.399636,0.204524,0.188969
2.588000,0.399472,0.204420,0.188871
2.590000,0.399309,0.204316,0.188772
2.592000,0.399148,0.204212,0.188673
2.594000,0.398986,0.204108,0.188573
2.596000,0.398826,0.204005,0.188472
2.598000,0.398667,0.203902,0.188371
2.600000,0.398508,0.203800,0.188270
2.602000,0.398350,0.203698,0.188168
2.604000,0.398193,0.203597,0.188065
2.606000,0.398037,0.203496,0.187962
2.608000,0.397881,0.203395,0.187858
2.610000,0.397727,0.203294,0.187753
2.612000,0.397573,0.203194,0.187648
2.614000,0.397420,0.203094,0.187543
2.616000,0.397266,0.202994,0.187438
2.618000,0.397113,0.202895,0.187334
2.620000,0.396960,0.202795,0.187229
2.622000,0.396807,0.202695,0.187125
2.624000,0.396655,0.202595,0.187021
2.626000,0.396502,0.202495,0.186917
2.628000,0.396349,0.202395,0.186813
2.630000,0.396197,0.202295,0.186709
2.632000,0.396045,0.202194,0.186606
2.634000,0.395893,0.202094,0.186503
2.636000,0.395741,0.201994,0.186399
2.638000,0.395589,0.201894,0.186297
2.640000,0.395438,0.201794,0.186194
2.642000,0.395286,0.201694,0.186092
2.644000,0.395135,0.201594,0.185989
2.646000,0.394984,0.201494,0.185887
2.648000,0.394833,0.201394,0.185785
2.650000,0.394758,0.201344,0.185734
2.652000,0.394607,0.201244,0.185633
2.654000,0.394457,0.201144,0.185532
2.656000,0.394306,0.201044,0.185430
2.658000,0.394306,0.201044,0.185430
2.660000,0.394156,0.200944,0.185329
2.662000,0.394006,0.200843,0.185229
2.664000,0.393782,0.200693,0.185078
2.666000,0.393632,0.200593,0.184978
2.668000,0.393557,0.200543,0.184928
2.670000,0.393408,0.200443,0.184828
2.672000,0.393259,0.200343,0.184728
2.674000,0.393110,0.200243,0.184628
2.676000,0.392962,0.200143,0.184529
2.678000,0.392813,0.200043,0.184430
2.680000,0.392665,0.199943,0.184331
2.682000,0.392517,0.199843,0.184232
2.684000,0.392369,0.199743,0.184134
2.686000,0.392221,0.199643,0.184036
2.688000,0.392074,0.199543,0.183938
2.690000,0.391927,0.199443,0.183840
2.692000,0.391780,0.199343,0.183742
2.694000,0.391633,0.199243,0.183645
2.696000,0.391560,0.199193,0.183596
2.698000,0.391340,0.199043,0.183451
2.700000,0.391194,0.198943,0.183354
2.702000,0.391121,0.198893,0.183306
2.704000,0.390975,0.198793,0.183210
2.706000,0.390830,0.198693,0.183114
2.708000,0.390685,0.198594,0.183018
2.710000,0.390540,0.198494,0.182922
2.712000,0.390395,0.198394,0.182827
2.714000,0.390250,0.198294,0.182731
2.716000,0.390106,0.198195,0.182636
2.718000,0.389962,0.198095,0.182542
2.720000,0.389819,0.197995,0.182447
2.722000,0.389675,0.197896,0.182353
2.724000,0.389532,0.197796,0.182259
2.726000,0.389389,0.197697,0.182165
2.728000,0.389246,0.197597,0.182072
2.730000,0.389104,0.197498,0.181978
2.732000,0.388962,0.197398,0.181885
2.734000,0.388820,0.197299,0.181792
2.736000,0.388679,0.197200,0.181700
2.738000,0.388538,0.197101,0.181607
2.740000,0.388397,0.197001,0.181515
2.742000,0.388256,0.196902,0.181423
2.744000,0.388116,0.196803,0.181332
2.746000,0.387976,0.196704,0.181240
2.748000,0.387837,0.196605,0.181149
2.750000,0.387698,0.196506,0.181058
2.752000,0.387559,0.196408,0.180967
2.754000,0.387420,0.196309,0.180877
2.756000,0.387282,0.196210,0.180786
2.758000,0.387144,0.196112,0.180696
2.760000,0.387075,0.196062,0.180651
2.762000,0.386869,0.195914,0.180517
2.764000,0.386800,0.195865,0.180472
2.766000,0.386664,0.195767,0.180383
2.768000,0.386527,0.195669,0.180294
2.770000,0.386391,0.195570,0.180205
2.772000,0.386256,0.195472,0.180117
2.774000,0.386120,0.195374,0.180028
2.776000,0.385986,0.195276,0.179940
2.778000,0.385851,0.195178,0.179852
2.780000,0.385717,0.195080,0.179765
2.782000,0.385583,0.194983,0.179677
2.784000,0.385450,0.194885,0.179590
2.786000,0.385317,0.194787,0.179503
2.788000,0.385184,0.194690,0.179417
2.790000,0.385052,0.194592,0.179330
2.792000,0.384920,0.194495,0.179244
2.794000,0.384788,0.194398,0.179158
2.796000,0.384723,0.194349,0.179115
2.798000,0.384527,0.194204,0.178987
2.800000,0.384396,0.194107,0.178901
2.802000,0.384266,0.194010,0.178816
2.804000,0.384202,0.193962,0.178774
2.806000,0.384072,0.193865,0.178689
2.808000,0.383944,0.193768,0.178605
2.810000,0.383815,0.193672,0.178521
2.812000,0.383687,0.193576,0.178437
2.814000,0.383560,0.193479,0.178353
2.816000,0.383433,0.193383,0.178269
2.818000,0.383306,0.193287,0.178186
2.820000,0.383180,0.193191,0.178103
2.822000,0.383054,0.193095,0.178020
2.824000,0.382929,0.192999,0.177938
2.826000,0.382867,0.192951,0.177897
2.828000,0.382743,0.192855,0.177814
2.830000,0.382681,0.192807,0.177773
2.832000,0.382434,0.192615,0.177610
2.834000,0.382312,0.192520,0.177529
2.836000,0.382190,0.192424,0.177447
2.838000,0.382068,0.192328,0.177367
2.840000,0.381947,0.192232,0.177286
2.842000,0.381827,0.192137,0.177206
2.844000,0.381707,0.192041,0.177126
2.846000,0.381588,0.191945,0.177046
2.848000,0.381470,0.191850,0.176966
2.850000,0.381352,0.191754,0.176887
2.852000,0.381234,0.191659,0.176808
2.854000,0.381118,0.191563,0.176729
2.856000,0.381002,0.191467,0.176650
2.858000,0.380886,0.191372,0.176572
2.860000,0.380771,0.191276,0.176494
2.862000,0.380657,0.191180,0.176416
2.864000,0.380543,0.191085,0.176338
2.866000,0.380430,0.190989,0.176261
2.868000,0.380318,0.190893,0.176184
2.870000,0.380206,0.190798,0.176107
2.872000,0.380095,0.190702,0.176030
2.874000,0.379985,0.190606,0.175954
2.876000,0.379876,0.190511,0.175878
2.878000,0.379821,0.190463,0.175840
2.880000,0.379712,0.190367,0.175764
2.882000,0.379604,0.190271,0.175688
2.884000,0.379497,0.190175,0.175613
2.886000,0.379391,0.190080,0.175538
2.888000,0.379285,0.189984,0.175463
2.890000,0.379180,0.189888,0.175389
2.892000,0.379075,0.189792,0.175315
2.894000,0.378972,0.189696,0.175241
2.896000,0.378869,0.189600,0.175167
2.898000,0.378766,0.189504,0.175093
2.900000,0.378665,0.189408,0.175020
2.902000,0.378564,0.189312,0.174947
2.904000,0.378464,0.189216,0.174875
2.906000,0.378365,0.189119,0.174802
2.908000,0.378266,0.189023,0.174730
2.910000,0.378169,0.188927,0.174658
2.912000,0.378071,0.188831,0.174586
2.914000,0.377975,0.188734,0.174515
2.916000,0.377880,0.188638,0.174444
2.918000,0.377785,0.188542,0.174373
2.920000,0.377738,0.188494,0.174337
2.922000,0.377644,0.188397,0.174267
2.924000,0.377551,0.188301,0.174196
2.926000,0.377459,0.188204,0.174126
2.928000,0.377368,0.188108,0.174056
2.930000,0.377278,0.188011,0.173987
2.932000,0.377188,0.187915,0.173917
2.934000,0.377099,0.187818,0.173848
2.936000,0.377011,0.187722,0.173779
2.938000,0.376924,0.187625,0.173711
2.940000,0.376837,0.187528,0.173643
2.942000,0.376751,0.187432,0.173574
2.944000,0.376666,0.187335,0.173507
2.946000,0.376582,0.187238,0.173439
2.948000,0.376499,0.187141,0.173372
2.950000,0.376416,0.187044,0.173305
2.952000,0.376335,0.186948,0.173238
2.954000,0.376254,0.186851,0.173171
2.956000,0.376174,0.186754,0.173105
2.958000,0.376095,0.186657,0.173039
2.960000,0.376016,0.186560,0.172973
2.962000,0.375939,0.186463,0.172907
2.964000,0.375900,0.186415,0.172875
2.966000,0.375824,0.186318,0.172809
2.968000,0.375748,0.186221,0.172744
2.970000,0.375674,0.186124,0.172680
2.972000,0.375600,0.186027,0.172615
2.974000,0.375527,0.185930,0.172551
2.976000,0.375455,0.185833,0.172487
2.978000,0.375384,0.185736,0.172423
2.980000,0.375314,0.185639,0.172360
2.982000,0.375245,0.185542,0.172296
2.984000,0.375176,0.185444,0.172233
2.986000,0.375109,0.185347,0.172171
2.988000,0.375042,0.185250,0.172108
2.990000,0.374976,0.185153,0.172046
2.992000,0.374911,0.185056,0.171984
2.994000,0.374847,0.184959,0.171922
2.996000,0.374784,0.184861,0.171860
2.998000,0.374722,0.184764,0.171799
3.000000,0.374661,0.184667,0.171738
3.002000,0.374600,0.184570,0.171677
3.004000,0.374541,0.184473,0.171617
3.006000,0.374482,0.184376,0.171556
3.008000,0.374424,0.184278,0.171496
3.010000,0.374367,0.184181,0.171436
3.012000,0.374312,0.184084,0.171377
3.014000,0.374257,0.183987,0.171318
3.016000,0.374203,0.183890,0.171258
3.018000,0.374149,0.183793,0.171200
3.020000,0.374097,0.183696,0.171141
3.022000,0.374046,0.183599,0.171083
3.024000,0.373996,0.183502,0.171024
3.026000,0.373946,0.183405,0.170966
3.028000,0.373898,0.183308,0.170909
3.030000,0.373850,0.183211,0.170851
3.032000,0.373804,0.183114,0.170794
3.034000,0.373758,0.183017,0.170737
3.036000,0.373713,0.182920,0.170681
3.038000,0.373669,0.182823,0.170624
3.040000,0.373626,0.182726,0.170568
3.042000,0.373584,0.182630,0.170512
3.044000,0.373564,0.182581,0.170484
3.046000,0.373523,0.182485,0.170428
3.048000,0.373484,0.182388,0.170373
3.050000,0.373445,0.182292,0.170318
3.052000,0.373407,0.182195,0.170263
3.054000,0.373370,0.182099,0.170208
3.056000,0.373334,0.182003,0.170153
3.058000,0.373300,0.181906,0.170099
3.060000,0.373266,0.181810,0.170045
3.062000,0.373233,0.181714,0.169991
3.064000,0.373201,0.181618,0.169938
3.066000,0.373169,0.181522,0.169885
3.068000,0.373139,0.181426,0.169831
3.070000,0.373110,0.181330,0.169779
3.072000,0.373082,0.181235,0.169726
3.074000,0.373082,0.181235,0.169726
3.076000,0.373028,0.181043,0.169621
3.078000,0.373003,0.180948,0.169569
3.080000,0.372978,0.180853,0.169518
3.082000,0.372955,0.180757,0.169466
3.084000,0.372932,0.180662,0.169415
3.086000,0.372910,0.180567,0.169364
3.088000,0.372890,0.180472,0.169313
3.090000,0.372870,0.180378,0.169262
3.092000,0.372851,0.180283,0.169212
3.094000,0.372833,0.180188,0.169162
3.096000,0.372817,0.180094,0.169112
3.098000,0.372801,0.180000,0.169062
3.100000,0.372786,0.179905,0.169013
3.102000,0.372772,0.179811,0.168964
3.104000,0.372759,0.179717,0.168915
3.106000,0.372747,0.179623,0.168866
3.108000,0.372736,0.179530,0.168817
3.110000,0.372726,0.179436,0.168769
3.112000,0.372717,0.179343,0.168721
3.114000,0.372709,0.179249,0.168673
3.116000,0.372702,0.179156,0.168625
3.118000,0.372696,0.179063,0.168578
3.120000,0.372691,0.178970,0.168531
3.122000,0.372687,0.178877,0.168484
3.124000,0.372684,0.178784,0.168437
3.126000,0.372682,0.178692,0.168390
3.128000,0.372682,0.178646,0.168367
3.130000,0.372681,0.178553,0.168321
3.132000,0.372682,0.178461,0.168275
3.134000,0.372684,0.178369,0.168229
3.136000,0.372686,0.178277,0.168184
3.138000,0.372690,0.178185,0.168138
3.140000,0.372695,0.178094,0.168093
3.142000,0.372700,0.178002,0.168048
3.144000,0.372707,0.177911,0.168004
3.146000,0.372715,0.177820,0.167959
3.148000,0.372724,0.177729,0.167915
3.150000,0.372734,0.177638,0.167871
3.152000,0.372745,0.177547,0.167827
3.154000,0.372757,0.177457,0.167784
3.156000,0.372770,0.177366,0.167741
3.158000,0.372784,0.177276,0.167698
3.160000,0.372799,0.177186,0.167655
3.162000,0.372815,0.177096,0.167612
3.164000,0.372832,0.177007,0.167570
3.166000,0.372851,0.176917,0.167528
3.168000,0.372870,0.176828,0.167486
3.170000,0.372890,0.176739,0.167444
3.172000,0.372912,0.176650,0.167402
3.174000,0.372934,0.176561,0.167361
3.176000,0.372958,0.176472,0.167320
3.178000,0.372982,0.176384,0.167279
3.180000,0.373008,0.176296,0.167239
3.182000,0.373021,0.176252,0.167218
3.184000,0.373049,0.176164,0.167178
3.186000,0.373077,0.176076,0.167138
3.188000,0.373106,0.175989,0.167098
3.190000,0.373137,0.175902,0.167058
3.192000,0.373168,0.175814,0.167019
3.194000,0.373200,0.175727,0.166980
3.196000,0.373216,0.175684,0.166960
3.198000,0.373265,0.175553,0.166902
3.200000,0.373298,0.175466,0.166864
3.202000,0.373331,0.175378,0.166826
3.204000,0.373365,0.175291,0.166788
3.206000,0.373400,0.175204,0.166750
3.208000,0.373435,0.175117,0.166713
3.210000,0.373470,0.175029,0.166676
3.212000,0.373506,0.174942,0.166639
3.214000,0.373542,0.174855,0.166602
3.216000,0.373579,0.174767,0.166566
3.218000,0.373616,0.174680,0.166530
3.220000,0.373654,0.174592,0.166494
3.222000,0.373692,0.174505,0.166458
3.224000,0.373731,0.174418,0.166423
3.226000,0.373751,0.174374,0.166405
3.228000,0.373790,0.174287,0.166370
3.230000,0.373830,0.174199,0.166335
3.232000,0.373871,0.174112,0.166300
3.234000,0.373912,0.174025,0.166266
3.236000,0.373954,0.173937,0.166231
3.238000,0.373996,0.173850,0.166197
3.240000,0.374039,0.173763,0.166163
3.242000,0.374083,0.173676,0.166129
3.244000,0.374128,0.173589,0.166095
3.246000,0.374173,0.173502,0.166061
3.248000,0.374219,0.173415,0.166027
3.250000,0.374266,0.173328,0.165993
3.252000,0.374313,0.173241,0.165959
3.254000,0.374362,0.173155,0.165925
3.256000,0.374411,0.173068,0.165891
3.258000,0.374461,0.172982,0.165857
3.260000,0.374512,0.172895,0.165823
3.262000,0.374563,0.172809,0.165789
3.264000,0.374616,0.172723,0.165755
3.266000,0.374670,0.172637,0.165721
3.268000,0.374724,0.172551,0.165686
3.270000,0.374779,0.172465,0.165652
3.272000,0.374836,0.172379,0.165618
3.274000,0.374893,0.172294,0.165583
3.276000,0.374951,0.172209,0.165548
3.278000,0.375010,0.172123,0.165514
3.280000,0.375070,0.172038,0.165479
3.282000,0.375131,0.171954,0.165443
3.284000,0.375193,0.171869,0.165408
3.286000,0.375257,0.171784,0.165373
3.288000,0.375321,0.171700,0.165337
3.290000,0.375386,0.171616,0.165301
3.292000,0.375452,0.171532,0.165266
3.294000,0.375520,0.171448,0.165229
3.296000,0.375554,0.171406,0.165211
3.298000,0.375623,0.171322,0.165175
3.300000,0.375693,0.171239,0.165138
3.302000,0.375764,0.171156,0.165101
3.304000,0.375836,0.171073,0.165064
3.306000,0.375910,0.170990,0.165027
3.308000,0.375984,0.170907,0.164989
3.310000,0.376060,0.170825,0.164951
3.312000,0.376137,0.170743,0.164913
3.314000,0.376215,0.170661,0.164875
3.316000,0.376294,0.170579,0.164836
3.318000,0.376375,0.170498,0.164797
3.320000,0.376457,0.170416,0.164758
3.322000,0.376498,0.170376,0.164739
3.324000,0.376581,0.170295,0.164699
3.326000,0.376666,0.170214,0.164659
3.328000,0.376752,0.170134,0.164619
3.330000,0.376839,0.170054,0.164579
3.332000,0.376928,0.169974,0.164538
3.334000,0.377017,0.169894,0.164497
3.336000,0.377108,0.169814,0.164456
3.338000,0.377200,0.169735,0.164414
3.340000,0.377294,0.169656,0.164372
3.342000,0.377388,0.169577,0.164330
3.344000,0.377484,0.169499,0.164287
3.346000,0.377582,0.169421,0.164245
3.348000,0.377680,0.169343,0.164202
3.350000,0.377780,0.169265,0.164158
3.352000,0.377881,0.169188,0.164114
3.354000,0.377983,0.169111,0.164070
3.356000,0.378087,0.169034,0.164026
3.358000,0.378192,0.168958,0.163981
3.360000,0.378298,0.168881,0.163936
3.362000,0.378406,0.168805,0.163891
3.364000,0.378515,0.168730,0.163845
3.366000,0.378625,0.168655,0.163799
3.368000,0.378737,0.168579,0.163753
3.370000,0.378850,0.168505,0.163706
3.372000,0.378964,0.168430,0.163659
3.374000,0.379079,0.168356,0.163612
3.376000,0.379196,0.168282,0.163564
3.378000,0.379255,0.168246,0.163540
3.380000,0.379374,0.168172,0.163492
3.382000,0.379495,0.168099,0.163444
3.384000,0.379617,0.168027,0.163395
3.386000,0.379740,0.167954,0.163345
3.388000,0.379865,0.167882,0.163296
3.390000,0.379992,0.167810,0.163246
3.392000,0.380119,0.167739,0.163195
3.394000,0.380249,0.167668,0.163145
3.396000,0.380379,0.167597,0.163093
3.398000,0.380512,0.167527,0.163042
3.400000,0.380646,0.167456,0.162990
3.402000,0.380781,0.167387,0.162938
3.404000,0.380918,0.167317,0.162885
3.406000,0.381057,0.167248,0.162832
3.408000,0.381197,0.167179,0.162778
3.410000,0.381338,0.167111,0.162724
3.412000,0.381482,0.167043,0.162670
3.414000,0.381627,0.166975,0.162615
3.416000,0.381773,0.166908,0.162560
3.418000,0.381921,0.166841,0.162505
3.420000,0.381996,0.166807,0.162477
3.422000,0.382146,0.166741,0.162421
3.424000,0.382298,0.166674,0.162364
3.426000,0.382452,0.166609,0.162307
3.428000,0.382607,0.166543,0.162250
3.430000,0.382764,0.166478,0.162192
3.432000,0.382923,0.166413,0.162134
3.434000,0.383083,0.166349,0.162075
3.436000,0.383164,0.166317,0.162046
3.438000,0.383409,0.166221,0.161957
3.440000,0.383575,0.166158,0.161897
3.442000,0.383742,0.166095,0.161837
3.444000,0.383911,0.166033,0.161776
3.446000,0.384081,0.165970,0.161715
3.448000,0.384253,0.165909,0.161654
3.450000,0.384427,0.165847,0.161592
3.452000,0.384603,0.165786,0.161530
3.454000,0.384780,0.165726,0.161468
3.456000,0.384959,0.165666,0.161405
3.458000,0.385140,0.165606,0.161342
3.460000,0.385323,0.165546,0.161278
3.462000,0.385507,0.165487,0.161214
3.464000,0.385693,0.165429,0.161150
3.466000,0.385880,0.165371,0.161085
3.468000,0.386070,0.165313,0.161020
3.470000,0.386261,0.165255,0.160954
3.472000,0.386454,0.165198,0.160889
3.474000,0.386648,0.165142,0.160823
3.476000,0.386845,0.165086,0.160756
3.478000,0.387043,0.165030,0.160689
3.480000,0.387242,0.164975,0.160622
3.482000,0.387444,0.164920,0.160555
3.484000,0.387647,0.164866,0.160487
3.486000,0.387749,0.164839,0.160453
3.488000,0.388059,0.164758,0.160350
3.490000,0.388163,0.164732,0.160316
3.492000,0.388372,0.164679,0.160247
3.494000,0.388583,0.164626,0.160178
3.496000,0.388796,0.164574,0.160108
3.498000,0.389010,0.164523,0.160038
3.500000,0.389227,0.164472,0.159968
3.502000,0.389445,0.164421,0.159898
3.504000,0.389665,0.164371,0.159827
3.506000,0.389886,0.164321,0.159756
3.508000,0.390109,0.164272,0.159685
3.510000,0.390335,0.164223,0.159613
3.512000,0.390561,0.164175,0.159541
3.514000,0.390790,0.164127,0.159469
3.516000,0.391021,0.164080,0.159397
3.518000,0.391253,0.164033,0.159324
3.520000,0.391487,0.163987,0.159251
3.522000,0.391723,0.163941,0.159178
3.524000,0.391960,0.163895,0.159104
3.526000,0.392200,0.163851,0.159031
3.528000,0.392441,0.163806,0.158957
3.530000,0.392685,0.163762,0.158882
3.532000,0.392930,0.163719,0.158808
3.534000,0.393053,0.163697,0.158770
3.536000,0.393301,0.163654,0.158695
3.538000,0.393551,0.163612,0.158620
3.540000,0.393802,0.163571,0.158545
3.542000,0.394056,0.163529,0.158469
3.544000,0.394311,0.163489,0.158393
3.546000,0.394569,0.163448,0.158317
3.548000,0.394828,0.163409,0.158240
3.550000,0.395089,0.163370,0.158163
3.552000,0.395352,0.163331,0.158086
3.554000,0.395617,0.163293,0.158009
3.556000,0.395884,0.163255,0.157932
3.558000,0.396153,0.163218,0.157854
3.560000,0.396424,0.163181,0.157776
3.562000,0.396697,0.163145,0.157698
3.564000,0.396972,0.163110,0.157620
3.566000,0.397248,0.163075,0.157541
3.568000,0.397527,0.163040,0.157462
3.570000,0.397807,0.163007,0.157383
3.572000,0.398090,0.162973,0.157304
3.574000,0.398374,0.162940,0.157225
3.576000,0.398661,0.162908,0.157146
3.578000,0.398949,0.162877,0.157066
3.580000,0.399239,0.162845,0.156986
3.582000,0.399532,0.162815,0.156906
3.584000,0.399826,0.162785,0.156826
3.586000,0.400122,0.162756,0.156746
3.588000,0.400420,0.162727,0.156665
3.590000,0.400720,0.162698,0.156585
3.592000,0.401022,0.162671,0.156504
3.594000,0.401326,0.162644,0.156423
3.596000,0.401632,0.162617,0.156342
3.598000,0.401940,0.162591,0.156261
3.600000,0.402250,0.162566,0.156180
3.602000,0.402561,0.162541,0.156099
3.604000,0.402875,0.162517,0.156017
3.606000,0.403191,0.162494,0.155936
3.608000,0.403508,0.162471,0.155855
3.610000,0.403828,0.162448,0.155773
3.612000,0.404149,0.162427,0.155691
3.614000,0.404311,0.162416,0.155651
3.616000,0.404798,0.162385,0.155528
3.618000,0.404961,0.162375,0.155487
3.620000,0.405289,0.162356,0.155405
3.622000,0.405620,0.162337,0.155324
3.624000,0.405952,0.162319,0.155242
3.626000,0.406286,0.162301,0.155160
3.628000,0.406622,0.162284,0.155078
3.630000,0.406790,0.162276,0.155037
3.632000,0.407129,0.162260,0.154955
3.634000,0.407470,0.162244,0.154873
3.636000,0.407985,0.162222,0.154751
3.638000,0.408331,0.162209,0.154669
3.640000,0.408679,0.162195,0.154587
3.642000,0.409028,0.162183,0.154505
3.644000,0.409380,0.162171,0.154424
3.646000,0.409733,0.162160,0.154342
3.648000,0.410088,0.162150,0.154260
3.650000,0.410446,0.162140,0.154179
3.652000,0.410625,0.162135,0.154138
3.654000,0.410985,0.162126,0.154057
3.656000,0.411347,0.162118,0.153976
3.658000,0.411711,0.162111,0.153894
3.660000,0.412077,0.162104,0.153813
3.662000,0.412444,0.162098,0.153732
3.664000,0.412814,0.162093,0.153651
3.666000,0.413186,0.162088,0.153571
3.668000,0.413559,0.162084,0.153490
3.670000,0.413934,0.162081,0.153409
3.672000,0.414312,0.162078,0.153329
3.674000,0.414691,0.162076,0.153249
3.676000,0.415072,0.162075,0.153169
3.678000,0.415455,0.162075,0.153089
3.680000,0.415840,0.162075,0.153009
3.682000,0.416226,0.162076,0.152930
3.684000,0.416615,0.162078,0.152850
3.686000,0.417005,0.162080,0.152771
3.688000,0.417398,0.162083,0.152692
3.690000,0.417792,0.162087,0.152614
3.692000,0.418188,0.162092,0.152535
3.694000,0.418586,0.162097,0.152457
3.696000,0.418785,0.162100,0.152418
3.698000,0.419186,0.162106,0.152340
3.700000,0.419588,0.162113,0.152262
3.702000,0.419993,0.162121,0.152185
3.704000,0.420399,0.162130,0.152108
3.706000,0.420807,0.162139,0.152031
3.708000,0.421217,0.162149,0.151954
3.710000,0.421629,0.162160,0.151878
3.712000,0.422042,0.162172,0.151802
3.714000,0.422457,0.162184,0.151726
3.716000,0.422874,0.162197,0.151651
3.718000,0.423293,0.162211,0.151576
3.720000,0.423714,0.162226,0.151501
3.722000,0.424137,0.162241,0.151427
3.724000,0.424561,0.162257,0.151353
3.726000,0.424987,0.162274,0.151279
3.728000,0.425415,0.162292,0.151205
3.730000,0.425844,0.162310,0.151133
3.732000,0.426276,0.162330,0.151060
3.734000,0.426709,0.162350,0.150988
3.736000,0.427143,0.162370,0.150916
3.738000,0.427580,0.162392,0.150845
3.740000,0.428018,0.162414,0.150774
3.742000,0.428458,0.162437,0.150703
3.744000,0.428899,0.162461,0.150633
3.746000,0.429342,0.162486,0.150564
3.748000,0.429564,0.162499,0.150529
3.750000,0.430010,0.162525,0.150460
3.752000,0.430457,0.162551,0.150391
3.754000,0.430906,0.162579,0.150323
3.756000,0.431357,0.162607,0.150256
3.758000,0.431809,0.162636,0.150189
3.760000,0.432263,0.162666,0.150122
3.762000,0.432719,0.162697,0.150056
3.764000,0.433176,0.162728,0.149991
3.766000,0.433635,0.162760,0.149926
3.768000,0.434095,0.162793,0.149861
3.770000,0.434557,0.162827,0.149797
3.772000,0.435021,0.162862,0.149734
3.774000,0.435486,0.162898,0.149671
3.776000,0.435952,0.162934,0.149609
3.778000,0.436421,0.162971,0.149547
3.780000,0.436890,0.163009,0.149486
3.782000,0.437361,0.163048,0.149426
3.784000,0.437834,0.163087,0.149366
3.786000,0.438308,0.163128,0.149307
3.788000,0.438784,0.163169,0.149248
3.790000,0.439261,0.163211,0.149190
3.792000,0.439739,0.163254,0.149133
3.794000,0.440219,0.163297,0.149076
3.796000,0.440701,0.163342,0.149020
3.798000,0.441183,0.163387,0.148965
3.800000,0.441667,0.163433,0.148910
3.802000,0.442152,0.163480,0.148856
3.804000,0.442639,0.163528,0.148803
3.806000,0.443127,0.163576,0.148751
3.808000,0.443616,0.163625,0.148699
3.810000,0.444106,0.163675,0.148648
3.812000,0.444598,0.163726,0.148598
3.814000,0.445090,0.163778,0.148549
3.816000,0.445584,0.163831,0.148500
3.818000,0.446079,0.163884,0.148452
3.820000,0.446575,0.163938,0.148405
3.822000,0.446824,0.163965,0.148382
3.824000,0.447321,0.164020,0.148336
3.826000,0.447820,0.164077,0.148291
3.828000,0.448320,0.164133,0.148247
3.830000,0.448821,0.164191,0.148203
3.832000,0.449323,0.164249,0.148161
3.834000,0.449826,0.164309,0.148119
3.836000,0.450331,0.164369,0.148078
3.838000,0.450836,0.164429,0.148039
3.840000,0.451342,0.164491,0.147999
3.842000,0.451849,0.164553,0.147961
3.844000,0.452356,0.164616,0.147924
3.846000,0.452865,0.164680,0.147888
3.848000,0.453375,0.164744,0.147852
3.850000,0.453885,0.164810,0.147818
3.852000,0.454397,0.164876,0.147784
3.854000,0.454909,0.164943,0.147751
3.856000,0.455422,0.165010,0.147720
3.858000,0.455935,0.165078,0.147689
3.860000,0.456193,0.165113,0.147674
3.862000,0.456707,0.165182,0.147645
3.864000,0.457223,0.165252,0.147616
3.866000,0.457739,0.165323,0.147589
3.868000,0.458256,0.165395,0.147562
3.870000,0.458774,0.165467,0.147537
3.872000,0.459293,0.165540,0.147512
3.874000,0.459812,0.165614,0.147489
3.876000,0.460331,0.165688,0.147466
3.878000,0.460852,0.165764,0.147445
3.880000,0.461373,0.165839,0.147425
3.882000,0.461894,0.165916,0.147405
3.884000,0.462416,0.165993,0.147387
3.886000,0.462939,0.166071,0.147369
3.888000,0.463462,0.166150,0.147353
3.890000,0.463986,0.166229,0.147337
3.892000,0.464510,0.166309,0.147323
3.894000,0.465034,0.166390,0.147310
3.896000,0.465559,0.166471,0.147298
3.898000,0.466085,0.166553,0.147287
3.900000,0.466348,0.166594,0.147281
3.902000,0.466874,0.166677,0.147272
3.904000,0.467400,0.166761,0.147263
3.906000,0.467927,0.166845,0.147256
3.908000,0.468454,0.166930,0.147249
3.910000,0.468982,0.167016,0.147244
3.912000,0.469510,0.167102,0.147240
3.914000,0.470038,0.167189,0.147237
3.916000,0.470566,0.167276,0.147235
3.918000,0.471095,0.167364,0.147234
3.920000,0.471624,0.167453,0.147234
3.922000,0.472154,0.167542,0.147235
3.924000,0.472683,0.167632,0.147237
3.926000,0.473213,0.167722,0.147241
3.928000,0.473743,0.167813,0.147245
3.930000,0.474273,0.167904,0.147251
3.932000,0.474803,0.167997,0.147258
3.934000,0.475333,0.168089,0.147266
3.936000,0.475863,0.168182,0.147275
3.938000,0.476128,0.168229,0.147280
3.940000,0.476659,0.168323,0.147290
3.942000,0.477189,0.168418,0.147302
3.944000,0.477719,0.168513,0.147315
3.946000,0.478248,0.168608,0.147330
3.948000,0.478778,0.168704,0.147345
3.950000,0.479307,0.168800,0.147362
3.952000,0.479837,0.168897,0.147379
3.954000,0.480366,0.168994,0.147398
3.956000,0.480894,0.169092,0.147419
3.958000,0.481422,0.169190,0.147440
3.960000,0.481950,0.169289,0.147463
3.962000,0.482478,0.169388,0.147487
3.964000,0.483005,0.169487,0.147512
3.966000,0.483531,0.169587,0.147538
3.968000,0.484057,0.169687,0.147565
3.970000,0.484582,0.169787,0.147594
3.972000,0.485107,0.169888,0.147624
3.974000,0.485631,0.169989,0.147655
3.976000,0.486154,0.170090,0.147688
3.978000,0.486677,0.170192,0.147721
3.980000,0.487199,0.170293,0.147756
3.982000,0.487720,0.170396,0.147792
3.984000,0.488241,0.170498,0.147830
3.986000,0.488761,0.170601,0.147868
3.988000,0.489279,0.170704,0.147908
3.990000,0.489797,0.170807,0.147949
3.992000,0.490315,0.170910,0.147992
3.994000,0.490831,0.171014,0.148035
3.996000,0.491088,0.171065,0.148057
3.998000,0.491603,0.171169,0.148103
4.000000,0.492374,0.171325,0.148173
4.002000,0.492886,0.171430,0.148221
4.004000,0.493142,0.171482,0.148246
4.006000,0.493653,0.171586,0.148296
4.008000,0.494162,0.171691,0.148348
4.010000,0.494671,0.171796,0.148401
4.012000,0.495179,0.171900,0.148454
4.014000,0.495685,0.172005,0.148510
4.016000,0.496190,0.172110,0.148566
4.018000,0.496695,0.172215,0.148623
4.020000,0.497198,0.172320,0.148682
4.022000,0.497700,0.172426,0.148742
4.024000,0.498200,0.172531,0.148803
4.026000,0.498700,0.172636,0.148865
4.028000,0.499198,0.172741,0.148929
4.030000,0.499695,0.172846,0.148994
4.032000,0.500190,0.172952,0.149059
4.034000,0.500685,0.173057,0.149126
4.036000,0.501178,0.173162,0.149195
4.038000,0.501669,0.173267,0.149264
4.040000,0.502160,0.173372,0.149334
4.042000,0.502649,0.173477,0.149406
4.044000,0.503136,0.173582,0.149479
4.046000,0.503622,0.173687,0.149553
4.048000,0.504107,0.173792,0.149628
4.050000,0.504590,0.173896,0.149704
4.052000,0.505072,0.174001,0.149781
4.054000,0.505313,0.174053,0.149820
4.056000,0.505793,0.174157,0.149899
4.058000,0.506271,0.174261,0.149979
4.060000,0.506748,0.174365,0.150060
4.062000,0.507223,0.174469,0.150142
4.064000,0.507697,0.174573,0.150226
4.066000,0.508169,0.174677,0.150310
4.068000,0.508640,0.174780,0.150396
4.070000,0.509110,0.174883,0.150482
4.072000,0.509577,0.174986,0.150570
4.074000,0.510044,0.175088,0.150658
4.076000,0.510508,0.175191,0.150748
4.078000,0.510971,0.175293,0.150839
4.080000,0.511432,0.175395,0.150931
4.082000,0.511891,0.175496,0.151024
4.084000,0.512348,0.175597,0.151118
4.086000,0.512803,0.175698,0.151213
4.088000,0.513256,0.175798,0.151309
4.090000,0.513708,0.175898,0.151406
4.092000,0.514157,0.175997,0.151504
4.094000,0.514605,0.176096,0.151604
4.096000,0.514828,0.176146,0.151654
4.098000,0.515493,0.176293,0.151805
4.100000,0.515934,0.176391,0.151908
4.102000,0.516373,0.176488,0.152011
4.104000,0.516810,0.176584,0.152116
4.106000,0.517245,0.176680,0.152221
4.108000,0.517677,0.176776,0.152328
4.110000,0.518107,0.176871,0.152435
4.112000,0.518535,0.176965,0.152544
4.114000,0.518960,0.177059,0.152653
4.116000,0.519172,0.177106,0.152709
4.118000,0.519594,0.177198,0.152820
4.120000,0.520013,0.177291,0.152932
4.122000,0.520430,0.177382,0.153044
4.124000,0.520845,0.177473,0.153158
4.126000,0.521257,0.177563,0.153273
4.128000,0.521667,0.177653,0.153389
4.130000,0.522074,0.177741,0.153506
4.132000,0.522479,0.177830,0.153624
4.134000,0.522882,0.177917,0.153742
4.136000,0.523282,0.178004,0.153862
4.138000,0.523679,0.178089,0.153982
4.140000,0.524074,0.178174,0.154104
4.142000,0.524466,0.178259,0.154226
4.144000,0.524856,0.178342,0.154349
4.146000,0.525243,0.178425,0.154473
4.148000,0.525627,0.178507,0.154598
4.150000,0.526009,0.178588,0.154724
4.152000,0.526388,0.178668,0.154851
4.154000,0.526765,0.178748,0.154978
4.156000,0.527139,0.178826,0.155107
4.158000,0.527510,0.178904,0.155236
4.160000,0.527879,0.178981,0.155366
4.162000,0.528245,0.179057,0.155497
4.164000,0.528608,0.179132,0.155628
4.166000,0.528969,0.179206,0.155760
4.168000,0.529327,0.179279,0.155894
4.170000,0.529682,0.179352,0.156027
4.172000,0.530035,0.179423,0.156162
4.174000,0.530385,0.179494,0.156298
4.176000,0.530732,0.179563,0.156434
4.178000,0.531077,0.179632,0.156571
4.180000,0.531419,0.179700,0.156708
4.182000,0.531758,0.179767,0.156847
4.184000,0.532094,0.179833,0.156986
4.186000,0.532262,0.179865,0.157055
4.188000,0.532594,0.179930,0.157195
4.190000,0.532924,0.179993,0.157336
4.192000,0.533251,0.180055,0.157478
4.194000,0.533576,0.180117,0.157620
4.196000,0.533737,0.180147,0.157691
4.198000,0.534217,0.180237,0.157906
4.200000,0.534533,0.180295,0.158050
4.202000,0.534847,0.180353,0.158195
4.204000,0.535158,0.180409,0.158340
4.206000,0.535467,0.180465,0.158486
4.208000,0.535773,0.180520,0.158632
4.210000,0.536076,0.180573,0.158780
4.212000,0.536376,0.180625,0.158927
4.214000,0.536674,0.180677,0.159076
4.216000,0.536969,0.180727,0.159224
4.218000,0.537261,0.180776,0.159374
4.220000,0.537550,0.180824,0.159524
4.222000,0.537837,0.180871,0.159675
4.224000,0.537979,0.180894,0.159750
4.226000,0.538261,0.180940,0.159902
4.228000,0.538540,0.180984,0.160054
4.230000,0.538816,0.181027,0.160207
4.232000,0.539089,0.181069,0.160360
4.234000,0.539359,0.181109,0.160514
4.236000,0.539626,0.181149,0.160668
4.238000,0.539890,0.181187,0.160823
4.240000,0.540151,0.181224,0.160978
4.242000,0.540409,0.181260,0.161134
4.244000,0.540664,0.181295,0.161291
4.246000,0.540915,0.181328,0.161448
4.248000,0.541164,0.181360,0.161606
4.250000,0.541409,0.181391,0.161764
4.252000,0.541652,0.181421,0.161922
4.254000,0.541893,0.181451,0.162080
4.256000,0.542134,0.181482,0.162237
4.258000,0.542373,0.181513,0.162394
4.260000,0.542610,0.181544,0.162550
4.262000,0.542847,0.181575,0.162706
4.264000,0.543082,0.181606,0.162861
4.266000,0.543315,0.181638,0.163015
4.268000,0.543547,0.181670,0.163169
4.270000,0.543778,0.181702,0.163323
4.272000,0.544008,0.181734,0.163475
4.274000,0.544236,0.181767,0.163628
4.276000,0.544463,0.181799,0.163779
4.278000,0.544576,0.181816,0.163855
4.280000,0.544801,0.181849,0.164006
4.282000,0.545024,0.181882,0.164156
4.284000,0.545246,0.181915,0.164305
4.286000,0.545467,0.181948,0.164454
4.288000,0.545686,0.181982,0.164603
4.290000,0.545904,0.182015,0.164751
4.292000,0.546121,0.182049,0.164898
4.294000,0.546336,0.182083,0.165044
4.296000,0.546443,0.182100,0.165117
4.298000,0.546656,0.182133,0.165263
4.300000,0.546973,0.182184,0.165481
4.302000,0.547184,0.182217,0.165625
4.304000,0.547394,0.182250,0.165770
4.306000,0.547603,0.182282,0.165915
4.308000,0.547812,0.182313,0.166059
4.310000,0.548020,0.182343,0.166204
4.312000,0.548228,0.182372,0.166348
4.314000,0.548435,0.182401,0.166492
4.316000,0.548642,0.182429,0.166636
4.318000,0.548848,0.182456,0.166780
4.320000,0.549054,0.182483,0.166924
4.322000,0.549258,0.182508,0.167068
4.324000,0.549463,0.182533,0.167211
4.326000,0.549666,0.182557,0.167355
4.328000,0.549869,0.182580,0.167498
4.330000,0.550071,0.182603,0.167641
4.332000,0.550172,0.182614,0.167712
4.334000,0.550374,0.182635,0.167855
4.336000,0.550574,0.182656,0.167998
4.338000,0.550774,0.182676,0.168141
4.340000,0.550973,0.182694,0.168283
4.342000,0.551172,0.182713,0.168425
4.344000,0.551370,0.182730,0.168568
4.346000,0.551567,0.182746,0.168710
4.348000,0.551764,0.182762,0.168851
4.350000,0.551960,0.182777,0.168993
4.352000,0.552155,0.182791,0.169134
4.354000,0.552349,0.182804,0.169276
4.356000,0.552543,0.182816,0.169417
4.358000,0.552735,0.182827,0.169557
4.360000,0.552927,0.182838,0.169698
4.362000,0.553119,0.182847,0.169839
4.364000,0.553309,0.182856,0.169979
4.366000,0.553499,0.182864,0.170119
4.368000,0.553688,0.182871,0.170259
4.370000,0.553875,0.182877,0.170398
4.372000,0.554063,0.182882,0.170537
4.374000,0.554249,0.182886,0.170676
4.376000,0.554434,0.182889,0.170815
4.378000,0.554619,0.182892,0.170954
4.380000,0.554802,0.182893,0.171092
4.382000,0.554985,0.182894,0.171230
4.384000,0.555076,0.182893,0.171299
4.386000,0.555166,0.182893,0.171368
4.388000,0.555347,0.182892,0.171506
4.390000,0.555527,0.182889,0.171643
4.392000,0.555706,0.182886,0.171780
4.394000,0.555884,0.182882,0.171917
4.396000,0.555972,0.182879,0.171985
4.398000,0.556236,0.182870,0.172189
4.400000,0.556411,0.182863,0.172325
4.402000,0.556585,0.182854,0.172460
4.404000,0.556758,0.182845,0.172596
4.406000,0.556930,0.182835,0.172731
4.408000,0.557101,0.182823,0.172865
4.410000,0.557270,0.182811,0.172999
4.412000,0.557439,0.182798,0.173133
4.414000,0.557606,0.182783,0.173267
4.416000,0.557773,0.182768,0.173400
4.418000,0.557938,0.182751,0.173533
4.420000,0.558020,0.182743,0.173599
4.422000,0.558184,0.182725,0.173732
4.424000,0.558346,0.182706,0.173864
4.426000,0.558508,0.182686,0.173996
4.428000,0.558668,0.182664,0.174127
4.430000,0.558827,0.182642,0.174258
4.432000,0.558985,0.182619,0.174389
4.434000,0.559142,0.182594,0.174519
4.436000,0.559297,0.182569,0.174649
4.438000,0.559451,0.182542,0.174778
4.440000,0.559604,0.182515,0.174907
4.442000,0.559756,0.182486,0.175036
4.444000,0.559907,0.182456,0.175164
4.446000,0.560056,0.182425,0.175292
4.448000,0.560205,0.182393,0.175420
4.450000,0.560351,0.182360,0.175547
4.452000,0.560497,0.182326,0.175674
4.454000,0.560641,0.182290,0.175800
4.456000,0.560784,0.182254,0.175926
4.458000,0.560926,0.182215,0.176052
4.460000,0.561066,0.182176,0.176177
4.462000,0.561135,0.182156,0.176239
4.464000,0.561273,0.182114,0.176364
4.466000,0.561410,0.182072,0.176488
4.468000,0.561544,0.182027,0.176612
4.470000,0.561677,0.181982,0.176736
4.472000,0.561809,0.181934,0.176859
4.474000,0.561938,0.181886,0.176982
4.476000,0.562066,0.181836,0.177105
4.478000,0.562192,0.181784,0.177227
4.480000,0.562317,0.181730,0.177350
4.482000,0.562439,0.181676,0.177472
4.484000,0.562559,0.181619,0.177593
4.486000,0.562678,0.181561,0.177715
4.488000,0.562794,0.181501,0.177836
4.490000,0.562909,0.181439,0.177957
4.492000,0.563021,0.181376,0.178078
4.494000,0.563131,0.181311,0.178199
4.496000,0.563186,0.181278,0.178259
4.498000,0.563345,0.181176,0.178440
4.500000,0.563449,0.181105,0.178560
4.502000,0.563550,0.181033,0.178680
4.504000,0.563648,0.180958,0.178800
4.506000,0.563745,0.180882,0.178920
4.508000,0.563839,0.180804,0.179040
4.510000,0.563930,0.180724,0.179159
4.512000,0.564019,0.180642,0.179279
4.514000,0.564105,0.180558,0.179398
4.516000,0.564147,0.180515,0.179458
4.518000,0.564230,0.180428,0.179577
4.520000,0.564310,0.180339,0.179697
4.522000,0.564387,0.180248,0.179816
4.524000,0.564461,0.180154,0.179935
4.526000,0.564532,0.180059,0.180055
4.528000,0.564601,0.179962,0.180174
4.530000,0.564667,0.179862,0.180293
4.532000,0.564730,0.179760,0.180412
4.534000,0.564790,0.179656,0.180531
4.536000,0.564847,0.179550,0.180650
4.538000,0.564902,0.179442,0.180770
4.540000,0.564953,0.179331,0.180889
4.542000,0.565001,0.179219,0.181008
4.544000,0.565047,0.179104,0.181127
4.546000,0.565089,0.178987,0.181246
4.548000,0.565128,0.178867,0.181366
4.550000,0.565164,0.178746,0.181485
4.552000,0.565197,0.178622,0.181604
4.554000,0.565227,0.178496,0.181724
4.556000,0.565254,0.178368,0.181843
4.558000,0.565278,0.178237,0.181963
4.560000,0.565299,0.178105,0.182082
4.562000,0.565317,0.177970,0.182202
4.564000,0.565324,0.177902,0.182262
4.566000,0.565337,0.177764,0.182382
4.568000,0.565347,0.177623,0.182501
4.570000,0.565353,0.177480,0.182621
4.572000,0.565356,0.177335,0.182741
4.574000,0.565356,0.177188,0.182861
4.576000,0.565353,0.177039,0.182981
4.578000,0.565346,0.176887,0.183101
4.580000,0.565336,0.176733,0.183222
4.582000,0.565323,0.176577,0.183342
4.584000,0.565307,0.176419,0.183463
4.586000,0.565287,0.176258,0.183583
4.588000,0.565264,0.176096,0.183704
4.590000,0.565238,0.175931,0.183824
4.592000,0.565208,0.175764,0.183945
4.594000,0.565175,0.175595,0.184066
4.596000,0.565139,0.175423,0.184187
4.598000,0.565100,0.175250,0.184308
4.600000,0.565057,0.175074,0.184429
4.602000,0.565011,0.174896,0.184550
4.604000,0.564961,0.174717,0.184672
4.606000,0.564909,0.174535,0.184793
4.608000,0.564852,0.174351,0.184915
4.610000,0.564793,0.174164,0.185036
4.612000,0.564731,0.173976,0.185158
4.614000,0.564665,0.173786,0.185280
4.616000,0.564630,0.173690,0.185341
4.618000,0.564560,0.173497,0.185463
4.620000,0.564486,0.173302,0.185585
4.622000,0.564408,0.173105,0.185707
4.624000,0.564327,0.172905,0.185829
4.626000,0.564243,0.172704,0.185951
4.628000,0.564156,0.172501,0.186074
4.630000,0.564065,0.172296,0.186196
4.632000,0.563971,0.172088,0.186319
4.634000,0.563874,0.171879,0.186442
4.636000,0.563773,0.171668,0.186564
4.638000,0.563669,0.171455,0.186687
4.640000,0.563562,0.171241,0.186810
4.642000,0.563452,0.171024,0.186934
4.644000,0.563338,0.170805,0.187057
4.646000,0.563221,0.170585,0.187180
4.648000,0.563100,0.170363,0.187304
4.650000,0.562977,0.170139,0.187428
4.652000,0.562850,0.169913,0.187551
4.654000,0.562719,0.169685,0.187675
4.656000,0.562586,0.169456,0.187799
4.658000,0.562449,0.169225,0.187923
4.660000,0.562309,0.168992,0.188048
4.662000,0.562238,0.168875,0.188110
4.664000,0.562093,0.168639,0.188234
4.666000,0.561945,0.168402,0.188359
4.668000,0.561793,0.168163,0.188484
4.670000,0.561638,0.167923,0.188609
4.672000,0.561480,0.167681,0.188734
4.674000,0.561319,0.167437,0.188859
4.676000,0.561154,0.167191,0.188984
4.678000,0.560986,0.166944,0.189110
4.680000,0.560815,0.166696,0.189235
4.682000,0.560641,0.166445,0.189361
4.684000,0.560464,0.166193,0.189487
4.686000,0.560283,0.165940,0.189613
4.688000,0.560099,0.165685,0.189739
4.690000,0.559912,0.165429,0.189865
4.692000,0.559722,0.165171,0.189992
4.694000,0.559529,0.164912,0.190118
4.696000,0.559333,0.164651,0.190245
4.698000,0.559133,0.164389,0.190372
4.700000,0.558931,0.164126,0.190499
4.702000,0.558725,0.163861,0.190626
4.704000,0.558621,0.163728,0.190690
4.706000,0.558411,0.163461,0.190817
4.708000,0.558198,0.163193,0.190945
4.710000,0.557981,0.162923,0.191073
4.712000,0.557762,0.162652,0.191201
4.714000,0.557539,0.162380,0.191329
4.716000,0.557312,0.162106,0.191459
4.718000,0.557083,0.161830,0.191588
4.720000,0.556849,0.161553,0.191719
4.722000,0.556613,0.161275,0.191850
4.724000,0.556373,0.160995,0.191982
4.726000,0.556129,0.160714,0.192114
4.728000,0.555883,0.160431,0.192248
4.730000,0.555633,0.160147,0.192381
4.732000,0.555380,0.159862,0.192516
4.734000,0.555123,0.159576,0.192651
4.736000,0.554864,0.159288,0.192786
4.738000,0.554601,0.158999,0.192923
4.740000,0.554335,0.158709,0.193060
4.742000,0.554066,0.158418,0.193197
4.744000,0.553794,0.158125,0.193336
4.746000,0.553519,0.157832,0.193475
4.748000,0.553241,0.157537,0.193614
4.750000,0.552960,0.157242,0.193754
4.752000,0.552676,0.156945,0.193895
4.754000,0.552532,0.156796,0.193966
4.756000,0.552244,0.156498,0.194108
4.758000,0.551952,0.156199,0.194250
4.760000,0.551658,0.155899,0.194394
4.762000,0.551360,0.155598,0.194538
4.764000,0.551060,0.155296,0.194682
4.766000,0.550756,0.154993,0.194827
4.768000,0.550450,0.154690,0.194973
4.770000,0.550141,0.154385,0.195120
4.772000,0.549830,0.154080,0.195267
4.774000,0.549515,0.153774,0.195415
4.776000,0.549198,0.153467,0.195564
4.778000,0.548878,0.153159,0.195713
4.780000,0.548556,0.152851,0.195863
4.782000,0.548231,0.152542,0.196014
4.784000,0.547904,0.152232,0.196166
4.786000,0.547574,0.151921,0.196318
4.788000,0.547242,0.151609,0.196472
4.790000,0.546909,0.151296,0.196626
4.792000,0.546572,0.150983,0.196781
4.794000,0.546234,0.150669,0.196936
4.796000,0.545894,0.150354,0.197093
4.798000,0.545551,0.150038,0.197250
4.800000,0.545207,0.149722,0.197408
4.802000,0.544860,0.149405,0.197566
4.804000,0.544512,0.149088,0.197726
4.806000,0.544161,0.148770,0.197886
4.808000,0.543809,0.148451,0.198046
4.810000,0.543455,0.148132,0.198208
4.812000,0.543098,0.147813,0.198370
4.814000,0.542740,0.147492,0.198533
4.816000,0.542561,0.147332,0.198615
4.818000,0.542200,0.147012,0.198779
4.820000,0.541837,0.146690,0.198943
4.822000,0.541473,0.146369,0.199108
4.824000,0.541107,0.146047,0.199274
4.826000,0.540739,0.145724,0.199441
4.828000,0.540370,0.145402,0.199608
4.830000,0.539998,0.145079,0.199776
4.832000,0.539625,0.144755,0.199945
4.834000,0.539251,0.144432,0.200114
4.836000,0.538875,0.144108,0.200284
4.838000,0.538497,0.143784,0.200454
4.840000,0.538117,0.143460,0.200625
4.842000,0.537736,0.143136,0.200796
4.844000,0.537354,0.142812,0.200968
4.846000,0.536970,0.142487,0.201141
4.848000,0.536584,0.142163,0.201314
4.850000,0.536197,0.141839,0.201487
4.852000,0.535808,0.141515,0.201661
4.854000,0.535418,0.141191,0.201836
4.856000,0.535027,0.140867,0.202011
4.858000,0.534634,0.140543,0.202186
4.860000,0.534239,0.140220,0.202362
4.862000,0.534041,0.140058,0.202450
4.864000,0.533645,0.139735,0.202626
4.866000,0.533047,0.139250,0.202891
4.868000,0.532847,0.139089,0.202980
4.870000,0.532446,0.138766,0.203157
4.872000,0.532044,0.138444,0.203335
4.874000,0.531640,0.138122,0.203513
4.876000,0.531235,0.137801,0.203691
4.878000,0.530829,0.137479,0.203870
4.880000,0.530421,0.137159,0.204049
4.882000,0.530012,0.136838,0.204228
4.884000,0.529602,0.136518,0.204408
4.886000,0.529190,0.136199,0.204588
4.888000,0.528777,0.135880,0.204768
4.890000,0.528363,0.135561,0.204948
4.892000,0.527948,0.135243,0.205129
4.894000,0.527531,0.134926,0.205309
4.896000,0.527114,0.134609,0.205490
4.898000,0.526695,0.134293,0.205672
4.900000,0.526275,0.133977,0.205853
4.902000,0.525853,0.133662,0.206034
4.904000,0.525431,0.133348,0.206216
4.906000,0.525008,0.133034,0.206398
4.908000,0.524583,0.132721,0.206580
4.910000,0.524158,0.132408,0.206762
4.912000,0.523731,0.132096,0.206944
4.914000,0.523303,0.131785,0.207126
4.916000,0.522875,0.131475,0.207309
4.918000,0.522445,0.131165,0.207491
4.920000,0.522015,0.130856,0.207674
4.922000,0.521584,0.130548,0.207856
4.924000,0.521152,0.130241,0.208039
4.926000,0.520719,0.129935,0.208221
4.928000,0.520285,0.129629,0.208404
4.930000,0.520068,0.129477,0.208495
4.932000,0.519633,0.129172,0.208677
4.934000,0.519197,0.128869,0.208860
4.936000,0.518761,0.128566,0.209042
4.938000,0.518324,0.128264,0.209225
4.940000,0.517886,0.127963,0.209407
4.942000,0.517447,0.127663,0.209589
4.944000,0.517008,0.127364,0.209771
4.946000,0.516568,0.127066,0.209953
4.948000,0.516128,0.126768,0.210135
4.950000,0.515687,0.126472,0.210317
4.952000,0.515246,0.126176,0.210499
4.954000,0.514804,0.125882,0.210681
4.956000,0.514361,0.125588,0.210862
4.958000,0.513918,0.125295,0.211043
4.960000,0.513475,0.125004,0.211224
4.962000,0.513031,0.124713,0.211405
4.964000,0.512587,0.124423,0.211586
4.966000,0.512142,0.124134,0.211766
4.968000,0.511697,0.123847,0.211947
4.970000,0.511252,0.123560,0.212127
4.972000,0.510806,0.123274,0.212306
4.974000,0.510360,0.122989,0.212486
4.976000,0.509914,0.122705,0.212665
4.978000,0.509467,0.122423,0.212844
4.980000,0.509020,0.122141,0.213023
4.982000,0.508573,0.121860,0.213201
4.984000,0.508126,0.121580,0.213380
4.986000,0.507678,0.121301,0.213557
4.988000,0.507455,0.121162,0.213646
4.990000,0.507007,0.120885,0.213824
4.992000,0.506559,0.120609,0.214001
4.994000,0.506111,0.120334,0.214178
4.996000,0.505662,0.120060,0.214354
4.998000,0.505887,0.120196,0.214266
5.000000,0.504765,0.119514,0.214706
5.002000,0.504317,0.119243,0.214881
5.004000,0.503868,0.118973,0.215056
5.006000,0.503419,0.118704,0.215231
5.008000,0.502970,0.118435,0.215406
5.010000,0.502521,0.118168,0.215580
5.012000,0.502072,0.117902,0.215753
5.014000,0.501623,0.117637,0.215926
5.016000,0.501173,0.117373,0.216099
5.018000,0.500724,0.117110,0.216272
5.020000,0.500275,0.116848,0.216443
5.022000,0.499826,0.116587,0.216615
5.024000,0.499377,0.116327,0.216786
5.026000,0.498928,0.116068,0.216957
5.028000,0.498479,0.115810,0.217127
5.030000,0.498031,0.115553,0.217297
5.032000,0.497582,0.115297,0.217466
5.034000,0.497133,0.115041,0.217635
5.036000,0.496685,0.114787,0.217804
5.038000,0.496237,0.114534,0.217972
5.040000,0.495789,0.114282,0.218139
5.042000,0.495341,0.114031,0.218306
5.044000,0.494893,0.113781,0.218472
5.046000,0.494445,0.113532,0.218639
5.048000,0.494221,0.113407,0.218721
5.050000,0.493774,0.113160,0.218887
5.052000,0.493327,0.112913,0.219051
5.054000,0.492880,0.112667,0.219216
5.056000,0.492433,0.112422,0.219379
5.058000,0.491987,0.112178,0.219543
5.060000,0.491541,0.111935,0.219705
5.062000,0.491095,0.111693,0.219867
5.064000,0.490650,0.111452,0.220029
5.066000,0.490205,0.111212,0.220190
5.068000,0.489760,0.110972,0.220350
5.070000,0.489316,0.110734,0.220510
5.072000,0.488872,0.110497,0.220669
5.074000,0.488429,0.110260,0.220828
5.076000,0.487986,0.110025,0.220985
5.078000,0.487544,0.109790,0.221143
5.080000,0.487102,0.109556,0.221299
5.082000,0.486661,0.109323,0.221455
5.084000,0.486220,0.109091,0.221611
5.086000,0.485780,0.108860,0.221765
5.088000,0.485341,0.108630,0.221919
5.090000,0.484902,0.108400,0.222073
5.092000,0.484464,0.108172,0.222225
5.094000,0.484027,0.107944,0.222377
5.096000,0.483808,0.107831,0.222453
5.098000,0.483154,0.107491,0.222679
5.100000,0.482718,0.107266,0.222828
5.102000,0.482283,0.107042,0.222977
5.104000,0.481849,0.106819,0.223126
5.106000,0.481416,0.106596,0.223273
5.108000,0.480983,0.106374,0.223420
5.110000,0.480551,0.106153,0.223566
5.112000,0.480336,0.106043,0.223639
5.114000,0.479905,0.105823,0.223784
5.116000,0.479475,0.105604,0.223928
5.118000,0.479046,0.105385,0.224071
5.120000,0.478617,0.105168,0.224214
5.122000,0.478190,0.104951,0.224356
5.124000,0.477763,0.104735,0.224497
5.126000,0.477337,0.104520,0.224637
5.128000,0.476911,0.104305,0.224776
5.130000,0.476487,0.104092,0.224915
5.132000,0.476063,0.103879,0.225053
5.134000,0.475641,0.103666,0.225190
5.136000,0.475219,0.103455,0.225326
5.138000,0.474797,0.103244,0.225462
5.140000,0.474377,0.103034,0.225596
5.142000,0.473958,0.102824,0.225730
5.144000,0.473539,0.102615,0.225863
5.146000,0.473122,0.102407,0.225995
5.148000,0.472705,0.102200,0.226126
5.150000,0.472289,0.101993,0.226257
5.152000,0.471874,0.101787,0.226387
5.154000,0.471460,0.101581,0.226515
5.156000,0.471047,0.101376,0.226643
5.158000,0.470634,0.101172,0.226770
5.160000,0.470429,0.101070,0.226834
5.162000,0.469812,0.100765,0.227022
5.164000,0.469607,0.100664,0.227084
5.166000,0.469198,0.100462,0.227209
5.168000,0.468790,0.100261,0.227332
5.170000,0.468383,0.100060,0.227454
5.172000,0.467976,0.099860,0.227576
5.174000,0.467570,0.099660,0.227697
5.176000,0.467166,0.099461,0.227816
5.178000,0.466762,0.099262,0.227935
5.180000,0.466359,0.099064,0.228054
5.182000,0.465957,0.098867,0.228171
5.184000,0.465555,0.098670,0.228287
5.186000,0.465155,0.098474,0.228403
5.188000,0.464756,0.098278,0.228517
5.190000,0.464357,0.098083,0.228631
5.192000,0.463960,0.097888,0.228744
5.194000,0.463563,0.097694,0.228856
5.196000,0.463365,0.097597,0.228912
5.198000,0.462773,0.097307,0.229078
5.200000,0.462379,0.097114,0.229187
5.202000,0.461987,0.096922,0.229295
5.204000,0.461791,0.096826,0.229349
5.206000,0.461399,0.096634,0.229456
5.208000,0.461009,0.096443,0.229562
5.210000,0.460620,0.096252,0.229667
5.212000,0.460232,0.096062,0.229772
5.214000,0.459845,0.095872,0.229875
5.216000,0.459459,0.095683,0.229977
5.218000,0.459074,0.095494,0.230078
5.220000,0.458690,0.095306,0.230179
5.222000,0.458308,0.095118,0.230278
5.224000,0.457926,0.094930,0.230377
5.226000,0.457546,0.094743,0.230474
5.228000,0.457166,0.094556,0.230571
5.230000,0.456788,0.094369,0.230666
5.232000,0.456411,0.094183,0.230761
5.234000,0.456035,0.093997,0.230854
5.236000,0.455660,0.093812,0.230947
5.238000,0.455286,0.093627,0.231038
5.240000,0.454913,0.093442,0.231129
5.242000,0.454542,0.093258,0.231218
5.244000,0.454172,0.093074,0.231306
5.246000,0.453802,0.092890,0.231394
5.248000,0.453434,0.092707,0.231480
5.250000,0.453068,0.092524,0.231566
5.252000,0.452702,0.092341,0.231650
5.254000,0.452337,0.092159,0.231733
5.256000,0.451974,0.091977,0.231816
5.258000,0.451612,0.091795,0.231897
5.260000,0.451251,0.091613,0.231977
5.262000,0.450891,0.091432,0.232057
5.264000,0.450532,0.091251,0.232135
5.266000,0.450175,0.091070,0.232212
5.268000,0.449818,0.090890,0.232288
5.270000,0.449463,0.090710,0.232363
5.272000,0.449109,0.090530,0.232437
5.274000,0.448756,0.090350,0.232510
5.276000,0.448405,0.090171,0.232582
5.278000,0.448054,0.089991,0.232653
5.280000,0.447880,0.089902,0.232688
5.282000,0.447531,0.089723,0.232757
5.284000,0.447183,0.089544,0.232826
5.286000,0.446837,0.089366,0.232893
5.288000,0.446492,0.089188,0.232959
5.290000,0.446147,0.089010,0.233025
5.292000,0.445804,0.088832,0.233089
5.294000,0.445463,0.088654,0.233152
5.296000,0.445292,0.088565,0.233183
5.298000,0.444782,0.088299,0.233275
5.300000,0.444444,0.088122,0.233335
5.302000,0.444107,0.087945,0.233394
5.304000,0.443770,0.087769,0.233452
5.306000,0.443435,0.087592,0.233509
5.308000,0.443101,0.087416,0.233565
5.310000,0.442768,0.087239,0.233620
5.312000,0.442437,0.087063,0.233674
5.314000,0.442106,0.086887,0.233727
5.316000,0.441777,0.086712,0.233779
5.318000,0.441448,0.086536,0.233830
5.320000,0.441121,0.086360,0.233880
5.322000,0.440795,0.086185,0.233929
5.324000,0.440469,0.086010,0.233976
5.326000,0.440145,0.085835,0.234023
5.328000,0.439822,0.085660,0.234069
5.330000,0.439500,0.085485,0.234114
5.332000,0.439179,0.085310,0.234158
5.334000,0.438860,0.085136,0.234201
5.336000,0.438541,0.084961,0.234242
5.338000,0.438224,0.084787,0.234283
5.340000,0.437907,0.084612,0.234323
5.342000,0.437592,0.084438,0.234362
5.344000,0.437434,0.084351,0.234381
5.346000,0.436964,0.084090,0.234436
5.348000,0.436808,0.084003,0.234454
5.350000,0.436497,0.083829,0.234489
5.352000,0.436187,0.083655,0.234523
5.354000,0.435877,0.083482,0.234556
5.356000,0.435569,0.083308,0.234588
5.358000,0.435263,0.083134,0.234619
5.360000,0.434957,0.082961,0.234649
5.362000,0.434652,0.082787,0.234677
5.364000,0.434349,0.082614,0.234705
5.366000,0.434046,0.082440,0.234732
5.368000,0.433745,0.082267,0.234758
5.370000,0.433445,0.082093,0.234782
5.372000,0.433146,0.081920,0.234806
5.374000,0.432848,0.081747,0.234828
5.376000,0.432552,0.081574,0.234850
5.378000,0.432256,0.081400,0.234870
5.380000,0.431962,0.081227,0.234889
5.382000,0.431669,0.081054,0.234907
5.384000,0.431377,0.080881,0.234925
5.386000,0.431086,0.080708,0.234941
5.388000,0.430796,0.080534,0.234956
5.390000,0.430507,0.080361,0.234970
5.392000,0.430220,0.080188,0.234983
5.394000,0.429933,0.080015,0.234995
5.396000,0.429791,0.079929,0.235001
5.398000,0.429506,0.079755,0.235011
5.400000,0.429081,0.079496,0.235024
5.402000,0.428939,0.079410,0.235028
5.404000,0.428657,0.079238,0.235035
5.406000,0.428375,0.079066,0.235040
5.408000,0.428095,0.078895,0.235044
5.410000,0.427815,0.078724,0.235047
5.412000,0.427536,0.078553,0.235049
5.414000,0.427258,0.078383,0.235050
5.416000,0.426980,0.078213,0.235049
5.418000,0.426703,0.078044,0.235047
5.420000,0.426428,0.077874,0.235044
5.422000,0.426152,0.077705,0.235040
5.424000,0.425878,0.077537,0.235034
5.426000,0.425604,0.077369,0.235028
5.428000,0.425331,0.077201,0.235020
5.430000,0.425059,0.077033,0.235011
5.432000,0.424788,0.076866,0.235000
5.434000,0.424517,0.076699,0.234989
5.436000,0.424248,0.076532,0.234976
5.438000,0.423978,0.076366,0.234962
5.440000,0.423710,0.076200,0.234947
5.442000,0.423442,0.076035,0.234931
5.444000,0.423175,0.075869,0.234914
5.446000,0.422909,0.075704,0.234895
5.448000,0.422644,0.075540,0.234876
5.450000,0.422379,0.075375,0.234855
5.452000,0.422115,0.075211,0.234833
5.454000,0.421852,0.075048,0.234810
5.456000,0.421589,0.074884,0.234785
5.458000,0.421327,0.074721,0.234760
5.460000,0.421066,0.074558,0.234733
5.462000,0.420805,0.074396,0.234706
5.464000,0.420546,0.074234,0.234677
5.466000,0.420286,0.074072,0.234647
5.468000,0.420028,0.073910,0.234616
5.470000,0.419770,0.073749,0.234584
5.472000,0.419513,0.073588,0.234551
5.474000,0.419257,0.073428,0.234516
5.476000,0.419001,0.073267,0.234481
5.478000,0.418746,0.073107,0.234444
5.480000,0.418492,0.072947,0.234406
5.482000,0.418238,0.072788,0.234368
5.484000,0.418112,0.072708,0.234348
5.486000,0.417859,0.072549,0.234307
5.488000,0.417607,0.072391,0.234265
5.490000,0.417356,0.072232,0.234223
5.492000,0.417106,0.072074,0.234179
5.494000,0.416856,0.071916,0.234134
5.496000,0.416731,0.071837,0.234111
5.498000,0.416359,0.071602,0.234040
5.500000,0.416111,0.071445,0.233992
5.502000,0.415864,0.071288,0.233942
5.504000,0.415618,0.071132,0.233891
5.506000,0.415372,0.070975,0.233839
5.508000,0.415127,0.070820,0.233786
5.510000,0.414883,0.070664,0.233732
5.512000,0.414640,0.070509,0.233677
5.514000,0.414397,0.070354,0.233621
5.516000,0.414155,0.070199,0.233563
5.518000,0.413914,0.070045,0.233504
5.520000,0.413673,0.069891,0.233445
5.522000,0.413433,0.069737,0.233384
5.524000,0.413194,0.069584,0.233322
5.526000,0.412955,0.069431,0.233259
5.528000,0.412717,0.069278,0.233195
5.530000,0.412717,0.069278,0.233195
5.532000,0.412480,0.069125,0.233129
5.534000,0.412126,0.068897,0.233029
5.536000,0.411890,0.068745,0.232961
5.538000,0.411656,0.068593,0.232892
5.540000,0.411422,0.068442,0.232822
5.542000,0.411188,0.068291,0.232750
5.544000,0.410956,0.068140,0.232678
5.546000,0.410723,0.067989,0.232604
5.548000,0.410492,0.067839,0.232529
5.550000,0.410262,0.067689,0.232454
5.552000,0.410032,0.067539,0.232377
5.554000,0.409802,0.067390,0.232299
5.556000,0.409574,0.067241,0.232220
5.558000,0.409346,0.067092,0.232140
5.560000,0.409118,0.066943,0.232059
5.562000,0.408892,0.066795,0.231976
5.564000,0.408666,0.066647,0.231893
5.566000,0.408441,0.066499,0.231809
5.568000,0.408216,0.066352,0.231723
5.570000,0.407992,0.066205,0.231637
5.572000,0.407769,0.066058,0.231550
5.574000,0.407546,0.065911,0.231461
5.576000,0.407324,0.065765,0.231371
5.578000,0.407103,0.065619,0.231281
5.580000,0.406882,0.065473,0.231189
5.582000,0.406662,0.065327,0.231097
5.584000,0.406443,0.065182,0.231003
5.586000,0.406224,0.065037,0.230908
5.588000,0.406006,0.064892,0.230813
5.590000,0.405788,0.064748,0.230716
5.592000,0.405572,0.064603,0.230618
5.594000,0.405355,0.064459,0.230519
5.596000,0.405140,0.064316,0.230420
5.598000,0.404925,0.064172,0.230319
5.600000,0.404711,0.064029,0.230217
5.602000,0.404497,0.063886,0.230115
5.604000,0.404284,0.063744,0.230011
5.606000,0.404072,0.063601,0.229907
5.608000,0.403860,0.063459,0.229801
5.610000,0.403649,0.063318,0.229695
5.612000,0.403438,0.063176,0.229587
5.614000,0.403228,0.063035,0.229479
5.616000,0.403123,0.062964,0.229424
5.618000,0.402810,0.062753,0.229259
5.620000,0.402706,0.062683,0.229203
5.622000,0.402498,0.062543,0.229092
5.624000,0.402290,0.062402,0.228981
5.626000,0.402082,0.062263,0.228869
5.628000,0.401875,0.062123,0.228758
5.630000,0.401667,0.061983,0.228646
5.632000,0.401460,0.061844,0.228535
5.634000,0.401252,0.061705,0.228423
5.636000,0.401044,0.061566,0.228312
5.638000,0.400836,0.061427,0.228201
5.640000,0.400628,0.061289,0.228090
5.642000,0.400420,0.061150,0.227979
5.644000,0.400212,0.061012,0.227869
5.646000,0.400004,0.060874,0.227758
5.648000,0.399795,0.060736,0.227648
5.650000,0.399587,0.060598,0.227538
5.652000,0.399378,0.060460,0.227428
5.654000,0.399170,0.060322,0.227318
5.656000,0.399065,0.060254,0.227264
5.658000,0.398857,0.060116,0.227154
5.660000,0.398648,0.059979,0.227045
5.662000,0.398439,0.059842,0.226936
5.664000,0.398230,0.059705,0.226827
5.666000,0.398021,0.059569,0.226718
5.668000,0.397812,0.059432,0.226609
5.670000,0.397603,0.059296,0.226500
5.672000,0.397394,0.059160,0.226392
5.674000,0.397185,0.059024,0.226284
5.676000,0.396976,0.058888,0.226176
5.678000,0.396766,0.058753,0.226068
5.680000,0.396557,0.058617,0.225960
5.682000,0.396348,0.058482,0.225852
5.684000,0.396139,0.058347,0.225745
5.686000,0.395930,0.058212,0.225638
5.688000,0.395721,0.058078,0.225531
5.690000,0.395511,0.057943,0.225424
5.692000,0.395302,0.057809,0.225317
5.694000,0.395093,0.057675,0.225210
5.696000,0.394988,0.057608,0.225157
5.698000,0.394675,0.057408,0.224997
5.700000,0.394466,0.057274,0.224891
5.702000,0.394257,0.057141,0.224785
5.704000,0.394152,0.057075,0.224732
5.706000,0.393839,0.056875,0.224574
5.708000,0.393734,0.056809,0.224521
5.710000,0.393525,0.056677,0.224415
5.712000,0.393317,0.056544,0.224310
5.714000,0.393108,0.056412,0.224205
5.716000,0.392899,0.056280,0.224100
5.718000,0.392691,0.056149,0.223995
5.720000,0.392482,0.056017,0.223890
5.722000,0.392274,0.055886,0.223786
5.724000,0.392065,0.055755,0.223681
5.726000,0.391857,0.055625,0.223577
5.728000,0.391649,0.055494,0.223473
5.730000,0.391441,0.055364,0.223369
5.732000,0.391233,0.055234,0.223265
5.734000,0.391025,0.055104,0.223162
5.736000,0.390817,0.054974,0.223058
5.738000,0.390609,0.054845,0.222955
5.740000,0.390402,0.054716,0.222852
5.742000,0.390194,0.054587,0.222749
5.744000,0.389987,0.054459,0.222646
5.746000,0.389780,0.054330,0.222543
5.748000,0.389573,0.054202,0.222441
5.750000,0.389366,0.054074,0.222338
5.752000,0.389159,0.053947,0.222236
5.754000,0.388952,0.053819,0.222134
5.756000,0.388746,0.053692,0.222032
5.758000,0.388540,0.053565,0.221930
5.760000,0.388334,0.053439,0.221828
5.762000,0.388128,0.053312,0.221727
5.764000,0.387922,0.053186,0.221626
5.766000,0.387819,0.053123,0.221575
5.768000,0.387614,0.052998,0.221474
5.770000,0.387408,0.052872,0.221373
5.772000,0.387203,0.052747,0.221272
5.774000,0.386998,0.052622,0.221171
5.776000,0.386794,0.052497,0.221071
5.778000,0.386589,0.052373,0.220970
5.780000,0.386385,0.052249,0.220870
5.782000,0.386181,0.052125,0.220770
5.784000,0.385977,0.052002,0.220670
5.786000,0.385774,0.051878,0.220570
5.788000,0.385570,0.051755,0.220470
5.790000,0.385367,0.051633,0.220371
5.792000,0.385164,0.051510,0.220271
5.794000,0.384962,0.051388,0.220172
5.796000,0.384861,0.051327,0.220123
5.798000,0.384557,0.051145,0.219974
5.800000,0.384457,0.051084,0.219925
5.802000,0.384255,0.050963,0.219826
5.804000,0.384054,0.050842,0.219727
5.806000,0.383853,0.050722,0.219629
5.808000,0.383652,0.050601,0.219530
5.810000,0.383451,0.050481,0.219432
5.812000,0.383251,0.050362,0.219334
5.814000,0.383051,0.050242,0.219236
5.816000,0.382852,0.050123,0.219138
5.818000,0.382652,0.050005,0.219040
5.820000,0.382453,0.049886,0.218943
5.822000,0.382255,0.049768,0.218846
5.824000,0.382057,0.049650,0.218748
5.826000,0.381859,0.049533,0.218651
5.828000,0.381661,0.049416,0.218554
5.830000,0.381464,0.049299,0.218457
5.832000,0.381267,0.049182,0.218360
5.834000,0.381070,0.049066,0.218264
5.836000,0.380874,0.048950,0.218167
5.838000,0.380678,0.048835,0.218071
5.840000,0.380483,0.048719,0.217975
5.842000,0.380288,0.048604,0.217879
5.844000,0.380093,0.048490,0.217783
5.846000,0.379898,0.048376,0.217687
5.848000,0.379704,0.048262,0.217591
5.850000,0.379608,0.048205,0.217543
5.852000,0.379414,0.048091,0.217448
5.854000,0.379221,0.047978,0.217353
5.856000,0.379029,0.047865,0.217257
5.858000,0.378836,0.047753,0.217162
5.860000,0.378645,0.047641,0.217067
5.862000,0.378453,0.047529,0.216972
5.864000,0.378262,0.047418,0.216878
5.866000,0.378072,0.047306,0.216783
5.868000,0.377882,0.047196,0.216688
5.870000,0.377692,0.047085,0.216594
5.872000,0.377503,0.046975,0.216500
5.874000,0.377314,0.046865,0.216406
5.876000,0.377126,0.046756,0.216312
5.878000,0.376938,0.046647,0.216218
5.880000,0.376750,0.046538,0.216124
5.882000,0.376563,0.046430,0.216030
5.884000,0.376377,0.046322,0.215937
5.886000,0.376191,0.046214,0.215843
5.888000,0.376005,0.046107,0.215750
5.890000,0.375820,0.046000,0.215657
5.892000,0.375635,0.045894,0.215564
5.894000,0.375451,0.045787,0.215471
5.896000,0.375359,0.045735,0.215424
5.898000,0.375084,0.045576,0.215285
5.900000,0.374902,0.045471,0.215192
5.902000,0.374720,0.045366,0.215100
5.904000,0.374538,0.045262,0.215007
5.906000,0.374447,0.045210,0.214961
5.908000,0.374267,0.045106,0.214869
5.910000,0.374086,0.045003,0.214777
5.912000,0.373906,0.044900,0.214685
5.914000,0.373727,0.044797,0.214593
5.916000,0.373548,0.044695,0.214501
5.918000,0.373370,0.044593,0.214409
5.920000,0.373193,0.044491,0.214318
5.922000,0.373016,0.044390,0.214226
5.924000,0.372839,0.044289,0.214135
5.926000,0.372663,0.044189,0.214044
5.928000,0.372488,0.044089,0.213952
5.930000,0.372488,0.044089,0.213952
5.932000,0.372139,0.043890,0.213770
5.934000,0.371966,0.043791,0.213679
5.936000,0.371793,0.043693,0.213589
5.938000,0.371620,0.043595,0.213498
5.940000,0.371448,0.043497,0.213407
5.942000,0.371363,0.043448,0.213362
5.944000,0.371192,0.043351,0.213272
5.946000,0.371022,0.043254,0.213181
5.948000,0.370852,0.043158,0.213091
5.950000,0.370683,0.043062,0.213001
5.952000,0.370515,0.042967,0.212911
5.954000,0.370347,0.042872,0.212821
5.956000,0.370180,0.042777,0.212731
5.958000,0.370014,0.042683,0.212642
5.960000,0.369848,0.042589,0.212552
5.962000,0.369683,0.042496,0.212462
5.964000,0.369519,0.042403,0.212373
5.966000,0.369355,0.042310,0.212283
5.968000,0.369192,0.042218,0.212194
5.970000,0.369029,0.042126,0.212105
5.972000,0.368868,0.042035,0.212016
5.974000,0.368707,0.041944,0.211927
5.976000,0.368546,0.041853,0.211838
5.978000,0.368387,0.041763,0.211749
5.980000,0.368228,0.041674,0.211660
5.982000,0.368069,0.041584,0.211572
5.984000,0.367912,0.041495,0.211483
5.986000,0.367755,0.041407,0.211395
5.988000,0.367599,0.041319,0.211306
5.990000,0.367444,0.041232,0.211218
5.992000,0.367289,0.041144,0.211130
5.994000,0.367212,0.041101,0.211085
5.996000,0.367058,0.041014,0.210997
5.998000,0.366906,0.040928,0.210909
6.000000,0.366753,0.040843,0.210821
6.002000,0.366602,0.040758,0.210733
6.004000,0.366452,0.040673,0.210646
6.006000,0.366302,0.040589,0.210558
6.008000,0.366153,0.040505,0.210470
6.010000,0.366004,0.040421,0.210383
6.012000,0.365857,0.040338,0.210295
6.014000,0.365710,0.040256,0.210208
6.016000,0.365564,0.040174,0.210120
6.018000,0.365419,0.040092,0.210033
6.020000,0.365274,0.040011,0.209946
6.022000,0.365131,0.039930,0.209859
6.024000,0.364988,0.039849,0.209771
6.026000,0.364846,0.039769,0.209684
6.028000,0.364705,0.039690,0.209598
6.030000,0.364564,0.039611,0.209511
6.032000,0.364425,0.039532,0.209424
6.034000,0.364286,0.039454,0.209337
6.036000,0.364148,0.039377,0.209250
6.038000,0.364010,0.039299,0.209164
6.040000,0.363874,0.039223,0.209077
6.042000,0.363739,0.039146,0.208991
6.044000,0.363604,0.039070,0.208904
6.046000,0.363470,0.038995,0.208818
6.048000,0.363337,0.038920,0.208732
6.050000,0.363205,0.038846,0.208645
6.052000,0.363074,0.038772,0.208559
6.054000,0.362943,0.038698,0.208473
6.056000,0.362814,0.038625,0.208387
6.058000,0.362685,0.038552,0.208301
6.060000,0.362558,0.038480,0.208215
6.062000,0.362431,0.038408,0.208129
6.064000,0.362305,0.038337,0.208043
6.066000,0.362180,0.038266,0.207958
6.068000,0.362056,0.038196,0.207872
6.070000,0.361932,0.038126,0.207786
6.072000,0.361810,0.038057,0.207701
6.074000,0.361749,0.038022,0.207658
6.076000,0.361628,0.037954,0.207572
6.078000,0.361508,0.037886,0.207487
6.080000,0.361389,0.037818,0.207401
6.082000,0.361271,0.037751,0.207316
6.084000,0.361154,0.037684,0.207231
6.086000,0.361038,0.037618,0.207145
6.088000,0.360922,0.037552,0.207060
6.090000,0.360808,0.037486,0.206975
6.092000,0.360695,0.037421,0.206890
6.094000,0.360583,0.037356,0.206805
6.096000,0.360472,0.037292,0.206720
6.098000,0.360363,0.037228,0.206636
6.100000,0.360254,0.037164,0.206551
6.102000,0.360146,0.037100,0.206467
6.104000,0.360040,0.037037,0.206382
6.106000,0.359935,0.036974,0.206298
6.108000,0.359831,0.036912,0.206214
6.110000,0.359728,0.036849,0.206130
6.112000,0.359627,0.036787,0.206046
6.114000,0.359527,0.036725,0.205963
6.116000,0.359477,0.036694,0.205921
6.118000,0.359379,0.036632,0.205838
6.120000,0.359282,0.036571,0.205755
6.122000,0.359186,0.036510,0.205672
6.124000,0.359092,0.036448,0.205589
6.126000,0.358999,0.036387,0.205506
6.128000,0.358907,0.036327,0.205424
6.130000,0.358817,0.036266,0.205342
6.132000,0.358728,0.036205,0.205260
6.134000,0.358641,0.036145,0.205178
6.136000,0.358555,0.036084,0.205096
6.138000,0.358470,0.036024,0.205015
6.140000,0.358387,0.035963,0.204934
6.142000,0.358305,0.035903,0.204853
6.144000,0.358225,0.035843,0.204772
6.146000,0.358146,0.035783,0.204691
6.148000,0.358069,0.035723,0.204611
6.150000,0.357993,0.035663,0.204531
6.152000,0.357919,0.035603,0.204451
6.154000,0.357847,0.035543,0.204372
6.156000,0.357776,0.035483,0.204292
6.158000,0.357706,0.035422,0.204213
6.160000,0.357638,0.035362,0.204134
6.162000,0.357572,0.035302,0.204056
6.164000,0.357507,0.035242,0.203977
6.166000,0.357444,0.035182,0.203899
6.168000,0.357382,0.035122,0.203822
6.170000,0.357322,0.035062,0.203744
6.172000,0.357264,0.035001,0.203667
6.174000,0.357207,0.034941,0.203590
6.176000,0.357152,0.034881,0.203513
6.178000,0.357099,0.034820,0.203437
6.180000,0.357047,0.034759,0.203360
6.182000,0.357022,0.034729,0.203322
6.184000,0.356973,0.034668,0.203247
6.186000,0.356926,0.034607,0.203171
6.188000,0.356880,0.034546,0.203096
6.190000,0.356837,0.034485,0.203021
6.192000,0.356795,0.034423,0.202947
6.194000,0.356755,0.034362,0.202873
6.196000,0.356735,0.034331,0.202836
6.198000,0.356680,0.034238,0.202725
6.200000,0.356645,0.034176,0.202652
6.202000,0.356612,0.034114,0.202579
6.204000,0.356581,0.034051,0.202506
6.206000,0.356552,0.033988,0.202434
6.208000,0.356525,0.033925,0.202362
6.210000,0.356500,0.033862,0.202291
6.212000,0.356477,0.033798,0.202220
6.214000,0.356455,0.033735,0.202149
6.216000,0.356436,0.033671,0.202078
6.218000,0.356418,0.033606,0.202008
6.220000,0.356403,0.033542,0.201938
6.222000,0.356389,0.033477,0.201869
6.224000,0.356378,0.033412,0.201800
6.226000,0.356368,0.033347,0.201731
6.228000,0.356360,0.033281,0.201663
6.230000,0.356357,0.033248,0.201629
6.232000,0.356353,0.033182,0.201561
6.234000,0.356350,0.033116,0.201493
6.236000,0.356350,0.033049,0.201426
6.238000,0.356351,0.032982,0.201360
6.240000,0.356355,0.032915,0.201293
6.242000,0.356360,0.032848,0.201228
6.244000,0.356368,0.032780,0.201162
6.246000,0.356378,0.032712,0.201097
6.248000,0.356390,0.032643,0.201032
6.250000,0.356403,0.032574,0.200968
6.252000,0.356419,0.032505,0.200904
6.254000,0.356437,0.032436,0.200840
6.256000,0.356457,0.032365,0.200777
6.258000,0.356478,0.032295,0.200714
6.260000,0.356501,0.032223,0.200652
6.262000,0.356526,0.032151,0.200590
6.264000,0.356553,0.032078,0.200528
6.266000,0.356581,0.032005,0.200466
6.268000,0.356611,0.031931,0.200404
6.270000,0.356642,0.031856,0.200343
6.272000,0.356675,0.031781,0.200282
6.274000,0.356710,0.031705,0.200221
6.276000,0.356746,0.031629,0.200160
6.278000,0.356784,0.031552,0.200100
6.280000,0.356824,0.031475,0.200039
6.282000,0.356866,0.031397,0.199979
6.284000,0.356909,0.031318,0.199919
6.286000,0.356954,0.031239,0.199859
6.288000,0.357000,0.031159,0.199799
6.290000,0.357049,0.031079,0.199739
6.292000,0.357099,0.030998,0.199680
6.294000,0.357151,0.030916,0.199621
6.296000,0.357177,0.030875,0.199591
6.298000,0.357260,0.030751,0.199503
6.300000,0.357317,0.030668,0.199444
6.302000,0.357346,0.030626,0.199414
6.304000,0.357436,0.030499,0.199327
6.306000,0.357467,0.030457,0.199298
6.308000,0.357530,0.030371,0.199240
6.310000,0.357595,0.030285,0.199182
6.312000,0.357662,0.030199,0.199124
6.314000,0.357731,0.030112,0.199066
6.316000,0.357801,0.030024,0.199009
6.318000,0.357874,0.029935,0.198951
6.320000,0.357948,0.029846,0.198894
6.322000,0.358024,0.029757,0.198837
6.324000,0.358102,0.029666,0.198781
6.326000,0.358182,0.029575,0.198724
6.328000,0.358263,0.029484,0.198667
6.330000,0.358263,0.029484,0.198667
6.332000,0.358432,0.029299,0.198555
6.334000,0.358520,0.029206,0.198499
6.336000,0.358609,0.029112,0.198443
6.338000,0.358701,0.029017,0.198387
6.340000,0.358747,0.028970,0.198360
6.342000,0.358841,0.028874,0.198304
6.344000,0.358937,0.028778,0.198249
6.346000,0.359036,0.028681,0.198194
6.348000,0.359136,0.028584,0.198139
6.350000,0.359238,0.028486,0.198084
6.352000,0.359342,0.028387,0.198029
6.354000,0.359449,0.028288,0.197975
6.356000,0.359557,0.028188,0.197920
6.358000,0.359667,0.028088,0.197866
6.360000,0.359780,0.027987,0.197812
6.362000,0.359894,0.027885,0.197758
6.364000,0.360011,0.027783,0.197705
6.366000,0.360129,0.027680,0.197651
6.368000,0.360250,0.027576,0.197598
6.370000,0.360373,0.027472,0.197544
6.372000,0.360497,0.027367,0.197491
6.374000,0.360624,0.027262,0.197438
6.376000,0.360753,0.027156,0.197386
6.378000,0.360884,0.027050,0.197333
6.380000,0.361017,0.026943,0.197281
6.382000,0.361153,0.026835,0.197229
6.384000,0.361290,0.026727,0.197177
6.386000,0.361359,0.026672,0.197151
6.388000,0.361500,0.026563,0.197099
6.390000,0.361643,0.026454,0.197047
6.392000,0.361787,0.026343,0.196996
6.394000,0.361934,0.026233,0.196945
6.396000,0.362083,0.026121,0.196894
6.398000,0.362234,0.026009,0.196843
6.400000,0.362388,0.025897,0.196792
6.402000,0.362543,0.025784,0.196742
6.404000,0.362701,0.025670,0.196691
6.406000,0.362861,0.025556,0.196641
6.408000,0.363022,0.025442,0.196591
6.410000,0.363187,0.025327,0.196542
6.412000,0.363353,0.025211,0.196492
6.414000,0.363521,0.025095,0.196443
6.416000,0.363692,0.024978,0.196394
6.418000,0.363864,0.024861,0.196345
6.420000,0.364039,0.024743,0.196296
6.422000,0.364216,0.024625,0.196248
6.424000,0.364395,0.024507,0.196199
6.426000,0.364577,0.024387,0.196151
6.428000,0.364760,0.024268,0.196103
6.430000,0.364946,0.024148,0.196056
6.432000,0.365134,0.024028,0.196008
6.434000,0.365324,0.023907,0.195961
6.436000,0.365516,0.023785,0.195914
6.438000,0.365710,0.023664,0.195867
6.440000,0.365906,0.023541,0.195821
6.442000,0.366105,0.023419,0.195775
6.444000,0.366306,0.023296,0.195729
6.446000,0.366509,0.023173,0.195683
6.448000,0.366714,0.023049,0.195637
6.450000,0.366921,0.022925,0.195592
6.452000,0.367130,0.022800,0.195547
6.454000,0.367342,0.022675,0.195502
6.456000,0.367555,0.022550,0.195457
6.458000,0.367771,0.022425,0.195413
6.460000,0.367989,0.022299,0.195369
6.462000,0.368209,0.022172,0.195325
6.464000,0.368432,0.022046,0.195281
6.466000,0.368656,0.021919,0.195238
6.468000,0.368883,0.021792,0.195194
6.470000,0.369112,0.021664,0.195151
6.472000,0.369343,0.021536,0.195108
6.474000,0.369576,0.021408,0.195066
6.476000,0.369812,0.021279,0.195024
6.478000,0.370050,0.021151,0.194981
6.480000,0.370290,0.021022,0.194940
6.482000,0.370532,0.020892,0.194898
6.484000,0.370776,0.020763,0.194857
6.486000,0.371022,0.020633,0.194815
6.488000,0.371271,0.020503,0.194774
6.490000,0.371522,0.020372,0.194734
6.492000,0.371775,0.020242,0.194693
6.494000,0.372030,0.020111,0.194653
6.496000,0.372288,0.019980,0.194613
6.498000,0.372547,0.019849,0.194573
6.500000,0.372809,0.019717,0.194534
6.502000,0.373073,0.019586,0.194494
6.504000,0.373340,0.019454,0.194455
6.506000,0.373608,0.019322,0.194416
6.508000,0.373879,0.019190,0.194378
6.510000,0.374152,0.019057,0.194339
6.512000,0.374427,0.018925,0.194301
6.514000,0.374704,0.018792,0.194263
6.516000,0.374844,0.018726,0.194245
6.518000,0.375124,0.018593,0.194207
6.520000,0.375407,0.018460,0.194170
6.522000,0.375692,0.018327,0.194133
6.524000,0.375979,0.018194,0.194096
6.526000,0.376269,0.018061,0.194059
6.528000,0.376560,0.017927,0.194023
6.530000,0.376854,0.017794,0.193987
6.532000,0.377150,0.017660,0.193951
6.534000,0.377449,0.017526,0.193916
6.536000,0.377749,0.017393,0.193880
6.538000,0.378052,0.017259,0.193845
6.540000,0.378357,0.017125,0.193810
6.542000,0.378664,0.016991,0.193776
6.544000,0.378973,0.016857,0.193741
6.546000,0.379284,0.016723,0.193707
6.548000,0.379598,0.016589,0.193673
6.550000,0.379914,0.016455,0.193640
6.552000,0.380232,0.016321,0.193607
6.554000,0.380552,0.016187,0.193574
6.556000,0.380874,0.016054,0.193541
6.558000,0.381199,0.015920,0.193508
6.560000,0.381362,0.015853,0.193492
6.562000,0.381690,0.015719,0.193460
6.564000,0.382020,0.015585,0.193428
6.566000,0.382352,0.015452,0.193397
6.568000,0.382686,0.015318,0.193365
6.570000,0.383023,0.015185,0.193334
6.572000,0.383361,0.015051,0.193303
6.574000,0.383702,0.014918,0.193273
6.576000,0.384045,0.014785,0.193243
6.578000,0.384390,0.014652,0.193213
6.580000,0.384737,0.014519,0.193183
6.582000,0.385087,0.014386,0.193154
6.584000,0.385438,0.014253,0.193124
6.586000,0.385792,0.014121,0.193096
6.588000,0.386148,0.013988,0.193067
6.590000,0.386506,0.013856,0.193039
6.592000,0.386866,0.013724,0.193011
6.594000,0.387228,0.013592,0.192983
6.596000,0.387410,0.013526,0.192969
6.598000,0.387775,0.013395,0.192942
6.600000,0.388142,0.013264,0.192915
6.602000,0.388512,0.013133,0.192888
6.604000,0.388883,0.013002,0.192862
6.606000,0.389257,0.012871,0.192836
6.608000,0.389633,0.012741,0.192810
6.610000,0.390011,0.012611,0.192784
6.612000,0.390391,0.012481,0.192759
6.614000,0.390773,0.012352,0.192734
6.616000,0.391157,0.012223,0.192709
6.618000,0.391544,0.012094,0.192684
6.620000,0.391932,0.011965,0.192660
6.622000,0.392323,0.011837,0.192636
6.624000,0.392715,0.011709,0.192612
6.626000,0.393110,0.011581,0.192589
6.628000,0.393506,0.011454,0.192565
6.630000,0.393905,0.011327,0.192542
6.632000,0.394305,0.011201,0.192520
6.634000,0.394708,0.011075,0.192497
6.636000,0.395113,0.010949,0.192475
6.638000,0.395519,0.010824,0.192453
6.640000,0.395928,0.010699,0.192431
6.642000,0.396339,0.010574,0.192410
6.644000,0.396752,0.010450,0.192389
6.646000,0.397166,0.010327,0.192368
6.648000,0.397583,0.010204,0.192348
6.650000,0.398001,0.010081,0.192327
6.652000,0.398422,0.009959,0.192307
6.654000,0.398845,0.009837,0.192287
6.656000,0.399269,0.009716,0.192268
6.658000,0.399695,0.009595,0.192249
6.660000,0.399909,0.009535,0.192239
6.662000,0.400339,0.009415,0.192220
6.664000,0.400770,0.009296,0.192201
6.666000,0.401203,0.009177,0.192183
6.668000,0.401638,0.009059,0.192165
6.670000,0.402075,0.008941,0.192147
6.672000,0.402514,0.008824,0.192130
6.674000,0.402955,0.008707,0.192112
6.676000,0.403398,0.008591,0.192095
6.678000,0.403842,0.008475,0.192079
6.680000,0.404289,0.008360,0.192062
6.682000,0.404737,0.008246,0.192046
6.684000,0.405187,0.008132,0.192030
6.686000,0.405639,0.008019,0.192014
6.688000,0.406093,0.007907,0.191999
6.690000,0.406549,0.007795,0.191983
6.692000,0.407007,0.007684,0.191968
6.694000,0.407466,0.007573,0.191954
6.696000,0.407696,0.007518,0.191947
6.698000,0.408390,0.007354,0.191925
6.700000,0.408855,0.007245,0.191911
6.702000,0.409321,0.007138,0.191898
6.704000,0.409790,0.007030,0.191884
6.706000,0.410260,0.006924,0.191871
6.708000,0.410495,0.006871,0.191865
6.710000,0.410968,0.006766,0.191852
6.712000,0.411442,0.006661,0.191840
6.714000,0.411918,0.006557,0.191828
6.716000,0.412396,0.006454,0.191816
6.718000,0.412876,0.006352,0.191804
6.720000,0.413357,0.006250,0.191793
6.722000,0.413840,0.006149,0.191782
6.724000,0.414325,0.006049,0.191771
6.726000,0.414812,0.005949,0.191761
6.728000,0.415300,0.005851,0.191750
6.730000,0.415789,0.005753,0.191740
6.732000,0.416281,0.005656,0.191731
6.734000,0.416774,0.005560,0.191721
6.736000,0.417268,0.005464,0.191712
6.738000,0.417765,0.005370,0.191703
6.740000,0.418262,0.005276,0.191695
6.742000,0.418762,0.005183,0.191686
6.744000,0.419263,0.005091,0.191678
6.746000,0.419765,0.005000,0.191670
6.748000,0.420269,0.004910,0.191663
6.750000,0.420775,0.004821,0.191655
6.752000,0.421282,0.004732,0.191648
6.754000,0.421790,0.004645,0.191641
6.756000,0.422300,0.004558,0.191635
6.758000,0.422812,0.004473,0.191628
6.760000,0.423324,0.004388,0.191622
6.762000,0.423839,0.004304,0.191616
6.764000,0.424354,0.004221,0.191611
6.766000,0.424613,0.004180,0.191608
6.768000,0.425131,0.004099,0.191603
6.770000,0.425650,0.004018,0.191598
6.772000,0.426170,0.003939,0.191593
6.774000,0.426692,0.003860,0.191589
6.776000,0.427216,0.003783,0.191585
6.778000,0.427740,0.003706,0.191581
6.780000,0.428266,0.003630,0.191577
6.782000,0.428794,0.003556,0.191573
6.784000,0.429322,0.003482,0.191570
6.786000,0.429852,0.003409,0.191567
6.788000,0.430383,0.003338,0.191564
6.790000,0.430916,0.003267,0.191562
6.792000,0.431449,0.003198,0.191559
6.794000,0.431984,0.003129,0.191557
6.796000,0.432252,0.003095,0.191556
6.798000,0.433058,0.002996,0.191554
6.800000,0.433596,0.002930,0.191552
6.802000,0.434136,0.002866,0.191551
6.804000,0.434677,0.002803,0.191550
6.806000,0.435219,0.002741,0.191549
6.808000,0.435762,0.002679,0.191549
6.810000,0.436306,0.002620,0.191548
6.812000,0.436851,0.002561,0.191548
6.814000,0.437398,0.002503,0.191549
6.816000,0.437945,0.002446,0.191549
6.818000,0.438494,0.002391,0.191550
6.820000,0.439043,0.002336,0.191550
6.822000,0.439594,0.002283,0.191551
6.824000,0.440145,0.002230,0.191553
6.826000,0.440421,0.002205,0.191553
6.828000,0.440974,0.002154,0.191555
6.830000,0.441528,0.002105,0.191557
6.832000,0.442083,0.002056,0.191559
6.834000,0.442639,0.002009,0.191561
6.836000,0.443196,0.001963,0.191563
6.838000,0.443754,0.001918,0.191566
6.840000,0.444312,0.001874,0.191569
6.842000,0.444872,0.001832,0.191572
6.844000,0.445433,0.001790,0.191575
6.846000,0.445994,0.001750,0.191578
6.848000,0.446556,0.001711,0.191582
6.850000,0.447119,0.001673,0.191586
6.852000,0.447683,0.001636,0.191590
6.854000,0.448248,0.001600,0.191594
6.856000,0.448814,0.001565,0.191598
6.858000,0.449380,0.001532,0.191603
6.860000,0.449947,0.001500,0.191608
6.862000,0.450515,0.001469,0.191613
6.864000,0.451083,0.001439,0.191618
6.866000,0.451653,0.001410,0.191623
6.868000,0.452223,0.001382,0.191629
6.870000,0.452793,0.001356,0.191635
6.872000,0.453365,0.001331,0.191641
6.874000,0.453937,0.001307,0.191647
6.876000,0.454509,0.001284,0.191653
6.878000,0.455083,0.001262,0.191660
6.880000,0.455656,0.001242,0.191667
6.882000,0.456231,0.001223,0.191673
6.884000,0.456518,0.001214,0.191677
6.886000,0.457093,0.001196,0.191684
6.888000,0.457669,0.001180,0.191691
6.890000,0.458245,0.001165,0.191699
6.892000,0.458822,0.001151,0.191707
6.894000,0.459399,0.001139,0.191715
6.896000,0.459688,0.001133,0.191719
6.898000,0.460555,0.001117,0.191731
6.900000,0.461133,0.001108,0.191739
6.902000,0.461712,0.001100,0.191748
6.904000,0.462291,0.001094,0.191757
6.906000,0.462871,0.001088,0.191766
6.908000,0.463451,0.001084,0.191775
6.910000,0.464031,0.001082,0.191784
6.912000,0.464611,0.001080,0.191794
6.914000,0.465192,0.001080,0.191804
6.916000,0.465773,0.001081,0.191814
6.918000,0.466354,0.001083,0.191825
6.920000,0.466936,0.001086,0.191835
6.922000,0.467517,0.001091,0.191846
6.924000,0.468099,0.001097,0.191857
6.926000,0.468681,0.001104,0.191869
6.928000,0.469263,0.001113,0.191880
6.930000,0.469845,0.001122,0.191892
6.932000,0.470428,0.001133,0.191904
6.934000,0.471010,0.001145,0.191916
6.936000,0.471592,0.001159,0.191928
6.938000,0.471884,0.001166,0.191934
6.940000,0.472466,0.001181,0.191947
6.942000,0.473049,0.001198,0.191960
6.944000,0.473631,0.001216,0.191973
6.946000,0.474214,0.001235,0.191986
6.948000,0.474796,0.001255,0.191999
6.950000,0.475379,0.001276,0.192013
6.952000,0.475961,0.001299,0.192027
6.954000,0.476543,0.001323,0.192041
6.956000,0.477126,0.001348,0.192055
6.958000,0.477708,0.001374,0.192069
6.960000,0.478290,0.001402,0.192083
6.962000,0.478872,0.001431,0.192098
6.964000,0.479454,0.001461,0.192113
6.966000,0.480035,0.001492,0.192128
6.968000,0.480616,0.001524,0.192143
6.970000,0.481198,0.001558,0.192158
6.972000,0.481779,0.001593,0.192173
6.974000,0.482359,0.001629,0.192189
6.976000,0.482940,0.001666,0.192205
6.978000,0.483520,0.001704,0.192221
6.980000,0.484100,0.001744,0.192237
6.982000,0.484679,0.001785,0.192253
6.984000,0.485259,0.001827,0.192269
6.986000,0.485837,0.001870,0.192286
6.988000,0.486416,0.001914,0.192302
6.990000,0.486994,0.001959,0.192319
6.992000,0.487572,0.002006,0.192336
6.994000,0.488149,0.002054,0.192353
6.996000,0.488726,0.002103,0.192370
6.998000,0.489303,0.002153,0.192387
7.000000,0.489879,0.002204,0.192405
7.002000,0.490455,0.002256,0.192422
7.004000,0.491030,0.002310,0.192440
7.006000,0.491605,0.002365,0.192457
7.008000,0.492179,0.002420,0.192475
7.010000,0.492753,0.002477,0.192493
7.012000,0.493326,0.002535,0.192511
7.014000,0.493899,0.002594,0.192529
7.016000,0.494185,0.002624,0.192539
7.018000,0.494757,0.002685,0.192557
7.020000,0.495328,0.002747,0.192575
7.022000,0.495898,0.002809,0.192594
7.024000,0.496468,0.002873,0.192613
7.026000,0.497038,0.002938,0.192631
7.028000,0.497606,0.003005,0.192650
7.030000,0.498174,0.003072,0.192669
7.032000,0.498741,0.003140,0.192688
7.034000,0.499308,0.003209,0.192707
7.036000,0.499873,0.003280,0.192727
7.038000,0.500438,0.003351,0.192746
7.040000,0.501002,0.003424,0.192765
7.042000,0.501565,0.003497,0.192785
7.044000,0.502128,0.003571,0.192804
7.046000,0.502689,0.003647,0.192824
7.048000,0.503250,0.003723,0.192844
7.050000,0.503810,0.003801,0.192864
7.052000,0.504368,0.003879,0.192884
7.054000,0.504926,0.003959,0.192904
7.056000,0.505483,0.004039,0.192924
7.058000,0.506039,0.004121,0.192944
7.060000,0.506594,0.004203,0.192964
7.062000,0.507148,0.004287,0.192984
7.064000,0.507701,0.004371,0.193005
7.066000,0.508252,0.004456,0.193025
7.068000,0.508803,0.004542,0.193046
7.070000,0.509353,0.004629,0.193066
7.072000,0.509901,0.004717,0.193087
7.074000,0.510449,0.004806,0.193108
7.076000,0.510995,0.004896,0.193128
7.078000,0.511268,0.004941,0.193139
7.080000,0.511812,0.005033,0.193160
7.082000,0.512356,0.005125,0.193180
7.084000,0.512898,0.005217,0.193201
7.086000,0.513439,0.005311,0.193222
7.088000,0.513979,0.005406,0.193243
7.090000,0.514518,0.005501,0.193264
7.092000,0.515056,0.005598,0.193285
7.094000,0.515592,0.005695,0.193306
7.096000,0.515860,0.005744,0.193317
7.098000,0.516662,0.005891,0.193349
7.100000,0.517194,0.005991,0.193370
7.102000,0.517726,0.006091,0.193391
7.104000,0.518256,0.006192,0.193412
7.106000,0.518785,0.006294,0.193434
7.108000,0.519313,0.006397,0.193455
7.110000,0.519839,0.006500,0.193476
7.112000,0.520364,0.006604,0.193498
7.114000,0.520888,0.006709,0.193519
7.116000,0.521410,0.006815,0.193540
7.118000,0.521932,0.006921,0.193562
7.120000,0.522451,0.007028,0.193583
7.122000,0.522970,0.007136,0.193604
7.124000,0.523487,0.007244,0.193626
7.126000,0.524002,0.007353,0.193647
7.128000,0.524517,0.007463,0.193669
7.130000,0.525030,0.007574,0.193690
7.132000,0.525286,0.007629,0.193701
7.134000,0.525797,0.007740,0.193722
7.136000,0.526306,0.007852,0.193743
7.138000,0.526814,0.007965,0.193765
7.140000,0.527321,0.008078,0.193786
7.142000,0.527826,0.008192,0.193807
7.144000,0.528330,0.008307,0.193829
7.146000,0.528833,0.008422,0.193850
7.148000,0.529334,0.008537,0.193871
7.150000,0.529834,0.008654,0.193892
7.152000,0.530332,0.008770,0.193914
7.154000,0.530829,0.008888,0.193935
7.156000,0.531324,0.009006,0.193956
7.158000,0.531818,0.009124,0.193977
7.160000,0.532311,0.009243,0.193998
7.162000,0.532802,0.009362,0.194019
7.164000,0.533291,0.009482,0.194041
7.166000,0.533779,0.009603,0.194062
7.168000,0.534265,0.009724,0.194083
7.170000,0.534750,0.009845,0.194104
7.172000,0.535233,0.009967,0.194125
7.174000,0.535474,0.010028,0.194135
7.176000,0.535955,0.010150,0.194156
7.178000,0.536434,0.010273,0.194177
7.180000,0.536912,0.010397,0.194198
7.182000,0.537387,0.010521,0.194219
7.184000,0.537862,0.010645,0.194240
7.186000,0.538334,0.010769,0.194261
7.188000,0.538805,0.010894,0.194282
7.190000,0.539275,0.011020,0.194303
7.192000,0.539742,0.011146,0.194323
7.194000,0.540208,0.011272,0.194344
7.196000,0.540672,0.011398,0.194365
7.198000,0.541135,0.011525,0.194386
7.200000,0.541596,0.011652,0.194406
7.202000,0.542055,0.011780,0.194427
7.204000,0.542512,0.011907,0.194448
7.206000,0.542968,0.012036,0.194468
7.208000,0.543422,0.012164,0.194489
7.210000,0.543874,0.012293,0.194510
7.212000,0.544325,0.012422,0.194530
7.214000,0.544773,0.012551,0.194551
7.216000,0.545220,0.012680,0.194571
7.218000,0.545666,0.012810,0.194592
7.220000,0.546109,0.012940,0.194612
7.222000,0.546550,0.013070,0.194633
7.224000,0.546990,0.013200,0.194653
7.226000,0.547428,0.013331,0.194673
7.228000,0.547865,0.013462,0.194694
7.230000,0.548299,0.013593,0.194714
7.232000,0.548516,0.013658,0.194724
7.234000,0.548947,0.013790,0.194744
7.236000,0.549377,0.013921,0.194765
7.238000,0.549806,0.014053,0.194785
7.240000,0.550232,0.014185,0.194805
7.242000,0.550657,0.014316,0.194825
7.244000,0.551080,0.014448,0.194845
7.246000,0.551501,0.014581,0.194865
7.248000,0.551920,0.014713,0.194885
7.250000,0.552338,0.014845,0.194905
7.252000,0.552753,0.014978,0.194925
7.254000,0.553167,0.015110,0.194945
7.256000,0.553580,0.015243,0.194965
7.258000,0.553990,0.015376,0.194985
7.260000,0.554399,0.015509,0.195004
7.262000,0.554806,0.015641,0.195024
7.264000,0.555211,0.015774,0.195044
7.266000,0.555614,0.015907,0.195063
7.268000,0.556016,0.016040,0.195083
7.270000,0.556415,0.016173,0.195102
7.272000,0.556813,0.016306,0.195122
7.274000,0.557210,0.016440,0.195141
7.276000,0.557604,0.016573,0.195161
7.278000,0.557997,0.016706,0.195180
7.280000,0.558388,0.016839,0.195199
7.282000,0.558777,0.016972,0.195218
7.284000,0.559165,0.017105,0.195238
7.286000,0.559550,0.017238,0.195257
7.288000,0.559934,0.017371,0.195276
7.290000,0.560317,0.017504,0.195295
7.292000,0.560697,0.017637,0.195314
7.294000,0.561076,0.017769,0.195333
7.296000,0.561265,0.017836,0.195342
7.298000,0.561641,0.017968,0.195361
7.300000,0.562015,0.018101,0.195380
7.302000,0.562388,0.018234,0.195399
7.304000,0.562759,0.018366,0.195417
7.306000,0.563128,0.018498,0.195436
7.308000,0.563495,0.018631,0.195455
7.310000,0.563860,0.018763,0.195473
7.312000,0.564224,0.018895,0.195492
7.314000,0.564586,0.019027,0.195511
7.316000,0.564946,0.019158,0.195529
7.318000,0.565305,0.019290,0.195548
7.320000,0.565661,0.019421,0.195566
7.322000,0.566016,0.019553,0.195585
7.324000,0.566369,0.019684,0.195603
7.326000,0.566720,0.019815,0.195622
7.328000,0.567069,0.019946,0.195640
7.330000,0.567417,0.020076,0.195658
7.332000,0.567763,0.020207,0.195677
7.334000,0.568107,0.020337,0.195695
7.336000,0.568449,0.020467,0.195714
7.338000,0.568789,0.020597,0.195732
7.340000,0.569127,0.020726,0.195750
7.342000,0.569464,0.020855,0.195769
7.344000,0.569799,0.020985,0.195787
7.346000,0.570132,0.021113,0.195805
7.348000,0.570463,0.021242,0.195823
7.350000,0.570793,0.021370,0.195842
7.352000,0.571120,0.021499,0.195860
7.354000,0.571446,0.021626,0.195878
7.356000,0.571770,0.021754,0.195896
7.358000,0.571932,0.021818,0.195906
7.360000,0.572413,0.022008,0.195933
7.362000,0.572573,0.022072,0.195942
7.364000,0.572891,0.022198,0.195960
7.366000,0.573207,0.022325,0.195979
7.368000,0.573521,0.022451,0.195997
7.370000,0.573834,0.022577,0.196015
7.372000,0.574144,0.022702,0.196033
7.374000,0.574454,0.022827,0.196051
7.376000,0.574761,0.022952,0.196070
7.378000,0.575066,0.023077,0.196088
7.380000,0.575370,0.023201,0.196106
7.382000,0.575673,0.023325,0.196124
7.384000,0.575973,0.023448,0.196143
7.386000,0.576272,0.023572,0.196161
7.388000,0.576569,0.023694,0.196179
7.390000,0.576864,0.023817,0.196197
7.392000,0.577158,0.023939,0.196216
7.394000,0.577450,0.024061,0.196234
7.396000,0.577740,0.024183,0.196253
7.398000,0.578029,0.024304,0.196272
7.400000,0.578315,0.024425,0.196291
7.402000,0.578601,0.024546,0.196311
7.404000,0.578884,0.024667,0.196331
7.406000,0.579166,0.024788,0.196351
7.408000,0.579306,0.024848,0.196361
7.410000,0.579725,0.025028,0.196393
7.412000,0.580002,0.025148,0.196414
7.414000,0.580139,0.025208,0.196425
7.416000,0.580414,0.025327,0.196447
7.418000,0.580687,0.025446,0.196469
7.420000,0.580958,0.025565,0.196492
7.422000,0.581228,0.025684,0.196515
7.424000,0.581496,0.025803,0.196538
7.426000,0.581762,0.025921,0.196562
7.428000,0.582027,0.026039,0.196585
7.430000,0.582290,0.026157,0.196610
7.432000,0.582552,0.026274,0.196634
7.434000,0.582812,0.026392,0.196659
7.436000,0.583071,0.026509,0.196684
7.438000,0.583328,0.026625,0.196709
7.440000,0.583584,0.026742,0.196735
7.442000,0.583838,0.026858,0.196761
7.444000,0.584090,0.026974,0.196787
7.446000,0.584341,0.027090,0.196813
7.448000,0.584590,0.027205,0.196840
7.450000,0.584838,0.027320,0.196867
7.452000,0.585084,0.027435,0.196894
7.454000,0.585329,0.027550,0.196922
7.456000,0.585572,0.027664,0.196950
7.458000,0.585813,0.027778,0.196978
7.460000,0.586053,0.027892,0.197006
7.462000,0.586292,0.028005,0.197035
7.464000,0.586529,0.028118,0.197064
7.466000,0.586764,0.028231,0.197093
7.468000,0.586881,0.028287,0.197108
7.470000,0.587114,0.028399,0.197138
7.472000,0.587346,0.028511,0.197167
7.474000,0.587576,0.028623,0.197198
7.476000,0.587805,0.028735,0.197228
7.478000,0.588032,0.028846,0.197259
7.480000,0.588257,0.028956,0.197290
7.482000,0.588481,0.029067,0.197321
7.484000,0.588704,0.029177,0.197352
7.486000,0.588925,0.029287,0.197384
7.488000,0.589145,0.029396,0.197416
7.490000,0.589363,0.029506,0.197448
7.492000,0.589580,0.029615,0.197480
7.494000,0.589795,0.029723,0.197512
7.496000,0.590010,0.029832,0.197543
7.498000,0.590224,0.029940,0.197574
7.500000,0.590438,0.030048,0.197605
7.502000,0.590651,0.030156,0.197636
7.504000,0.590864,0.030264,0.197668
7.506000,0.591077,0.030372,0.197699
7.508000,0.591290,0.030479,0.197730
7.510000,0.591502,0.030586,0.197761
7.512000,0.591714,0.030693,0.197793
7.514000,0.591926,0.030800,0.197824
7.516000,0.592137,0.030907,0.197856
7.518000,0.592348,0.031013,0.197888
7.520000,0.592559,0.031119,0.197919
7.522000,0.592770,0.031225,0.197951
7.524000,0.592980,0.031331,0.197983
7.526000,0.593086,0.031383,0.197999
7.528000,0.593296,0.031488,0.198032
7.530000,0.593505,0.031594,0.198064
7.532000,0.593715,0.031698,0.198096
7.534000,0.593924,0.031803,0.198129
7.536000,0.594133,0.031907,0.198161
7.538000,0.594342,0.032011,0.198194
7.540000,0.594550,0.032115,0.198227
7.542000,0.594758,0.032218,0.198259
7.544000,0.594966,0.032322,0.198292
7.546000,0.595173,0.032425,0.198325
7.548000,0.595381,0.032527,0.198359
7.550000,0.595588,0.032630,0.198392
7.552000,0.595794,0.032732,0.198425
7.554000,0.596001,0.032834,0.198459
7.556000,0.596207,0.032936,0.198492
7.558000,0.596413,0.033037,0.198526
7.560000,0.596618,0.033138,0.198559
7.562000,0.596823,0.033239,0.198593
7.564000,0.596823,0.033239,0.198593
7.566000,0.596926,0.033289,0.198610
7.568000,0.597028,0.033339,0.198627
7.570000,0.597130,0.033390,0.198644
7.572000,0.597233,0.033440,0.198661
7.574000,0.597437,0.033540,0.198695
7.576000,0.598048,0.033838,0.198798
7.578000,0.598454,0.034035,0.198867
7.580000,0.598555,0.034085,0.198884
7.582000,0.598859,0.034232,0.198936
7.584000,0.599060,0.034329,0.198971
7.586000,0.599262,0.034427,0.199006
7.588000,0.599362,0.034475,0.199024
7.590000,0.599563,0.034572,0.199059
7.592000,0.599764,0.034669,0.199094
7.594000,0.599965,0.034765,0.199129
7.596000,0.600065,0.034813,0.199147
7.598000,0.600364,0.034956,0.199200
7.600000,0.600564,0.035052,0.199235
7.602000,0.600763,0.035147,0.199271
7.604000,0.600961,0.035241,0.199307
7.606000,0.601159,0.035336,0.199342
7.608000,0.601357,0.035430,0.199378
7.610000,0.601555,0.035523,0.199414
7.612000,0.601752,0.035617,0.199450
7.614000,0.601949,0.035710,0.199486
7.616000,0.602146,0.035802,0.199523
7.618000,0.602342,0.035895,0.199559
7.620000,0.602538,0.035987,0.199595
7.622000,0.602733,0.036078,0.199632
7.624000,0.602928,0.036170,0.199669
7.626000,0.603123,0.036261,0.199705
7.628000,0.603318,0.036351,0.199742
7.630000,0.603512,0.036441,0.199779
7.632000,0.603705,0.036531,0.199816
7.634000,0.603898,0.036621,0.199853
7.636000,0.604091,0.036710,0.199890
7.638000,0.604284,0.036799,0.199927
7.640000,0.604476,0.036887,0.199965
7.642000,0.604668,0.036975,0.200002
7.644000,0.604859,0.037063,0.200039
7.646000,0.605050,0.037150,0.200077
7.648000,0.605241,0.037237,0.200115
7.650000,0.605431,0.037323,0.200153
7.652000,0.605621,0.037410,0.200190
7.654000,0.605810,0.037495,0.200228
7.656000,0.605999,0.037581,0.200267
7.658000,0.605999,0.037581,0.200267
7.660000,0.606188,0.037666,0.200305
7.662000,0.606564,0.037834,0.200381
7.664000,0.606751,0.037918,0.200420
7.666000,0.606938,0.038002,0.200458
7.668000,0.607125,0.038085,0.200497
7.670000,0.607218,0.038126,0.200516
7.672000,0.607404,0.038208,0.200555
7.674000,0.607590,0.038290,0.200594
7.676000,0.607775,0.038372,0.200633
7.678000,0.607960,0.038453,0.200672
7.680000,0.608144,0.038534,0.200711
7.682000,0.608328,0.038615,0.200750
7.684000,0.608512,0.038695,0.200790
7.686000,0.608695,0.038774,0.200829
7.688000,0.608878,0.038853,0.200869
7.690000,0.609060,0.038932,0.200908
7.692000,0.609242,0.039010,0.200948
7.694000,0.609423,0.039088,0.200988
7.696000,0.609604,0.039166,0.201028
7.698000,0.609785,0.039243,0.201068
7.700000,0.609965,0.039319,0.201108
7.702000,0.610145,0.039396,0.201148
7.704000,0.610324,0.039471,0.201188
7.706000,0.610503,0.039547,0.201229
7.708000,0.610682,0.039622,0.201269
7.710000,0.610860,0.039696,0.201310
7.712000,0.611037,0.039770,0.201351
7.714000,0.611214,0.039844,0.201391
7.716000,0.611391,0.039917,0.201432
7.718000,0.611567,0.039990,0.201473
7.720000,0.611743,0.040062,0.201514
7.722000,0.611919,0.040134,0.201556
7.724000,0.612094,0.040205,0.201597
7.726000,0.612268,0.040276,0.201638
7.728000,0.612442,0.040347,0.201680
7.730000,0.612616,0.040417,0.201721
7.732000,0.612789,0.040487,0.201763
7.734000,0.612961,0.040556,0.201805
7.736000,0.613134,0.040624,0.201846
7.738000,0.613305,0.040693,0.201888
7.740000,0.613477,0.040761,0.201930
7.742000,0.613648,0.040828,0.201972
7.744000,0.613818,0.040895,0.202015
7.746000,0.613988,0.040961,0.202057
7.748000,0.614073,0.040994,0.202078
7.750000,0.614326,0.041093,0.202142
7.752000,0.614410,0.041125,0.202163
7.754000,0.614579,0.041190,0.202206
7.756000,0.614746,0.041254,0.202248
7.758000,0.614914,0.041318,0.202291
7.760000,0.615081,0.041382,0.202334
7.762000,0.615247,0.041444,0.202377
7.764000,0.615413,0.041507,0.202420
7.766000,0.615578,0.041569,0.202463
7.768000,0.615743,0.041630,0.202507
7.770000,0.615907,0.041691,0.202550
7.772000,0.616071,0.041752,0.202593
7.774000,0.616235,0.041812,0.202637
7.776000,0.616398,0.041872,0.202681
7.778000,0.616560,0.041931,0.202724
7.780000,0.616722,0.041989,0.202768
7.782000,0.616883,0.042047,0.202812
7.784000,0.617044,0.042105,0.202856
7.786000,0.617205,0.042162,0.202900
7.788000,0.617365,0.042219,0.202944
7.790000,0.617524,0.042275,0.202989
7.792000,0.617604,0.042303,0.203011
7.794000,0.617763,0.042358,0.203055
7.796000,0.617921,0.042413,0.203100
7.798000,0.618078,0.042468,0.203144
7.800000,0.618236,0.042522,0.203189
7.802000,0.618392,0.042575,0.203234
7.804000,0.618548,0.042628,0.203278
7.806000,0.618704,0.042681,0.203323
7.808000,0.618859,0.042733,0.203368
7.810000,0.619014,0.042784,0.203414
7.812000,0.619168,0.042835,0.203459
7.814000,0.619322,0.042886,0.203504
7.816000,0.619475,0.042936,0.203549
7.818000,0.619627,0.042985,0.203595
7.820000,0.619779,0.043034,0.203641
7.822000,0.619931,0.043083,0.203686
7.824000,0.620082,0.043131,0.203732
7.826000,0.620232,0.043178,0.203778
7.828000,0.620307,0.043202,0.203801
7.830000,0.620457,0.043248,0.203847
7.832000,0.620606,0.043294,0.203893
7.834000,0.620755,0.043340,0.203939
7.836000,0.620903,0.043385,0.203985
7.838000,0.621051,0.043430,0.204031
7.840000,0.621198,0.043474,0.204078
7.842000,0.621344,0.043518,0.204124
7.844000,0.621490,0.043561,0.204171
7.846000,0.621636,0.043604,0.204217
7.848000,0.621781,0.043646,0.204264
7.850000,0.621925,0.043687,0.204311
7.852000,0.622069,0.043729,0.204358
7.854000,0.622212,0.043769,0.204405
7.856000,0.622355,0.043809,0.204452
7.858000,0.622497,0.043849,0.204499
7.860000,0.622639,0.043888,0.204546
7.862000,0.622780,0.043926,0.204594
7.864000,0.622921,0.043965,0.204641
7.866000,0.623061,0.044002,0.204689
7.868000,0.623201,0.044039,0.204736
7.870000,0.623340,0.044076,0.204784
7.872000,0.623478,0.044111,0.204832
7.874000,0.623616,0.044147,0.204879
7.876000,0.623685,0.044164,0.204903
7.878000,0.623822,0.044199,0.204951
7.880000,0.623958,0.044233,0.204999
7.882000,0.624094,0.044267,0.205047
7.884000,0.624230,0.044300,0.205095
7.886000,0.624364,0.044333,0.205144
7.888000,0.624499,0.044365,0.205192
7.890000,0.624633,0.044396,0.205240
7.892000,0.624766,0.044427,0.205289
7.894000,0.624898,0.044458,0.205337
7.896000,0.625030,0.044488,0.205386
7.898000,0.625162,0.044517,0.205435
7.900000,0.625293,0.044546,0.205484
7.902000,0.625423,0.044575,0.205532
7.904000,0.625553,0.044603,0.205581
7.906000,0.625682,0.044630,0.205630
7.908000,0.625811,0.044657,0.205679
7.910000,0.625939,0.044683,0.205728
7.912000,0.626066,0.044709,0.205778
7.914000,0.626193,0.044734,0.205827
7.916000,0.626320,0.044759,0.205876
7.918000,0.626446,0.044783,0.205926
7.920000,0.626571,0.044807,0.205975
7.922000,0.626696,0.044830,0.206025
7.924000,0.626758,0.044842,0.206049
7.926000,0.626881,0.044864,0.206099
7.928000,0.627005,0.044886,0.206149
7.930000,0.627127,0.044907,0.206199
7.932000,0.627249,0.044928,0.206248
7.934000,0.627371,0.044949,0.206298
7.936000,0.627492,0.044968,0.206348
7.938000,0.627612,0.044988,0.206398
7.940000,0.627732,0.045007,0.206449
7.942000,0.627851,0.045025,0.206499
7.944000,0.627970,0.045043,0.206549
7.946000,0.628088,0.045060,0.206599
7.948000,0.628205,0.045076,0.206650
7.950000,0.628322,0.045093,0.206700
7.952000,0.628438,0.045108,0.206751
7.954000,0.628554,0.045123,0.206801
7.956000,0.628669,0.045138,0.206852
7.958000,0.628784,0.045152,0.206902
7.960000,0.628897,0.045166,0.206953
7.962000,0.629011,0.045179,0.207004
7.964000,0.629124,0.045191,0.207055
7.966000,0.629236,0.045203,0.207106
7.968000,0.629347,0.045215,0.207157
7.970000,0.629458,0.045226,0.207208
7.972000,0.629569,0.045236,0.207259
7.974000,0.629678,0.045246,0.207310
7.976000,0.629788,0.045256,0.207361
7.978000,0.629896,0.045265,0.207412
7.980000,0.630004,0.045273,0.207464
7.982000,0.630112,0.045281,0.207515
7.984000,0.630219,0.045288,0.207566
7.986000,0.630272,0.045292,0.207592
7.988000,0.630378,0.045298,0.207644
7.990000,0.630483,0.045305,0.207695
7.992000,0.630588,0.045310,0.207747
7.994000,0.630692,0.045315,0.207798
7.996000,0.630744,0.045318,0.207824
7.998000,0.630899,0.045324,0.207902
8.000000,0.631001,0.045327,0.207954
8.002000,0.631103,0.045330,0.208006
8.004000,0.631204,0.045333,0.208058
8.006000,0.631304,0.045335,0.208110
8.008000,0.631404,0.045336,0.208162
8.010000,0.631504,0.045338,0.208214
8.012000,0.631603,0.045338,0.208266
8.014000,0.631701,0.045338,0.208318
8.016000,0.631798,0.045337,0.208370
8.018000,0.631895,0.045336,0.208422
8.020000,0.631992,0.045335,0.208475
8.022000,0.632087,0.045333,0.208527
8.024000,0.632183,0.045330,0.208579
8.026000,0.632277,0.045327,0.208632
8.028000,0.632371,0.045324,0.208684
8.030000,0.632465,0.045320,0.208737
8.032000,0.632511,0.045318,0.208763
8.034000,0.632603,0.045313,0.208815
8.036000,0.632695,0.045308,0.208868
8.038000,0.632787,0.045302,0.208920
8.040000,0.632877,0.045296,0.208973
8.042000,0.632967,0.045289,0.209026
8.044000,0.633057,0.045282,0.209078
8.046000,0.633146,0.045274,0.209131
8.048000,0.633234,0.045266,0.209184
8.050000,0.633321,0.045257,0.209237
8.052000,0.633408,0.045248,0.209290
8.054000,0.633495,0.045238,0.209343
8.056000,0.633581,0.045228,0.209395
8.058000,0.633666,0.045217,0.209448
8.060000,0.633750,0.045206,0.209501
8.062000,0.633834,0.045195,0.209554
8.064000,0.633918,0.045182,0.209607
8.066000,0.634000,0.045170,0.209660
8.068000,0.634083,0.045157,0.209713
8.070000,0.634164,0.045143,0.209767
8.072000,0.634245,0.045129,0.209820
8.074000,0.634325,0.045115,0.209873
8.076000,0.634405,0.045100,0.209926
8.078000,0.634484,0.045084,0.209979
8.080000,0.634563,0.045068,0.210032
8.082000,0.634640,0.045052,0.210086
8.084000,0.634718,0.045035,0.210139
8.086000,0.634794,0.045018,0.210192
8.088000,0.634870,0.045000,0.210245
8.090000,0.634946,0.044982,0.210299
8.092000,0.635021,0.044963,0.210352
8.094000,0.635095,0.044944,0.210405
8.096000,0.635169,0.044924,0.210459
8.098000,0.635242,0.044904,0.210512
8.100000,0.635314,0.044883,0.210566
8.102000,0.635386,0.044862,0.210619
8.104000,0.635457,0.044841,0.210672
8.106000,0.635528,0.044819,0.210726
8.108000,0.635598,0.044796,0.210779
8.110000,0.635667,0.044773,0.210833
8.112000,0.635736,0.044750,0.210886
8.114000,0.635804,0.044726,0.210940
8.116000,0.635871,0.044702,0.210993
8.118000,0.635938,0.044677,0.211047
8.120000,0.636005,0.044652,0.211100
8.122000,0.636070,0.044627,0.211154
8.124000,0.636135,0.044601,0.211207
8.126000,0.636200,0.044574,0.211261
8.128000,0.636264,0.044547,0.211314
8.130000,0.636327,0.044520,0.211368
8.132000,0.636390,0.044492,0.211422
8.134000,0.636452,0.044464,0.211475
8.136000,0.636513,0.044435,0.211529
8.138000,0.636574,0.044406,0.211582
8.140000,0.636635,0.044376,0.211636
8.142000,0.636694,0.044346,0.211689
8.144000,0.636753,0.044316,0.211743
8.146000,0.636812,0.044285,0.211797
8.148000,0.636870,0.044254,0.211850
8.150000,0.636927,0.044222,0.211904
8.152000,0.636955,0.044206,0.211931
8.154000,0.637012,0.044174,0.211984
8.156000,0.637067,0.044141,0.212038
8.158000,0.637122,0.044108,0.212091
8.160000,0.637177,0.044075,0.212145
8.162000,0.637231,0.044041,0.212198
8.164000,0.637284,0.044006,0.212252
8.166000,0.637337,0.043971,0.212305
8.168000,0.637363,0.043954,0.212332
8.170000,0.637441,0.043900,0.212413
8.172000,0.637492,0.043864,0.212466
8.174000,0.637542,0.043828,0.212520
8.176000,0.637592,0.043791,0.212573
8.178000,0.637641,0.043754,0.212626
8.180000,0.637689,0.043716,0.212680
8.182000,0.637737,0.043678,0.212733
8.184000,0.637784,0.043640,0.212787
8.186000,0.637831,0.043601,0.212840
8.188000,0.637877,0.043561,0.212894
8.190000,0.637923,0.043522,0.212947
8.192000,0.637968,0.043482,0.213000
8.194000,0.638012,0.043441,0.213054
8.196000,0.638034,0.043421,0.213080
8.198000,0.638099,0.043359,0.213160
8.200000,0.638142,0.043318,0.213214
8.202000,0.638184,0.043276,0.213267
8.204000,0.638204,0.043255,0.213293
8.206000,0.638245,0.043212,0.213347
8.208000,0.638286,0.043169,0.213400
8.210000,0.638327,0.043126,0.213453
8.212000,0.638367,0.043083,0.213506
8.214000,0.638407,0.043039,0.213558
8.216000,0.638447,0.042995,0.213611
8.218000,0.638487,0.042951,0.213664
8.220000,0.638526,0.042906,0.213716
8.222000,0.638565,0.042861,0.213768
8.224000,0.638603,0.042816,0.213821
8.226000,0.638642,0.042770,0.213873
8.228000,0.638680,0.042725,0.213925
8.230000,0.638680,0.042725,0.213925
8.232000,0.638755,0.042632,0.214028
8.234000,0.638793,0.042585,0.214080
8.236000,0.638830,0.042538,0.214131
8.238000,0.638866,0.042491,0.214183
8.240000,0.638903,0.042444,0.214234
8.242000,0.638939,0.042396,0.214285
8.244000,0.638975,0.042348,0.214336
8.246000,0.639010,0.042299,0.214387
8.248000,0.639028,0.042275,0.214413
8.250000,0.639063,0.042226,0.214464
8.252000,0.639098,0.042177,0.214514
8.254000,0.639133,0.042128,0.214565
8.256000,0.639167,0.042078,0.214615
8.258000,0.639202,0.042028,0.214666
8.260000,0.639235,0.041978,0.214716
8.262000,0.639269,0.041928,0.214766
8.264000,0.639302,0.041877,0.214816
8.266000,0.639335,0.041826,0.214866
8.268000,0.639368,0.041775,0.214916
8.270000,0.639401,0.041723,0.214965
8.272000,0.639433,0.041671,0.215015
8.274000,0.639465,0.041619,0.215064
8.276000,0.639496,0.041567,0.215113
8.278000,0.639528,0.041514,0.215163
8.280000,0.639559,0.041462,0.215212
8.282000,0.639590,0.041409,0.215260
8.284000,0.639620,0.041355,0.215309
8.286000,0.639651,0.041302,0.215358
8.288000,0.639681,0.041248,0.215406
8.290000,0.639711,0.041194,0.215455
8.292000,0.639740,0.041140,0.215503
8.294000,0.639769,0.041085,0.215551
8.296000,0.639784,0.041058,0.215575
8.298000,0.639827,0.040975,0.215647
8.300000,0.639841,0.040948,0.215671
8.302000,0.639870,0.040892,0.215719
8.304000,0.639912,0.040809,0.215790
8.306000,0.639939,0.040753,0.215838
8.308000,0.639953,0.040725,0.215861
8.310000,0.639980,0.040668,0.215908
8.312000,0.640007,0.040612,0.215955
8.314000,0.640034,0.040555,0.216002
8.316000,0.640060,0.040498,0.216049
8.318000,0.640086,0.040441,0.216096
8.320000,0.640112,0.040384,0.216142
8.322000,0.640138,0.040326,0.216189
8.324000,0.640163,0.040268,0.216235
8.326000,0.640188,0.040210,0.216281
8.328000,0.640213,0.040152,0.216327
8.330000,0.640238,0.040093,0.216373
8.332000,0.640262,0.040034,0.216419
8.334000,0.640286,0.039976,0.216464
8.336000,0.640310,0.039916,0.216510
8.338000,0.640334,0.039857,0.216555
8.340000,0.640357,0.039798,0.216600
8.342000,0.640380,0.039738,0.216645
8.344000,0.640403,0.039678,0.216690
8.346000,0.640425,0.039618,0.216735
8.348000,0.640436,0.039588,0.216757
8.350000,0.640458,0.039527,0.216801
8.352000,0.640480,0.039467,0.216846
8.354000,0.640502,0.039406,0.216890
8.356000,0.640523,0.039345,0.216934
8.358000,0.640544,0.039284,0.216978
8.360000,0.640565,0.039222,0.217022
8.362000,0.640585,0.039161,0.217066
8.364000,0.640606,0.039099,0.217109
8.366000,0.640626,0.039037,0.217152
8.368000,0.640646,0.038975,0.217196
8.370000,0.640665,0.038913,0.217239
8.372000,0.640684,0.038850,0.217282
8.374000,0.640703,0.038787,0.217324
8.376000,0.640722,0.038725,0.217367
8.378000,0.640741,0.038662,0.217410
8.380000,0.640759,0.038599,0.217452
8.382000,0.640777,0.038535,0.217494
8.384000,0.640794,0.038472,0.217536
8.386000,0.640803,0.038440,0.217557
8.388000,0.640829,0.038344,0.217620
8.390000,0.640838,0.038312,0.217640
8.392000,0.640855,0.038248,0.217682
8.394000,0.640871,0.038184,0.217723
8.396000,0.640887,0.038120,0.217765
8.398000,0.640904,0.038055,0.217806
8.400000,0.640919,0.037991,0.217847
8.402000,0.640935,0.037926,0.217887
8.404000,0.640950,0.037861,0.217928
8.406000,0.640965,0.037796,0.217968
8.408000,0.640980,0.037730,0.218009
8.410000,0.640995,0.037665,0.218049
8.412000,0.641009,0.037599,0.218089
8.414000,0.641023,0.037534,0.218129
8.416000,0.641037,0.037468,0.218168
8.418000,0.641051,0.037402,0.218208
8.420000,0.641064,0.037336,0.218247
8.422000,0.641077,0.037270,0.218286
8.424000,0.641090,0.037203,0.218325
8.426000,0.641103,0.037137,0.218364
8.428000,0.641115,0.037070,0.218403
8.430000,0.641127,0.037003,0.218441
8.432000,0.641139,0.036936,0.218480
8.434000,0.641151,0.036869,0.218518
8.436000,0.641163,0.036802,0.218556
8.438000,0.641174,0.036735,0.218594
8.440000,0.641185,0.036668,0.218632
8.442000,0.641195,0.036600,0.218669
8.444000,0.641206,0.036533,0.218707
8.446000,0.641216,0.036465,0.218744
8.448000,0.641227,0.036398,0.218781
8.450000,0.641237,0.036330,0.218818
8.452000,0.641248,0.036262,0.218855
8.454000,0.641258,0.036195,0.218891
8.456000,0.641268,0.036127,0.218928
8.458000,0.641279,0.036059,0.218964
8.460000,0.641289,0.035992,0.219000
8.462000,0.641299,0.035924,0.219036
8.464000,0.641309,0.035856,0.219071
8.466000,0.641319,0.035788,0.219107
8.468000,0.641329,0.035721,0.219142
8.470000,0.641339,0.035653,0.219177
8.472000,0.641349,0.035585,0.219212
8.474000,0.641354,0.035551,0.219230
8.476000,0.641364,0.035483,0.219265
8.478000,0.641374,0.035416,0.219299
8.480000,0.641384,0.035348,0.219333
8.482000,0.641394,0.035280,0.219368
8.484000,0.641403,0.035212,0.219402
8.486000,0.641413,0.035144,0.219435
8.488000,0.641423,0.035077,0.219469
8.490000,0.641432,0.035009,0.219502
8.492000,0.641442,0.034941,0.219536
8.494000,0.641451,0.034873,0.219569
8.496000,0.641461,0.034806,0.219602
8.498000,0.641470,0.034738,0.219634
8.500000,0.641480,0.034670,0.219667
8.502000,0.641489,0.034602,0.219699
8.504000,0.641498,0.034535,0.219731
8.506000,0.641508,0.034467,0.219763
8.508000,0.641517,0.034399,0.219795
8.510000,0.641526,0.034331,0.219827
8.512000,0.641535,0.034264,0.219858
8.514000,0.641544,0.034196,0.219889
8.516000,0.641554,0.034129,0.219920
8.518000,0.641563,0.034061,0.219951
8.520000,0.641572,0.033993,0.219982
8.522000,0.641580,0.033926,0.220012
8.524000,0.641589,0.033858,0.220043
8.526000,0.641598,0.033791,0.220073
8.528000,0.641607,0.033723,0.220103
8.530000,0.641616,0.033656,0.220133
8.532000,0.641625,0.033588,0.220162
8.534000,0.641633,0.033521,0.220191
8.536000,0.641642,0.033454,0.220221
8.538000,0.641650,0.033386,0.220250
8.540000,0.641659,0.033319,0.220278
8.542000,0.641668,0.033252,0.220307
8.544000,0.641672,0.033218,0.220321
8.546000,0.641680,0.033151,0.220349
8.548000,0.641689,0.033084,0.220377
8.550000,0.641697,0.033017,0.220405
8.552000,0.641705,0.032950,0.220433
8.554000,0.641714,0.032883,0.220461
8.556000,0.641722,0.032816,0.220488
8.558000,0.641730,0.032749,0.220515
8.560000,0.641738,0.032682,0.220542
8.562000,0.641746,0.032615,0.220569
8.564000,0.641754,0.032548,0.220595
8.566000,0.641762,0.032481,0.220622
8.568000,0.641770,0.032415,0.220648
8.570000,0.641778,0.032348,0.220674
8.572000,0.641786,0.032281,0.220700
8.574000,0.641794,0.032215,0.220725
8.576000,0.641802,0.032148,0.220751
8.578000,0.641809,0.032082,0.220776
8.580000,0.641817,0.032015,0.220801
8.582000,0.641825,0.031949,0.220825
8.584000,0.641832,0.031883,0.220850
8.586000,0.641840,0.031817,0.220874
8.588000,0.641847,0.031751,0.220899
8.590000,0.641855,0.031685,0.220923
8.592000,0.641862,0.031619,0.220946
8.594000,0.641869,0.031553,0.220970
8.596000,0.641873,0.031520,0.220982
8.598000,0.641884,0.031421,0.221016
8.600000,0.641891,0.031355,0.221039
8.602000,0.641895,0.031322,0.221051
8.604000,0.641902,0.031257,0.221073
8.606000,0.641909,0.031191,0.221096
8.608000,0.641916,0.031126,0.221118
8.610000,0.641923,0.031060,0.221140
8.612000,0.641930,0.030995,0.221162
8.614000,0.641937,0.030930,0.221184
8.616000,0.641944,0.030865,0.221205
8.618000,0.641951,0.030799,0.221226
8.620000,0.641957,0.030734,0.221247
8.622000,0.641964,0.030669,0.221268
8.624000,0.641971,0.030605,0.221289
8.626000,0.641977,0.030540,0.221309
8.628000,0.641984,0.030475,0.221329
8.630000,0.641991,0.030411,0.221349
8.632000,0.641997,0.030346,0.221369
8.634000,0.642004,0.030282,0.221388
8.636000,0.642010,0.030217,0.221408
8.638000,0.642016,0.030153,0.221427
8.640000,0.642023,0.030089,0.221446
8.642000,0.642029,0.030025,0.221465
8.644000,0.642032,0.029993,0.221474
8.646000,0.642041,0.029897,0.221501
8.648000,0.642044,0.029865,0.221511
8.650000,0.642050,0.029801,0.221529
8.652000,0.642056,0.029738,0.221546
8.654000,0.642062,0.029674,0.221564
8.656000,0.642068,0.029611,0.221581
8.658000,0.642074,0.029547,0.221599
8.660000,0.642080,0.029484,0.221616
8.662000,0.642086,0.029421,0.221633
8.664000,0.642092,0.029357,0.221650
8.666000,0.642098,0.029294,0.221667
8.668000,0.642104,0.029231,0.221684
8.670000,0.642109,0.029168,0.221701
8.672000,0.642115,0.029104,0.221718
8.674000,0.642121,0.029041,0.221734
8.676000,0.642127,0.028978,0.221751
8.678000,0.642132,0.028916,0.221767
8.680000,0.642138,0.028853,0.221783
8.682000,0.642143,0.028790,0.221800
8.684000,0.642149,0.028727,0.221816
8.686000,0.642155,0.028664,0.221832
8.688000,0.642160,0.028602,0.221847
8.690000,0.642166,0.028539,0.221863
8.692000,0.642171,0.028477,0.221879
8.694000,0.642177,0.028414,0.221894
8.696000,0.642182,0.028352,0.221910
8.698000,0.642187,0.028290,0.221925
8.700000,0.642193,0.028227,0.221940
8.702000,0.642198,0.028165,0.221955
8.704000,0.642203,0.028103,0.221970
8.706000,0.642209,0.028041,0.221985
8.708000,0.642214,0.027979,0.222000
8.710000,0.642219,0.027917,0.222015
8.712000,0.642224,0.027855,0.222029
8.714000,0.642230,0.027794,0.222044
8.716000,0.642235,0.027732,0.222058
8.718000,0.642240,0.027670,0.222072
8.720000,0.642245,0.027609,0.222086
8.722000,0.642250,0.027547,0.222100
8.724000,0.642255,0.027486,0.222114
8.726000,0.642260,0.027425,0.222128
8.728000,0.642265,0.027363,0.222142
8.730000,0.642270,0.027302,0.222155
8.732000,0.642275,0.027241,0.222169
8.734000,0.642280,0.027180,0.222182
8.736000,0.642285,0.027119,0.222196
8.738000,0.642289,0.027059,0.222209
8.740000,0.642294,0.026998,0.222222
8.742000,0.642299,0.026937,0.222235
8.744000,0.642304,0.026877,0.222248
8.746000,0.642309,0.026816,0.222261
8.748000,0.642313,0.026756,0.222273
8.750000,0.642318,0.026696,0.222286
8.752000,0.642323,0.026635,0.222298
8.754000,0.642327,0.026575,0.222311
8.756000,0.642332,0.026515,0.222323
8.758000,0.642336,0.026455,0.222335
8.760000,0.642341,0.026396,0.222347
8.762000,0.642345,0.026336,0.222359
8.764000,0.642350,0.026276,0.222371
8.766000,0.642352,0.026246,0.222377
8.768000,0.642359,0.026157,0.222394
8.770000,0.642363,0.026098,0.222406
8.772000,0.642368,0.026039,0.222417
8.774000,0.642372,0.025980,0.222428
8.776000,0.642376,0.025920,0.222439
8.778000,0.642380,0.025861,0.222450
8.780000,0.642383,0.025832,0.222456
8.782000,0.642387,0.025773,0.222467
8.784000,0.642391,0.025715,0.222478
8.786000,0.642395,0.025656,0.222488
8.788000,0.642399,0.025597,0.222499
8.790000,0.642403,0.025539,0.222509
8.792000,0.642408,0.025481,0.222520
8.794000,0.642412,0.025423,0.222530
8.796000,0.642416,0.025364,0.222540
8.798000,0.642420,0.025306,0.222550
8.800000,0.642424,0.025249,0.222560
8.802000,0.642428,0.025191,0.222570
8.804000,0.642432,0.025133,0.222580
8.806000,0.642436,0.025076,0.222590
8.808000,0.642439,0.025018,0.222599
8.810000,0.642443,0.024961,0.222609
8.812000,0.642447,0.024904,0.222618
8.814000,0.642451,0.024847,0.222627
8.816000,0.642455,0.024790,0.222636
8.818000,0.642458,0.024733,0.222645
8.820000,0.642460,0.024704,0.222650
8.822000,0.642464,0.024648,0.222658
8.824000,0.642468,0.024591,0.222667
8.826000,0.642471,0.024535,0.222676
8.828000,0.642475,0.024478,0.222684
8.830000,0.642478,0.024422,0.222693
8.832000,0.642482,0.024366,0.222701
8.834000,0.642486,0.024310,0.222709
8.836000,0.642489,0.024254,0.222717
8.838000,0.642492,0.024198,0.222725
8.840000,0.642496,0.024143,0.222733
8.842000,0.642499,0.024087,0.222741
8.844000,0.642503,0.024032,0.222749
8.846000,0.642506,0.023977,0.222756
8.848000,0.642509,0.023921,0.222764
8.850000,0.642513,0.023866,0.222771
8.852000,0.642516,0.023811,0.222778
8.854000,0.642519,0.023757,0.222786
8.856000,0.642523,0.023702,0.222793
8.858000,0.642524,0.023675,0.222796
8.860000,0.642527,0.023620,0.222803
8.862000,0.642530,0.023566,0.222810
8.864000,0.642534,0.023512,0.222816
8.866000,0.642537,0.023458,0.222823
8.868000,0.642540,0.023404,0.222829
8.870000,0.642543,0.023350,0.222836
8.872000,0.642546,0.023296,0.222842
8.874000,0.642549,0.023243,0.222848
8.876000,0.642552,0.023190,0.222854
8.878000,0.642555,0.023136,0.222860
8.880000,0.642558,0.023083,0.222866
8.882000,0.642560,0.023030,0.222872
8.884000,0.642563,0.022977,0.222877
8.886000,0.642566,0.022925,0.222883
8.888000,0.642569,0.022872,0.222888
8.890000,0.642572,0.022820,0.222893
8.892000,0.642574,0.022767,0.222899
8.894000,0.642577,0.022715,0.222904
8.896000,0.642580,0.022663,0.222909
8.898000,0.642583,0.022611,0.222913
8.900000,0.642585,0.022559,0.222918
8.902000,0.642588,0.022508,0.222923
8.904000,0.642590,0.022456,0.222927
8.906000,0.642593,0.022405,0.222932
8.908000,0.642595,0.022354,0.222936
8.910000,0.642598,0.022303,0.222940
8.912000,0.642600,0.022252,0.222944
8.914000,0.642603,0.022201,0.222948
8.916000,0.642604,0.022176,0.222950
8.918000,0.642606,0.022125,0.222954
8.920000,0.642609,0.022075,0.222958
8.922000,0.642611,0.022025,0.222962
8.924000,0.642613,0.021975,0.222965
8.926000,0.642616,0.021925,0.222969
8.928000,0.642618,0.021875,0.222972
8.930000,0.642620,0.021825,0.222975
8.932000,0.642622,0.021776,0.222978
8.934000,0.642625,0.021727,0.222981
8.936000,0.642627,0.021677,0.222984
8.938000,0.642629,0.021628,0.222987
8.940000,0.642631,0.021580,0.222990
8.942000,0.642633,0.021531,0.222992
8.944000,0.642635,0.021482,0.222995
8.946000,0.642637,0.021434,0.222997
8.948000,0.642639,0.021386,0.222999
8.950000,0.642641,0.021337,0.223001
8.952000,0.642643,0.021290,0.223004
8.954000,0.642645,0.021242,0.223005
8.956000,0.642647,0.021194,0.223007
8.958000,0.642649,0.021147,0.223009
8.960000,0.642651,0.021099,0.223011
8.962000,0.642652,0.021076,0.223011
8.964000,0.642653,0.021029,0.223013
8.966000,0.642655,0.020982,0.223014
8.968000,0.642657,0.020935,0.223015
8.970000,0.642659,0.020888,0.223017
8.972000,0.642660,0.020842,0.223018
8.974000,0.642662,0.020796,0.223019
8.976000,0.642663,0.020750,0.223019
8.978000,0.642665,0.020704,0.223020
8.980000,0.642667,0.020658,0.223021
8.982000,0.642668,0.020612,0.223021
8.984000,0.642670,0.020567,0.223022
8.986000,0.642671,0.020521,0.223022
8.988000,0.642672,0.020499,0.223022
8.990000,0.642673,0.020454,0.223022
8.992000,0.642675,0.020409,0.223022
8.994000,0.642676,0.020364,0.223022
8.996000,0.642678,0.020320,0.223022
8.998000,0.642679,0.020275,0.223022
9.000000,0.642681,0.020231,0.223022
9.002000,0.642682,0.020187,0.223022
9.004000,0.642683,0.020143,0.223022
9.006000,0.642685,0.020099,0.223022
9.008000,0.642686,0.020056,0.223022
9.010000,0.642687,0.020013,0.223022
9.012000,0.642689,0.019969,0.223022
9.014000,0.642690,0.019926,0.223022
9.016000,0.642691,0.019884,0.223022
9.018000,0.642693,0.019841,0.223022
9.020000,0.642694,0.019799,0.223022
9.022000,0.642695,0.019756,0.223022
9.024000,0.642696,0.019735,0.223022
9.026000,0.642698,0.019672,0.223022
9.028000,0.642698,0.019652,0.223022
9.030000,0.642700,0.019589,0.223022
9.032000,0.642701,0.019568,0.223022
9.034000,0.642702,0.019527,0.223022
9.036000,0.642704,0.019486,0.223022
9.038000,0.642705,0.019445,0.223022
9.040000,0.642706,0.019404,0.223022
9.042000,0.642707,0.019364,0.223022
9.044000,0.642708,0.019324,0.223022
9.046000,0.642710,0.019283,0.223022
9.048000,0.642711,0.019243,0.223022
9.050000,0.642712,0.019204,0.223022
9.052000,0.642713,0.019164,0.223022
9.054000,0.642714,0.019125,0.223022
9.056000,0.642716,0.019085,0.223022
9.058000,0.642717,0.019046,0.223022
9.060000,0.642718,0.019007,0.223022
9.062000,0.642719,0.018969,0.223022
9.064000,0.642720,0.018930,0.223022
9.066000,0.642721,0.018892,0.223022
9.068000,0.642722,0.018854,0.223022
9.070000,0.642723,0.018816,0.223022
9.072000,0.642725,0.018778,0.223022
9.074000,0.642726,0.018741,0.223022
9.076000,0.642727,0.018703,0.223022
9.078000,0.642728,0.018666,0.223022
9.080000,0.642729,0.018629,0.223022
9.082000,0.642730,0.018592,0.223022
9.084000,0.642731,0.018574,0.223022
9.086000,0.642732,0.018537,0.223022
9.088000,0.642733,0.018501,0.223022
9.090000,0.642734,0.018465,0.223022
9.092000,0.642735,0.018429,0.223022
9.094000,0.642736,0.018393,0.223022
9.096000,0.642736,0.018375,0.223022
9.098000,0.642738,0.018322,0.223022
9.100000,0.642739,0.018287,0.223022
9.102000,0.642740,0.018252,0.223022
9.104000,0.642741,0.018217,0.223022
9.106000,0.642742,0.018183,0.223022
9.108000,0.642743,0.018148,0.223022
9.110000,0.642744,0.018114,0.223022
9.112000,0.642745,0.018080,0.223022
9.114000,0.642746,0.018046,0.223022
9.116000,0.642747,0.018013,0.223022
9.118000,0.642747,0.017979,0.223022
9.120000,0.642748,0.017946,0.223022
9.122000,0.642749,0.017913,0.223022
9.124000,0.642750,0.017880,0.223022
9.126000,0.642751,0.017864,0.223022
9.128000,0.642752,0.017831,0.223022
9.130000,0.642753,0.017783,0.223022
9.132000,0.642753,0.017767,0.223022
9.134000,0.642754,0.017735,0.223022
9.136000,0.642755,0.017703,0.223022
9.138000,0.642756,0.017671,0.223022
9.140000,0.642757,0.017640,0.223022
9.142000,0.642758,0.017609,0.223022
9.144000,0.642759,0.017578,0.223022
9.146000,0.642759,0.017547,0.223022
9.148000,0.642760,0.017516,0.223022
9.150000,0.642761,0.017486,0.223022
9.152000,0.642762,0.017456,0.223022
9.154000,0.642763,0.017426,0.223022
9.156000,0.642763,0.017396,0.223022
9.158000,0.642764,0.017366,0.223022
9.160000,0.642765,0.017337,0.223022
9.162000,0.642766,0.017308,0.223022
9.164000,0.642767,0.017279,0.223022
9.166000,0.642767,0.017250,0.223022
9.168000,0.642768,0.017221,0.223022
9.170000,0.642769,0.017193,0.223022
9.172000,0.642770,0.017165,0.223022
9.174000,0.642770,0.017137,0.223022
9.176000,0.642771,0.017109,0.223022
9.178000,0.642772,0.017081,0.223022
9.180000,0.642773,0.017054,0.223022
9.182000,0.642773,0.017027,0.223022
9.184000,0.642774,0.017000,0.223022
9.186000,0.642775,0.016973,0.223022
9.188000,0.642776,0.016946,0.223022
9.190000,0.642776,0.016933,0.223022
9.192000,0.642776,0.016920,0.223022
9.194000,0.642777,0.016894,0.223022
9.196000,0.642778,0.016868,0.223022
9.198000,0.642778,0.016855,0.223022
9.200000,0.642780,0.016791,0.223022
9.202000,0.642780,0.016766,0.223022
9.204000,0.642781,0.016753,0.223022
9.206000,0.642781,0.016728,0.223022
9.208000,0.642782,0.016704,0.223022
9.210000,0.642782,0.016679,0.223022
9.212000,0.642783,0.016655,0.223022
9.214000,0.642784,0.016631,0.223022
9.216000,0.642784,0.016607,0.223022
9.218000,0.642785,0.016583,0.223022
9.220000,0.642786,0.016560,0.223022
9.222000,0.642786,0.016537,0.223022
9.224000,0.642787,0.016513,0.223022
9.226000,0.642787,0.016491,0.223022
9.228000,0.642788,0.016468,0.223022
9.230000,0.642789,0.016446,0.223022
9.232000,0.642789,0.016423,0.223022
9.234000,0.642790,0.016401,0.223022
9.236000,0.642790,0.016379,0.223022
9.238000,0.642791,0.016358,0.223022
9.240000,0.642791,0.016336,0.223022
9.242000,0.642792,0.016315,0.223022
9.244000,0.642792,0.016294,0.223022
9.246000,0.642793,0.016273,0.223022
9.248000,0.642793,0.016263,0.223022
9.250000,0.642794,0.016242,0.223022
9.252000,0.642794,0.016222,0.223022
9.254000,0.642795,0.016202,0.223022
9.256000,0.642795,0.016182,0.223022
9.258000,0.642796,0.016162,0.223022
9.260000,0.642796,0.016143,0.223022
9.262000,0.642797,0.016123,0.223022
9.264000,0.642797,0.016104,0.223022
9.266000,0.642798,0.016086,0.223022
9.268000,0.642798,0.016067,0.223022
9.270000,0.642799,0.016048,0.223022
9.272000,0.642799,0.016030,0.223022
9.274000,0.642799,0.016012,0.223022
9.276000,0.642800,0.015994,0.223022
9.278000,0.642800,0.015976,0.223022
9.280000,0.642801,0.015959,0.223022
9.282000,0.642801,0.015942,0.223022
9.284000,0.642802,0.015925,0.223022
9.286000,0.642802,0.015908,0.223022
9.288000,0.642802,0.015891,0.223022
9.290000,0.642803,0.015875,0.223022
9.292000,0.642803,0.015858,0.223022
9.294000,0.642804,0.015842,0.223022
9.296000,0.642804,0.015827,0.223022
9.298000,0.642804,0.015811,0.223022
9.300000,0.642805,0.015795,0.223022
9.302000,0.642805,0.015780,0.223022
9.304000,0.642806,0.015765,0.223022
9.306000,0.642806,0.015750,0.223022
9.308000,0.642806,0.015736,0.223022
9.310000,0.642807,0.015721,0.223022
9.312000,0.642807,0.015707,0.223022
9.314000,0.642807,0.015693,0.223022
9.316000,0.642808,0.015679,0.223022
9.318000,0.642808,0.015666,0.223022
9.320000,0.642808,0.015652,0.223022
9.322000,0.642809,0.015639,0.223022
9.324000,0.642809,0.015626,0.223022
9.326000,0.642809,0.015613,0.223022
9.328000,0.642810,0.015601,0.223022
9.330000,0.642810,0.015588,0.223022
9.332000,0.642810,0.015576,0.223022
9.334000,0.642810,0.015564,0.223022
9.336000,0.642811,0.015552,0.223022
9.338000,0.642811,0.015541,0.223022
9.340000,0.642811,0.015529,0.223022
9.342000,0.642812,0.015518,0.223022
9.344000,0.642812,0.015507,0.223022
9.346000,0.642812,0.015496,0.223022
9.348000,0.642812,0.015491,0.223022
9.350000,0.642812,0.015481,0.223022
9.352000,0.642813,0.015470,0.223022
9.354000,0.642813,0.015460,0.223022
9.356000,0.642813,0.015450,0.223022
9.358000,0.642813,0.015441,0.223022
9.360000,0.642814,0.015431,0.223022
9.362000,0.642814,0.015422,0.223022
9.364000,0.642814,0.015413,0.223022
9.366000,0.642814,0.015404,0.223022
9.368000,0.642815,0.015395,0.223022
9.370000,0.642815,0.015387,0.223022
9.372000,0.642815,0.015378,0.223022
9.374000,0.642815,0.015370,0.223022
9.376000,0.642815,0.015363,0.223022
9.378000,0.642815,0.015355,0.223022
9.380000,0.642816,0.015347,0.223022
9.382000,0.642816,0.015340,0.223022
9.384000,0.642816,0.015333,0.223022
9.386000,0.642816,0.015326,0.223022
9.388000,0.642816,0.015319,0.223022
9.390000,0.642816,0.015313,0.223022
9.392000,0.642817,0.015307,0.223022
9.394000,0.642817,0.015303,0.223022
9.396000,0.642817,0.015297,0.223022
9.398000,0.642817,0.015292,0.223022
9.400000,0.642817,0.015286,0.223022
9.402000,0.642817,0.015281,0.223022
9.404000,0.642817,0.015275,0.223022
9.406000,0.642818,0.015270,0.223022
9.408000,0.642818,0.015266,0.223022
9.410000,0.642818,0.015261,0.223022
9.412000,0.642818,0.015257,0.223022
9.414000,0.642818,0.015252,0.223022
9.416000,0.642818,0.015248,0.223022
9.418000,0.642818,0.015244,0.223022
9.420000,0.642818,0.015241,0.223022
9.422000,0.642818,0.015237,0.223022
9.424000,0.642818,0.015234,0.223022
9.426000,0.642818,0.015231,0.223022
9.428000,0.642819,0.015228,0.223022
9.430000,0.642819,0.015225,0.223022
9.432000,0.642819,0.015223,0.223022
9.434000,0.642819,0.015221,0.223022
9.436000,0.642819,0.015218,0.223022
9.438000,0.642819,0.015217,0.223022
9.440000,0.642819,0.015215,0.223022
9.442000,0.642819,0.015213,0.223022
9.444000,0.642819,0.015212,0.223022
9.446000,0.642819,0.015211,0.223022
9.448000,0.642819,0.015210,0.223022
9.450000,0.642819,0.015209,0.223022
9.452000,0.642819,0.015208,0.223022
9.454000,0.642819,0.015208,0.223022
9.456000,0.642819,0.015208,0.223022
9.458000,0.642819,0.015208,0.223022
9.460000,0.642819,0.015208,0.223022
9.462000,0.642819,0.015208,0.223022
9.464000,0.642819,0.015208,0.223022
9.466000,0.642819,0.015208,0.223022
9.468000,0.642819,0.015208,0.223022
9.470000,0.642819,0.015208,0.223022
9.472000,0.642819,0.015208,0.223022
9.474000,0.642819,0.015208,0.223022
9.476000,0.642819,0.015208,0.223022
9.478000,0.642819,0.015208,0.223022
9.480000,0.642819,0.015208,0.223022
9.482000,0.642819,0.015208,0.223022
9.484000,0.642819,0.015208,0.223022
9.486000,0.642819,0.015208,0.223022
9.488000,0.642819,0.015208,0.223022
9.490000,0.642819,0.015208,0.223022
9.492000,0.642819,0.015208,0.223022
9.494000,0.642819,0.015208,0.223022
9.496000,0.642819,0.015208,0.223022
9.498000,0.642819,0.015208,0.223022
9.500000,0.642819,0.015208,0.223022
9.502000,0.642819,0.015208,0.223022
9.504000,0.642819,0.015208,0.223022
9.506000,0.642819,0.015208,0.223022
9.508000,0.642819,0.015208,0.223022
9.510000,0.642819,0.015208,0.223022
9.512000,0.642819,0.015208,0.223022
9.514000,0.642819,0.015208,0.223022
9.516000,0.642819,0.015208,0.223022
9.518000,0.642819,0.015208,0.223022
9.520000,0.642819,0.015208,0.223022
9.522000,0.642819,0.015208,0.223022
9.524000,0.642819,0.015208,0.223022
9.526000,0.642819,0.015208,0.223022
9.528000,0.642819,0.015208,0.223022
9.530000,0.642819,0.015208,0.223022
9.532000,0.642819,0.015208,0.223022
9.534000,0.642819,0.015208,0.223022
9.536000,0.642819,0.015208,0.223022
9.538000,0.642819,0.015208,0.223022
9.540000,0.642819,0.015208,0.223022
9.542000,0.642819,0.015208,0.223022
9.544000,0.642819,0.015208,0.223022
9.546000,0.642819,0.015208,0.223022
9.548000,0.642819,0.015208,0.223022
9.550000,0.642819,0.015208,0.223022
9.552000,0.642819,0.015208,0.223022
9.554000,0.642819,0.015208,0.223022
9.556000,0.642819,0.015208,0.223022
9.558000,0.642819,0.015208,0.223022
9.560000,0.642819,0.015208,0.223022
9.562000,0.642819,0.015208,0.223022
9.564000,0.642819,0.015208,0.223022
9.566000,0.642819,0.015208,0.223022
9.568000,0.642819,0.015208,0.223022
9.570000,0.642819,0.015208,0.223022
9.572000,0.642819,0.015208,0.223022
9.574000,0.642819,0.015208,0.223022
9.576000,0.642819,0.015208,0.223022
9.578000,0.642819,0.015208,0.223022
9.580000,0.642819,0.015208,0.223022
9.582000,0.642819,0.015208,0.223022
9.584000,0.642819,0.015208,0.223022
9.586000,0.642819,0.015208,0.223022
9.588000,0.642819,0.015208,0.223022
9.590000,0.642819,0.015208,0.223022
9.592000,0.642819,0.015208,0.223022
9.594000,0.642819,0.015208,0.223022
9.596000,0.642819,0.015208,0.223022
9.598000,0.642819,0.015208,0.223022
9.600000,0.642819,0.015208,0.223022
9.602000,0.642819,0.015208,0.223022
9.604000,0.642819,0.015208,0.223022
9.606000,0.642819,0.015208,0.223022
9.608000,0.642819,0.015208,0.223022
9.610000,0.642819,0.015208,0.223022
9.612000,0.642819,0.015208,0.223022
9.614000,0.642819,0.015208,0.223022
9.616000,0.642819,0.015208,0.223022
9.618000,0.642819,0.015208,0.223022
9.620000,0.642819,0.015208,0.223022
9.622000,0.642819,0.015208,0.223022
9.624000,0.642819,0.015208,0.223022
9.626000,0.642819,0.015208,0.223022
9.628000,0.642819,0.015208,0.223022
9.630000,0.642819,0.015208,0.223022
9.632000,0.642819,0.015208,0.223022
9.634000,0.642819,0.015208,0.223022
9.636000,0.642819,0.015208,0.223022
9.638000,0.642819,0.015208,0.223022
9.640000,0.642819,0.015208,0.223022
9.642000,0.642819,0.015208,0.223022
9.644000,0.642819,0.015208,0.223022
9.646000,0.642819,0.015208,0.223022
9.648000,0.642819,0.015208,0.223022
9.650000,0.642819,0.015208,0.223022
9.652000,0.642819,0.015208,0.223022
9.654000,0.642819,0.015208,0.223022
9.656000,0.642819,0.015208,0.223022
9.658000,0.642819,0.015208,0.223022
9.660000,0.642819,0.015208,0.223022
9.662000,0.642819,0.015208,0.223022
9.664000,0.642819,0.015208,0.223022
9.666000,0.642819,0.015208,0.223022
9.668000,0.642819,0.015208,0.223022
9.670000,0.642819,0.015208,0.223022
9.672000,0.642819,0.015208,0.223022
9.674000,0.642819,0.015208,0.223022
9.676000,0.642819,0.015208,0.223022
9.678000,0.642819,0.015208,0.223022
9.680000,0.642819,0.015208,0.223022
9.682000,0.642819,0.015208,0.223022
9.684000,0.642819,0.015208,0.223022
9.686000,0.642819,0.015208,0.223022
9.688000,0.642819,0.015208,0.223022
9.690000,0.642819,0.015208,0.223022
9.692000,0.642819,0.015208,0.223022
9.694000,0.642819,0.015208,0.223022
9.696000,0.642819,0.015208,0.223022
9.698000,0.642819,0.015208,0.223022
9.700000,0.642819,0.015208,0.223022
9.702000,0.642819,0.015208,0.223022
9.704000,0.642819,0.015208,0.223022
9.706000,0.642819,0.015208,0.223022
9.708000,0.642819,0.015208,0.223022
9.710000,0.642819,0.015208,0.223022
9.712000,0.642819,0.015208,0.223022
9.714000,0.642819,0.015208,0.223022
9.716000,0.642819,0.015208,0.223022
9.718000,0.642819,0.015208,0.223022
9.720000,0.642819,0.015208,0.223022
9.722000,0.642819,0.015208,0.223022
9.724000,0.642819,0.015208,0.223022
9.726000,0.642819,0.015208,0.223022
9.728000,0.642819,0.015208,0.223022
9.730000,0.642819,0.015208,0.223022
9.732000,0.642819,0.015208,0.223022
9.734000,0.642819,0.015208,0.223022
9.736000,0.642819,0.015208,0.223022
9.738000,0.642819,0.015208,0.223022
9.740000,0.642819,0.015208,0.223022
9.742000,0.642819,0.015208,0.223022
9.744000,0.642819,0.015208,0.223022
9.746000,0.642819,0.015208,0.223022
9.748000,0.642819,0.015208,0.223022
9.750000,0.642819,0.015208,0.223022
9.752000,0.642819,0.015208,0.223022
9.754000,0.642819,0.015208,0.223022
9.756000,0.642819,0.015208,0.223022
9.758000,0.642819,0.015208,0.223022
9.760000,0.642819,0.015208,0.223022
9.762000,0.642819,0.015208,0.223022
9.764000,0.642819,0.015208,0.223022
9.766000,0.642819,0.015208,0.223022
9.768000,0.642819,0.015208,0.223022
9.770000,0.642819,0.015208,0.223022
9.772000,0.642819,0.015208,0.223022
9.774000,0.642819,0.015208,0.223022
9.776000,0.642819,0.015208,0.223022
9.778000,0.642819,0.015208,0.223022
9.780000,0.642819,0.015208,0.223022
9.782000,0.642819,0.015208,0.223022
9.784000,0.642819,0.015208,0.223022
9.786000,0.642819,0.015208,0.223022
9.788000,0.642819,0.015208,0.223022
9.790000,0.642819,0.015208,0.223022
9.792000,0.642819,0.015208,0.223022
9.794000,0.642819,0.015208,0.223022
9.796000,0.642819,0.015208,0.223022
9.798000,0.642819,0.015208,0.223022
9.800000,0.642819,0.015208,0.223022
9.802000,0.642819,0.015208,0.223022
9.804000,0.642819,0.015208,0.223022
9.806000,0.642819,0.015208,0.223022
9.808000,0.642819,0.015208,0.223022
9.810000,0.642819,0.015208,0.223022
9.812000,0.642819,0.015208,0.223022
9.814000,0.642819,0.015208,0.223022
9.816000,0.642819,0.015208,0.223022
9.818000,0.642819,0.015208,0.223022
9.820000,0.642819,0.015208,0.223022
9.822000,0.642819,0.015208,0.223022
9.824000,0.642819,0.015208,0.223022
9.826000,0.642819,0.015208,0.223022
9.828000,0.642819,0.015208,0.223022
9.830000,0.642819,0.015208,0.223022
9.832000,0.642819,0.015208,0.223022
9.834000,0.642819,0.015208,0.223022
9.836000,0.642819,0.015208,0.223022
9.838000,0.642819,0.015208,0.223022
9.840000,0.642819,0.015208,0.223022
9.842000,0.642819,0.015208,0.223022
9.844000,0.642819,0.015208,0.223022
9.846000,0.642819,0.015208,0.223022
9.848000,0.642819,0.015208,0.223022
9.850000,0.642819,0.015208,0.223022
9.852000,0.642819,0.015208,0.223022
9.854000,0.642819,0.015208,0.223022
9.856000,0.642819,0.015208,0.223022
9.858000,0.642819,0.015208,0.223022
9.860000,0.642819,0.015208,0.223022
9.862000,0.642819,0.015208,0.223022
9.864000,0.642819,0.015208,0.223022
9.866000,0.642819,0.015208,0.223022
9.868000,0.642819,0.015208,0.223022
9.870000,0.642819,0.015208,0.223022
9.872000,0.642819,0.015208,0.223022
9.874000,0.642819,0.015208,0.223022
9.876000,0.642819,0.015208,0.223022
9.878000,0.642819,0.015208,0.223022
9.880000,0.642819,0.015208,0.223022
9.882000,0.642819,0.015208,0.223022
9.884000,0.642819,0.015208,0.223022
9.886000,0.642819,0.015208,0.223022
9.888000,0.642819,0.015208,0.223022
9.890000,0.642819,0.015208,0.223022
9.892000,0.642819,0.015208,0.223022
9.894000,0.642819,0.015208,0.223022
9.896000,0.642819,0.015208,0.223022
9.898000,0.642819,0.015208,0.223022
9.900000,0.642819,0.015208,0.223022
9.902000,0.642819,0.015208,0.223022
9.904000,0.642819,0.015208,0.223022
9.906000,0.642819,0.015208,0.223022
9.908000,0.642819,0.015208,0.223022
9.910000,0.642819,0.015208,0.223022
9.912000,0.642819,0.015208,0.223022
9.914000,0.642819,0.015208,0.223022
9.916000,0.642819,0.015208,0.223022
9.918000,0.642819,0.015208,0.223022
9.920000,0.642819,0.015208,0.223022
9.922000,0.642819,0.015208,0.223022
9.924000,0.642819,0.015208,0.223022
9.926000,0.642819,0.015208,0.223022
9.928000,0.642819,0.015208,0.223022
9.930000,0.642819,0.015208,0.223022
9.932000,0.642819,0.015208,0.223022
9.934000,0.642819,0.015208,0.223022
9.936000,0.642819,0.015208,0.223022
9.938000,0.642819,0.015208,0.223022
9.940000,0.642819,0.015208,0.223022
9.942000,0.642819,0.015208,0.223022
9.944000,0.642819,0.015208,0.223022
9.946000,0.642819,0.015208,0.223022
9.948000,0.642819,0.015208,0.223022
9.950000,0.642819,0.015208,0.223022
9.952000,0.642819,0.015208,0.223022
9.954000,0.642819,0.015208,0.223022
9.956000,0.642819,0.015208,0.223022
9.958000,0.642819,0.015208,0.223022
9.960000,0.642819,0.015208,0.223022
9.962000,0.642819,0.015208,0.223022
9.964000,0.642819,0.015208,0.223022
9.966000,0.642819,0.015208,0.223022
9.968000,0.642819,0.015208,0.223022
9.970000,0.642819,0.015208,0.223022
9.972000,0.642819,0.015208,0.223022
9.974000,0.642819,0.015208,0.223022
9.976000,0.642819,0.015208,0.223022
9.978000,0.642819,0.015208,0.223022
9.980000,0.642819,0.015208,0.223022
9.982000,0.642819,0.015208,0.223022
9.984000,0.642819,0.015208,0.223022
9.986000,0.642819,0.015208,0.223022
9.988000,0.642819,0.015208,0.223022
9.990000,0.642819,0.015208,0.223022
9.992000,0.642819,0.015208,0.223022
9.994000,0.642819,0.015208,0.223022
9.996000,0.642819,0.015208,0.223022
9.998000,0.642819,0.015208,0.223022
10.000000,0.642819,0.015208,0.223022
10.002000,0.642819,0.015208,0.223022
10.004000,0.642819,0.015208,0.223022
10.006000,0.642819,0.015208,0.223022
10.008000,0.642819,0.015208,0.223022
10.010000,0.642819,0.015208,0.223022
10.012000,0.642819,0.015208,0.223022
10.014000,0.642819,0.015208,0.223022
10.016000,0.642819,0.015208,0.223022
10.018000,0.642819,0.015208,0.223022
10.020000,0.642819,0.015208,0.223022
10.022000,0.642819,0.015208,0.223022
10.024000,0.642819,0.015208,0.223022
10.026000,0.642819,0.015208,0.223022
10.028000,0.642819,0.015208,0.223022
10.030000,0.642819,0.015208,0.223022
10.032000,0.642819,0.015208,0.223022
10.034000,0.642819,0.015208,0.223022
10.036000,0.642819,0.015208,0.223022
10.038000,0.642819,0.015208,0.223022
10.040000,0.642819,0.015208,0.223022
10.042000,0.642819,0.015208,0.223022
10.044000,0.642819,0.015208,0.223022
10.046000,0.642819,0.015208,0.223022
10.048000,0.642819,0.015208,0.223022
10.050000,0.642819,0.015208,0.223022
10.052000,0.642819,0.015208,0.223022
10.054000,0.642819,0.015208,0.223022
10.056000,0.642819,0.015208,0.223022
10.058000,0.642819,0.015208,0.223022
10.060000,0.642819,0.015208,0.223022
10.062000,0.642819,0.015208,0.223022
10.064000,0.642819,0.015208,0.223022
10.066000,0.642819,0.015208,0.223022
10.068000,0.642819,0.015208,0.223022
10.070000,0.642819,0.015208,0.223022
10.072000,0.642819,0.015208,0.223022
10.074000,0.642819,0.015208,0.223022
10.076000,0.642819,0.015208,0.223022
10.078000,0.642819,0.015208,0.223022
10.080000,0.642819,0.015208,0.223022
10.082000,0.642819,0.015208,0.223022
10.084000,0.642819,0.015208,0.223022
10.086000,0.642819,0.015208,0.223022
10.088000,0.642819,0.015208,0.223022
10.090000,0.642819,0.015208,0.223022
10.092000,0.642819,0.015208,0.223022
10.094000,0.642819,0.015208,0.223022
10.096000,0.642819,0.015208,0.223022
10.098000,0.642819,0.015208,0.223022
10.100000,0.642819,0.015208,0.223022
10.102000,0.642819,0.015208,0.223022
10.104000,0.642819,0.015208,0.223022
10.106000,0.642819,0.015208,0.223022
10.108000,0.642819,0.015208,0.223022
10.110000,0.642819,0.015208,0.223022
10.112000,0.642819,0.015208,0.223022
10.114000,0.642819,0.015208,0.223022
10.116000,0.642819,0.015208,0.223022
10.118000,0.642819,0.015208,0.223022
10.120000,0.642819,0.015208,0.223022
10.122000,0.642819,0.015208,0.223022
10.124000,0.642819,0.015208,0.223022
10.126000,0.642819,0.015208,0.223022
10.128000,0.642819,0.015208,0.223022
10.130000,0.642819,0.015208,0.223022
10.132000,0.642819,0.015208,0.223022
10.134000,0.642819,0.015208,0.223022
10.136000,0.642819,0.015208,0.223022
10.138000,0.642819,0.015208,0.223022
10.140000,0.642819,0.015208,0.223022
10.142000,0.642819,0.015208,0.223022
10.144000,0.642819,0.015208,0.223022
10.146000,0.642819,0.015208,0.223022
10.148000,0.642819,0.015208,0.223022
10.150000,0.642819,0.015208,0.223022
10.152000,0.642819,0.015208,0.223022
10.154000,0.642819,0.015208,0.223022
10.156000,0.642819,0.015208,0.223022
10.158000,0.642819,0.015208,0.223022
10.160000,0.642819,0.015208,0.223022
10.162000,0.642819,0.015208,0.223022
10.164000,0.642819,0.015208,0.223022
10.166000,0.642819,0.015208,0.223022
10.168000,0.642819,0.015208,0.223022
10.170000,0.642819,0.015208,0.223022
10.172000,0.642819,0.015208,0.223022
10.174000,0.642819,0.015208,0.223022
10.176000,0.642819,0.015208,0.223022
10.178000,0.642819,0.015208,0.223022
10.180000,0.642819,0.015208,0.223022
10.182000,0.642819,0.015208,0.223022
10.184000,0.642819,0.015208,0.223022
10.186000,0.642819,0.015208,0.223022
10.188000,0.642819,0.015208,0.223022
10.190000,0.642819,0.015208,0.223022
10.192000,0.642819,0.015208,0.223022
10.194000,0.642819,0.015208,0.223022
10.196000,0.642819,0.015208,0.223022
10.198000,0.642819,0.015208,0.223022
10.200000,0.642819,0.015208,0.223022
10.202000,0.642819,0.015208,0.223022
10.204000,0.642819,0.015208,0.223022
10.206000,0.642819,0.015208,0.223022
10.208000,0.642819,0.015208,0.223022
10.210000,0.642819,0.015208,0.223022
10.212000,0.642819,0.015208,0.223022
10.214000,0.642819,0.015208,0.223022
10.216000,0.642819,0.015208,0.223022
10.218000,0.642819,0.015208,0.223022
10.220000,0.642819,0.015208,0.223022
10.222000,0.642819,0.015208,0.223022
10.224000,0.642819,0.015208,0.223022
10.226000,0.642819,0.015208,0.223022
10.228000,0.642819,0.015208,0.223022
10.230000,0.642819,0.015208,0.223022
10.232000,0.642819,0.015208,0.223022
10.234000,0.642819,0.015208,0.223022
10.236000,0.642819,0.015208,0.223022
10.238000,0.642819,0.015208,0.223022
10.240000,0.642819,0.015208,0.223022
10.242000,0.642819,0.015208,0.223022
10.244000,0.642819,0.015208,0.223022
10.246000,0.642819,0.015208,0.223022
10.248000,0.642819,0.015208,0.223022
10.250000,0.642819,0.015208,0.223022
10.252000,0.642819,0.015208,0.223022
10.254000,0.642819,0.015208,0.223022
10.256000,0.642819,0.015208,0.223022
10.258000,0.642819,0.015208,0.223022
10.260000,0.642819,0.015208,0.223022
10.262000,0.642819,0.015208,0.223022
10.264000,0.642819,0.015208,0.223022
10.266000,0.642819,0.015208,0.223022
10.268000,0.642819,0.015208,0.223022
10.270000,0.642819,0.015208,0.223022
10.272000,0.642819,0.015208,0.223022
10.274000,0.642819,0.015208,0.223022
10.276000,0.642819,0.015208,0.223022
10.278000,0.642819,0.015208,0.223022
10.280000,0.642819,0.015208,0.223022
10.282000,0.642819,0.015208,0.223022
10.284000,0.642819,0.015208,0.223022
10.286000,0.642819,0.015208,0.223022
10.288000,0.642819,0.015208,0.223022
10.290000,0.642819,0.015208,0.223022
10.292000,0.642819,0.015208,0.223022
10.294000,0.642819,0.015208,0.223022
10.296000,0.642819,0.015208,0.223022
10.298000,0.642819,0.015208,0.223022
10.300000,0.642819,0.015208,0.223022
10.302000,0.642819,0.015208,0.223022
10.304000,0.642819,0.015208,0.223022
10.306000,0.642819,0.015208,0.223022
10.308000,0.642819,0.015208,0.223022
10.310000,0.642819,0.015208,0.223022
10.312000,0.642819,0.015208,0.223022
10.314000,0.642819,0.015208,0.223022
10.316000,0.642819,0.015208,0.223022
10.318000,0.642819,0.015208,0.223022
10.320000,0.642819,0.015208,0.223022
10.322000,0.642819,0.015208,0.223022
10.324000,0.642819,0.015208,0.223022
10.326000,0.642819,0.015208,0.223022
10.328000,0.642819,0.015208,0.223022
10.330000,0.642819,0.015208,0.223022
10.332000,0.642819,0.015208,0.223022
10.334000,0.642819,0.015208,0.223022
10.336000,0.642819,0.015208,0.223022
10.338000,0.642819,0.015208,0.223022
10.340000,0.642819,0.015208,0.223022
10.342000,0.642819,0.015208,0.223022
10.344000,0.642819,0.015208,0.223022
10.346000,0.642819,0.015208,0.223022
10.348000,0.642819,0.015208,0.223022
10.350000,0.642819,0.015208,0.223022
10.352000,0.642819,0.015208,0.223022
10.354000,0.642819,0.015208,0.223022
10.356000,0.642819,0.015208,0.223022
10.358000,0.642819,0.015208,0.223022
10.360000,0.642819,0.015208,0.223022
10.362000,0.642819,0.015208,0.223022
10.364000,0.642819,0.015208,0.223022
10.366000,0.642819,0.015208,0.223022
10.368000,0.642819,0.015208,0.223022
10.370000,0.642819,0.015208,0.223022
10.372000,0.642819,0.015208,0.223022
10.374000,0.642819,0.015208,0.223022
10.376000,0.642819,0.015208,0.223022
10.378000,0.642819,0.015208,0.223022
10.380000,0.642819,0.015208,0.223022
10.382000,0.642819,0.015208,0.223022
10.384000,0.642819,0.015208,0.223022
10.386000,0.642819,0.015208,0.223022
10.388000,0.642819,0.015208,0.223022
10.390000,0.642819,0.015208,0.223022
10.392000,0.642819,0.015208,0.223022
10.394000,0.642819,0.015208,0.223022
10.396000,0.642819,0.015208,0.223022
10.398000,0.642819,0.015208,0.223022
10.400000,0.642819,0.015208,0.223022
10.402000,0.642819,0.015208,0.223022
10.404000,0.642819,0.015208,0.223022
10.406000,0.642819,0.015208,0.223022
10.408000,0.642819,0.015208,0.223022
10.410000,0.642819,0.015208,0.223022
10.412000,0.642819,0.015208,0.223022
10.414000,0.642819,0.015208,0.223022
10.416000,0.642819,0.015208,0.223022
10.418000,0.642819,0.015208,0.223022
10.420000,0.642819,0.015208,0.223022
10.422000,0.642819,0.015208,0.223022
10.424000,0.642819,0.015208,0.223022
10.426000,0.642819,0.015208,0.223022
10.428000,0.642819,0.015208,0.223022
10.430000,0.642819,0.015208,0.223022
10.432000,0.642819,0.015208,0.223022
10.434000,0.642819,0.015208,0.223022
10.436000,0.642819,0.015208,0.223022
10.438000,0.642819,0.015208,0.223022
10.440000,0.642819,0.015208,0.223022
10.442000,0.642819,0.015208,0.223022
10.444000,0.642819,0.015208,0.223022
10.446000,0.642819,0.015208,0.223022
10.448000,0.642819,0.015208,0.223022
10.450000,0.642819,0.015208,0.223022
10.452000,0.642819,0.015208,0.223022
10.454000,0.642819,0.015208,0.223022
10.456000,0.642819,0.015208,0.223022
10.458000,0.642819,0.015208,0.223022
10.460000,0.642819,0.015208,0.223022
10.462000,0.642819,0.015208,0.223022
10.464000,0.642819,0.015208,0.223022
10.466000,0.642819,0.015208,0.223022
10.468000,0.642819,0.015208,0.223022
10.470000,0.642819,0.015208,0.223022
10.472000,0.642819,0.015208,0.223022
10.474000,0.642819,0.015208,0.223022
10.476000,0.642819,0.015208,0.223022
10.478000,0.642819,0.015208,0.223022
10.480000,0.642819,0.015208,0.223022
10.482000,0.642819,0.015208,0.223022
10.484000,0.642819,0.015208,0.223022
10.486000,0.642819,0.015208,0.223022
10.488000,0.642819,0.015208,0.223022
10.490000,0.642819,0.015208,0.223022
10.492000,0.642819,0.015208,0.223022
10.494000,0.642819,0.015208,0.223022
10.496000,0.642819,0.015208,0.223022
10.498000,0.642819,0.015208,0.223022
10.500000,0.642819,0.015208,0.223022
10.502000,0.642819,0.015208,0.223022
10.504000,0.642819,0.015208,0.223022
10.506000,0.642819,0.015208,0.223022
10.508000,0.642819,0.015208,0.223022
10.510000,0.642819,0.015208,0.223022
10.512000,0.642819,0.015208,0.223022
10.514000,0.642819,0.015208,0.223022
10.516000,0.642819,0.015208,0.223022
10.518000,0.642819,0.015208,0.223022
10.520000,0.642819,0.015208,0.223022
10.522000,0.642819,0.015208,0.223022
10.524000,0.642819,0.015208,0.223022
10.526000,0.642819,0.015208,0.223022
10.528000,0.642819,0.015208,0.223022
10.530000,0.642819,0.015208,0.223022
10.532000,0.642819,0.015208,0.223022
10.534000,0.642819,0.015208,0.223022
10.536000,0.642819,0.015208,0.223022
10.538000,0.642819,0.015208,0.223022
10.540000,0.642819,0.015208,0.223022
10.542000,0.642819,0.015208,0.223022
10.544000,0.642819,0.015208,0.223022
10.546000,0.642819,0.015208,0.223022
10.548000,0.642819,0.015208,0.223022
10.550000,0.642819,0.015208,0.223022
10.552000,0.642819,0.015208,0.223022
10.554000,0.642819,0.015208,0.223022
10.556000,0.642819,0.015208,0.223022
10.558000,0.642819,0.015208,0.223022
10.560000,0.642819,0.015208,0.223022
10.562000,0.642819,0.015208,0.223022
10.564000,0.642819,0.015208,0.223022
10.566000,0.642819,0.015208,0.223022
10.568000,0.642819,0.015208,0.223022
10.570000,0.642819,0.015208,0.223022
10.572000,0.642819,0.015208,0.223022
10.574000,0.642819,0.015208,0.223022
10.576000,0.642819,0.015208,0.223022
10.578000,0.642819,0.015208,0.223022
10.580000,0.642819,0.015208,0.223022
10.582000,0.642819,0.015208,0.223022
10.584000,0.642819,0.015208,0.223022
10.586000,0.642819,0.015208,0.223022
10.588000,0.642819,0.015208,0.223022
10.590000,0.642819,0.015208,0.223022
10.592000,0.642819,0.015208,0.223022
10.594000,0.642819,0.015208,0.223022
10.596000,0.642819,0.015208,0.223022
10.598000,0.642819,0.015208,0.223022
10.600000,0.642819,0.015208,0.223022
10.602000,0.642819,0.015208,0.223022
10.604000,0.642819,0.015208,0.223022
10.606000,0.642819,0.015208,0.223022
10.608000,0.642819,0.015208,0.223022
10.610000,0.642819,0.015208,0.223022
10.612000,0.642819,0.015208,0.223022
10.614000,0.642819,0.015208,0.223022
10.616000,0.642819,0.015208,0.223022
10.618000,0.642819,0.015208,0.223022
10.620000,0.642819,0.015208,0.223022
10.622000,0.642819,0.015208,0.223022
10.624000,0.642819,0.015208,0.223022
10.626000,0.642819,0.015208,0.223022
10.628000,0.642819,0.015208,0.223022
10.630000,0.642819,0.015208,0.223022
10.632000,0.642819,0.015208,0.223022
10.634000,0.642819,0.015208,0.223022
10.636000,0.642819,0.015208,0.223022
10.638000,0.642819,0.015208,0.223022
10.640000,0.642819,0.015208,0.223022
10.642000,0.642819,0.015208,0.223022
10.644000,0.642819,0.015208,0.223022
10.646000,0.642819,0.015208,0.223022
10.648000,0.642819,0.015208,0.223022
10.650000,0.642819,0.015208,0.223022
10.652000,0.642819,0.015208,0.223022
10.654000,0.642819,0.015208,0.223022
10.656000,0.642819,0.015208,0.223022
10.658000,0.642819,0.015208,0.223022
10.660000,0.642819,0.015208,0.223022
10.662000,0.642819,0.015208,0.223022
10.664000,0.642819,0.015208,0.223022
10.666000,0.642819,0.015208,0.223022
10.668000,0.642819,0.015208,0.223022
10.670000,0.642819,0.015208,0.223022
10.672000,0.642819,0.015208,0.223022
10.674000,0.642819,0.015208,0.223022
10.676000,0.642819,0.015208,0.223022
10.678000,0.642819,0.015208,0.223022
10.680000,0.642819,0.015208,0.223022
10.682000,0.642819,0.015208,0.223022
10.684000,0.642819,0.015208,0.223022
10.686000,0.642819,0.015208,0.223022
10.688000,0.642819,0.015208,0.223022
10.690000,0.642819,0.015208,0.223022
10.692000,0.642819,0.015208,0.223022
10.694000,0.642819,0.015208,0.223022
10.696000,0.642819,0.015208,0.223022
10.698000,0.642819,0.015208,0.223022
10.700000,0.642819,0.015208,0.223022
10.702000,0.642819,0.015208,0.223022
10.704000,0.642819,0.015208,0.223022
10.706000,0.642819,0.015208,0.223022
10.708000,0.642819,0.015208,0.223022
10.710000,0.642819,0.015208,0.223022
10.712000,0.642819,0.015208,0.223022
10.714000,0.642819,0.015208,0.223022
10.716000,0.642819,0.015208,0.223022
10.718000,0.642819,0.015208,0.223022
10.720000,0.642819,0.015208,0.223022
10.722000,0.642819,0.015208,0.223022
10.724000,0.642819,0.015208,0.223022
10.726000,0.642819,0.015208,0.223022
10.728000,0.642819,0.015208,0.223022
10.730000,0.642819,0.015208,0.223022
10.732000,0.642819,0.015208,0.223022
10.734000,0.642819,0.015208,0.223022
10.736000,0.642819,0.015208,0.223022
10.738000,0.642819,0.015208,0.223022
10.740000,0.642819,0.015208,0.223022
10.742000,0.642819,0.015208,0.223022
10.744000,0.642819,0.015208,0.223022
10.746000,0.642819,0.015208,0.223022
10.748000,0.642819,0.015208,0.223022
10.750000,0.642819,0.015208,0.223022
10.752000,0.642819,0.015208,0.223022
10.754000,0.642819,0.015208,0.223022
10.756000,0.642819,0.015208,0.223022
10.758000,0.642819,0.015208,0.223022
10.760000,0.642819,0.015208,0.223022
10.762000,0.642819,0.015208,0.223022
10.764000,0.642819,0.015208,0.223022
10.766000,0.642819,0.015208,0.223022
10.768000,0.642819,0.015208,0.223022
10.770000,0.642819,0.015208,0.223022
10.772000,0.642819,0.015208,0.223022
10.774000,0.642819,0.015208,0.223022
10.776000,0.642819,0.015208,0.223022
10.778000,0.642819,0.015208,0.223022
10.780000,0.642819,0.015208,0.223022
10.782000,0.642819,0.015208,0.223022
10.784000,0.642819,0.015208,0.223022
10.786000,0.642819,0.015208,0.223022
10.788000,0.642819,0.015208,0.223022
10.790000,0.642819,0.015208,0.223022
10.792000,0.642819,0.015208,0.223022
10.794000,0.642819,0.015208,0.223022
10.796000,0.642819,0.015208,0.223022
10.798000,0.642819,0.015208,0.223022
10.800000,0.642819,0.015208,0.223022
10.802000,0.642819,0.015208,0.223022
10.804000,0.642819,0.015208,0.223022
10.806000,0.642819,0.015208,0.223022
10.808000,0.642819,0.015208,0.223022
10.810000,0.642819,0.015208,0.223022
10.812000,0.642819,0.015208,0.223022
10.814000,0.642819,0.015208,0.223022
10.816000,0.642819,0.015208,0.223022
10.818000,0.642819,0.015208,0.223022
10.820000,0.642819,0.015208,0.223022
10.822000,0.642819,0.015208,0.223022
10.824000,0.642819,0.015208,0.223022
10.826000,0.642819,0.015208,0.223022
10.828000,0.642819,0.015208,0.223022
10.830000,0.642819,0.015208,0.223022
10.832000,0.642819,0.015208,0.223022
10.834000,0.642819,0.015208,0.223022
10.836000,0.642819,0.015208,0.223022
10.838000,0.642819,0.015208,0.223022
10.840000,0.642819,0.015208,0.223022
10.842000,0.642819,0.015208,0.223022
10.844000,0.642819,0.015208,0.223022
10.846000,0.642819,0.015208,0.223022
10.848000,0.642819,0.015208,0.223022
10.850000,0.642819,0.015208,0.223022
10.852000,0.642819,0.015208,0.223022
10.854000,0.642819,0.015208,0.223022
10.856000,0.642819,0.015208,0.223022
10.858000,0.642819,0.015208,0.223022
10.860000,0.642819,0.015208,0.223022
10.862000,0.642819,0.015208,0.223022
10.864000,0.642819,0.015208,0.223022
10.866000,0.642819,0.015208,0.223022
10.868000,0.642819,0.015208,0.223022
10.870000,0.642819,0.015208,0.223022
10.872000,0.642819,0.015208,0.223022
10.874000,0.642819,0.015208,0.223022
10.876000,0.642819,0.015208,0.223022
10.878000,0.642819,0.015208,0.223022
10.880000,0.642819,0.015208,0.223022
10.882000,0.642819,0.015208,0.223022
10.884000,0.642819,0.015208,0.223022
10.886000,0.642819,0.015208,0.223022
10.888000,0.642819,0.015208,0.223022
10.890000,0.642819,0.015208,0.223022
10.892000,0.642819,0.015208,0.223022
10.894000,0.642819,0.015208,0.223022
10.896000,0.642819,0.015208,0.223022
10.898000,0.642819,0.015208,0.223022
10.900000,0.642819,0.015208,0.223022
10.902000,0.642819,0.015208,0.223022
10.904000,0.642819,0.015208,0.223022
10.906000,0.642819,0.015208,0.223022
10.908000,0.642819,0.015208,0.223022
10.910000,0.642819,0.015208,0.223022
10.912000,0.642819,0.015208,0.223022
10.914000,0.642819,0.015208,0.223022
10.916000,0.642819,0.015208,0.223022
10.918000,0.642819,0.015208,0.223022
10.920000,0.642819,0.015208,0.223022
10.922000,0.642819,0.015208,0.223022
10.924000,0.642819,0.015208,0.223022
10.926000,0.642819,0.015208,0.223022
10.928000,0.642819,0.015208,0.223022
10.930000,0.642819,0.015208,0.223022
10.932000,0.642819,0.015208,0.223022
10.934000,0.642819,0.015208,0.223022
10.936000,0.642819,0.015208,0.223022
10.938000,0.642819,0.015208,0.223022
10.940000,0.642819,0.015208,0.223022
10.942000,0.642819,0.015208,0.223022
10.944000,0.642819,0.015208,0.223022
10.946000,0.642819,0.015208,0.223022
10.948000,0.642819,0.015208,0.223022
10.950000,0.642819,0.015208,0.223022
10.952000,0.642819,0.015208,0.223022
10.954000,0.642819,0.015208,0.223022
10.956000,0.642819,0.015208,0.223022
10.958000,0.642819,0.015208,0.223022
10.960000,0.642819,0.015208,0.223022
10.962000,0.642819,0.015208,0.223022
10.964000,0.642819,0.015208,0.223022
10.966000,0.642819,0.015208,0.223022
10.968000,0.642819,0.015208,0.223022
10.970000,0.642819,0.015208,0.223022
10.972000,0.642819,0.015208,0.223022
10.974000,0.642819,0.015208,0.223022
10.976000,0.642819,0.015208,0.223022
10.978000,0.642819,0.015208,0.223022
10.980000,0.642819,0.015208,0.223022
10.982000,0.642819,0.015208,0.223022
10.984000,0.642819,0.015208,0.223022
10.986000,0.642819,0.015208,0.223022
10.988000,0.642819,0.015208,0.223022
10.990000,0.642819,0.015208,0.223022
10.992000,0.642819,0.015208,0.223022
10.994000,0.642819,0.015208,0.223022
10.996000,0.642819,0.015208,0.223022
10.998000,0.642819,0.015208,0.223022
11.000000,0.642819,0.015208,0.223022
11.002000,0.642819,0.015208,0.223022
11.004000,0.642819,0.015208,0.223022
11.006000,0.642819,0.015208,0.223022
11.008000,0.642819,0.015208,0.223022
11.010000,0.642819,0.015208,0.223022
11.012000,0.642819,0.015208,0.223022
11.014000,0.642819,0.015208,0.223022
11.016000,0.642819,0.015208,0.223022
11.018000,0.642819,0.015208,0.223022
11.020000,0.642819,0.015208,0.223022
11.022000,0.642819,0.015208,0.223022
11.024000,0.642819,0.015208,0.223022
11.026000,0.642819,0.015208,0.223022
11.028000,0.642819,0.015208,0.223022
11.030000,0.642819,0.015208,0.223022
11.032000,0.642819,0.015208,0.223022
11.034000,0.642819,0.015208,0.223022
11.036000,0.642819,0.015208,0.223022
11.038000,0.642819,0.015208,0.223022
11.040000,0.642819,0.015208,0.223022
11.042000,0.642819,0.015208,0.223022
11.044000,0.642819,0.015208,0.223022
11.046000,0.642819,0.015208,0.223022
11.048000,0.642819,0.015208,0.223022
11.050000,0.642819,0.015208,0.223022
11.052000,0.642819,0.015208,0.223022
11.054000,0.642819,0.015208,0.223022
11.056000,0.642819,0.015208,0.223022
11.058000,0.642819,0.015208,0.223022
11.060000,0.642819,0.015208,0.223022
11.062000,0.642819,0.015208,0.223022
11.064000,0.642819,0.015208,0.223022
11.066000,0.642819,0.015208,0.223022
11.068000,0.642819,0.015208,0.223022
11.070000,0.642819,0.015208,0.223022
11.072000,0.642819,0.015208,0.223022
11.074000,0.642819,0.015208,0.223022
11.076000,0.642819,0.015208,0.223022
11.078000,0.642819,0.015208,0.223022
11.080000,0.642819,0.015208,0.223022
11.082000,0.642819,0.015208,0.223022
11.084000,0.642819,0.015208,0.223022
11.086000,0.642819,0.015208,0.223022
11.088000,0.642819,0.015208,0.223022
11.090000,0.642819,0.015208,0.223022
11.092000,0.642819,0.015208,0.223022
11.094000,0.642819,0.015208,0.223022
11.096000,0.642819,0.015208,0.223022
11.098000,0.642819,0.015208,0.223022
11.100000,0.642819,0.015208,0.223022
11.102000,0.642819,0.015208,0.223022
11.104000,0.642819,0.015208,0.223022
11.106000,0.642819,0.015208,0.223022
11.108000,0.642819,0.015208,0.223022
11.110000,0.642819,0.015208,0.223022
11.112000,0.642819,0.015208,0.223022
11.114000,0.642819,0.015208,0.223022
11.116000,0.642819,0.015208,0.223022
11.118000,0.642819,0.015208,0.223022
11.120000,0.642819,0.015208,0.223022
11.122000,0.642819,0.015208,0.223022
11.124000,0.642819,0.015208,0.223022
11.126000,0.642819,0.015208,0.223022
11.128000,0.642819,0.015208,0.223022
11.130000,0.642819,0.015208,0.223022
11.132000,0.642819,0.015208,0.223022
11.134000,0.642819,0.015208,0.223022
11.136000,0.642819,0.015208,0.223022
11.138000,0.642819,0.015208,0.223022
11.140000,0.642819,0.015208,0.223022
11.142000,0.642819,0.015208,0.223022
11.144000,0.642819,0.015208,0.223022
11.146000,0.642819,0.015208,0.223022
11.148000,0.642819,0.015208,0.223022
11.150000,0.642819,0.015208,0.223022
11.152000,0.642819,0.015208,0.223022
11.154000,0.642819,0.015208,0.223022
11.156000,0.642819,0.015208,0.223022
11.158000,0.642819,0.015208,0.223022
11.160000,0.642819,0.015208,0.223022
11.162000,0.642819,0.015208,0.223022
11.164000,0.642819,0.015208,0.223022
11.166000,0.642819,0.015208,0.223022
11.168000,0.642819,0.015208,0.223022
11.170000,0.642819,0.015208,0.223022
11.172000,0.642819,0.015208,0.223022
11.174000,0.642819,0.015208,0.223022
11.176000,0.642819,0.015208,0.223022
11.178000,0.642819,0.015208,0.223022
11.180000,0.642819,0.015208,0.223022
11.182000,0.642819,0.015208,0.223022
11.184000,0.642819,0.015208,0.223022
11.186000,0.642819,0.015208,0.223022
11.188000,0.642819,0.015208,0.223022
11.190000,0.642819,0.015208,0.223022
11.192000,0.642819,0.015208,0.223022
11.194000,0.642819,0.015208,0.223022
11.196000,0.642819,0.015208,0.223022
11.198000,0.642819,0.015208,0.223022
11.200000,0.642819,0.015208,0.223022
11.202000,0.642819,0.015208,0.223022
11.204000,0.642819,0.015208,0.223022
11.206000,0.642819,0.015208,0.223022
11.208000,0.642819,0.015208,0.223022
11.210000,0.642819,0.015208,0.223022
11.212000,0.642819,0.015208,0.223022
11.214000,0.642819,0.015208,0.223022
11.216000,0.642819,0.015208,0.223022
11.218000,0.642819,0.015208,0.223022
11.220000,0.642819,0.015208,0.223022
11.222000,0.642819,0.015208,0.223022
11.224000,0.642819,0.015208,0.223022
11.226000,0.642819,0.015208,0.223022
11.228000,0.642819,0.015208,0.223022
11.230000,0.642819,0.015208,0.223022
11.232000,0.642819,0.015208,0.223022
11.234000,0.642819,0.015208,0.223022
11.236000,0.642819,0.015208,0.223022
11.238000,0.642819,0.015208,0.223022
11.240000,0.642819,0.015208,0.223022
11.242000,0.642819,0.015208,0.223022
11.244000,0.642819,0.015208,0.223022
11.246000,0.642819,0.015208,0.223022
11.248000,0.642819,0.015208,0.223022
11.250000,0.642819,0.015208,0.223022
11.252000,0.642819,0.015208,0.223022
11.254000,0.642819,0.015208,0.223022
11.256000,0.642819,0.015208,0.223022
11.258000,0.642819,0.015208,0.223022
11.260000,0.642819,0.015208,0.223022
11.262000,0.642819,0.015208,0.223022
11.264000,0.642819,0.015208,0.223022
11.266000,0.642819,0.015208,0.223022
11.268000,0.642819,0.015208,0.223022
11.270000,0.642819,0.015208,0.223022
11.272000,0.642819,0.015208,0.223022
11.274000,0.642819,0.015208,0.223022
11.276000,0.642819,0.015208,0.223022
11.278000,0.642819,0.015208,0.223022
11.280000,0.642819,0.015208,0.223022
11.282000,0.642819,0.015208,0.223022
11.284000,0.642819,0.015208,0.223022
11.286000,0.642819,0.015208,0.223022
11.288000,0.642819,0.015208,0.223022
11.290000,0.642819,0.015208,0.223022
11.292000,0.642819,0.015208,0.223022
11.294000,0.642819,0.015208,0.223022
11.296000,0.642819,0.015208,0.223022
11.298000,0.642819,0.015208,0.223022
11.300000,0.642819,0.015208,0.223022
11.302000,0.642819,0.015208,0.223022
11.304000,0.642819,0.015208,0.223022
11.306000,0.642819,0.015208,0.223022
11.308000,0.642819,0.015208,0.223022
11.310000,0.642819,0.015208,0.223022
11.312000,0.642819,0.015208,0.223022
11.314000,0.642819,0.015208,0.223022
11.316000,0.642819,0.015208,0.223022
11.318000,0.642819,0.015208,0.223022
11.320000,0.642819,0.015208,0.223022
11.322000,0.642819,0.015208,0.223022
11.324000,0.642819,0.015208,0.223022
11.326000,0.642819,0.015208,0.223022
11.328000,0.642819,0.015208,0.223022
11.330000,0.642819,0.015208,0.223022
11.332000,0.642819,0.015208,0.223022
11.334000,0.642819,0.015208,0.223022
11.336000,0.642819,0.015208,0.223022
11.338000,0.642819,0.015208,0.223022
11.340000,0.642819,0.015208,0.223022
11.342000,0.642819,0.015208,0.223022
11.344000,0.642819,0.015208,0.223022
11.346000,0.642819,0.015208,0.223022
11.348000,0.642819,0.015208,0.223022
11.350000,0.642819,0.015208,0.223022
11.352000,0.642819,0.015208,0.223022
11.354000,0.642819,0.015208,0.223022
11.356000,0.642819,0.015208,0.223022
11.358000,0.642819,0.015208,0.223022
11.360000,0.642819,0.015208,0.223022
11.362000,0.642819,0.015208,0.223022
11.364000,0.642819,0.015208,0.223022
11.366000,0.642819,0.015208,0.223022
11.368000,0.642819,0.015208,0.223022
11.370000,0.642819,0.015208,0.223022
11.372000,0.642819,0.015208,0.223022
11.374000,0.642819,0.015208,0.223022
11.376000,0.642819,0.015208,0.223022
11.378000,0.642819,0.015208,0.223022
11.380000,0.642819,0.015208,0.223022
11.382000,0.642819,0.015208,0.223022
11.384000,0.642819,0.015208,0.223022
11.386000,0.642819,0.015208,0.223022
11.388000,0.642819,0.015208,0.223022
11.390000,0.642819,0.015208,0.223022
11.392000,0.642819,0.015208,0.223022
11.394000,0.642819,0.015208,0.223022
11.396000,0.642819,0.015208,0.223022
11.398000,0.642819,0.015208,0.223022
11.400000,0.642819,0.015208,0.223022
11.402000,0.642819,0.015208,0.223022
11.404000,0.642819,0.015208,0.223022
11.406000,0.642819,0.015208,0.223022
11.408000,0.642819,0.015208,0.223022
11.410000,0.642819,0.015208,0.223022
11.412000,0.642819,0.015208,0.223022
11.414000,0.642819,0.015208,0.223022
11.416000,0.642819,0.015208,0.223022
11.418000,0.642819,0.015208,0.223022
11.420000,0.642819,0.015208,0.223022
11.422000,0.642819,0.015208,0.223022
11.424000,0.642819,0.015208,0.223022
11.426000,0.642819,0.015208,0.223022
11.428000,0.642819,0.015208,0.223022
11.430000,0.642819,0.015208,0.223022
11.432000,0.642819,0.015208,0.223022
11.434000,0.642819,0.015208,0.223022
11.436000,0.642819,0.015208,0.223022
11.438000,0.642819,0.015208,0.223022
11.440000,0.642819,0.015208,0.223022
11.442000,0.642819,0.015208,0.223022
11.444000,0.642819,0.015208,0.223022
11.446000,0.642819,0.015208,0.223022
11.448000,0.642819,0.015208,0.223022
11.450000,0.642819,0.015208,0.223022
11.452000,0.642819,0.015208,0.223022
11.454000,0.642819,0.015208,0.223022
11.456000,0.642819,0.015208,0.223022
11.458000,0.642819,0.015208,0.223022
11.460000,0.642819,0.015208,0.223022
11.462000,0.642819,0.015208,0.223022
11.464000,0.642819,0.015208,0.223022
11.466000,0.642819,0.015208,0.223022
11.468000,0.642819,0.015208,0.223022
11.470000,0.642819,0.015208,0.223022
11.472000,0.642819,0.015208,0.223022
11.474000,0.642819,0.015208,0.223022
11.476000,0.642819,0.015208,0.223022
11.478000,0.642819,0.015208,0.223022
11.480000,0.642819,0.015208,0.223022
11.482000,0.642819,0.015208,0.223022
11.484000,0.642819,0.015208,0.223022
11.486000,0.642819,0.015208,0.223022
11.488000,0.642819,0.015208,0.223022
11.490000,0.642819,0.015208,0.223022
11.492000,0.642819,0.015208,0.223022
11.494000,0.642819,0.015208,0.223022
11.496000,0.642819,0.015208,0.223022
11.498000,0.642819,0.015208,0.223022
11.500000,0.642819,0.015208,0.223022
11.502000,0.642819,0.015208,0.223022
11.504000,0.642819,0.015208,0.223022
11.506000,0.642819,0.015208,0.223022
11.508000,0.642819,0.015208,0.223022
11.510000,0.642819,0.015208,0.223022
11.512000,0.642819,0.015208,0.223022
11.514000,0.642819,0.015208,0.223022
11.516000,0.642819,0.015208,0.223022
11.518000,0.642819,0.015208,0.223022
11.520000,0.642819,0.015208,0.223022
11.522000,0.642819,0.015208,0.223022
11.524000,0.642819,0.015208,0.223022
11.526000,0.642819,0.015208,0.223022
11.528000,0.642819,0.015208,0.223022
11.530000,0.642819,0.015208,0.223022
11.532000,0.642819,0.015208,0.223022
11.534000,0.642819,0.015208,0.223022
11.536000,0.642819,0.015208,0.223022
11.538000,0.642819,0.015208,0.223022
11.540000,0.642819,0.015208,0.223022
11.542000,0.642819,0.015208,0.223022
11.544000,0.642819,0.015208,0.223022
11.546000,0.642819,0.015208,0.223022
11.548000,0.642819,0.015208,0.223022
11.550000,0.642819,0.015208,0.223022
11.552000,0.642819,0.015208,0.223022
11.554000,0.642819,0.015208,0.223022
11.556000,0.642819,0.015208,0.223022
11.558000,0.642819,0.015208,0.223022
11.560000,0.642819,0.015208,0.223022
11.562000,0.642819,0.015208,0.223022
11.564000,0.642819,0.015208,0.223022
11.566000,0.642819,0.015208,0.223022
11.568000,0.642819,0.015208,0.223022
11.570000,0.642819,0.015208,0.223022
11.572000,0.642819,0.015208,0.223022
11.574000,0.642819,0.015208,0.223022
11.576000,0.642819,0.015208,0.223022
11.578000,0.642819,0.015208,0.223022
11.580000,0.642819,0.015208,0.223022
11.582000,0.642819,0.015208,0.223022
11.584000,0.642819,0.015208,0.223022
11.586000,0.642819,0.015208,0.223022
11.588000,0.642819,0.015208,0.223022
11.590000,0.642819,0.015208,0.223022
11.592000,0.642819,0.015208,0.223022
11.594000,0.642819,0.015208,0.223022
11.596000,0.642819,0.015208,0.223022
11.598000,0.642819,0.015208,0.223022
11.600000,0.642819,0.015208,0.223022
11.602000,0.642819,0.015208,0.223022
11.604000,0.642819,0.015208,0.223022
11.606000,0.642819,0.015208,0.223022
11.608000,0.642819,0.015208,0.223022
11.610000,0.642819,0.015208,0.223022
11.612000,0.642819,0.015208,0.223022
11.614000,0.642819,0.015208,0.223022
11.616000,0.642819,0.015208,0.223022
11.618000,0.642819,0.015208,0.223022
11.620000,0.642819,0.015208,0.223022
11.622000,0.642819,0.015208,0.223022
11.624000,0.642819,0.015208,0.223022
11.626000,0.642819,0.015208,0.223022
11.628000,0.642819,0.015208,0.223022
11.630000,0.642819,0.015208,0.223022
11.632000,0.642819,0.015208,0.223022
11.634000,0.642819,0.015208,0.223022
11.636000,0.642819,0.015208,0.223022
11.638000,0.642819,0.015208,0.223022
11.640000,0.642819,0.015208,0.223022
11.642000,0.642819,0.015208,0.223022
11.644000,0.642819,0.015208,0.223022
11.646000,0.642819,0.015208,0.223022
11.648000,0.642819,0.015208,0.223022
11.650000,0.642819,0.015208,0.223022
11.652000,0.642819,0.015208,0.223022
11.654000,0.642819,0.015208,0.223022
11.656000,0.642819,0.015208,0.223022
11.658000,0.642819,0.015208,0.223022
11.660000,0.642819,0.015208,0.223022
11.662000,0.642819,0.015208,0.223022
11.664000,0.642819,0.015208,0.223022
11.666000,0.642819,0.015208,0.223022
11.668000,0.642819,0.015208,0.223022
11.670000,0.642819,0.015208,0.223022
11.672000,0.642819,0.015208,0.223022
11.674000,0.642819,0.015208,0.223022
11.676000,0.642819,0.015208,0.223022
11.678000,0.642819,0.015208,0.223022
11.680000,0.642819,0.015208,0.223022
11.682000,0.642819,0.015208,0.223022
11.684000,0.642819,0.015208,0.223022
11.686000,0.642819,0.015208,0.223022
11.688000,0.642819,0.015208,0.223022
11.690000,0.642819,0.015208,0.223022
11.692000,0.642819,0.015208,0.223022
11.694000,0.642819,0.015208,0.223022
11.696000,0.642819,0.015208,0.223022
11.698000,0.642819,0.015208,0.223022
11.700000,0.642819,0.015208,0.223022
11.702000,0.642819,0.015208,0.223022
11.704000,0.642819,0.015208,0.223022
11.706000,0.642819,0.015208,0.223022
11.708000,0.642819,0.015208,0.223022
11.710000,0.642819,0.015208,0.223022
11.712000,0.642819,0.015208,0.223022
11.714000,0.642819,0.015208,0.223022
11.716000,0.642819,0.015208,0.223022
11.718000,0.642819,0.015208,0.223022
11.720000,0.642819,0.015208,0.223022
11.722000,0.642819,0.015208,0.223022
11.724000,0.642819,0.015208,0.223022
11.726000,0.642819,0.015208,0.223022
11.728000,0.642819,0.015208,0.223022
11.730000,0.642819,0.015208,0.223022
11.732000,0.642819,0.015208,0.223022
11.734000,0.642819,0.015208,0.223022
11.736000,0.642819,0.015208,0.223022
11.738000,0.642819,0.015208,0.223022
11.740000,0.642819,0.015208,0.223022
11.742000,0.642819,0.015208,0.223022
11.744000,0.642819,0.015208,0.223022
11.746000,0.642819,0.015208,0.223022
11.748000,0.642819,0.015208,0.223022
11.750000,0.642819,0.015208,0.223022
11.752000,0.642819,0.015208,0.223022
11.754000,0.642819,0.015208,0.223022
11.756000,0.642819,0.015208,0.223022
11.758000,0.642819,0.015208,0.223022
11.760000,0.642819,0.015208,0.223022
11.762000,0.642819,0.015208,0.223022
11.764000,0.642819,0.015208,0.223022
11.766000,0.642819,0.015208,0.223022
11.768000,0.642819,0.015208,0.223022
11.770000,0.642819,0.015208,0.223022
11.772000,0.642819,0.015208,0.223022
11.774000,0.642819,0.015208,0.223022
11.776000,0.642819,0.015208,0.223022
11.778000,0.642819,0.015208,0.223022
11.780000,0.642819,0.015208,0.223022
11.782000,0.642819,0.015208,0.223022
11.784000,0.642819,0.015208,0.223022
11.786000,0.642819,0.015208,0.223022
11.788000,0.642819,0.015208,0.223022
11.790000,0.642819,0.015208,0.223022
11.792000,0.642819,0.015208,0.223022
11.794000,0.642819,0.015208,0.223022
11.796000,0.642819,0.015208,0.223022
11.798000,0.642819,0.015208,0.223022
11.800000,0.642819,0.015208,0.223022
11.802000,0.642819,0.015208,0.223022
11.804000,0.642819,0.015208,0.223022
11.806000,0.642819,0.015208,0.223022
11.808000,0.642819,0.015208,0.223022
11.810000,0.642819,0.015208,0.223022
11.812000,0.642819,0.015208,0.223022
11.814000,0.642819,0.015208,0.223022
11.816000,0.642819,0.015208,0.223022
11.818000,0.642819,0.015208,0.223022
11.820000,0.642819,0.015208,0.223022
11.822000,0.642819,0.015208,0.223022
11.824000,0.642819,0.015208,0.223022
11.826000,0.642819,0.015208,0.223022
11.828000,0.642819,0.015208,0.223022
11.830000,0.642819,0.015208,0.223022
11.832000,0.642819,0.015208,0.223022
11.834000,0.642819,0.015208,0.223022
11.836000,0.642819,0.015208,0.223022
11.838000,0.642819,0.015208,0.223022
11.840000,0.642819,0.015208,0.223022
11.842000,0.642819,0.015208,0.223022
11.844000,0.642819,0.015208,0.223022
11.846000,0.642819,0.015208,0.223022
11.848000,0.642819,0.015208,0.223022
11.850000,0.642819,0.015208,0.223022
11.852000,0.642819,0.015208,0.223022
11.854000,0.642819,0.015208,0.223022
11.856000,0.642819,0.015208,0.223022
11.858000,0.642819,0.015208,0.223022
11.860000,0.642819,0.015208,0.223022
11.862000,0.642819,0.015208,0.223022
11.864000,0.642819,0.015208,0.223022
11.866000,0.642819,0.015208,0.223022
11.868000,0.642819,0.015208,0.223022
11.870000,0.642819,0.015208,0.223022
11.872000,0.642819,0.015208,0.223022
11.874000,0.642819,0.015208,0.223022
11.876000,0.642819,0.015208,0.223022
11.878000,0.642819,0.015208,0.223022
11.880000,0.642819,0.015208,0.223022
11.882000,0.642819,0.015208,0.223022
11.884000,0.642819,0.015208,0.223022
11.886000,0.642819,0.015208,0.223022
11.888000,0.642819,0.015208,0.223022
11.890000,0.642819,0.015208,0.223022
11.892000,0.642819,0.015208,0.223022
11.894000,0.642819,0.015208,0.223022
11.896000,0.642819,0.015208,0.223022
11.898000,0.642819,0.015208,0.223022
11.900000,0.642819,0.015208,0.223022
11.902000,0.642819,0.015208,0.223022
11.904000,0.642819,0.015208,0.223022
11.906000,0.642819,0.015208,0.223022
11.908000,0.642819,0.015208,0.223022
11.910000,0.642819,0.015208,0.223022
11.912000,0.642819,0.015208,0.223022
11.914000,0.642819,0.015208,0.223022
11.916000,0.642819,0.015208,0.223022
11.918000,0.642819,0.015208,0.223022
11.920000,0.642819,0.015208,0.223022
11.922000,0.642819,0.015208,0.223022
11.924000,0.642819,0.015208,0.223022
11.926000,0.642819,0.015208,0.223022
11.928000,0.642819,0.015208,0.223022
11.930000,0.642819,0.015208,0.223022
11.932000,0.642819,0.015208,0.223022
11.934000,0.642819,0.015208,0.223022
11.936000,0.642819,0.015208,0.223022
11.938000,0.642819,0.015208,0.223022
11.940000,0.642819,0.015208,0.223022
11.942000,0.642819,0.015208,0.223022
11.944000,0.642819,0.015208,0.223022
11.946000,0.642819,0.015208,0.223022
11.948000,0.642819,0.015208,0.223022
11.950000,0.642819,0.015208,0.223022
11.952000,0.642819,0.015208,0.223022
11.954000,0.642819,0.015208,0.223022
11.956000,0.642819,0.015208,0.223022
11.958000,0.642819,0.015208,0.223022
11.960000,0.642819,0.015208,0.223022
11.962000,0.642819,0.015208,0.223022
11.964000,0.642819,0.015208,0.223022
11.966000,0.642819,0.015208,0.223022
11.968000,0.642819,0.015208,0.223022
11.970000,0.642819,0.015208,0.223022
11.972000,0.642819,0.015208,0.223022
11.974000,0.642819,0.015208,0.223022
11.976000,0.642819,0.015208,0.223022
11.978000,0.642819,0.015208,0.223022
11.980000,0.642819,0.015208,0.223022
11.982000,0.642819,0.015208,0.223022
11.984000,0.642819,0.015208,0.223022
11.986000,0.642819,0.015208,0.223022
11.988000,0.642819,0.015208,0.223022
11.990000,0.642819,0.015208,0.223022
11.992000,0.642819,0.015208,0.223022
11.994000,0.642819,0.015208,0.223022
11.996000,0.642819,0.015208,0.223022
11.998000,0.642819,0.015208,0.223022
12.000000,0.642819,0.015208,0.223022
12.002000,0.642819,0.015208,0.223022
12.004000,0.642819,0.015208,0.223022
12.006000,0.642819,0.015208,0.223022
12.008000,0.642819,0.015208,0.223022
12.010000,0.642819,0.015208,0.223022
12.012000,0.642819,0.015208,0.223022
12.014000,0.642819,0.015208,0.223022
12.016000,0.642819,0.015208,0.223022
12.018000,0.642819,0.015208,0.223022
12.020000,0.642819,0.015208,0.223022
12.022000,0.642819,0.015208,0.223022
12.024000,0.642819,0.015208,0.223022
12.026000,0.642819,0.015208,0.223022
12.028000,0.642819,0.015208,0.223022
12.030000,0.642819,0.015208,0.223022
12.032000,0.642819,0.015208,0.223022
12.034000,0.642819,0.015208,0.223022
12.036000,0.642819,0.015208,0.223022
12.038000,0.642819,0.015208,0.223022
12.040000,0.642819,0.015208,0.223022
12.042000,0.642819,0.015208,0.223022
12.044000,0.642819,0.015208,0.223022
12.046000,0.642819,0.015208,0.223022
12.048000,0.642819,0.015208,0.223022
12.050000,0.642819,0.015208,0.223022
12.052000,0.642819,0.015208,0.223022
12.054000,0.642819,0.015208,0.223022
12.056000,0.642819,0.015208,0.223022
12.058000,0.642819,0.015208,0.223022
12.060000,0.642819,0.015208,0.223022
12.062000,0.642819,0.015208,0.223022
12.064000,0.642819,0.015208,0.223022
12.066000,0.642819,0.015208,0.223022
12.068000,0.642819,0.015208,0.223022
12.070000,0.642819,0.015208,0.223022
12.072000,0.642819,0.015208,0.223022
12.074000,0.642819,0.015208,0.223022
12.076000,0.642819,0.015208,0.223022
12.078000,0.642819,0.015208,0.223022
12.080000,0.642819,0.015208,0.223022
12.082000,0.642819,0.015208,0.223022
12.084000,0.642819,0.015208,0.223022
12.086000,0.642819,0.015208,0.223022
12.088000,0.642819,0.015208,0.223022
12.090000,0.642819,0.015208,0.223022
12.092000,0.642819,0.015208,0.223022
12.094000,0.642819,0.015208,0.223022
12.096000,0.642819,0.015208,0.223022
12.098000,0.642819,0.015208,0.223022
12.100000,0.642819,0.015208,0.223022
12.102000,0.642819,0.015208,0.223022
12.104000,0.642819,0.015208,0.223022
12.106000,0.642819,0.015208,0.223022
12.108000,0.642819,0.015208,0.223022
12.110000,0.642819,0.015208,0.223022
12.112000,0.642819,0.015208,0.223022
12.114000,0.642819,0.015208,0.223022
12.116000,0.642819,0.015208,0.223022
12.118000,0.642819,0.015208,0.223022
12.120000,0.642819,0.015208,0.223022
12.122000,0.642819,0.015208,0.223022
12.124000,0.642819,0.015208,0.223022
12.126000,0.642819,0.015208,0.223022
12.128000,0.642819,0.015208,0.223022
12.130000,0.642819,0.015208,0.223022
12.132000,0.642819,0.015208,0.223022
12.134000,0.642819,0.015208,0.223022
12.136000,0.642819,0.015208,0.223022
12.138000,0.642819,0.015208,0.223022
12.140000,0.642819,0.015208,0.223022
12.142000,0.642819,0.015208,0.223022
12.144000,0.642819,0.015208,0.223022
12.146000,0.642819,0.015208,0.223022
12.148000,0.642819,0.015208,0.223022
12.150000,0.642819,0.015208,0.223022
12.152000,0.642819,0.015208,0.223022
12.154000,0.642819,0.015208,0.223022
12.156000,0.642819,0.015208,0.223022
12.158000,0.642819,0.015208,0.223022
12.160000,0.642819,0.015208,0.223022
12.162000,0.642819,0.015208,0.223022
12.164000,0.642819,0.015208,0.223022
12.166000,0.642819,0.015208,0.223022
12.168000,0.642819,0.015208,0.223022
12.170000,0.642819,0.015208,0.223022
12.172000,0.642819,0.015208,0.223022
12.174000,0.642819,0.015208,0.223022
12.176000,0.642819,0.015208,0.223022
12.178000,0.642819,0.015208,0.223022
12.180000,0.642819,0.015208,0.223022
12.182000,0.642819,0.015208,0.223022
12.184000,0.642819,0.015208,0.223022
12.186000,0.642819,0.015208,0.223022
12.188000,0.642819,0.015208,0.223022
12.190000,0.642819,0.015208,0.223022
12.192000,0.642819,0.015208,0.223022
12.194000,0.642819,0.015208,0.223022
12.196000,0.642819,0.015208,0.223022
12.198000,0.642819,0.015208,0.223022
12.200000,0.642819,0.015208,0.223022
12.202000,0.642819,0.015208,0.223022
12.204000,0.642819,0.015208,0.223022
12.206000,0.642819,0.015208,0.223022
12.208000,0.642819,0.015208,0.223022
12.210000,0.642819,0.015208,0.223022
12.212000,0.642819,0.015208,0.223022
12.214000,0.642819,0.015208,0.223022
12.216000,0.642819,0.015208,0.223022
12.218000,0.642819,0.015208,0.223022
12.220000,0.642819,0.015208,0.223022
12.222000,0.642819,0.015208,0.223022
12.224000,0.642819,0.015208,0.223022
12.226000,0.642819,0.015208,0.223022
12.228000,0.642819,0.015208,0.223022
12.230000,0.642819,0.015208,0.223022
12.232000,0.642819,0.015208,0.223022
12.234000,0.642819,0.015208,0.223022
12.236000,0.642819,0.015208,0.223022
12.238000,0.642819,0.015208,0.223022
12.240000,0.642819,0.015208,0.223022
12.242000,0.642819,0.015208,0.223022
12.244000,0.642819,0.015208,0.223022
12.246000,0.642819,0.015208,0.223022
12.248000,0.642819,0.015208,0.223022
12.250000,0.642819,0.015208,0.223022
12.252000,0.642819,0.015208,0.223022
12.254000,0.642819,0.015208,0.223022
12.256000,0.642819,0.015208,0.223022
12.258000,0.642819,0.015208,0.223022
12.260000,0.642819,0.015208,0.223022
12.262000,0.642819,0.015208,0.223022
12.264000,0.642819,0.015208,0.223022
12.266000,0.642819,0.015208,0.223022
12.268000,0.642819,0.015208,0.223022
12.270000,0.642819,0.015208,0.223022
12.272000,0.642819,0.015208,0.223022
12.274000,0.642819,0.015208,0.223022
12.276000,0.642819,0.015208,0.223022
12.278000,0.642819,0.015208,0.223022
12.280000,0.642819,0.015208,0.223022
12.282000,0.642819,0.015208,0.223022
12.284000,0.642819,0.015208,0.223022
12.286000,0.642819,0.015208,0.223022
12.288000,0.642819,0.015208,0.223022
12.290000,0.642819,0.015208,0.223022
12.292000,0.642819,0.015208,0.223022
12.294000,0.642819,0.015208,0.223022
12.296000,0.642819,0.015208,0.223022
12.298000,0.642819,0.015208,0.223022
12.300000,0.642819,0.015208,0.223022
12.302000,0.642819,0.015208,0.223022
12.304000,0.642819,0.015208,0.223022
12.306000,0.642819,0.015208,0.223022
12.308000,0.642819,0.015208,0.223022
12.310000,0.642819,0.015208,0.223022
12.312000,0.642819,0.015208,0.223022
12.314000,0.642819,0.015208,0.223022
12.316000,0.642819,0.015208,0.223022
12.318000,0.642819,0.015208,0.223022
12.320000,0.642819,0.015208,0.223022
12.322000,0.642819,0.015208,0.223022
12.324000,0.642819,0.015208,0.223022
12.326000,0.642819,0.015208,0.223022
12.328000,0.642819,0.015208,0.223022
12.330000,0.642819,0.015208,0.223022
12.332000,0.642819,0.015208,0.223022
12.334000,0.642819,0.015208,0.223022
12.336000,0.642819,0.015208,0.223022
12.338000,0.642819,0.015208,0.223022
12.340000,0.642819,0.015208,0.223022
12.342000,0.642819,0.015208,0.223022
12.344000,0.642819,0.015208,0.223022
12.346000,0.642819,0.015208,0.223022
12.348000,0.642819,0.015208,0.223022
12.350000,0.642819,0.015208,0.223022
12.352000,0.642819,0.015208,0.223022
12.354000,0.642819,0.015208,0.223022
12.356000,0.642819,0.015208,0.223022
12.358000,0.642819,0.015208,0.223022
12.360000,0.642819,0.015208,0.223022
12.362000,0.642819,0.015208,0.223022
12.364000,0.642819,0.015208,0.223022
12.366000,0.642819,0.015208,0.223022
12.368000,0.642819,0.015208,0.223022
12.370000,0.642819,0.015208,0.223022
12.372000,0.642819,0.015208,0.223022
12.374000,0.642819,0.015208,0.223022
12.376000,0.642819,0.015208,0.223022
12.378000,0.642819,0.015208,0.223022
12.380000,0.642819,0.015208,0.223022
12.382000,0.642819,0.015208,0.223022
12.384000,0.642819,0.015208,0.223022
12.386000,0.642819,0.015208,0.223022
12.388000,0.642819,0.015208,0.223022
12.390000,0.642819,0.015208,0.223022
12.392000,0.642819,0.015208,0.223022
12.394000,0.642819,0.015208,0.223022
12.396000,0.642819,0.015208,0.223022
12.398000,0.642819,0.015208,0.223022
12.400000,0.642819,0.015208,0.223022
12.402000,0.642819,0.015208,0.223022
12.404000,0.642819,0.015209,0.223022
12.406000,0.642819,0.015209,0.223022
12.408000,0.642819,0.015209,0.223022
12.410000,0.642819,0.015209,0.223022
12.412000,0.642819,0.015209,0.223022
12.414000,0.642819,0.015209,0.223022
12.416000,0.642819,0.015209,0.223022
12.418000,0.642819,0.015209,0.223022
12.420000,0.642819,0.015209,0.223022
12.422000,0.642819,0.015209,0.223022
12.424000,0.642819,0.015209,0.223022
12.426000,0.642819,0.015209,0.223022
12.428000,0.642819,0.015209,0.223022
12.430000,0.642819,0.015209,0.223022
12.432000,0.642819,0.015209,0.223022
12.434000,0.642819,0.015209,0.223022
12.436000,0.642819,0.015209,0.223022
12.438000,0.642819,0.015209,0.223022
12.440000,0.642819,0.015209,0.223022
12.442000,0.642819,0.015209,0.223022
12.444000,0.642819,0.015209,0.223022
12.446000,0.642819,0.015209,0.223022
12.448000,0.642819,0.015209,0.223022
12.450000,0.642819,0.015210,0.223022
12.452000,0.642819,0.015210,0.223022
12.454000,0.642819,0.015210,0.223022
12.456000,0.642819,0.015210,0.223022
12.458000,0.642819,0.015210,0.223022
12.460000,0.642819,0.015210,0.223022
12.462000,0.642819,0.015210,0.223022
12.464000,0.642819,0.015210,0.223022
12.466000,0.642819,0.015210,0.223022
12.468000,0.642819,0.015210,0.223022
12.470000,0.642819,0.015210,0.223022
12.472000,0.642819,0.015210,0.223022
12.474000,0.642819,0.015210,0.223022
12.476000,0.642819,0.015210,0.223022
12.478000,0.642819,0.015210,0.223022
12.480000,0.642819,0.015211,0.223022
12.482000,0.642819,0.015211,0.223022
12.484000,0.642819,0.015211,0.223022
12.486000,0.642819,0.015211,0.223022
12.488000,0.642819,0.015211,0.223022
12.490000,0.642819,0.015211,0.223022
12.492000,0.642819,0.015211,0.223022
12.494000,0.642819,0.015211,0.223022
12.496000,0.642819,0.015211,0.223022
12.498000,0.642819,0.015211,0.223022
12.500000,0.642819,0.015211,0.223022
12.502000,0.642819,0.015212,0.223022
12.504000,0.642819,0.015212,0.223022
12.506000,0.642819,0.015212,0.223022
12.508000,0.642819,0.015212,0.223022
12.510000,0.642819,0.015212,0.223022
12.512000,0.642819,0.015212,0.223022
12.514000,0.642819,0.015212,0.223022
12.516000,0.642819,0.015212,0.223022
12.518000,0.642819,0.015212,0.223022
12.520000,0.642819,0.015212,0.223022
12.522000,0.642819,0.015213,0.223022
12.524000,0.642819,0.015213,0.223022
12.526000,0.642819,0.015213,0.223022
12.528000,0.642819,0.015213,0.223022
12.530000,0.642819,0.015213,0.223022
12.532000,0.642819,0.015213,0.223022
12.534000,0.642819,0.015213,0.223022
12.536000,0.642819,0.015213,0.223022
12.538000,0.642819,0.015213,0.223022
12.540000,0.642819,0.015214,0.223022
12.542000,0.642819,0.015214,0.223022
12.544000,0.642819,0.015214,0.223022
12.546000,0.642819,0.015214,0.223022
12.548000,0.642819,0.015214,0.223022
12.550000,0.642819,0.015214,0.223022
12.552000,0.642819,0.015214,0.223022
12.554000,0.642819,0.015215,0.223022
12.556000,0.642819,0.015215,0.223022
12.558000,0.642819,0.015215,0.223022
12.560000,0.642819,0.015215,0.223022
12.562000,0.642819,0.015215,0.223022
12.564000,0.642819,0.015215,0.223022
12.566000,0.642819,0.015215,0.223022
12.568000,0.642819,0.015216,0.223022
12.570000,0.642819,0.015216,0.223022
12.572000,0.642819,0.015216,0.223022
12.574000,0.642819,0.015216,0.223022
12.576000,0.642819,0.015216,0.223022
12.578000,0.642819,0.015216,0.223022
12.580000,0.642819,0.015217,0.223022
12.582000,0.642819,0.015217,0.223022
12.584000,0.642819,0.015217,0.223022
12.586000,0.642819,0.015217,0.223022
12.588000,0.642819,0.015217,0.223022
12.590000,0.642819,0.015217,0.223022
12.592000,0.642819,0.015218,0.223022
12.594000,0.642819,0.015218,0.223022
12.596000,0.642819,0.015218,0.223022
12.598000,0.642819,0.015218,0.223022
12.600000,0.642819,0.015218,0.223022
12.602000,0.642819,0.015219,0.223022
12.604000,0.642819,0.015219,0.223022
12.606000,0.642819,0.015219,0.223022
12.608000,0.642819,0.015219,0.223022
12.610000,0.642819,0.015219,0.223022
12.612000,0.642819,0.015219,0.223022
12.614000,0.642819,0.015220,0.223022
12.616000,0.642819,0.015220,0.223022
12.618000,0.642819,0.015220,0.223022
12.620000,0.642819,0.015220,0.223022
12.622000,0.642819,0.015220,0.223022
12.624000,0.642819,0.015221,0.223022
12.626000,0.642819,0.015221,0.223022
12.628000,0.642819,0.015221,0.223022
12.630000,0.642819,0.015221,0.223022
12.632000,0.642819,0.015222,0.223022
12.634000,0.642819,0.015222,0.223022
12.636000,0.642819,0.015222,0.223022
12.638000,0.642819,0.015222,0.223022
12.640000,0.642819,0.015223,0.223022
12.642000,0.642819,0.015223,0.223022
12.644000,0.642819,0.015223,0.223022
12.646000,0.642819,0.015223,0.223022
12.648000,0.642819,0.015223,0.223022
12.650000,0.642819,0.015224,0.223022
12.652000,0.642819,0.015224,0.223022
12.654000,0.642819,0.015224,0.223022
12.656000,0.642819,0.015224,0.223022
12.658000,0.642819,0.015225,0.223022
12.660000,0.642819,0.015225,0.223022
12.662000,0.642819,0.015225,0.223022
12.664000,0.642819,0.015225,0.223022
12.666000,0.642819,0.015226,0.223022
12.668000,0.642819,0.015226,0.223022
12.670000,0.642819,0.015226,0.223022
12.672000,0.642819,0.015226,0.223022
12.674000,0.642819,0.015227,0.223022
12.676000,0.642819,0.015227,0.223022
12.678000,0.642819,0.015227,0.223022
12.680000,0.642819,0.015228,0.223022
12.682000,0.642819,0.015228,0.223022
12.684000,0.642819,0.015228,0.223022
12.686000,0.642818,0.015228,0.223022
12.688000,0.642818,0.015229,0.223022
12.690000,0.642818,0.015229,0.223022
12.692000,0.642818,0.015229,0.223022
12.694000,0.642818,0.015230,0.223022
12.696000,0.642818,0.015230,0.223022
12.698000,0.642818,0.015230,0.223022
12.700000,0.642818,0.015231,0.223022
12.702000,0.642818,0.015231,0.223022
12.704000,0.642818,0.015231,0.223022
12.706000,0.642818,0.015231,0.223022
12.708000,0.642818,0.015232,0.223022
12.710000,0.642818,0.015232,0.223022
12.712000,0.642818,0.015232,0.223022
12.714000,0.642818,0.015233,0.223022
12.716000,0.642818,0.015233,0.223022
12.718000,0.642818,0.015233,0.223022
12.720000,0.642818,0.015234,0.223022
12.722000,0.642818,0.015234,0.223022
12.724000,0.642818,0.015234,0.223022
12.726000,0.642818,0.015235,0.223022
12.728000,0.642818,0.015235,0.223022
12.730000,0.642818,0.015235,0.223022
12.732000,0.642818,0.015236,0.223022
12.734000,0.642818,0.015236,0.223022
12.736000,0.642818,0.015236,0.223022
12.738000,0.642818,0.015237,0.223022
12.740000,0.642818,0.015237,0.223022
12.742000,0.642818,0.015237,0.223022
12.744000,0.642818,0.015238,0.223022
12.746000,0.642818,0.015238,0.223022
12.748000,0.642818,0.015238,0.223022
12.750000,0.642818,0.015239,0.223022
12.752000,0.642818,0.015239,0.223022
12.754000,0.642818,0.015239,0.223022
12.756000,0.642818,0.015240,0.223022
12.758000,0.642818,0.015240,0.223022
12.760000,0.642818,0.015241,0.223022
12.762000,0.642818,0.015241,0.223022
12.764000,0.642818,0.015241,0.223022
12.766000,0.642818,0.015242,0.223022
12.768000,0.642818,0.015242,0.223022
12.770000,0.642818,0.015243,0.223022
12.772000,0.642818,0.015243,0.223022
12.774000,0.642818,0.015243,0.223022
12.776000,0.642818,0.015244,0.223022
12.778000,0.642818,0.015244,0.223022
12.780000,0.642818,0.015245,0.223022
12.782000,0.642818,0.015245,0.223022
12.784000,0.642818,0.015245,0.223022
12.786000,0.642818,0.015246,0.223022
12.788000,0.642818,0.015246,0.223022
12.790000,0.642818,0.015247,0.223022
12.792000,0.642818,0.015247,0.223022
12.794000,0.642818,0.015248,0.223022
12.796000,0.642818,0.015248,0.223022
12.798000,0.642818,0.015248,0.223022
12.800000,0.642818,0.015249,0.223022
12.802000,0.642818,0.015249,0.223022
12.804000,0.642818,0.015250,0.223022
12.806000,0.642818,0.015250,0.223022
12.808000,0.642818,0.015251,0.223022
12.810000,0.642818,0.015251,0.223022
12.812000,0.642818,0.015252,0.223022
12.814000,0.642818,0.015252,0.223022
12.816000,0.642818,0.015253,0.223022
12.818000,0.642818,0.015253,0.223022
12.820000,0.642818,0.015253,0.223022
12.822000,0.642818,0.015254,0.223022
12.824000,0.642818,0.015254,0.223022
12.826000,0.642818,0.015255,0.223022
12.828000,0.642818,0.015255,0.223022
12.830000,0.642818,0.015256,0.223022
12.832000,0.642818,0.015256,0.223022
12.834000,0.642818,0.015257,0.223022
12.836000,0.642818,0.015257,0.223022
12.838000,0.642818,0.015258,0.223022
12.840000,0.642818,0.015258,0.223022
12.842000,0.642818,0.015259,0.223022
12.844000,0.642818,0.015259,0.223022
12.846000,0.642818,0.015260,0.223022
12.848000,0.642818,0.015260,0.223022
12.850000,0.642818,0.015261,0.223022
12.852000,0.642818,0.015261,0.223022
12.854000,0.642818,0.015262,0.223022
12.856000,0.642818,0.015262,0.223022
12.858000,0.642818,0.015263,0.223022
12.860000,0.642818,0.015263,0.223022
12.862000,0.642818,0.015264,0.223022
12.864000,0.642818,0.015264,0.223022
12.866000,0.642818,0.015265,0.223022
12.868000,0.642818,0.015265,0.223022
12.870000,0.642818,0.015266,0.223022
12.872000,0.642818,0.015266,0.223022
12.874000,0.642818,0.015267,0.223022
12.876000,0.642818,0.015268,0.223022
12.878000,0.642818,0.015268,0.223022
12.880000,0.642818,0.015269,0.223022
12.882000,0.642818,0.015269,0.223022
12.884000,0.642818,0.015270,0.223022
12.886000,0.642818,0.015270,0.223022
12.888000,0.642817,0.015271,0.223022
12.890000,0.642817,0.015271,0.223022
12.892000,0.642817,0.015272,0.223022
12.894000,0.642817,0.015273,0.223022
12.896000,0.642817,0.015273,0.223022
12.898000,0.642817,0.015274,0.223022
12.900000,0.642817,0.015274,0.223022
12.902000,0.642817,0.015275,0.223022
12.904000,0.642817,0.015275,0.223022
12.906000,0.642817,0.015276,0.223022
12.908000,0.642817,0.015276,0.223022
12.910000,0.642817,0.015277,0.223022
12.912000,0.642817,0.015278,0.223022
12.914000,0.642817,0.015278,0.223022
12.916000,0.642817,0.015279,0.223022
12.918000,0.642817,0.015280,0.223022
12.920000,0.642817,0.015280,0.223022
12.922000,0.642817,0.015281,0.223022
12.924000,0.642817,0.015281,0.223022
12.926000,0.642817,0.015282,0.223022
12.928000,0.642817,0.015283,0.223022
12.930000,0.642817,0.015283,0.223022
12.932000,0.642817,0.015284,0.223022
12.934000,0.642817,0.015285,0.223022
12.936000,0.642817,0.015285,0.223022
12.938000,0.642817,0.015286,0.223022
12.940000,0.642817,0.015286,0.223022
12.942000,0.642817,0.015287,0.223022
12.944000,0.642817,0.015288,0.223022
12.946000,0.642817,0.015288,0.223022
12.948000,0.642817,0.015289,0.223022
12.950000,0.642817,0.015290,0.223022
12.952000,0.642817,0.015290,0.223022
12.954000,0.642817,0.015291,0.223022
12.956000,0.642817,0.015292,0.223022
12.958000,0.642817,0.015292,0.223022
12.960000,0.642817,0.015293,0.223022
12.962000,0.642817,0.015294,0.223022
12.964000,0.642817,0.015294,0.223022
12.966000,0.642817,0.015295,0.223022
12.968000,0.642817,0.015295,0.223022
12.970000,0.642817,0.015296,0.223022
12.972000,0.642817,0.015297,0.223022
12.974000,0.642817,0.015298,0.223022
12.976000,0.642817,0.015298,0.223022
12.978000,0.642817,0.015299,0.223022
12.980000,0.642817,0.015300,0.223022
12.982000,0.642817,0.015300,0.223022
12.984000,0.642817,0.015301,0.223022
12.986000,0.642817,0.015302,0.223022
12.988000,0.642817,0.015302,0.223022
12.990000,0.642817,0.015303,0.223022
12.992000,0.642817,0.015304,0.223022
12.994000,0.642817,0.015305,0.223022
12.996000,0.642817,0.015305,0.223022
12.998000,0.642817,0.015306,0.223022
13.000000,0.642817,0.015307,0.223022
13.002000,0.642817,0.015308,0.223022
13.004000,0.642817,0.015308,0.223022
13.006000,0.642817,0.015309,0.223022
13.008000,0.642817,0.015310,0.223022
13.010000,0.642817,0.015311,0.223022
13.012000,0.642817,0.015311,0.223022
13.014000,0.642817,0.015312,0.223022
13.016000,0.642816,0.015313,0.223022
13.018000,0.642816,0.015314,0.223022
13.020000,0.642816,0.015314,0.223022
13.022000,0.642816,0.015315,0.223022
13.024000,0.642816,0.015316,0.223022
13.026000,0.642816,0.015317,0.223022
13.028000,0.642816,0.015317,0.223022
13.030000,0.642816,0.015318,0.223022
13.032000,0.642816,0.015319,0.223022
13.034000,0.642816,0.015320,0.223022
13.036000,0.642816,0.015320,0.223022
13.038000,0.642816,0.015321,0.223022
13.040000,0.642816,0.015322,0.223022
13.042000,0.642816,0.015323,0.223022
13.044000,0.642816,0.015324,0.223022
13.046000,0.642816,0.015324,0.223022
13.048000,0.642816,0.015325,0.223022
13.050000,0.642816,0.015326,0.223022
13.052000,0.642816,0.015327,0.223022
13.054000,0.642816,0.015327,0.223022
13.056000,0.642816,0.015328,0.223022
13.058000,0.642816,0.015329,0.223022
13.060000,0.642816,0.015330,0.223022
13.062000,0.642816,0.015331,0.223022
13.064000,0.642816,0.015331,0.223022
13.066000,0.642816,0.015332,0.223022
13.068000,0.642816,0.015333,0.223022
13.070000,0.642816,0.015334,0.223022
13.072000,0.642816,0.015335,0.223022
13.074000,0.642816,0.015336,0.223022
13.076000,0.642816,0.015336,0.223022
13.078000,0.642816,0.015337,0.223022
13.080000,0.642816,0.015338,0.223022
13.082000,0.642816,0.015339,0.223022
13.084000,0.642816,0.015340,0.223022
13.086000,0.642816,0.015341,0.223022
13.088000,0.642816,0.015341,0.223022
13.090000,0.642816,0.015342,0.223022
13.092000,0.642816,0.015343,0.223022
13.094000,0.642816,0.015344,0.223022
13.096000,0.642816,0.015345,0.223022
13.098000,0.642816,0.015345,0.223022
13.100000,0.642816,0.015347,0.223022
13.102000,0.642816,0.015348,0.223022
13.104000,0.642816,0.015348,0.223022
13.106000,0.642816,0.015349,0.223022
13.108000,0.642816,0.015350,0.223022
13.110000,0.642816,0.015351,0.223022
13.112000,0.642816,0.015351,0.223022
13.114000,0.642816,0.015352,0.223022
13.116000,0.642816,0.015353,0.223022
13.118000,0.642816,0.015354,0.223022
13.120000,0.642815,0.015355,0.223022
13.122000,0.642815,0.015356,0.223022
13.124000,0.642815,0.015357,0.223022
13.126000,0.642815,0.015358,0.223022
13.128000,0.642815,0.015359,0.223022
13.130000,0.642815,0.015360,0.223022
13.132000,0.642815,0.015361,0.223022
13.134000,0.642815,0.015361,0.223022
13.136000,0.642815,0.015362,0.223022
13.138000,0.642815,0.015363,0.223022
13.140000,0.642815,0.015364,0.223022
13.142000,0.642815,0.015365,0.223022
13.144000,0.642815,0.015366,0.223022
13.146000,0.642815,0.015367,0.223022
13.148000,0.642815,0.015367,0.223022
13.150000,0.642815,0.015368,0.223022
13.152000,0.642815,0.015369,0.223022
13.154000,0.642815,0.015370,0.223022
13.156000,0.642815,0.015371,0.223022
13.158000,0.642815,0.015372,0.223022
13.160000,0.642815,0.015373,0.223022
13.162000,0.642815,0.015374,0.223022
13.164000,0.642815,0.015375,0.223022
13.166000,0.642815,0.015376,0.223022
13.168000,0.642815,0.015377,0.223022
13.170000,0.642815,0.015378,0.223022
13.172000,0.642815,0.015379,0.223022
13.174000,0.642815,0.015380,0.223022
13.176000,0.642815,0.015381,0.223022
13.178000,0.642815,0.015382,0.223022
13.180000,0.642815,0.015383,0.223022
13.182000,0.642815,0.015384,0.223022
13.184000,0.642815,0.015385,0.223022
13.186000,0.642815,0.015386,0.223022
13.188000,0.642815,0.015387,0.223022
13.190000,0.642815,0.015387,0.223022
13.192000,0.642815,0.015388,0.223022
13.194000,0.642815,0.015389,0.223022
13.196000,0.642815,0.015390,0.223022
13.198000,0.642815,0.015391,0.223022
13.200000,0.642815,0.015392,0.223022
13.202000,0.642815,0.015393,0.223022
13.204000,0.642815,0.015394,0.223022
13.206000,0.642815,0.015395,0.223022
13.208000,0.642815,0.015396,0.223022
13.210000,0.642814,0.015397,0.223022
13.212000,0.642814,0.015398,0.223022
13.214000,0.642814,0.015399,0.223022
13.216000,0.642814,0.015400,0.223022
13.218000,0.642814,0.015401,0.223022
13.220000,0.642814,0.015402,0.223022
13.222000,0.642814,0.015403,0.223022
13.224000,0.642814,0.015404,0.223022
13.226000,0.642814,0.015405,0.223022
13.228000,0.642814,0.015406,0.223022
13.230000,0.642814,0.015407,0.223022
13.232000,0.642814,0.015408,0.223022
13.234000,0.642814,0.015410,0.223022
13.236000,0.642814,0.015411,0.223022
13.238000,0.642814,0.015412,0.223022
13.240000,0.642814,0.015413,0.223022
13.242000,0.642814,0.015414,0.223022
13.244000,0.642814,0.015414,0.223022
13.246000,0.642814,0.015415,0.223022
13.248000,0.642814,0.015416,0.223022
13.250000,0.642814,0.015417,0.223022
13.252000,0.642814,0.015418,0.223022
13.254000,0.642814,0.015420,0.223022
13.256000,0.642814,0.015421,0.223022
13.258000,0.642814,0.015422,0.223022
13.260000,0.642814,0.015423,0.223022
13.262000,0.642814,0.015424,0.223022
13.264000,0.642814,0.015425,0.223022
13.266000,0.642814,0.015426,0.223022
13.268000,0.642814,0.015427,0.223022
13.270000,0.642814,0.015428,0.223022
13.272000,0.642814,0.015429,0.223022
13.274000,0.642814,0.015430,0.223022
13.276000,0.642814,0.015431,0.223022
13.278000,0.642814,0.015432,0.223022
13.280000,0.642814,0.015434,0.223022
13.282000,0.642814,0.015435,0.223022
13.284000,0.642814,0.015436,0.223022
13.286000,0.642814,0.015437,0.223022
13.288000,0.642814,0.015438,0.223022
13.290000,0.642813,0.015439,0.223022
13.292000,0.642813,0.015440,0.223022
13.294000,0.642813,0.015441,0.223022
13.296000,0.642813,0.015442,0.223022
13.298000,0.642813,0.015443,0.223022
13.300000,0.642813,0.015445,0.223022
13.302000,0.642813,0.015446,0.223022
13.304000,0.642813,0.015447,0.223022
13.306000,0.642813,0.015448,0.223022
13.308000,0.642813,0.015449,0.223022
13.310000,0.642813,0.015450,0.223022
13.312000,0.642813,0.015451,0.223022
13.314000,0.642813,0.015452,0.223022
13.316000,0.642813,0.015453,0.223022
13.318000,0.642813,0.015455,0.223022
13.320000,0.642813,0.015456,0.223022
13.322000,0.642813,0.015457,0.223022
13.324000,0.642813,0.015458,0.223022
13.326000,0.642813,0.015459,0.223022
13.328000,0.642813,0.015460,0.223022
13.330000,0.642813,0.015461,0.223022
13.332000,0.642813,0.015463,0.223022
13.334000,0.642813,0.015464,0.223022
13.336000,0.642813,0.015465,0.223022
13.338000,0.642813,0.015466,0.223022
13.340000,0.642813,0.015467,0.223022
13.342000,0.642813,0.015468,0.223022
13.344000,0.642813,0.015469,0.223022
13.346000,0.642813,0.015471,0.223022
13.348000,0.642813,0.015472,0.223022
13.350000,0.642813,0.015473,0.223022
13.352000,0.642813,0.015474,0.223022
13.354000,0.642813,0.015475,0.223022
13.356000,0.642813,0.015476,0.223022
13.358000,0.642813,0.015478,0.223022
13.360000,0.642813,0.015479,0.223022
13.362000,0.642812,0.015480,0.223022
13.364000,0.642812,0.015481,0.223022
13.366000,0.642812,0.015482,0.223022
13.368000,0.642812,0.015483,0.223022
13.370000,0.642812,0.015484,0.223022
13.372000,0.642812,0.015485,0.223022
13.374000,0.642812,0.015486,0.223022
13.376000,0.642812,0.015488,0.223022
13.378000,0.642812,0.015489,0.223022
13.380000,0.642812,0.015490,0.223022
13.382000,0.642812,0.015491,0.223022
13.384000,0.642812,0.015492,0.223022
13.386000,0.642812,0.015493,0.223022
13.388000,0.642812,0.015495,0.223022
13.390000,0.642812,0.015496,0.223022
13.392000,0.642812,0.015497,0.223022
13.394000,0.642812,0.015498,0.223022
13.396000,0.642812,0.015499,0.223022
13.398000,0.642812,0.015501,0.223022
13.400000,0.642812,0.015502,0.223022
13.402000,0.642812,0.015503,0.223022
13.404000,0.642812,0.015504,0.223022
13.406000,0.642812,0.015505,0.223022
13.408000,0.642812,0.015507,0.223022
13.410000,0.642812,0.015508,0.223022
13.412000,0.642812,0.015509,0.223022
13.414000,0.642812,0.015510,0.223022
13.416000,0.642812,0.015512,0.223022
13.418000,0.642812,0.015513,0.223022
13.420000,0.642812,0.015514,0.223022
13.422000,0.642812,0.015515,0.223022
13.424000,0.642812,0.015516,0.223022
13.426000,0.642812,0.015518,0.223022
13.428000,0.642812,0.015518,0.223022
13.430000,0.642812,0.015519,0.223022
13.432000,0.642812,0.015521,0.223022
13.434000,0.642811,0.015522,0.223022
13.436000,0.642811,0.015523,0.223022
13.438000,0.642811,0.015524,0.223022
13.440000,0.642811,0.015526,0.223022
13.442000,0.642811,0.015527,0.223022
13.444000,0.642811,0.015528,0.223022
13.446000,0.642811,0.015529,0.223022
13.448000,0.642811,0.015530,0.223022
13.450000,0.642811,0.015532,0.223022
13.452000,0.642811,0.015533,0.223022
13.454000,0.642811,0.015534,0.223022
13.456000,0.642811,0.015535,0.223022
13.458000,0.642811,0.015537,0.223022
13.460000,0.642811,0.015538,0.223022
13.462000,0.642811,0.015539,0.223022
13.464000,0.642811,0.015540,0.223022
13.466000,0.642811,0.015542,0.223022
13.468000,0.642811,0.015543,0.223022
13.470000,0.642811,0.015544,0.223022
13.472000,0.642811,0.015545,0.223022
13.474000,0.642811,0.015547,0.223022
13.476000,0.642811,0.015548,0.223022
13.478000,0.642811,0.015549,0.223022
13.480000,0.642811,0.015550,0.223022
13.482000,0.642811,0.015551,0.223022
13.484000,0.642811,0.015552,0.223022
13.486000,0.642811,0.015553,0.223022
13.488000,0.642811,0.015555,0.223022
13.490000,0.642811,0.015556,0.223022
13.492000,0.642811,0.015557,0.223022
13.494000,0.642811,0.015558,0.223022
13.496000,0.642811,0.015559,0.223022
13.498000,0.642811,0.015561,0.223022
13.500000,0.642811,0.015562,0.223022
13.502000,0.642810,0.015564,0.223022
13.504000,0.642810,0.015565,0.223022
13.506000,0.642810,0.015566,0.223022
13.508000,0.642810,0.015567,0.223022
13.510000,0.642810,0.015569,0.223022
13.512000,0.642810,0.015570,0.223022
13.514000,0.642810,0.015571,0.223022
13.516000,0.642810,0.015572,0.223022
13.518000,0.642810,0.015574,0.223022
13.520000,0.642810,0.015575,0.223022
13.522000,0.642810,0.015576,0.223022
13.524000,0.642810,0.015577,0.223022
13.526000,0.642810,0.015579,0.223022
13.528000,0.642810,0.015580,0.223022
13.530000,0.642810,0.015581,0.223022
13.532000,0.642810,0.015582,0.223022
13.534000,0.642810,0.015583,0.223022
13.536000,0.642810,0.015585,0.223022
13.538000,0.642810,0.015586,0.223022
13.540000,0.642810,0.015587,0.223022
13.542000,0.642810,0.015588,0.223022
13.544000,0.642810,0.015590,0.223022
13.546000,0.642810,0.015591,0.223022
13.548000,0.642810,0.015592,0.223022
13.550000,0.642810,0.015593,0.223022
13.552000,0.642810,0.015595,0.223022
13.554000,0.642810,0.015596,0.223022
13.556000,0.642810,0.015597,0.223022
13.558000,0.642810,0.015599,0.223022
13.560000,0.642810,0.015600,0.223022
13.562000,0.642810,0.015601,0.223022
13.564000,0.642810,0.015601,0.223022
13.566000,0.642809,0.015615,0.223022
13.568000,0.642809,0.015621,0.223022
13.570000,0.642809,0.015622,0.223022
13.572000,0.642809,0.015624,0.223022
13.574000,0.642809,0.015625,0.223022
13.576000,0.642809,0.015626,0.223022
13.578000,0.642809,0.015628,0.223022
13.580000,0.642809,0.015629,0.223022
13.582000,0.642809,0.015630,0.223022
13.584000,0.642809,0.015632,0.223022
13.586000,0.642809,0.015633,0.223022
13.588000,0.642809,0.015634,0.223022
13.590000,0.642809,0.015635,0.223022
13.592000,0.642809,0.015637,0.223022
13.594000,0.642809,0.015638,0.223022
13.596000,0.642809,0.015639,0.223022
13.598000,0.642809,0.015641,0.223022
13.600000,0.642809,0.015642,0.223022
13.602000,0.642809,0.015643,0.223022
13.604000,0.642809,0.015644,0.223022
13.606000,0.642808,0.015646,0.223022
13.608000,0.642808,0.015647,0.223022
13.610000,0.642808,0.015648,0.223022
13.612000,0.642808,0.015649,0.223022
13.614000,0.642808,0.015650,0.223022
13.616000,0.642808,0.015652,0.223022
13.618000,0.642808,0.015653,0.223022
13.620000,0.642808,0.015654,0.223022
13.622000,0.642808,0.015656,0.223022
13.624000,0.642808,0.015657,0.223022
13.626000,0.642808,0.015658,0.223022
13.628000,0.642808,0.015660,0.223022
13.630000,0.642808,0.015661,0.223022
13.632000,0.642808,0.015662,0.223022
13.634000,0.642808,0.015663,0.223022
13.636000,0.642808,0.015665,0.223022
13.638000,0.642808,0.015665,0.223022
13.640000,0.642808,0.015667,0.223022
13.642000,0.642808,0.015669,0.223022
13.644000,0.642808,0.015670,0.223022
13.646000,0.642808,0.015671,0.223022
13.648000,0.642808,0.015672,0.223022
13.650000,0.642808,0.015674,0.223022
13.652000,0.642808,0.015675,0.223022
13.654000,0.642808,0.015676,0.223022
13.656000,0.642808,0.015678,0.223022
13.658000,0.642808,0.015679,0.223022
13.660000,0.642808,0.015680,0.223022
13.662000,0.642808,0.015681,0.223022
13.664000,0.642808,0.015682,0.223022
13.666000,0.642808,0.015684,0.223022
13.668000,0.642808,0.015685,0.223022
13.670000,0.642808,0.015685,0.223022
13.672000,0.642807,0.015687,0.223022
13.674000,0.642807,0.015689,0.223022
13.676000,0.642807,0.015690,0.223022
13.678000,0.642807,0.015691,0.223022
13.680000,0.642807,0.015693,0.223022
13.682000,0.642807,0.015694,0.223022
13.684000,0.642807,0.015695,0.223022
13.686000,0.642807,0.015696,0.223022
13.688000,0.642807,0.015698,0.223022
13.690000,0.642807,0.015699,0.223022
13.692000,0.642807,0.015700,0.223022
13.694000,0.642807,0.015702,0.223022
13.696000,0.642807,0.015703,0.223022
13.698000,0.642807,0.015704,0.223022
13.700000,0.642807,0.015706,0.223022
13.702000,0.642807,0.015707,0.223022
13.704000,0.642807,0.015707,0.223022
13.706000,0.642807,0.015709,0.223022
13.708000,0.642807,0.015710,0.223022
13.710000,0.642807,0.015711,0.223022
13.712000,0.642807,0.015713,0.223022
13.714000,0.642807,0.015714,0.223022
13.716000,0.642807,0.015715,0.223022
13.718000,0.642807,0.015717,0.223022
13.720000,0.642807,0.015718,0.223022
13.722000,0.642807,0.015719,0.223022
13.724000,0.642807,0.015720,0.223022
13.726000,0.642807,0.015722,0.223022
13.728000,0.642807,0.015723,0.223022
13.730000,0.642807,0.015724,0.223022
13.732000,0.642807,0.015726,0.223022
13.734000,0.642806,0.015727,0.223022
13.736000,0.642806,0.015728,0.223022
13.738000,0.642806,0.015729,0.223022
13.740000,0.642806,0.015731,0.223022
13.742000,0.642806,0.015732,0.223022
13.744000,0.642806,0.015733,0.223022
13.746000,0.642806,0.015734,0.223022
13.748000,0.642806,0.015736,0.223022
13.750000,0.642806,0.015737,0.223022
13.752000,0.642806,0.015738,0.223022
13.754000,0.642806,0.015740,0.223022
13.756000,0.642806,0.015741,0.223022
13.758000,0.642806,0.015742,0.223022
13.760000,0.642806,0.015743,0.223022
13.762000,0.642806,0.015745,0.223022
13.764000,0.642806,0.015746,0.223022
13.766000,0.642806,0.015747,0.223022
13.768000,0.642806,0.015749,0.223022
13.770000,0.642806,0.015750,0.223022
13.772000,0.642806,0.015751,0.223022
13.774000,0.642806,0.015752,0.223022
13.776000,0.642806,0.015754,0.223022
13.778000,0.642806,0.015755,0.223022
13.780000,0.642806,0.015756,0.223022
13.782000,0.642806,0.015757,0.223022
13.784000,0.642806,0.015759,0.223022
13.786000,0.642806,0.015760,0.223022
13.788000,0.642806,0.015761,0.223022
13.790000,0.642806,0.015762,0.223022
13.792000,0.642806,0.015763,0.223022
13.794000,0.642806,0.015764,0.223022
13.796000,0.642806,0.015766,0.223022
13.798000,0.642806,0.015767,0.223022
13.800000,0.642805,0.015768,0.223022
13.802000,0.642805,0.015769,0.223022
13.804000,0.642805,0.015771,0.223022
13.806000,0.642805,0.015772,0.223022
13.808000,0.642805,0.015773,0.223022
13.810000,0.642805,0.015774,0.223022
13.812000,0.642805,0.015776,0.223022
13.814000,0.642805,0.015777,0.223022
13.816000,0.642805,0.015778,0.223022
13.818000,0.642805,0.015779,0.223022
13.820000,0.642805,0.015781,0.223022
13.822000,0.642805,0.015782,0.223022
13.824000,0.642805,0.015783,0.223022
13.826000,0.642805,0.015784,0.223022
13.828000,0.642805,0.015786,0.223022
13.830000,0.642805,0.015786,0.223022
13.832000,0.642805,0.015788,0.223022
13.834000,0.642805,0.015789,0.223022
13.836000,0.642805,0.015790,0.223022
13.838000,0.642805,0.015791,0.223022
13.840000,0.642805,0.015792,0.223022
13.842000,0.642805,0.015794,0.223022
13.844000,0.642805,0.015795,0.223022
13.846000,0.642805,0.015796,0.223022
13.848000,0.642805,0.015797,0.223022
13.850000,0.642805,0.015799,0.223022
13.852000,0.642805,0.015800,0.223022
13.854000,0.642805,0.015801,0.223022
13.856000,0.642805,0.015802,0.223022
13.858000,0.642805,0.015804,0.223022
13.860000,0.642805,0.015805,0.223022
13.862000,0.642805,0.015806,0.223022
13.864000,0.642805,0.015807,0.223022
13.866000,0.642804,0.015808,0.223022
13.868000,0.642804,0.015810,0.223022
13.869998,0.642804,0.015810,0.223022
